bus_id,voltage,dc,symbol,under_construction,tags,x,y,country,geometry,index_right,source,id,name
ES1-400,400,f,Substation,f,ES1,-7.478963550093904,43.7020276396567,ES,POINT (-7.478963550093904 43.7020276396567),29.0,https://simplemaps.com,ESLU,Lugo
ES10-220,220,f,Substation,f,ES10,-3.849633099999998,43.3445405893267,ES,POINT (-3.849633099999998 43.3445405893267),44.0,https://simplemaps.com,ESS,Cantabria
ES100-220,220,f,Substation,f,ES100,1.3446848999999976,42.31889588845269,ES,POINT (1.3446848999999976 42.31889588845269),11.0,https://simplemaps.com,ESL,Lérida
ES101-220,220,f,Substation,f,ES101,-8.138019599999994,42.30096278843702,ES,POINT (-8.138019599999994 42.30096278843702),25.0,https://simplemaps.com,ESOR,Orense
ES102-220,220,f,Substation,f,ES102,-8.080452199999987,42.28809258842574,ES,POINT (-8.080452199999987 42.28809258842574),25.0,https://simplemaps.com,ESOR,Orense
ES103-220,220,f,Substation,f,ES103,-7.227225091778386,42.283844542595375,ES,POINT (-7.227225091778386 42.283844542595375),25.0,https://simplemaps.com,ESOR,Orense
ES103-400,400,f,Substation,f,ES103,-7.227028036007776,42.28407405462945,ES,POINT (-7.227028036007776 42.28407405462945),25.0,https://simplemaps.com,ESOR,Orense
ES104-220,220,f,Substation,f,ES104,-8.130686499999996,42.275800788415,ES,POINT (-8.130686499999996 42.275800788415),25.0,https://simplemaps.com,ESOR,Orense
ES105-220,220,f,Substation,f,ES105,-8.599921399999994,42.2721374884118,ES,POINT (-8.599921399999994 42.2721374884118),27.0,https://simplemaps.com,ESPO,Pontevedra
ES106-220,220,f,Substation,f,ES106,-8.07359259999999,42.27212538841179,ES,POINT (-8.07359259999999 42.27212538841179),25.0,https://simplemaps.com,ESOR,Orense
ES107-220,220,f,Substation,f,ES107,-8.6210824,42.26519278840569,ES,POINT (-8.6210824 42.26519278840569),27.0,https://simplemaps.com,ESPO,Pontevedra
ES108-220,220,f,Substation,f,ES108,0.95844102950735,42.25652921866705,ES,POINT (0.9584410295073499 42.25652921866705),11.0,https://simplemaps.com,ESL,Lérida
ES109-220,220,f,Substation,f,ES109,-8.4342632,42.24680468838959,ES,POINT (-8.4342632 42.24680468838959),27.0,https://simplemaps.com,ESPO,Pontevedra
ES11-220,220,f,Substation,f,ES11,-4.0800909000000045,43.340407889323295,ES,POINT (-4.0800909000000045 43.340407889323295),44.0,https://simplemaps.com,ESS,Cantabria
ES110-220,220,f,Substation,f,ES110,-8.694434931595314,42.24326204220272,ES,POINT (-8.694434931595314 42.24326204220272),27.0,https://simplemaps.com,ESPO,Pontevedra
ES113-220,220,f,Substation,f,ES113,-8.586378799999999,42.18915938833895,ES,POINT (-8.586378799999999 42.18915938833895),27.0,https://simplemaps.com,ESPO,Pontevedra
ES114-400,400,f,Substation,f,ES114,-1.6936090709670204,42.17777439980363,ES,POINT (-1.6936090709670204 42.17777439980363),7.0,https://simplemaps.com,ESLO,La Rioja
ES116-220,220,f,Substation,f,ES116,-1.668904299999985,42.161629888314735,ES,POINT (-1.668904299999985 42.161629888314735),2.0,https://simplemaps.com,ESNA,Navarra
ES117-220,220,f,Substation,f,ES117,-7.106706500000007,42.15833748831187,ES,POINT (-7.106706500000007 42.15833748831187),25.0,https://simplemaps.com,ESOR,Orense
ES118-220,220,f,Substation,f,ES118,-7.188540299999986,42.15427338830826,ES,POINT (-7.188540299999986 42.15427338830826),25.0,https://simplemaps.com,ESOR,Orense
ES12-220,220,f,Substation,f,ES12,-3.0538614802526163,43.33785193976023,ES,POINT (-3.0538614802526163 43.33785193976023),5.0,https://simplemaps.com,ESBI,Bizkaia
ES12-400,400,f,Substation,f,ES12,-3.0536460336570066,43.33807327645732,ES,POINT (-3.0536460336570066 43.33807327645732),5.0,https://simplemaps.com,ESBI,Bizkaia
ES120-220,220,f,Substation,f,ES120,-8.4998862,42.11230498827126,ES,POINT (-8.4998862 42.11230498827126),27.0,https://simplemaps.com,ESPO,Pontevedra
ES121-220,220,f,Substation,f,ES121,-1.7138840999999965,42.11114528827025,ES,POINT (-1.7138840999999965 42.11114528827025),2.0,https://simplemaps.com,ESNA,Navarra
ES122-220,220,f,Substation,f,ES122,-6.658405196717608,42.09448074132165,ES,POINT (-6.658405196717608 42.094480741321654),26.0,https://simplemaps.com,ESZA,Zamora
ES123-220,220,f,Substation,f,ES123,-0.7180039999999905,42.08224448824475,ES,POINT (-0.7180039999999905 42.08224448824475),4.0,https://simplemaps.com,ESHU,Huesca
ES124-220,220,f,Substation,f,ES124,-1.646046599999994,42.06518248822968,ES,POINT (-1.646046599999994 42.065182488229674),2.0,https://simplemaps.com,ESNA,Navarra
ES125-400,400,f,Substation,f,ES125,-5.1567909,42.064447988229055,ES,POINT (-5.1567909 42.064447988229055),33.0,https://simplemaps.com,ESVA,Valladolid
ES126-400,400,f,Substation,f,ES126,-1.2221561000000007,42.05544218822104,ES,POINT (-1.2221561000000007 42.05544218822104),6.0,https://simplemaps.com,ESZ,Zaragoza
ES127-220,220,f,Substation,f,ES127,-4.488971299999995,42.05379978821959,ES,POINT (-4.488971299999995 42.053799788219585),45.0,https://simplemaps.com,ESP,Palencia
ES128-400,400,f,Substation,f,ES128,-4.849094299999995,42.00214028817385,ES,POINT (-4.849094299999995 42.00214028817385),45.0,https://simplemaps.com,ESP,Palencia
ES129-220,220,f,Substation,f,ES129,-6.256061600000003,41.99998968817194,ES,POINT (-6.256061600000003 41.999989688171944),26.0,https://simplemaps.com,ESZA,Zamora
ES13-220,220,f,Substation,f,ES13,-5.819679200000004,43.32799048931295,ES,POINT (-5.819679200000004 43.327990489312945),43.0,https://simplemaps.com,ESO,Asturias
ES130-220,220,f,Substation,f,ES130,-4.4618987,41.97813688815257,ES,POINT (-4.4618987 41.97813688815257),45.0,https://simplemaps.com,ESP,Palencia
ES131-220,220,f,Substation,f,ES131,-0.6244429999999915,41.96694278814258,ES,POINT (-0.6244429999999915 41.96694278814258),4.0,https://simplemaps.com,ESHU,Huesca
ES132-400,400,f,Substation,f,ES132,-5.011508200000002,41.94364028812191,ES,POINT (-5.011508200000002 41.943640288121905),33.0,https://simplemaps.com,ESVA,Valladolid
ES133-400,400,f,Substation,f,ES133,2.3691245000000007,41.91361408809519,ES,POINT (2.3691245000000007 41.91361408809519),15.0,https://simplemaps.com,ESB,Barcelona
ES134-400,400,f,Substation,f,ES134,-5.157625319562727,41.8867660493264,ES,POINT (-5.157625319562727 41.8867660493264),33.0,https://simplemaps.com,ESVA,Valladolid
ES135-220,220,f,Substation,f,ES135,2.219578400000004,41.88322588806814,ES,POINT (2.219578400000004 41.88322588806814),15.0,https://simplemaps.com,ESB,Barcelona
ES136-220,220,f,Substation,f,ES136,-4.818134799219925,41.868701688256856,ES,POINT (-4.818134799219925 41.868701688256856),45.0,https://simplemaps.com,ESP,Palencia
ES137-220,220,f,Substation,f,ES137,-1.9008008000000065,41.825939088017,ES,POINT (-1.9008008000000063 41.825939088016995),9.0,https://simplemaps.com,ESSO,Soria
ES138-220,220,f,Substation,f,ES138,-1.2877088995006571,41.77014213815022,ES,POINT (-1.2877088995006571 41.77014213815022),6.0,https://simplemaps.com,ESZ,Zaragoza
ES139-220,220,f,Substation,f,ES139,-1.2239701000000027,41.7187166879209,ES,POINT (-1.2239701000000027 41.7187166879209),6.0,https://simplemaps.com,ESZ,Zaragoza
ES14-400,400,f,Substation,f,ES14,-4.19184637538073,43.32630391380353,ES,POINT (-4.19184637538073 43.32630391380353),44.0,https://simplemaps.com,ESS,Cantabria
ES140-220,220,f,Substation,f,ES140,-0.7763447000000014,41.70685328791024,ES,POINT (-0.7763447000000014 41.70685328791024),6.0,https://simplemaps.com,ESZ,Zaragoza
ES141-220,220,f,Substation,f,ES141,-1.3284213,41.70632798790977,ES,POINT (-1.3284213 41.70632798790977),6.0,https://simplemaps.com,ESZ,Zaragoza
ES142-220,220,f,Substation,f,ES142,-1.3500529782876127,41.70521348222553,ES,POINT (-1.3500529782876127 41.70521348222553),6.0,https://simplemaps.com,ESZ,Zaragoza
ES143-400,400,f,Substation,f,ES143,2.1031418000000057,41.667031487874446,ES,POINT (2.1031418000000057 41.667031487874446),15.0,https://simplemaps.com,ESB,Barcelona
ES144-400,400,f,Substation,f,ES144,-1.3093341999999986,41.665732087873245,ES,POINT (-1.3093341999999986 41.665732087873245),6.0,https://simplemaps.com,ESZ,Zaragoza
ES145-220,220,f,Substation,f,ES145,2.312078699999998,41.65555208786411,ES,POINT (2.312078699999998 41.65555208786411),15.0,https://simplemaps.com,ESB,Barcelona
ES146-220,220,f,Substation,f,ES146,-4.7429533,41.648242687857504,ES,POINT (-4.7429533 41.648242687857504),33.0,https://simplemaps.com,ESVA,Valladolid
ES147-220,220,f,Substation,f,ES147,-4.764060191863106,41.64538616276325,ES,POINT (-4.764060191863106 41.64538616276325),33.0,https://simplemaps.com,ESVA,Valladolid
ES148-220,220,f,Substation,f,ES148,2.281998100089959,41.64263298787578,ES,POINT (2.281998100089959 41.64263298787578),15.0,https://simplemaps.com,ESB,Barcelona
ES149-220,220,f,Substation,f,ES149,-1.017559199999994,41.62606688783752,ES,POINT (-1.017559199999994 41.626066887837524),6.0,https://simplemaps.com,ESZ,Zaragoza
ES15-220,220,f,Substation,f,ES15,-8.411159800000002,43.3254937893109,ES,POINT (-8.411159800000002 43.325493789310904),28.0,https://simplemaps.com,ESC,La Coruña
ES150-220,220,f,Substation,f,ES150,-4.789940399999998,41.62410088783575,ES,POINT (-4.789940399999998 41.62410088783575),33.0,https://simplemaps.com,ESVA,Valladolid
ES151-220,220,f,Substation,f,ES151,-4.804766599999989,41.61520428782775,ES,POINT (-4.804766599999989 41.61520428782775),33.0,https://simplemaps.com,ESVA,Valladolid
ES152-220,220,f,Substation,f,ES152,2.1906838000000044,41.60859598782178,ES,POINT (2.1906838000000044 41.60859598782178),15.0,https://simplemaps.com,ESB,Barcelona
ES153-220,220,f,Substation,f,ES153,-1.0339181999999911,41.60460008781818,ES,POINT (-1.0339181999999913 41.60460008781818),6.0,https://simplemaps.com,ESZ,Zaragoza
ES154-220,220,f,Substation,f,ES154,-0.8133888999999952,41.584072087799626,ES,POINT (-0.8133888999999952 41.584072087799626),6.0,https://simplemaps.com,ESZ,Zaragoza
ES155-220,220,f,Substation,f,ES155,2.09721233098667,41.576464442600525,ES,POINT (2.09721233098667 41.576464442600525),15.0,https://simplemaps.com,ESB,Barcelona
ES156-220,220,f,Substation,f,ES156,-6.18947989999999,41.57411448779065,ES,POINT (-6.18947989999999 41.57411448779065),26.0,https://simplemaps.com,ESZA,Zamora
ES157-220,220,f,Substation,f,ES157,-0.7750886999999936,41.56016738777801,ES,POINT (-0.7750886999999936 41.56016738777801),6.0,https://simplemaps.com,ESZ,Zaragoza
ES158-220,220,f,Substation,f,ES158,-5.035185199999993,41.55371568777222,ES,POINT (-5.035185199999993 41.55371568777222),33.0,https://simplemaps.com,ESVA,Valladolid
ES159-220,220,f,Substation,f,ES159,-4.6745467,41.54023928776,ES,POINT (-4.6745467 41.54023928776),33.0,https://simplemaps.com,ESVA,Valladolid
ES16-220,220,f,Substation,f,ES16,-1.9087632999999944,43.32526448931071,ES,POINT (-1.9087632999999946 43.32526448931071),3.0,https://simplemaps.com,ESSS,Gipuzkoa
ES160-220,220,f,Substation,f,ES160,-0.6904983999999997,41.53628128775644,ES,POINT (-0.6904983999999997 41.53628128775644),6.0,https://simplemaps.com,ESZ,Zaragoza
ES161-220,220,f,Substation,f,ES161,2.0242711000000093,41.52763818774856,ES,POINT (2.0242711000000093 41.52763818774856),15.0,https://simplemaps.com,ESB,Barcelona
ES162-400,400,f,Substation,f,ES162,1.989240999999997,41.507491787730366,ES,POINT (1.989240999999997 41.507491787730366),15.0,https://simplemaps.com,ESB,Barcelona
ES163-220,220,f,Substation,f,ES163,1.9947320000000053,41.48662368771143,ES,POINT (1.9947320000000057 41.48662368771143),15.0,https://simplemaps.com,ESB,Barcelona
ES164-400,400,f,Substation,f,ES164,-5.001886699999996,41.484129487709154,ES,POINT (-5.001886699999996 41.484129487709154),33.0,https://simplemaps.com,ESVA,Valladolid
ES165-220,220,f,Substation,f,ES165,2.2242243000000057,41.47257758769872,ES,POINT (2.2242243000000057 41.472577587698716),15.0,https://simplemaps.com,ESB,Barcelona
ES166-220,220,f,Substation,f,ES166,2.201969099999999,41.4487856876771,ES,POINT (2.201969099999999 41.4487856876771),15.0,https://simplemaps.com,ESB,Barcelona
ES167-400,400,f,Substation,f,ES167,-5.360568809392498,41.4458399481186,ES,POINT (-5.360568809392498 41.4458399481186),26.0,https://simplemaps.com,ESZA,Zamora
ES168-220,220,f,Substation,f,ES168,1.986320546729996,41.44530778889028,ES,POINT (1.9863205467299954 41.445307788890275),15.0,https://simplemaps.com,ESB,Barcelona
ES169-220,220,f,Substation,f,ES169,1.8614836999999969,41.42429538765487,ES,POINT (1.8614836999999969 41.424295387654865),15.0,https://simplemaps.com,ESB,Barcelona
ES17-220,220,f,Substation,f,ES17,-1.892195215866197,43.32261231747284,ES,POINT (-1.892195215866197 43.32261231747284),3.0,https://simplemaps.com,ESSS,Gipuzkoa
ES170-400,400,f,Substation,f,ES170,1.1173077000000062,41.41728148764843,ES,POINT (1.1173077000000062 41.41728148764843),12.0,https://simplemaps.com,EST,Tarragona
ES171-220,220,f,Substation,f,ES171,1.8668172000000065,41.397372587630336,ES,POINT (1.8668172000000065 41.397372587630336),15.0,https://simplemaps.com,ESB,Barcelona
ES172-220,220,f,Substation,f,ES172,2.0961151000621925,41.38700328802195,ES,POINT (2.0961151000621925 41.38700328802195),15.0,https://simplemaps.com,ESB,Barcelona
ES173-220,220,f,Substation,f,ES173,1.867981500000005,41.38431768761848,ES,POINT (1.867981500000005 41.384317687618484),15.0,https://simplemaps.com,ESB,Barcelona
ES174-220,220,f,Substation,f,ES174,1.9814099561969496,41.37524508238481,ES,POINT (1.9814099561969498 41.37524508238481),15.0,https://simplemaps.com,ESB,Barcelona
ES175-220,220,f,Substation,f,ES175,1.3611770999944577,41.37138858760846,ES,POINT (1.3611770999944577 41.37138858760846),12.0,https://simplemaps.com,EST,Tarragona
ES176-220,220,f,Substation,f,ES176,0.3122974000000074,41.32746398756659,ES,POINT (0.3122974000000074 41.32746398756659),6.0,https://simplemaps.com,ESZ,Zaragoza
ES177-220,220,f,Substation,f,ES177,-0.9507894500010328,41.30522068760112,ES,POINT (-0.9507894500010329 41.305220687601114),6.0,https://simplemaps.com,ESZ,Zaragoza
ES178-220,220,f,Substation,f,ES178,-0.7025906999999981,41.30059768754207,ES,POINT (-0.7025906999999981 41.300597687542066),6.0,https://simplemaps.com,ESZ,Zaragoza
ES18-220,220,f,Substation,f,ES18,-5.9017026093077884,43.32204967116984,ES,POINT (-5.9017026093077884 43.32204967116984),43.0,https://simplemaps.com,ESO,Asturias
ES18-400,400,f,Substation,f,ES18,-5.901497837130205,43.322276597164034,ES,POINT (-5.901497837130205 43.322276597164034),43.0,https://simplemaps.com,ESO,Asturias
ES180-400,400,f,Substation,f,ES180,-1.696474099999994,41.29022878753259,ES,POINT (-1.696474099999994 41.29022878753259),6.0,https://simplemaps.com,ESZ,Zaragoza
ES181-220,220,f,Substation,f,ES181,1.3210181000000034,41.28644938752915,ES,POINT (1.3210181000000034 41.28644938752915),12.0,https://simplemaps.com,EST,Tarragona
ES182-220,220,f,Substation,f,ES182,-6.4061345999999935,41.281457287524574,ES,POINT (-6.4061345999999935 41.281457287524574),31.0,https://simplemaps.com,ESSA,Salamanca
ES183-220,220,f,Substation,f,ES183,-6.432314999999996,41.269866687513954,ES,POINT (-6.432314999999996 41.269866687513954),31.0,https://simplemaps.com,ESSA,Salamanca
ES184-220,220,f,Substation,f,ES184,-4.487247900000001,41.26981758751391,ES,POINT (-4.487247900000001 41.26981758751391),51.0,https://simplemaps.com,ESSG,Segovia
ES185-400,400,f,Substation,f,ES185,1.7101479000000006,41.26888948751309,ES,POINT (1.7101479000000006 41.26888948751309),15.0,https://simplemaps.com,ESB,Barcelona
ES186-400,400,f,Substation,f,ES186,-0.2713422000000022,41.24870188749456,ES,POINT (-0.2713422000000022 41.248701887494555),6.0,https://simplemaps.com,ESZ,Zaragoza
ES187-220,220,f,Substation,f,ES187,1.1881035000000002,41.2155268874642,ES,POINT (1.1881035000000002 41.2155268874642),12.0,https://simplemaps.com,EST,Tarragona
ES188-220,220,f,Substation,f,ES188,-6.698735700000007,41.203639287453306,ES,POINT (-6.6987357000000065 41.203639287453306),31.0,https://simplemaps.com,ESSA,Salamanca
ES189-220,220,f,Substation,f,ES189,1.1971908953553154,41.201211752983255,ES,POINT (1.1971908953553154 41.201211752983255),12.0,https://simplemaps.com,EST,Tarragona
ES19-220,220,f,Substation,f,ES19,-1.8001564398723988,43.31887493508295,ES,POINT (-1.8001564398723988 43.318874935082945),3.0,https://simplemaps.com,ESSS,Gipuzkoa
ES190-400,400,f,Substation,f,ES190,-0.322995499999999,41.19636408744657,ES,POINT (-0.322995499999999 41.19636408744657),13.0,https://simplemaps.com,ESTE,Teruel
ES191-220,220,f,Substation,f,ES191,-5.8761099705321405,41.19419124316616,ES,POINT (-5.8761099705321405 41.19419124316616),31.0,https://simplemaps.com,ESSA,Salamanca
ES192-220,220,f,Substation,f,ES192,1.2719879000000105,41.18594758743702,ES,POINT (1.2719879000000105 41.18594758743702),12.0,https://simplemaps.com,EST,Tarragona
ES193-220,220,f,Substation,f,ES193,0.5225115000000018,41.18534978743646,ES,POINT (0.5225115000000018 41.18534978743646),12.0,https://simplemaps.com,EST,Tarragona
ES194-220,220,f,Substation,f,ES194,-0.4246498999999976,41.18348618743478,ES,POINT (-0.4246498999999976 41.18348618743478),13.0,https://simplemaps.com,ESTE,Teruel
ES195-220,220,f,Substation,f,ES195,-0.9957507000000008,41.146528987400806,ES,POINT (-0.9957507000000007 41.146528987400806),6.0,https://simplemaps.com,ESZ,Zaragoza
ES196-400,400,f,Substation,f,ES196,-2.3457299999999925,41.09998548735795,ES,POINT (-2.3457299999999925 41.09998548735795),9.0,https://simplemaps.com,ESSO,Soria
ES197-400,400,f,Substation,f,ES197,0.8422988000000016,41.02491008728865,ES,POINT (0.8422988000000016 41.02491008728865),12.0,https://simplemaps.com,EST,Tarragona
ES198-220,220,f,Substation,f,ES198,-0.9458457000000025,41.01331838727796,ES,POINT (-0.9458457000000025 41.013318387277955),13.0,https://simplemaps.com,ESTE,Teruel
ES199-220,220,f,Substation,f,ES199,0.8651093939366029,40.951153356358745,ES,POINT (0.8651093939366029 40.951153356358745),12.0,https://simplemaps.com,EST,Tarragona
ES199-400,400,f,Substation,f,ES199,0.8653310617480522,40.95136674797601,ES,POINT (0.8653310617480522 40.95136674797601),12.0,https://simplemaps.com,EST,Tarragona
ES20-400,400,f,Substation,f,ES20,-3.8373841,43.31878088930533,ES,POINT (-3.8373841000000004 43.31878088930533),44.0,https://simplemaps.com,ESS,Cantabria
ES200-400,400,f,Substation,f,ES200,-4.250099299999995,40.92088738719231,ES,POINT (-4.250099299999995 40.92088738719231),51.0,https://simplemaps.com,ESSG,Segovia
ES201-400,400,f,Substation,f,ES201,-0.2307776999999991,40.86029028713603,ES,POINT (-0.2307776999999991 40.86029028713603),13.0,https://simplemaps.com,ESTE,Teruel
ES202-220,220,f,Substation,f,ES202,-0.902643000000002,40.71330988699894,ES,POINT (-0.902643000000002 40.71330988699894),13.0,https://simplemaps.com,ESTE,Teruel
ES203-400,400,f,Substation,f,ES203,-4.074925117584159,40.69711239848584,ES,POINT (-4.074925117584159 40.697112398485835),50.0,https://simplemaps.com,ESM,Madrid
ES204-400,400,f,Substation,f,ES204,-3.994659099999996,40.65382138694326,ES,POINT (-3.9946590999999962 40.65382138694326),50.0,https://simplemaps.com,ESM,Madrid
ES205-400,400,f,Substation,f,ES205,-6.595627200000005,40.64821998693797,ES,POINT (-6.595627200000005 40.648219986937974),31.0,https://simplemaps.com,ESSA,Salamanca
ES206-400,400,f,Substation,f,ES206,-3.958337415934143,40.63156130895665,ES,POINT (-3.958337415934143 40.63156130895665),50.0,https://simplemaps.com,ESM,Madrid
ES207-400,400,f,Substation,f,ES207,-3.985058508954458,40.61474038733006,ES,POINT (-3.985058508954458 40.61474038733006),50.0,https://simplemaps.com,ESM,Madrid
ES208-400,400,f,Substation,f,ES208,-3.723004699999992,40.58835928688183,ES,POINT (-3.723004699999992 40.588359286881825),50.0,https://simplemaps.com,ESM,Madrid
ES209-220,220,f,Substation,f,ES209,-3.5573073000000064,40.576494486870665,ES,POINT (-3.5573073000000064 40.576494486870665),50.0,https://simplemaps.com,ESM,Madrid
ES21-220,220,f,Substation,f,ES21,-8.430330499999995,43.3175476893043,ES,POINT (-8.430330499999995 43.3175476893043),28.0,https://simplemaps.com,ESC,La Coruña
ES210-400,400,f,Substation,f,ES210,-3.652607299999997,40.57582108687008,ES,POINT (-3.652607299999997 40.57582108687008),50.0,https://simplemaps.com,ESM,Madrid
ES211-220,220,f,Substation,f,ES211,-3.606360000000007,40.550748186846455,ES,POINT (-3.606360000000007 40.550748186846455),50.0,https://simplemaps.com,ESM,Madrid
ES212-400,400,f,Substation,f,ES212,-3.066550999999983,40.52333558682064,ES,POINT (-3.066550999999983 40.52333558682064),49.0,https://simplemaps.com,ESGU,Guadalajara
ES213-220,220,f,Substation,f,ES213,-3.697324500000005,40.51644618681414,ES,POINT (-3.697324500000005 40.51644618681414),50.0,https://simplemaps.com,ESM,Madrid
ES214-220,220,f,Substation,f,ES214,-3.849567704081229,40.51490358184123,ES,POINT (-3.8495677040812293 40.51490358184123),50.0,https://simplemaps.com,ESM,Madrid
ES215-220,220,f,Substation,f,ES215,-3.697851999999993,40.50671158680498,ES,POINT (-3.697851999999993 40.50671158680498),50.0,https://simplemaps.com,ESM,Madrid
ES216-220,220,f,Substation,f,ES216,-3.614162692979114,40.50243499667883,ES,POINT (-3.614162692979114 40.50243499667883),50.0,https://simplemaps.com,ESM,Madrid
ES218-220,220,f,Substation,f,ES218,-3.889371199999992,40.47068088677107,ES,POINT (-3.8893711999999923 40.47068088677107),50.0,https://simplemaps.com,ESM,Madrid
ES22-400,400,f,Substation,f,ES22,-2.8464073999999853,43.31691838930378,ES,POINT (-2.8464073999999853 43.31691838930378),5.0,https://simplemaps.com,ESBI,Bizkaia
ES222-400,400,f,Substation,f,ES222,-3.227897199999997,40.43465528673702,ES,POINT (-3.227897199999997 40.43465528673702),50.0,https://simplemaps.com,ESM,Madrid
ES223-220,220,f,Substation,f,ES223,-3.520529100000002,40.434600386736975,ES,POINT (-3.520529100000002 40.434600386736975),50.0,https://simplemaps.com,ESM,Madrid
ES224-220,220,f,Substation,f,ES224,-3.607804070559511,40.41791558746941,ES,POINT (-3.607804070559511 40.41791558746941),50.0,https://simplemaps.com,ESM,Madrid
ES225-220,220,f,Substation,f,ES225,-3.579608726950981,40.41198280716428,ES,POINT (-3.5796087269509815 40.41198280716428),50.0,https://simplemaps.com,ESM,Madrid
ES226-220,220,f,Substation,f,ES226,-3.5421841039321125,40.41151000709512,ES,POINT (-3.5421841039321125 40.41151000709512),50.0,https://simplemaps.com,ESM,Madrid
ES227-220,220,f,Substation,f,ES227,-3.525258399999996,40.40320348670728,ES,POINT (-3.5252583999999954 40.40320348670728),50.0,https://simplemaps.com,ESM,Madrid
ES228-400,400,f,Substation,f,ES228,-3.470844499999992,40.39481008669932,ES,POINT (-3.470844499999992 40.39481008669932),50.0,https://simplemaps.com,ESM,Madrid
ES229-220,220,f,Substation,f,ES229,-3.9190433999999983,40.36837948667432,ES,POINT (-3.9190433999999983 40.36837948667432),50.0,https://simplemaps.com,ESM,Madrid
ES23-400,400,f,Substation,f,ES23,-3.4786876999999965,43.31362108930102,ES,POINT (-3.4786876999999965 43.31362108930102),44.0,https://simplemaps.com,ESS,Cantabria
ES230-220,220,f,Substation,f,ES230,-3.645474799999994,40.356396086662976,ES,POINT (-3.645474799999994 40.356396086662976),50.0,https://simplemaps.com,ESM,Madrid
ES231-220,220,f,Substation,f,ES231,-3.607044255993841,40.35320808670426,ES,POINT (-3.607044255993841 40.353208086704264),50.0,https://simplemaps.com,ESM,Madrid
ES232-220,220,f,Substation,f,ES232,-2.6060866999999983,40.352798286659535,ES,POINT (-2.6060866999999983 40.352798286659535),39.0,https://simplemaps.com,ESCU,Cuenca
ES233-220,220,f,Substation,f,ES233,-3.6228314999999895,40.35101018665785,ES,POINT (-3.6228314999999895 40.35101018665785),50.0,https://simplemaps.com,ESM,Madrid
ES234-220,220,f,Substation,f,ES234,-3.686280499999992,40.32874388663673,ES,POINT (-3.6862804999999916 40.32874388663673),50.0,https://simplemaps.com,ESM,Madrid
ES235-220,220,f,Substation,f,ES235,-3.824577399999996,40.326694786634825,ES,POINT (-3.8245773999999955 40.326694786634825),50.0,https://simplemaps.com,ESM,Madrid
ES236-220,220,f,Substation,f,ES236,-3.7108267447429033,40.32454486730188,ES,POINT (-3.7108267447429033 40.32454486730188),50.0,https://simplemaps.com,ESM,Madrid
ES237-220,220,f,Substation,f,ES237,-3.786080248915372,40.32346118685342,ES,POINT (-3.786080248915372 40.32346118685342),50.0,https://simplemaps.com,ESM,Madrid
ES238-220,220,f,Substation,f,ES238,-3.61320800019566,40.3191920366939,ES,POINT (-3.6132080001956597 40.3191920366939),50.0,https://simplemaps.com,ESM,Madrid
ES239-220,220,f,Substation,f,ES239,-3.744322899999651,40.31789098662653,ES,POINT (-3.744322899999651 40.31789098662653),50.0,https://simplemaps.com,ESM,Madrid
ES24-220,220,f,Substation,f,ES24,-1.8856921468776853,43.31342559126153,ES,POINT (-1.8856921468776857 43.31342559126153),3.0,https://simplemaps.com,ESSS,Gipuzkoa
ES240-220,220,f,Substation,f,ES240,-3.412359800000005,40.30447818661373,ES,POINT (-3.412359800000005 40.30447818661373),50.0,https://simplemaps.com,ESM,Madrid
ES241-220,220,f,Substation,f,ES241,-3.761928099999999,40.2873910865975,ES,POINT (-3.7619280999999987 40.2873910865975),50.0,https://simplemaps.com,ESM,Madrid
ES242-220,220,f,Substation,f,ES242,-3.7553399999999866,40.27410668658487,ES,POINT (-3.7553399999999866 40.27410668658487),50.0,https://simplemaps.com,ESM,Madrid
ES243-400,400,f,Substation,f,ES243,-3.8797134999999967,40.246294586558456,ES,POINT (-3.8797134999999967 40.246294586558456),50.0,https://simplemaps.com,ESM,Madrid
ES244-220,220,f,Substation,f,ES244,-6.126425499999994,40.19338178650811,ES,POINT (-6.126425499999994 40.19338178650811),17.0,https://simplemaps.com,ESCC,Cáceres
ES247-220,220,f,Substation,f,ES247,-4.256045600000005,40.0643529863849,ES,POINT (-4.256045600000005 40.0643529863849),20.0,https://simplemaps.com,ESTO,Toledo
ES248-220,220,f,Substation,f,ES248,-5.955652499999994,40.04964198637079,ES,POINT (-5.955652499999994 40.04964198637079),17.0,https://simplemaps.com,ESCC,Cáceres
ES249-400,400,f,Substation,f,ES249,-3.043232199999989,40.03730488635903,ES,POINT (-3.043232199999989 40.03730488635903),39.0,https://simplemaps.com,ESCU,Cuenca
ES25-400,400,f,Substation,f,ES25,-5.899647599999997,43.30631528929497,ES,POINT (-5.899647599999997 43.30631528929497),43.0,https://simplemaps.com,ESO,Asturias
ES250-400,400,f,Substation,f,ES250,-2.3084783000000053,40.02355418634583,ES,POINT (-2.3084783000000053 40.02355418634583),39.0,https://simplemaps.com,ESCU,Cuenca
ES251-220,220,f,Substation,f,ES251,-3.837319599999985,40.01593118633853,ES,POINT (-3.837319599999985 40.01593118633853),20.0,https://simplemaps.com,ESTO,Toledo
ES252-220,220,f,Substation,f,ES252,-6.086366699900032,40.00954728680809,ES,POINT (-6.086366699900032 40.00954728680809),17.0,https://simplemaps.com,ESCC,Cáceres
ES253-220,220,f,Substation,f,ES253,-3.872104200000007,39.99553588631898,ES,POINT (-3.8721042000000065 39.99553588631898),20.0,https://simplemaps.com,ESTO,Toledo
ES254-220,220,f,Substation,f,ES254,-0.6558209978523538,39.98734143761515,ES,POINT (-0.6558209978523538 39.98734143761515),34.0,https://simplemaps.com,ESCS,Castellón
ES255-220,220,f,Substation,f,ES255,-0.0270548000000019,39.96986888629437,ES,POINT (-0.0270548000000019 39.969868886294364),34.0,https://simplemaps.com,ESCS,Castellón
ES256-400,400,f,Substation,f,ES256,-0.1257990999999974,39.96982858629432,ES,POINT (-0.1257990999999974 39.96982858629432),34.0,https://simplemaps.com,ESCS,Castellón
ES257-220,220,f,Substation,f,ES257,-0.0020235343821509,39.95793728967189,ES,POINT (-0.002023534382151 39.95793728967189),34.0,https://simplemaps.com,ESCS,Castellón
ES257-400,400,f,Substation,f,ES257,-0.0018077566858196,39.958152703543085,ES,POINT (-0.0018077566858197 39.958152703543085),34.0,https://simplemaps.com,ESCS,Castellón
ES258-400,400,f,Substation,f,ES258,-6.06518106444339,39.957186321253786,ES,POINT (-6.06518106444339 39.957186321253786),17.0,https://simplemaps.com,ESCC,Cáceres
ES259-220,220,f,Substation,f,ES259,-4.779515899999994,39.94953868627482,ES,POINT (-4.779515899999994 39.94953868627482),20.0,https://simplemaps.com,ESTO,Toledo
ES26-400,400,f,Substation,f,ES26,-3.1524939999999884,43.3057825892945,ES,POINT (-3.1524939999999884 43.3057825892945),5.0,https://simplemaps.com,ESBI,Bizkaia
ES260-220,220,f,Substation,f,ES260,-0.0796519360712001,39.946853257404165,ES,POINT (-0.0796519360712002 39.946853257404165),34.0,https://simplemaps.com,ESCS,Castellón
ES261-220,220,f,Substation,f,ES261,-4.931580599999995,39.93193968625793,ES,POINT (-4.931580599999995 39.93193968625793),20.0,https://simplemaps.com,ESTO,Toledo
ES262-220,220,f,Substation,f,ES262,-4.905846999999989,39.930588286256615,ES,POINT (-4.905846999999989 39.930588286256615),20.0,https://simplemaps.com,ESTO,Toledo
ES263-220,220,f,Substation,f,ES263,-0.1369449999999995,39.8971830862245,ES,POINT (-0.1369449999999995 39.8971830862245),34.0,https://simplemaps.com,ESCS,Castellón
ES264-220,220,f,Substation,f,ES264,-2.544303,39.85871388618746,ES,POINT (-2.5443029999999993 39.85871388618746),39.0,https://simplemaps.com,ESCU,Cuenca
ES265-220,220,f,Substation,f,ES265,-5.9893138481616415,39.8357357879998,ES,POINT (-5.9893138481616415 39.8357357879998),17.0,https://simplemaps.com,ESCC,Cáceres
ES266-220,220,f,Substation,f,ES266,-5.701473900000001,39.83344288616313,ES,POINT (-5.701473900000001 39.83344288616313),17.0,https://simplemaps.com,ESCC,Cáceres
ES267-400,400,f,Substation,f,ES267,-6.360548353079365,39.82089331982415,ES,POINT (-6.360548353079365 39.82089331982415),17.0,https://simplemaps.com,ESCC,Cáceres
ES268-220,220,f,Substation,f,ES268,3.0925776999353576,39.80960398618974,ES,POINT (3.0925776999353576 39.80960398618974),48.0,https://simplemaps.com,ESPM,Baleares
ES269-220,220,f,Substation,f,ES269,-5.674607196063353,39.79577201449096,ES,POINT (-5.674607196063353 39.79577201449096),17.0,https://simplemaps.com,ESCC,Cáceres
ES27-220,220,f,Substation,f,ES27,-2.8481675999999982,43.30561348929441,ES,POINT (-2.8481675999999982 43.30561348929441),5.0,https://simplemaps.com,ESBI,Bizkaia
ES270-220,220,f,Substation,f,ES270,-5.088152297076382,39.77911217114757,ES,POINT (-5.088152297076382 39.779112171147574),20.0,https://simplemaps.com,ESTO,Toledo
ES271-220,220,f,Substation,f,ES271,-5.611952857662283,39.77783161435113,ES,POINT (-5.611952857662283 39.77783161435113),17.0,https://simplemaps.com,ESCC,Cáceres
ES272-220,220,f,Substation,f,ES272,-3.883797300000001,39.69311998602755,ES,POINT (-3.8837973000000012 39.69311998602755),20.0,https://simplemaps.com,ESTO,Toledo
ES273-220,220,f,Substation,f,ES273,-0.2726421273162083,39.65799562358165,ES,POINT (-0.2726421273162083 39.65799562358165),35.0,https://simplemaps.com,ESV,Valencia
ES274-220,220,f,Substation,f,ES274,-0.3026637999999819,39.65749718599305,ES,POINT (-0.3026637999999819 39.65749718599305),35.0,https://simplemaps.com,ESV,Valencia
ES275-220,220,f,Substation,f,ES275,-6.356602399999994,39.64238188597838,ES,POINT (-6.356602399999994 39.64238188597838),17.0,https://simplemaps.com,ESCC,Cáceres
ES276-220,220,f,Substation,f,ES276,2.723218871652741,39.56810781082814,ES,POINT (2.7232188716527412 39.56810781082814),48.0,https://simplemaps.com,ESPM,Baleares
ES277-220,220,f,Substation,f,ES277,-6.335043500000002,39.56707628590529,ES,POINT (-6.335043500000002 39.56707628590529),17.0,https://simplemaps.com,ESCC,Cáceres
ES278-220,220,f,Substation,f,ES278,-0.4660362999999946,39.561635785900016,ES,POINT (-0.4660362999999946 39.561635785900016),35.0,https://simplemaps.com,ESV,Valencia
ES279-400,400,f,Substation,f,ES279,-0.523145999999998,39.52673518586605,ES,POINT (-0.523145999999998 39.52673518586605),35.0,https://simplemaps.com,ESV,Valencia
ES28-220,220,f,Substation,f,ES28,-3.042566100000004,43.29923518928904,ES,POINT (-3.042566100000004 43.29923518928904),5.0,https://simplemaps.com,ESBI,Bizkaia
ES280-400,400,f,Substation,f,ES280,-1.0685104000000016,39.49333758583355,ES,POINT (-1.0685104000000016 39.49333758583355),35.0,https://simplemaps.com,ESV,Valencia
ES281-220,220,f,Substation,f,ES281,-6.388028099999998,39.49067358583096,ES,POINT (-6.388028099999998 39.49067358583096),17.0,https://simplemaps.com,ESCC,Cáceres
ES282-220,220,f,Substation,f,ES282,-3.533012640131893,39.487038762050496,ES,POINT (-3.5330126401318935 39.487038762050496),20.0,https://simplemaps.com,ESTO,Toledo
ES284-220,220,f,Substation,f,ES284,-5.8909218122027385,39.4551446083902,ES,POINT (-5.8909218122027385 39.4551446083902),17.0,https://simplemaps.com,ESCC,Cáceres
ES285-220,220,f,Substation,f,ES285,-5.909687599999999,39.45355838579472,ES,POINT (-5.909687599999999 39.45355838579472),17.0,https://simplemaps.com,ESCC,Cáceres
ES287-220,220,f,Substation,f,ES287,-0.5188228999999898,39.45141658579265,ES,POINT (-0.5188228999999898 39.45141658579265),35.0,https://simplemaps.com,ESV,Valencia
ES288-220,220,f,Substation,f,ES288,-6.002544700000003,39.44175298578326,ES,POINT (-6.002544700000003 39.44175298578326),17.0,https://simplemaps.com,ESCC,Cáceres
ES289-220,220,f,Substation,f,ES289,-0.3855069999999992,39.43880338578035,ES,POINT (-0.3855069999999993 39.43880338578035),35.0,https://simplemaps.com,ESV,Valencia
ES29-400,400,f,Substation,f,ES29,-6.364533099999993,43.29699468928722,ES,POINT (-6.364533099999993 43.29699468928722),43.0,https://simplemaps.com,ESO,Asturias
ES290-220,220,f,Substation,f,ES290,-0.4581531000000005,39.41170808575393,ES,POINT (-0.4581531000000005 39.41170808575393),35.0,https://simplemaps.com,ESV,Valencia
ES291-220,220,f,Substation,f,ES291,-0.4613067000000027,39.4004123857429,ES,POINT (-0.4613067000000027 39.4004123857429),35.0,https://simplemaps.com,ESV,Valencia
ES292-400,400,f,Substation,f,ES292,-0.4946604000000014,39.37480198571792,ES,POINT (-0.4946604000000014 39.374801985717916),35.0,https://simplemaps.com,ESV,Valencia
ES293-400,400,f,Substation,f,ES293,-5.44502563112736,39.36988519033419,ES,POINT (-5.44502563112736 39.36988519033419),17.0,https://simplemaps.com,ESCC,Cáceres
ES294-220,220,f,Substation,f,ES294,-3.9292452,39.3250528856692,ES,POINT (-3.9292452000000004 39.325052885669194),20.0,https://simplemaps.com,ESTO,Toledo
ES295-220,220,f,Substation,f,ES295,-5.427033199999999,39.2599275856054,ES,POINT (-5.427033199999999 39.259927585605396),17.0,https://simplemaps.com,ESCC,Cáceres
ES296-220,220,f,Substation,f,ES296,-0.5011130999999974,39.25154098559717,ES,POINT (-0.5011130999999974 39.25154098559717),35.0,https://simplemaps.com,ESV,Valencia
ES297-220,220,f,Substation,f,ES297,-5.31897339999999,39.23911558558502,ES,POINT (-5.31897339999999 39.23911558558502),16.0,https://simplemaps.com,ESBA,Badajoz
ES298-220,220,f,Substation,f,ES298,-5.307670499999996,39.23282238557882,ES,POINT (-5.307670499999996 39.23282238557882),16.0,https://simplemaps.com,ESBA,Badajoz
ES299-400,400,f,Substation,f,ES299,-0.5355827999999957,39.22990238557592,ES,POINT (-0.5355827999999957 39.22990238557592),35.0,https://simplemaps.com,ESV,Valencia
ES3-220,220,f,Substation,f,ES3,-5.726959572199054,43.55485738763545,ES,POINT (-5.726959572199054 43.55485738763545),43.0,https://simplemaps.com,ESO,Asturias
ES30-400,400,f,Substation,f,ES30,-5.700952100000006,43.29230668928336,ES,POINT (-5.700952100000006 43.29230668928336),43.0,https://simplemaps.com,ESO,Asturias
ES300-220,220,f,Substation,f,ES300,-5.359208999999998,39.22482008557096,ES,POINT (-5.359208999999998 39.22482008557096),17.0,https://simplemaps.com,ESCC,Cáceres
ES302-400,400,f,Substation,f,ES302,-1.0548882136775517,39.21438342081964,ES,POINT (-1.0548882136775517 39.21438342081964),35.0,https://simplemaps.com,ESV,Valencia
ES304-220,220,f,Substation,f,ES304,-3.321360399999997,39.18475478553166,ES,POINT (-3.321360399999997 39.18475478553166),21.0,https://simplemaps.com,ESCR,Ciudad Real
ES305-220,220,f,Substation,f,ES305,-3.2779294999999995,39.16377388551096,ES,POINT (-3.2779294999999995 39.163773885510956),21.0,https://simplemaps.com,ESCR,Ciudad Real
ES306-220,220,f,Substation,f,ES306,-0.5271071000000014,39.15489948550226,ES,POINT (-0.5271071000000014 39.15489948550226),35.0,https://simplemaps.com,ESV,Valencia
ES307-220,220,f,Substation,f,ES307,-3.334126599999996,39.07892958542751,ES,POINT (-3.334126599999996 39.07892958542751),21.0,https://simplemaps.com,ESCR,Ciudad Real
ES308-220,220,f,Substation,f,ES308,-0.3203411000000047,39.05416038540308,ES,POINT (-0.3203411000000048 39.05416038540308),35.0,https://simplemaps.com,ESV,Valencia
ES309-220,220,f,Substation,f,ES309,-3.411371899999996,39.04935648539833,ES,POINT (-3.411371899999996 39.04935648539833),21.0,https://simplemaps.com,ESCR,Ciudad Real
ES31-400,400,f,Substation,f,ES31,-3.867589299999989,43.28600638927807,ES,POINT (-3.867589299999989 43.28600638927807),44.0,https://simplemaps.com,ESS,Cantabria
ES310-220,220,f,Substation,f,ES310,-4.1217600000000045,39.00136468535097,ES,POINT (-4.1217600000000045 39.00136468535097),21.0,https://simplemaps.com,ESCR,Ciudad Real
ES311-220,220,f,Substation,f,ES311,-0.222135644646794,38.99828407195265,ES,POINT (-0.2221356446467941 38.99828407195265),35.0,https://simplemaps.com,ESV,Valencia
ES312-220,220,f,Substation,f,ES312,-7.056254800000007,38.80537838515696,ES,POINT (-7.056254800000007 38.80537838515696),16.0,https://simplemaps.com,ESBA,Badajoz
ES313-220,220,f,Substation,f,ES313,-6.7960327,38.79759988514928,ES,POINT (-6.7960327 38.797599885149275),16.0,https://simplemaps.com,ESBA,Badajoz
ES314-220,220,f,Substation,f,ES314,-7.137924100000005,38.743684985095705,ES,POINT (-7.137924100000005 38.743684985095705),16.0,https://simplemaps.com,ESBA,Badajoz
ES315-400,400,f,Substation,f,ES315,-0.715071200000003,38.74352458509558,ES,POINT (-0.715071200000003 38.74352458509558),36.0,https://simplemaps.com,ESA,Alicante
ES316-220,220,f,Substation,f,ES316,-4.1644658999999855,38.676256385028665,ES,POINT (-4.1644658999999855 38.676256385028665),21.0,https://simplemaps.com,ESCR,Ciudad Real
ES317-220,220,f,Substation,f,ES317,-4.001893399999995,38.66472468501713,ES,POINT (-4.001893399999995 38.66472468501713),21.0,https://simplemaps.com,ESCR,Ciudad Real
ES318-220,220,f,Substation,f,ES318,-6.7400301999999925,38.65804168501053,ES,POINT (-6.7400301999999925 38.65804168501053),16.0,https://simplemaps.com,ESBA,Badajoz
ES319-220,220,f,Substation,f,ES319,-0.1563536000000093,38.59657818494926,ES,POINT (-0.1563536000000093 38.59657818494926),36.0,https://simplemaps.com,ESA,Alicante
ES32-220,220,f,Substation,f,ES32,-3.0352200999999965,43.2841083892765,ES,POINT (-3.0352200999999965 43.284108389276504),5.0,https://simplemaps.com,ESBI,Bizkaia
ES320-220,220,f,Substation,f,ES320,-4.242125199999992,38.55842198491115,ES,POINT (-4.242125199999992 38.55842198491115),21.0,https://simplemaps.com,ESCR,Ciudad Real
ES321-400,400,f,Substation,f,ES321,-0.8473643999999989,38.55665978490944,ES,POINT (-0.8473643999999989 38.556659784909435),36.0,https://simplemaps.com,ESA,Alicante
ES322-220,220,f,Substation,f,ES322,-0.4703701000000019,38.47735618483017,ES,POINT (-0.470370100000002 38.47735618483017),36.0,https://simplemaps.com,ESA,Alicante
ES323-220,220,f,Substation,f,ES323,-0.7502848000000047,38.43951008479231,ES,POINT (-0.7502848000000047 38.43951008479231),36.0,https://simplemaps.com,ESA,Alicante
ES324-220,220,f,Substation,f,ES324,-0.6092613999999942,38.32472858467728,ES,POINT (-0.6092613999999942 38.324728584677274),36.0,https://simplemaps.com,ESA,Alicante
ES325-220,220,f,Substation,f,ES325,-4.482771099999994,38.18328878453517,ES,POINT (-4.482771099999994 38.18328878453517),22.0,https://simplemaps.com,ESCO,Córdoba
ES326-400,400,f,Substation,f,ES326,-1.0017105999999816,38.18145878453329,ES,POINT (-1.0017105999999816 38.18145878453329),37.0,https://simplemaps.com,ESMU,Murcia
ES327-220,220,f,Substation,f,ES327,-4.534676999999991,38.12187448447329,ES,POINT (-4.534676999999991 38.12187448447329),22.0,https://simplemaps.com,ESCO,Córdoba
ES328-220,220,f,Substation,f,ES328,-3.9739743999999937,38.00561118435601,ES,POINT (-3.9739743999999937 38.00561118435601),42.0,https://simplemaps.com,ESJ,Jaén
ES329-400,400,f,Substation,f,ES329,-1.4046847999999976,37.99229888434252,ES,POINT (-1.4046847999999976 37.99229888434252),37.0,https://simplemaps.com,ESMU,Murcia
ES33-400,400,f,Substation,f,ES33,-3.041708899999988,43.275339289269176,ES,POINT (-3.041708899999988 43.275339289269176),5.0,https://simplemaps.com,ESBI,Bizkaia
ES330-400,400,f,Substation,f,ES330,-0.9214619999999986,37.96171408431169,ES,POINT (-0.9214619999999986 37.96171408431169),36.0,https://simplemaps.com,ESA,Alicante
ES331-220,220,f,Substation,f,ES331,-4.712387600000002,37.92941018427897,ES,POINT (-4.712387600000002 37.92941018427897),22.0,https://simplemaps.com,ESCO,Córdoba
ES332-220,220,f,Substation,f,ES332,-0.8065358999999951,37.90703398425636,ES,POINT (-0.8065358999999951 37.90703398425636),36.0,https://simplemaps.com,ESA,Alicante
ES334-220,220,f,Substation,f,ES334,-0.8512395349400543,37.85692568359949,ES,POINT (-0.8512395349400543 37.85692568359949),37.0,https://simplemaps.com,ESMU,Murcia
ES336-220,220,f,Substation,f,ES336,-0.9307352000000008,37.84517818419371,ES,POINT (-0.9307352000000007 37.84517818419371),37.0,https://simplemaps.com,ESMU,Murcia
ES337-220,220,f,Substation,f,ES337,-4.803430299999999,37.82603768417434,ES,POINT (-4.803430299999999 37.82603768417434),22.0,https://simplemaps.com,ESCO,Córdoba
ES338-220,220,f,Substation,f,ES338,-3.889902099999995,37.78580018413356,ES,POINT (-3.889902099999995 37.78580018413356),42.0,https://simplemaps.com,ESJ,Jaén
ES339-220,220,f,Substation,f,ES339,-5.027697299999997,37.75889258410624,ES,POINT (-5.027697299999997 37.758892584106235),22.0,https://simplemaps.com,ESCO,Córdoba
ES34-220,220,f,Substation,f,ES34,-1.9147472999999853,43.27477728926871,ES,POINT (-1.9147472999999857 43.274777289268705),3.0,https://simplemaps.com,ESSS,Gipuzkoa
ES340-220,220,f,Substation,f,ES340,-0.99600019999999,37.75631408410359,ES,POINT (-0.99600019999999 37.756314084103586),37.0,https://simplemaps.com,ESMU,Murcia
ES341-220,220,f,Substation,f,ES341,-5.226984099999994,37.66676148401268,ES,POINT (-5.226984099999994 37.66676148401268),22.0,https://simplemaps.com,ESCO,Córdoba
ES342-220,220,f,Substation,f,ES342,-6.029373299999997,37.66637818401232,ES,POINT (-6.029373299999997 37.666378184012316),19.0,https://simplemaps.com,ESSE,Sevilla
ES343-220,220,f,Substation,f,ES343,-6.107080357512637,37.64990646951278,ES,POINT (-6.107080357512637 37.64990646951278),19.0,https://simplemaps.com,ESSE,Sevilla
ES344-220,220,f,Substation,f,ES344,-0.9187595999999846,37.61104568395603,ES,POINT (-0.9187595999999846 37.61104568395603),37.0,https://simplemaps.com,ESMU,Murcia
ES345-220,220,f,Substation,f,ES345,-5.15832535392012,37.57265638506277,ES,POINT (-5.1583253539201195 37.572656385062764),19.0,https://simplemaps.com,ESSE,Sevilla
ES346-220,220,f,Substation,f,ES346,-5.701305899999998,37.43861648378042,ES,POINT (-5.701305899999998 37.43861648378042),19.0,https://simplemaps.com,ESSE,Sevilla
ES347-220,220,f,Substation,f,ES347,-6.1686856999999975,37.431947083773615,ES,POINT (-6.1686856999999975 37.431947083773615),19.0,https://simplemaps.com,ESSE,Sevilla
ES348-220,220,f,Substation,f,ES348,-5.818930999999989,37.37415908371467,ES,POINT (-5.818930999999989 37.37415908371467),19.0,https://simplemaps.com,ESSE,Sevilla
ES349-220,220,f,Substation,f,ES349,-5.939433899999992,37.29623988363503,ES,POINT (-5.939433899999992 37.296239883635025),19.0,https://simplemaps.com,ESSE,Sevilla
ES35-400,400,f,Substation,f,ES35,-2.7369951999999884,43.26594068926135,ES,POINT (-2.7369951999999884 43.26594068926135),5.0,https://simplemaps.com,ESBI,Bizkaia
ES350-220,220,f,Substation,f,ES350,-6.9081651999999965,37.295519683634346,ES,POINT (-6.9081651999999965 37.295519683634346),18.0,https://simplemaps.com,ESH,Huelva
ES351-220,220,f,Substation,f,ES351,-5.838550499999995,37.29375908363253,ES,POINT (-5.838550499999995 37.29375908363253),19.0,https://simplemaps.com,ESSE,Sevilla
ES352-220,220,f,Substation,f,ES352,-5.862949799999996,37.28981088362852,ES,POINT (-5.8629497999999955 37.28981088362852),19.0,https://simplemaps.com,ESSE,Sevilla
ES353-220,220,f,Substation,f,ES353,-5.851730199999989,37.27919208361767,ES,POINT (-5.851730199999989 37.27919208361767),19.0,https://simplemaps.com,ESSE,Sevilla
ES354-220,220,f,Substation,f,ES354,-6.9086136,37.274675683613054,ES,POINT (-6.9086136 37.274675683613054),18.0,https://simplemaps.com,ESH,Huelva
ES355-220,220,f,Substation,f,ES355,-5.966436199999992,37.274122783612434,ES,POINT (-5.966436199999992 37.274122783612434),19.0,https://simplemaps.com,ESSE,Sevilla
ES356-220,220,f,Substation,f,ES356,-3.7112741999999934,37.26773228360594,ES,POINT (-3.7112741999999947 37.26773228360594),41.0,https://simplemaps.com,ESGR,Granada
ES357-220,220,f,Substation,f,ES357,-6.056292760925776,37.25316789833887,ES,POINT (-6.056292760925776 37.25316789833887),19.0,https://simplemaps.com,ESSE,Sevilla
ES358-220,220,f,Substation,f,ES358,-6.927383899999995,37.20518368354198,ES,POINT (-6.927383899999995 37.20518368354198),,,,
ES359-220,220,f,Substation,f,ES359,-4.850140608666527,37.19651625017076,ES,POINT (-4.850140608666527 37.19651625017076),19.0,https://simplemaps.com,ESSE,Sevilla
ES36-220,220,f,Substation,f,ES36,-1.947604299999996,43.262189189258216,ES,POINT (-1.9476042999999958 43.262189189258216),3.0,https://simplemaps.com,ESSS,Gipuzkoa
ES360-400,400,f,Substation,f,ES360,-4.408803199999996,37.11028478344478,ES,POINT (-4.408803199999996 37.11028478344478),24.0,https://simplemaps.com,ESMA,Málaga
ES361-400,400,f,Substation,f,ES361,-1.9441102383039948,36.9871887424706,ES,POINT (-1.9441102383039948 36.9871887424706),40.0,https://simplemaps.com,ESAL,Almería
ES362-400,400,f,Substation,f,ES362,-1.921563423993856,36.98153080634428,ES,POINT (-1.921563423993856 36.98153080634428),40.0,https://simplemaps.com,ESAL,Almería
ES363-220,220,f,Substation,f,ES363,-2.980160899999992,36.96377118329448,ES,POINT (-2.980160899999992 36.96377118329448),40.0,https://simplemaps.com,ESAL,Almería
ES364-220,220,f,Substation,f,ES364,-4.873455557949146,36.92497278364005,ES,POINT (-4.873455557949146 36.924972783640044),24.0,https://simplemaps.com,ESMA,Málaga
ES365-220,220,f,Substation,f,ES365,-3.4063809999999943,36.906142783235374,ES,POINT (-3.4063809999999943 36.906142783235374),41.0,https://simplemaps.com,ESGR,Granada
ES366-400,400,f,Substation,f,ES366,-4.7331796,36.89845718322747,ES,POINT (-4.7331796 36.89845718322747),24.0,https://simplemaps.com,ESMA,Málaga
ES367-220,220,f,Substation,f,ES367,-4.462518200000004,36.768622983094026,ES,POINT (-4.462518200000004 36.768622983094026),24.0,https://simplemaps.com,ESMA,Málaga
ES368-220,220,f,Substation,f,ES368,-4.562314299999991,36.74845288307321,ES,POINT (-4.562314299999991 36.74845288307321),24.0,https://simplemaps.com,ESMA,Málaga
ES369-220,220,f,Substation,f,ES369,-4.533340000000004,36.74761268307239,ES,POINT (-4.5333400000000035 36.74761268307239),24.0,https://simplemaps.com,ESMA,Málaga
ES37-400,400,f,Substation,f,ES37,-1.9637841999999983,43.23728188923748,ES,POINT (-1.9637841999999985 43.23728188923748),3.0,https://simplemaps.com,ESSS,Gipuzkoa
ES370-220,220,f,Substation,f,ES370,-4.471658499999993,36.74608798307084,ES,POINT (-4.471658499999993 36.74608798307084),24.0,https://simplemaps.com,ESMA,Málaga
ES371-220,220,f,Substation,f,ES371,-4.5955614999999925,36.740100683064654,ES,POINT (-4.5955614999999925 36.740100683064654),24.0,https://simplemaps.com,ESMA,Málaga
ES372-220,220,f,Substation,f,ES372,-4.502397899999997,36.73528498305971,ES,POINT (-4.502397899999997 36.73528498305971),24.0,https://simplemaps.com,ESMA,Málaga
ES373-220,220,f,Substation,f,ES373,-4.576819099999989,36.708724983032354,ES,POINT (-4.576819099999989 36.708724983032354),24.0,https://simplemaps.com,ESMA,Málaga
ES374-220,220,f,Substation,f,ES374,-6.027231699999998,36.69022358301335,ES,POINT (-6.027231699999998 36.69022358301335),23.0,https://simplemaps.com,ESCA,Cádiz
ES375-220,220,f,Substation,f,ES375,-5.951709299999987,36.63898988296055,ES,POINT (-5.951709299999987 36.63898988296055),23.0,https://simplemaps.com,ESCA,Cádiz
ES376-220,220,f,Substation,f,ES376,-4.826426999999997,36.627626082948815,ES,POINT (-4.826426999999997 36.627626082948815),24.0,https://simplemaps.com,ESMA,Málaga
ES377-220,220,f,Substation,f,ES377,-6.088004699999991,36.61133448293206,ES,POINT (-6.088004699999991 36.61133448293206),23.0,https://simplemaps.com,ESCA,Cádiz
ES378-220,220,f,Substation,f,ES378,-6.137705699999983,36.51985868283778,ES,POINT (-6.137705699999983 36.51985868283778),23.0,https://simplemaps.com,ESCA,Cádiz
ES379-220,220,f,Substation,f,ES379,-5.824580499999985,36.46319788277937,ES,POINT (-5.824580499999985 36.46319788277937),23.0,https://simplemaps.com,ESCA,Cádiz
ES38-400,400,f,Substation,f,ES38,-2.250638100000001,43.234691289235286,ES,POINT (-2.2506381000000015 43.234691289235286),3.0,https://simplemaps.com,ESSS,Gipuzkoa
ES380-220,220,f,Substation,f,ES380,-5.209828404617813,36.41561938695236,ES,POINT (-5.209828404617813 36.41561938695236),24.0,https://simplemaps.com,ESMA,Málaga
ES381-220,220,f,Substation,f,ES381,-5.260223598740105,36.41475353305453,ES,POINT (-5.260223598740105 36.41475353305453),24.0,https://simplemaps.com,ESMA,Málaga
ES382-220,220,f,Substation,f,ES382,-5.3748851999999845,36.2134613825215,ES,POINT (-5.3748851999999845 36.2134613825215),23.0,https://simplemaps.com,ESCA,Cádiz
ES383-220,220,f,Substation,f,ES383,-5.413358499999993,36.19647668250396,ES,POINT (-5.413358499999993 36.19647668250396),23.0,https://simplemaps.com,ESCA,Cádiz
ES384-400,400,f,Substation,f,ES384,-5.574732099999996,36.06249098236543,ES,POINT (-5.574732099999996 36.062490982365425),23.0,https://simplemaps.com,ESCA,Cádiz
ES385-400,400,f,Substation,f,ES385,-5.624015499999999,36.0346140823366,ES,POINT (-5.624015499999999 36.034614082336596),23.0,https://simplemaps.com,ESCA,Cádiz
ES39-220,220,f,Substation,f,ES39,-2.937821300000005,43.22861608923024,ES,POINT (-2.937821300000005 43.22861608923024),5.0,https://simplemaps.com,ESBI,Bizkaia
ES40-400,400,f,Substation,f,ES40,-7.012919600000001,43.22491218922713,ES,POINT (-7.012919600000001 43.22491218922713),43.0,https://simplemaps.com,ESO,Asturias
ES41-220,220,f,Substation,f,ES41,-3.104039900000011,43.20334638920911,ES,POINT (-3.104039900000011 43.20334638920911),5.0,https://simplemaps.com,ESBI,Bizkaia
ES43-220,220,f,Substation,f,ES43,-3.074030595309216,43.18969179174616,ES,POINT (-3.0740305953092157 43.18969179174616),5.0,https://simplemaps.com,ESBI,Bizkaia
ES44-220,220,f,Substation,f,ES44,-8.348886099999989,43.18472468919356,ES,POINT (-8.348886099999989 43.18472468919356),28.0,https://simplemaps.com,ESC,La Coruña
ES46-220,220,f,Substation,f,ES46,-2.575451999999997,43.161967689174446,ES,POINT (-2.575451999999997 43.161967689174446),5.0,https://simplemaps.com,ESBI,Bizkaia
ES47-220,220,f,Substation,f,ES47,-2.452511099999997,43.153584689167474,ES,POINT (-2.452511099999997 43.153584689167474),3.0,https://simplemaps.com,ESSS,Gipuzkoa
ES48-220,220,f,Substation,f,ES48,-8.368826299999984,43.14694978916192,ES,POINT (-8.368826299999984 43.146949789161916),28.0,https://simplemaps.com,ESC,La Coruña
ES49-220,220,f,Substation,f,ES49,-3.1089815483975607,43.133901052953256,ES,POINT (-3.1089815483975607 43.133901052953256),8.0,https://simplemaps.com,ESVI,Álava
ES5-400,400,f,Substation,f,ES5,-2.875082400750115,43.43379553955904,ES,POINT (-2.875082400750115 43.43379553955904),5.0,https://simplemaps.com,ESBI,Bizkaia
ES50-220,220,f,Substation,f,ES50,-3.832317799999997,43.12857608914648,ES,POINT (-3.832317799999997 43.12857608914648),44.0,https://simplemaps.com,ESS,Cantabria
ES51-220,220,f,Substation,f,ES51,-4.048838700000002,43.12185208914083,ES,POINT (-4.048838700000002 43.12185208914083),44.0,https://simplemaps.com,ESS,Cantabria
ES52-220,220,f,Substation,f,ES52,-2.38801819999999,43.09981948912232,ES,POINT (-2.38801819999999 43.09981948912232),3.0,https://simplemaps.com,ESSS,Gipuzkoa
ES53-220,220,f,Substation,f,ES53,-4.000630099999998,43.09596198911907,ES,POINT (-4.000630099999998 43.09596198911907),44.0,https://simplemaps.com,ESS,Cantabria
ES54-400,400,f,Substation,f,ES54,-5.217475899999989,43.09215498911586,ES,POINT (-5.217475899999989 43.09215498911586),30.0,https://simplemaps.com,ESLE,León
ES55-220,220,f,Substation,f,ES55,-2.253001199999992,43.01755008905301,ES,POINT (-2.253001199999992 43.01755008905301),3.0,https://simplemaps.com,ESSS,Gipuzkoa
ES56-220,220,f,Substation,f,ES56,-2.2916271999999984,42.96592068900935,ES,POINT (-2.2916271999999984 42.96592068900935),3.0,https://simplemaps.com,ESSS,Gipuzkoa
ES57-220,220,f,Substation,f,ES57,-9.1183779,42.93296948898143,ES,POINT (-9.118377899999999 42.93296948898143),28.0,https://simplemaps.com,ESC,La Coruña
ES58-220,220,f,Substation,f,ES58,-2.340785800000007,42.91820518896893,ES,POINT (-2.340785800000007 42.91820518896893),8.0,https://simplemaps.com,ESVI,Álava
ES59-220,220,f,Substation,f,ES59,-8.553272999999994,42.89365138894805,ES,POINT (-8.553272999999994 42.89365138894805),28.0,https://simplemaps.com,ESC,La Coruña
ES6-220,220,f,Substation,f,ES6,-5.473967699999989,43.37946938935568,ES,POINT (-5.473967699999989 43.379469389355684),43.0,https://simplemaps.com,ESO,Asturias
ES60-220,220,f,Substation,f,ES60,-8.598327499999987,42.89020228894509,ES,POINT (-8.598327499999987 42.89020228894509),28.0,https://simplemaps.com,ESC,La Coruña
ES62-220,220,f,Substation,f,ES62,-8.636616099999994,42.88007288893655,ES,POINT (-8.636616099999994 42.880072888936546),28.0,https://simplemaps.com,ESC,La Coruña
ES63-220,220,f,Substation,f,ES63,-3.637525299999992,42.85249608891299,ES,POINT (-3.6375252999999916 42.85249608891299),10.0,https://simplemaps.com,ESBU,Burgos
ES64-220,220,f,Substation,f,ES64,-8.35861059999999,42.84978828891071,ES,POINT (-8.35861059999999 42.84978828891071),28.0,https://simplemaps.com,ESC,La Coruña
ES65-220,220,f,Substation,f,ES65,-6.484945629520428,42.83575373362393,ES,POINT (-6.4849456295204275 42.83575373362393),30.0,https://simplemaps.com,ESLE,León
ES66-400,400,f,Substation,f,ES66,-4.860075300000002,42.83232718889592,ES,POINT (-4.860075300000002 42.83232718889592),45.0,https://simplemaps.com,ESP,Palencia
ES67-220,220,f,Substation,f,ES67,-8.24064738587369,42.82741374364231,ES,POINT (-8.24064738587369 42.82741374364231),27.0,https://simplemaps.com,ESPO,Pontevedra
ES68-400,400,f,Substation,f,ES68,-5.636520799999992,42.80956388887648,ES,POINT (-5.6365207999999924 42.809563888876475),30.0,https://simplemaps.com,ESLE,León
ES69-220,220,f,Substation,f,ES69,-1.682332299999996,42.77846368884989,ES,POINT (-1.682332299999996 42.77846368884989),2.0,https://simplemaps.com,ESNA,Navarra
ES7-220,220,f,Substation,f,ES7,-5.456234999999994,43.37693068935356,ES,POINT (-5.456234999999994 43.37693068935356),43.0,https://simplemaps.com,ESO,Asturias
ES70-220,220,f,Substation,f,ES70,-3.609769299999997,42.73121958880949,ES,POINT (-3.6097692999999973 42.73121958880949),10.0,https://simplemaps.com,ESBU,Burgos
ES71-220,220,f,Substation,f,ES71,-3.487970434162778,42.66723689509914,ES,POINT (-3.487970434162778 42.66723689509914),10.0,https://simplemaps.com,ESBU,Burgos
ES72-220,220,f,Substation,f,ES72,-1.2658912000000035,42.62863158872136,ES,POINT (-1.2658912000000035 42.62863158872136),2.0,https://simplemaps.com,ESNA,Navarra
ES73-400,400,f,Substation,f,ES73,-6.544273799999997,42.62507538871834,ES,POINT (-6.544273799999997 42.62507538871834),30.0,https://simplemaps.com,ESLE,León
ES74-220,220,f,Substation,f,ES74,-7.743535899999986,42.613950088708734,ES,POINT (-7.743535899999986 42.613950088708734),29.0,https://simplemaps.com,ESLU,Lugo
ES75-220,220,f,Substation,f,ES75,-2.8263903999999984,42.61131018870647,ES,POINT (-2.8263903999999984 42.61131018870647),7.0,https://simplemaps.com,ESLO,La Rioja
ES77-400,400,f,Substation,f,ES77,-6.607586713104383,42.595353084827856,ES,POINT (-6.607586713104383 42.595353084827856),30.0,https://simplemaps.com,ESLE,León
ES78-400,400,f,Substation,f,ES78,-6.585077599999995,42.59328738869093,ES,POINT (-6.585077599999995 42.59328738869093),30.0,https://simplemaps.com,ESLE,León
ES8-400,400,f,Substation,f,ES8,-5.9334081999999935,43.36021838933976,ES,POINT (-5.9334081999999935 43.36021838933976),43.0,https://simplemaps.com,ESO,Asturias
ES80-220,220,f,Substation,f,ES80,-6.5850039999999925,42.55999478866221,ES,POINT (-6.5850039999999925 42.55999478866221),30.0,https://simplemaps.com,ESLE,León
ES81-220,220,f,Substation,f,ES81,-6.5633121,42.55876028866114,ES,POINT (-6.5633121 42.55876028866114),30.0,https://simplemaps.com,ESLE,León
ES82-220,220,f,Substation,f,ES82,-8.250502400000002,42.55526048865811,ES,POINT (-8.250502400000002 42.55526048865811),27.0,https://simplemaps.com,ESPO,Pontevedra
ES83-400,400,f,Substation,f,ES83,0.9917968000000128,42.50656498861596,ES,POINT (0.9917968000000127 42.506564988615956),11.0,https://simplemaps.com,ESL,Lérida
ES84-220,220,f,Substation,f,ES84,-8.322666099999982,42.491165888602616,ES,POINT (-8.322666099999982 42.491165888602616),25.0,https://simplemaps.com,ESOR,Orense
ES85-220,220,f,Substation,f,ES85,-6.334817405198272,42.49102140561187,ES,POINT (-6.3348174051982715 42.49102140561187),30.0,https://simplemaps.com,ESLE,León
ES86-220,220,f,Substation,f,ES86,-7.7268281,42.46827588858281,ES,POINT (-7.7268281000000005 42.46827588858281),29.0,https://simplemaps.com,ESLU,Lugo
ES87-220,220,f,Substation,f,ES87,-2.438667400000006,42.42206768854263,ES,POINT (-2.438667400000006 42.422067688542626),7.0,https://simplemaps.com,ESLO,La Rioja
ES88-220,220,f,Substation,f,ES88,-7.653428649182073,42.41415721181797,ES,POINT (-7.653428649182073 42.41415721181797),25.0,https://simplemaps.com,ESOR,Orense
ES89-220,220,f,Substation,f,ES89,-3.763090649987141,42.409995488561705,ES,POINT (-3.763090649987141 42.409995488561705),10.0,https://simplemaps.com,ESBU,Burgos
ES9-400,400,f,Substation,f,ES9,-3.075864,43.344698989326815,ES,POINT (-3.0758639999999997 43.344698989326815),5.0,https://simplemaps.com,ESBI,Bizkaia
ES90-220,220,f,Substation,f,ES90,-8.580667800000002,42.39055928851523,ES,POINT (-8.580667800000002 42.39055928851523),27.0,https://simplemaps.com,ESPO,Pontevedra
ES92-220,220,f,Substation,f,ES92,-7.981656499999986,42.38112278850699,ES,POINT (-7.981656499999986 42.38112278850699),25.0,https://simplemaps.com,ESOR,Orense
ES93-220,220,f,Substation,f,ES93,-7.630977899999986,42.378800188504975,ES,POINT (-7.630977899999986 42.378800188504975),25.0,https://simplemaps.com,ESOR,Orense
ES94-220,220,f,Substation,f,ES94,-2.2634014999999934,42.36540728849328,ES,POINT (-2.2634014999999934 42.36540728849328),7.0,https://simplemaps.com,ESLO,La Rioja
ES95-220,220,f,Substation,f,ES95,-7.943280200000002,42.35919918848786,ES,POINT (-7.943280200000002 42.359199188487864),25.0,https://simplemaps.com,ESOR,Orense
ES96-220,220,f,Substation,f,ES96,-7.635815199999997,42.357951188486815,ES,POINT (-7.635815199999997 42.357951188486815),25.0,https://simplemaps.com,ESOR,Orense
ES97-400,400,f,Substation,f,ES97,-3.851564999999989,42.33896608847028,ES,POINT (-3.8515649999999884 42.33896608847028),10.0,https://simplemaps.com,ESBU,Burgos
ES98-220,220,f,Substation,f,ES98,-7.206646499999992,42.33063658846294,ES,POINT (-7.206646499999992 42.33063658846294),25.0,https://simplemaps.com,ESOR,Orense
ES99-220,220,f,Substation,f,ES99,-7.040203688084912,42.32918490395503,ES,POINT (-7.040203688084912 42.32918490395503),25.0,https://simplemaps.com,ESOR,Orense
relation/10295969-400,400,f,Substation,f,relation/10295969,1.9350980611679856,41.766918473530176,ES,POINT (1.9350980611679856 41.766918473530176),15.0,https://simplemaps.com,ESB,Barcelona
relation/15715982-220,220,f,Substation,f,relation/15715982,-6.806590620071991,41.043907499116045,ES,POINT (-6.806590620071991 41.043907499116045),31.0,https://simplemaps.com,ESSA,Salamanca
relation/15715982-400,400,f,Substation,f,relation/15715982,-6.80639509948461,41.04413637949732,ES,POINT (-6.80639509948461 41.04413637949732),31.0,https://simplemaps.com,ESSA,Salamanca
relation/16809528-220,220,f,Substation,f,relation/16809528,1.9023120871640125,41.35531289529733,ES,POINT (1.9023120871640125 41.355312895297324),15.0,https://simplemaps.com,ESB,Barcelona
relation/16809528-400,400,f,Substation,f,relation/16809528,1.902538523369514,41.35552394852494,ES,POINT (1.902538523369514 41.35552394852494),15.0,https://simplemaps.com,ESB,Barcelona
relation/17148268-220,220,f,Substation,f,relation/17148268,-5.693215465108723,39.80717719017954,ES,POINT (-5.693215465108723 39.807177190179544),17.0,https://simplemaps.com,ESCC,Cáceres
relation/17148268-400,400,f,Substation,f,relation/17148268,-5.6930190408472,39.80740414566639,ES,POINT (-5.6930190408472 39.80740414566639),17.0,https://simplemaps.com,ESCC,Cáceres
relation/17294958-220,220,f,Substation,f,relation/17294958,-6.473175769058163,41.30116198187096,ES,POINT (-6.473175769058163 41.301161981870955),31.0,https://simplemaps.com,ESSA,Salamanca
relation/17294958-400,400,f,Substation,f,relation/17294958,-6.472978430777835,41.30139020647547,ES,POINT (-6.472978430777835 41.30139020647547),31.0,https://simplemaps.com,ESSA,Salamanca
relation/17319555-220,220,f,Substation,f,relation/17319555,-0.4573636974608344,39.149488632763536,ES,POINT (-0.4573636974608344 39.149488632763536),35.0,https://simplemaps.com,ESV,Valencia
relation/17444204-400,400,f,Substation,f,relation/17444204,-3.859319270709052,42.5907148905795,ES,POINT (-3.859319270709052 42.5907148905795),10.0,https://simplemaps.com,ESBU,Burgos
relation/17678185-220,220,f,Substation,f,relation/17678185,0.7384739252139192,42.403652253730925,ES,POINT (0.7384739252139192 42.403652253730925),4.0,https://simplemaps.com,ESHU,Huesca
relation/17805735-220,220,f,Substation,f,relation/17805735,-4.499409780146651,41.99894734561119,ES,POINT (-4.499409780146651 41.99894734561119),45.0,https://simplemaps.com,ESP,Palencia
relation/6329325-220,220,f,Substation,f,relation/6329325,-0.6140791270601252,41.97631912691538,ES,POINT (-0.6140791270601252 41.97631912691538),4.0,https://simplemaps.com,ESHU,Huesca
way/1002151700-220,220,f,Substation,f,way/1002151700,-5.989716466716948,36.29792819593986,ES,POINT (-5.989716466716948 36.29792819593986),23.0,https://simplemaps.com,ESCA,Cádiz
way/101078312-220,220,f,Substation,f,way/101078312,-7.062903063646672,42.1535157559991,ES,POINT (-7.062903063646672 42.1535157559991),25.0,https://simplemaps.com,ESOR,Orense
way/101953901-220,220,f,Substation,f,way/101953901,-3.723263811231257,40.6005015371676,ES,POINT (-3.723263811231257 40.600501537167595),50.0,https://simplemaps.com,ESM,Madrid
way/101953901-400,400,f,Substation,f,way/101953901,-3.723058661097693,40.600724539057175,ES,POINT (-3.723058661097693 40.600724539057175),50.0,https://simplemaps.com,ESM,Madrid
way/1020710695-220,220,f,Substation,f,way/1020710695,-5.019845916949375,41.6047584203311,ES,POINT (-5.019845916949375 41.6047584203311),33.0,https://simplemaps.com,ESVA,Valladolid
way/1027078325-220,220,f,Substation,f,way/1027078325,-0.8823492965798048,41.282633352452784,ES,POINT (-0.8823492965798048 41.282633352452784),6.0,https://simplemaps.com,ESZ,Zaragoza
way/1027086226-220,220,f,Substation,f,way/1027086226,-1.0374009505702575,41.22174339038703,ES,POINT (-1.0374009505702575 41.221743390387026),6.0,https://simplemaps.com,ESZ,Zaragoza
way/1027086227-220,220,f,Substation,f,way/1027086227,-0.927490348150102,41.18508163951708,ES,POINT (-0.9274903481501021 41.18508163951708),6.0,https://simplemaps.com,ESZ,Zaragoza
way/1028926498-220,220,f,Substation,f,way/1028926498,-0.8410535233225424,41.03264878233959,ES,POINT (-0.8410535233225424 41.032648782339585),13.0,https://simplemaps.com,ESTE,Teruel
way/1028926498-400,400,f,Substation,f,way/1028926498,-0.8408373305857694,41.032865818159294,ES,POINT (-0.8408373305857694 41.032865818159294),13.0,https://simplemaps.com,ESTE,Teruel
way/103158873-220,220,f,Substation,f,way/103158873,-7.281399425499746,42.34425739195922,ES,POINT (-7.281399425499746 42.34425739195922),25.0,https://simplemaps.com,ESOR,Orense
way/103158873-400,400,f,Substation,f,way/103158873,-7.28120241786501,42.34448699728873,ES,POINT (-7.28120241786501 42.34448699728873),25.0,https://simplemaps.com,ESOR,Orense
way/1031589976-220,220,f,Substation,f,way/1031589976,-0.9294965005275646,42.02809279352614,ES,POINT (-0.9294965005275646 42.02809279352614),6.0,https://simplemaps.com,ESZ,Zaragoza
way/103190094-220,220,f,Substation,f,way/103190094,-1.7101766876664677,42.81904570947863,ES,POINT (-1.7101766876664677 42.81904570947863),2.0,https://simplemaps.com,ESNA,Navarra
way/1032009185-220,220,f,Substation,f,way/1032009185,-4.954823349946854,37.01025064213536,ES,POINT (-4.954823349946854 37.010250642135354),24.0,https://simplemaps.com,ESMA,Málaga
way/1032009205-400,400,f,Substation,f,way/1032009205,-5.666974993791579,39.56438441811665,ES,POINT (-5.666974993791579 39.56438441811665),17.0,https://simplemaps.com,ESCC,Cáceres
way/1032009212-220,220,f,Substation,f,way/1032009212,-5.294927363390164,39.24857966406064,ES,POINT (-5.294927363390164 39.248579664060635),16.0,https://simplemaps.com,ESBA,Badajoz
way/103511952-220,220,f,Substation,f,way/103511952,-6.624058174869065,42.58543754046438,ES,POINT (-6.624058174869065 42.58543754046438),30.0,https://simplemaps.com,ESLE,León
way/103511952-400,400,f,Substation,f,way/103511952,-6.623858107536145,42.58566590051649,ES,POINT (-6.623858107536145 42.58566590051649),30.0,https://simplemaps.com,ESLE,León
way/1038373182-220,220,f,Substation,f,way/1038373182,-5.9311712933154,37.39026330625038,ES,POINT (-5.9311712933154 37.39026330625038),19.0,https://simplemaps.com,ESSE,Sevilla
way/104020696-220,220,f,Substation,f,way/104020696,2.1115956849059683,41.61924851539012,ES,POINT (2.1115956849059683 41.61924851539012),15.0,https://simplemaps.com,ESB,Barcelona
way/104020696-400,400,f,Substation,f,way/104020696,2.111823707570436,41.61945906580944,ES,POINT (2.1118237075704354 41.61945906580944),15.0,https://simplemaps.com,ESB,Barcelona
way/104025895-220,220,f,Substation,f,way/104025895,-6.469696802989335,42.84282465890406,ES,POINT (-6.469696802989335 42.84282465890406),30.0,https://simplemaps.com,ESLE,León
way/104026138-220,220,f,Substation,f,way/104026138,-6.287694046320449,42.93910979750039,ES,POINT (-6.287694046320449 42.939109797500386),30.0,https://simplemaps.com,ESLE,León
way/1042227719-400,400,f,Substation,f,way/1042227719,-2.747506811523394,37.55923241223518,ES,POINT (-2.747506811523394 37.55923241223518),41.0,https://simplemaps.com,ESGR,Granada
way/104370242-220,220,f,Substation,f,way/104370242,-8.356129295185394,43.16703899439158,ES,POINT (-8.356129295185394 43.16703899439158),28.0,https://simplemaps.com,ESC,La Coruña
way/104370242-400,400,f,Substation,f,way/104370242,-8.355934265910934,43.167270471129775,ES,POINT (-8.355934265910934 43.167270471129775),28.0,https://simplemaps.com,ESC,La Coruña
way/104730022-220,220,f,Substation,f,way/104730022,-7.222874286453792,42.3143353691511,ES,POINT (-7.222874286453792 42.3143353691511),25.0,https://simplemaps.com,ESOR,Orense
way/105259481-400,400,f,Substation,f,way/105259481,-3.093934069337979,43.32687524590944,ES,POINT (-3.093934069337979 43.32687524590944),5.0,https://simplemaps.com,ESBI,Bizkaia
way/1054312727-400,400,f,Substation,f,way/1054312727,-7.4642691997983,39.62853428908774,ES,POINT (-7.4642691997983 39.62853428908774),17.0,https://simplemaps.com,ESCC,Cáceres
way/105579046-220,220,f,Substation,f,way/105579046,2.90083397702668,42.0228495898569,ES,POINT (2.9008339770266796 42.0228495898569),14.0,https://simplemaps.com,ESGI,Gerona
way/107479377-220,220,f,Substation,f,way/107479377,-6.357942455913242,39.479663910529446,ES,POINT (-6.357942455913242 39.479663910529446),17.0,https://simplemaps.com,ESCC,Cáceres
way/108259909-220,220,f,Substation,f,way/108259909,-3.6028770547446096,42.27664753932016,ES,POINT (-3.6028770547446096 42.27664753932016),10.0,https://simplemaps.com,ESBU,Burgos
way/108312093-220,220,f,Substation,f,way/108312093,-8.023607938944826,43.151402560849405,ES,POINT (-8.023607938944826 43.151402560849405),28.0,https://simplemaps.com,ESC,La Coruña
way/1087534882-220,220,f,Substation,f,way/1087534882,-5.089782053195181,41.71383440070023,ES,POINT (-5.089782053195181 41.71383440070023),33.0,https://simplemaps.com,ESVA,Valladolid
way/1090854835-220,220,f,Substation,f,way/1090854835,-5.944592919172018,40.8936964852109,ES,POINT (-5.944592919172018 40.8936964852109),31.0,https://simplemaps.com,ESSA,Salamanca
way/109788663-220,220,f,Substation,f,way/109788663,-1.275638522829229,42.59814403127143,ES,POINT (-1.275638522829229 42.59814403127143),2.0,https://simplemaps.com,ESNA,Navarra
way/1100866837-400,400,f,Substation,f,way/1100866837,-0.262144629951351,41.23047562985116,ES,POINT (-0.262144629951351 41.23047562985116),6.0,https://simplemaps.com,ESZ,Zaragoza
way/110506713-220,220,f,Substation,f,way/110506713,2.1857491513082192,41.56793386342779,ES,POINT (2.1857491513082192 41.56793386342779),15.0,https://simplemaps.com,ESB,Barcelona
way/111402009-220,220,f,Substation,f,way/111402009,2.320224016892736,41.58775666999432,ES,POINT (2.3202240168927357 41.58775666999432),15.0,https://simplemaps.com,ESB,Barcelona
way/111584995-220,220,f,Substation,f,way/111584995,2.4706774800878257,41.70664335612036,ES,POINT (2.4706774800878257 41.70664335612036),15.0,https://simplemaps.com,ESB,Barcelona
way/1141933143-220,220,f,Substation,f,way/1141933143,-3.585958378826513,43.34032043709073,ES,POINT (-3.5859583788265135 43.34032043709073),44.0,https://simplemaps.com,ESS,Cantabria
way/1141933143-400,400,f,Substation,f,way/1141933143,-3.585744892047391,43.34054284376061,ES,POINT (-3.585744892047391 43.34054284376061),44.0,https://simplemaps.com,ESS,Cantabria
way/1141937282-220,220,f,Substation,f,way/1141937282,-3.5238308342229216,43.39246217621727,ES,POINT (-3.5238308342229216 43.392462176217265),44.0,https://simplemaps.com,ESS,Cantabria
way/1153834517-400,400,f,Substation,f,way/1153834517,-4.20878322222024,40.80267659002041,ES,POINT (-4.20878322222024 40.80267659002041),51.0,https://simplemaps.com,ESSG,Segovia
way/1154224087-220,220,f,Substation,f,way/1154224087,-0.3580671869900779,42.51624315005191,ES,POINT (-0.358067186990078 42.51624315005191),4.0,https://simplemaps.com,ESHU,Huesca
way/1154224087-225,225,f,Substation,f,way/1154224087,-0.3578446586985714,42.51645897245767,ES,POINT (-0.3578446586985714 42.51645897245767),4.0,https://simplemaps.com,ESHU,Huesca
way/115680075-220,220,f,Substation,f,way/115680075,-2.6036504939015184,42.883816609996046,ES,POINT (-2.6036504939015184 42.883816609996046),8.0,https://simplemaps.com,ESVI,Álava
way/115680075-400,400,f,Substation,f,way/115680075,-2.6034348145661115,42.8840370775326,ES,POINT (-2.6034348145661115 42.8840370775326),8.0,https://simplemaps.com,ESVI,Álava
way/1164100996-220,220,f,Substation,f,way/1164100996,-6.496052391979641,38.7577213289652,ES,POINT (-6.496052391979641 38.7577213289652),16.0,https://simplemaps.com,ESBA,Badajoz
way/1164184948-220,220,f,Substation,f,way/1164184948,-6.433276096053198,38.74879791019692,ES,POINT (-6.433276096053198 38.74879791019692),16.0,https://simplemaps.com,ESBA,Badajoz
way/1165661175-220,220,f,Substation,f,way/1165661175,-7.06268397465624,38.73795153470282,ES,POINT (-7.06268397465624 38.73795153470282),16.0,https://simplemaps.com,ESBA,Badajoz
way/1167713589-220,220,f,Substation,f,way/1167713589,-0.4188661658634077,41.1727089144005,ES,POINT (-0.4188661658634077 41.1727089144005),13.0,https://simplemaps.com,ESTE,Teruel
way/1168603539-220,220,f,Substation,f,way/1168603539,-6.7449839299205125,39.830272243510144,ES,POINT (-6.7449839299205125 39.830272243510144),17.0,https://simplemaps.com,ESCC,Cáceres
way/1168861008-400,400,f,Substation,f,way/1168861008,-5.406746865146815,39.91365361857051,ES,POINT (-5.406746865146815 39.91365361857051),17.0,https://simplemaps.com,ESCC,Cáceres
way/1169740285-220,220,f,Substation,f,way/1169740285,-0.6998868269127825,37.974128381783125,ES,POINT (-0.6998868269127825 37.974128381783125),36.0,https://simplemaps.com,ESA,Alicante
way/1172185252-400,400,f,Substation,f,way/1172185252,-6.589150842750473,38.23793178137158,ES,POINT (-6.589150842750473 38.23793178137158),16.0,https://simplemaps.com,ESBA,Badajoz
way/1175485497-220,220,f,Substation,f,way/1175485497,-3.29920847747328,39.34663906147316,ES,POINT (-3.2992084774732793 39.34663906147316),21.0,https://simplemaps.com,ESCR,Ciudad Real
way/1175633701-220,220,f,Substation,f,way/1175633701,-3.313497285955856,39.079965485480166,ES,POINT (-3.313497285955856 39.079965485480166),21.0,https://simplemaps.com,ESCR,Ciudad Real
way/118057369-220,220,f,Substation,f,way/118057369,-4.85836263833131,42.82183198380349,ES,POINT (-4.85836263833131 42.821831983803484),45.0,https://simplemaps.com,ESP,Palencia
way/118057369-400,400,f,Substation,f,way/118057369,-4.858155389288789,42.822056951353375,ES,POINT (-4.858155389288789 42.822056951353375),45.0,https://simplemaps.com,ESP,Palencia
way/1183902141-220,220,f,Substation,f,way/1183902141,-6.555161102693315,38.78325264038072,ES,POINT (-6.555161102693315 38.78325264038072),16.0,https://simplemaps.com,ESBA,Badajoz
way/118641117-220,220,f,Substation,f,way/118641117,-4.26111989853647,42.868030028537845,ES,POINT (-4.26111989853647 42.868030028537845),45.0,https://simplemaps.com,ESP,Palencia
way/1194027525-220,220,f,Substation,f,way/1194027525,-2.5362604325149127,39.94994976708367,ES,POINT (-2.5362604325149127 39.949949767083666),39.0,https://simplemaps.com,ESCU,Cuenca
way/1218840771-400,400,f,Substation,f,way/1218840771,-8.251069268061226,42.74680839799249,ES,POINT (-8.251069268061226 42.74680839799249),27.0,https://simplemaps.com,ESPO,Pontevedra
way/1232240349-220,220,f,Substation,f,way/1232240349,-4.714351790065522,41.525471209731656,ES,POINT (-4.714351790065522 41.525471209731656),33.0,https://simplemaps.com,ESVA,Valladolid
way/1237353930-220,220,f,Substation,f,way/1237353930,-0.996000317335334,41.123198352570576,ES,POINT (-0.996000317335334 41.123198352570576),6.0,https://simplemaps.com,ESZ,Zaragoza
way/1240967180-400,400,f,Substation,f,way/1240967180,-2.74926465604073,43.23596813103784,ES,POINT (-2.74926465604073 43.235968131037836),5.0,https://simplemaps.com,ESBI,Bizkaia
way/124121964-220,220,f,Substation,f,way/124121964,2.0095473817207488,41.47322669800983,ES,POINT (2.0095473817207488 41.473226698009825),15.0,https://simplemaps.com,ESB,Barcelona
way/124121964-400,400,f,Substation,f,way/124121964,2.0097745701320204,41.47343749618338,ES,POINT (2.0097745701320204 41.47343749618338),15.0,https://simplemaps.com,ESB,Barcelona
way/1242272378-220,220,f,Substation,f,way/1242272378,-5.087028493836558,42.93182761340272,ES,POINT (-5.087028493836558 42.931827613402724),30.0,https://simplemaps.com,ESLE,León
way/1243143644-220,220,f,Substation,f,way/1243143644,-5.809970778341451,43.27343381876398,ES,POINT (-5.809970778341451 43.27343381876398),43.0,https://simplemaps.com,ESO,Asturias
way/1245361619-220,220,f,Substation,f,way/1245361619,-3.48075225652824,38.99560526269829,ES,POINT (-3.48075225652824 38.995605262698284),21.0,https://simplemaps.com,ESCR,Ciudad Real
way/1245390527-220,220,f,Substation,f,way/1245390527,-6.920242732800845,42.41437944951012,ES,POINT (-6.920242732800845 42.414379449510115),25.0,https://simplemaps.com,ESOR,Orense
way/1246090890-220,220,f,Substation,f,way/1246090890,0.6685349823800105,41.6118989459027,ES,POINT (0.6685349823800105 41.6118989459027),11.0,https://simplemaps.com,ESL,Lérida
way/1246115410-220,220,f,Substation,f,way/1246115410,-6.339569072949729,39.6053002162528,ES,POINT (-6.339569072949729 39.6053002162528),17.0,https://simplemaps.com,ESCC,Cáceres
way/1246115410-400,400,f,Substation,f,way/1246115410,-6.339375317439174,39.60552842664343,ES,POINT (-6.339375317439174 39.60552842664343),17.0,https://simplemaps.com,ESCC,Cáceres
way/1246916016-400,400,f,Substation,f,way/1246916016,-6.1603532163035055,38.286548212011965,ES,POINT (-6.1603532163035055 38.286548212011965),16.0,https://simplemaps.com,ESBA,Badajoz
way/1252094933-400,400,f,Substation,f,way/1252094933,-3.2974338291185514,40.464414932858034,ES,POINT (-3.2974338291185514 40.464414932858034),50.0,https://simplemaps.com,ESM,Madrid
way/1252105002-220,220,f,Substation,f,way/1252105002,-3.5080011535250506,40.44384936801609,ES,POINT (-3.5080011535250506 40.44384936801609),50.0,https://simplemaps.com,ESM,Madrid
way/1252171502-220,220,f,Substation,f,way/1252171502,-3.883517286703946,40.340940019307006,ES,POINT (-3.8835172867039467 40.340940019307006),50.0,https://simplemaps.com,ESM,Madrid
way/1252514183-220,220,f,Substation,f,way/1252514183,1.2128150675468914,42.49597111983618,ES,POINT (1.2128150675468914 42.495971119836184),11.0,https://simplemaps.com,ESL,Lérida
way/1254646680-220,220,f,Substation,f,way/1254646680,-2.2002002136273098,41.95356480262343,ES,POINT (-2.2002002136273098 41.953564802623426),9.0,https://simplemaps.com,ESSO,Soria
way/1255236015-220,220,f,Substation,f,way/1255236015,1.85495084965989,42.17432011111719,ES,POINT (1.85495084965989 42.17432011111719),15.0,https://simplemaps.com,ESB,Barcelona
way/1257151190-220,220,f,Substation,f,way/1257151190,2.217919503445512,41.51153392119737,ES,POINT (2.2179195034455113 41.51153392119737),15.0,https://simplemaps.com,ESB,Barcelona
way/1258994984-220,220,f,Substation,f,way/1258994984,-0.4023749480672789,39.18494711546046,ES,POINT (-0.4023749480672789 39.18494711546046),35.0,https://simplemaps.com,ESV,Valencia
way/1259370155-220,220,f,Substation,f,way/1259370155,-0.2676834088693777,39.672185713964815,ES,POINT (-0.2676834088693777 39.672185713964815),35.0,https://simplemaps.com,ESV,Valencia
way/1259647174-220,220,f,Substation,f,way/1259647174,-0.5010927261140016,39.45170334858882,ES,POINT (-0.5010927261140016 39.45170334858882),35.0,https://simplemaps.com,ESV,Valencia
way/126100935-220,220,f,Substation,f,way/126100935,2.076521166700494,41.48693394701849,ES,POINT (2.076521166700494 41.48693394701849),15.0,https://simplemaps.com,ESB,Barcelona
way/1262644008-220,220,f,Substation,f,way/1262644008,-0.7893439582048845,41.57028334954154,ES,POINT (-0.7893439582048845 41.57028334954154),6.0,https://simplemaps.com,ESZ,Zaragoza
way/1262722032-220,220,f,Substation,f,way/1262722032,-5.423751577113939,36.18345281708882,ES,POINT (-5.423751577113939 36.18345281708882),23.0,https://simplemaps.com,ESCA,Cádiz
way/1262722032-400,400,f,Substation,f,way/1262722032,-5.4235622514690185,36.18367991357844,ES,POINT (-5.4235622514690185 36.18367991357844),23.0,https://simplemaps.com,ESCA,Cádiz
way/1262722037-220,220,f,Substation,f,way/1262722037,-5.388294458157954,36.18334878323903,ES,POINT (-5.388294458157954 36.183348783239026),23.0,https://simplemaps.com,ESCA,Cádiz
way/1262731213-220,220,f,Substation,f,way/1262731213,-5.412339451502056,36.24792037813444,ES,POINT (-5.412339451502056 36.24792037813444),23.0,https://simplemaps.com,ESCA,Cádiz
way/1262731213-400,400,f,Substation,f,way/1262731213,-5.412149960058573,36.2481474391603,ES,POINT (-5.412149960058573 36.2481474391603),23.0,https://simplemaps.com,ESCA,Cádiz
way/1263526773-220,220,f,Substation,f,way/1263526773,-0.930258790066678,41.343316129997504,ES,POINT (-0.9302587900666781 41.343316129997504),6.0,https://simplemaps.com,ESZ,Zaragoza
way/1266061513-220,220,f,Substation,f,way/1266061513,-1.3505403278747463,41.65758719185945,ES,POINT (-1.3505403278747465 41.65758719185945),6.0,https://simplemaps.com,ESZ,Zaragoza
way/1266061515-220,220,f,Substation,f,way/1266061515,-1.2876139976755363,41.696882925518665,ES,POINT (-1.2876139976755363 41.696882925518665),6.0,https://simplemaps.com,ESZ,Zaragoza
way/1266081844-220,220,f,Substation,f,way/1266081844,-1.380919630562252,41.8464816128671,ES,POINT (-1.380919630562252 41.8464816128671),6.0,https://simplemaps.com,ESZ,Zaragoza
way/1266081844-400,400,f,Substation,f,way/1266081844,-1.3807028126415624,41.84669967448275,ES,POINT (-1.3807028126415624 41.84669967448275),6.0,https://simplemaps.com,ESZ,Zaragoza
way/1266109989-400,400,f,Substation,f,way/1266109989,0.5053048305593073,41.38837878094175,ES,POINT (0.5053048305593073 41.38837878094175),11.0,https://simplemaps.com,ESL,Lérida
way/1267694217-400,400,f,Substation,f,way/1267694217,-6.369439150764066,39.095147553849785,ES,POINT (-6.369439150764066 39.095147553849785),16.0,https://simplemaps.com,ESBA,Badajoz
way/1267909080-220,220,f,Substation,f,way/1267909080,-1.615498016111122,42.05046131040663,ES,POINT (-1.615498016111122 42.05046131040663),2.0,https://simplemaps.com,ESNA,Navarra
way/126881765-400,400,f,Substation,f,way/126881765,-0.1953527592113609,40.610893213705566,ES,POINT (-0.1953527592113609 40.610893213705566),34.0,https://simplemaps.com,ESCS,Castellón
way/126987023-220,220,f,Substation,f,way/126987023,-0.5610769554380434,39.25029323713943,ES,POINT (-0.5610769554380434 39.25029323713943),35.0,https://simplemaps.com,ESV,Valencia
way/126987023-400,400,f,Substation,f,way/126987023,-0.5608650181115681,39.250509955859656,ES,POINT (-0.5608650181115681 39.250509955859656),35.0,https://simplemaps.com,ESV,Valencia
way/1271688035-220,220,f,Substation,f,way/1271688035,-6.440567439464713,39.52318547325755,ES,POINT (-6.440567439464713 39.52318547325755),17.0,https://simplemaps.com,ESCC,Cáceres
way/1271688038-220,220,f,Substation,f,way/1271688038,-6.550784277758553,39.45925027279689,ES,POINT (-6.550784277758553 39.45925027279689),17.0,https://simplemaps.com,ESCC,Cáceres
way/1272548315-400,400,f,Substation,f,way/1272548315,-3.820468578332055,42.322679807953214,ES,POINT (-3.8204685783320547 42.322679807953214),10.0,https://simplemaps.com,ESBU,Burgos
way/1273759380-220,220,f,Substation,f,way/1273759380,-6.384826417069664,37.342415758961,ES,POINT (-6.384826417069664 37.342415758961),18.0,https://simplemaps.com,ESH,Huelva
way/127528728-220,220,f,Substation,f,way/127528728,-0.2215415923150988,39.79358162900151,ES,POINT (-0.2215415923150989 39.79358162900151),34.0,https://simplemaps.com,ESCS,Castellón
way/127528769-220,220,f,Substation,f,way/127528769,-0.4565108630126003,39.82743889318401,ES,POINT (-0.4565108630126004 39.82743889318401),34.0,https://simplemaps.com,ESCS,Castellón
way/1275359449-220,220,f,Substation,f,way/1275359449,-2.8300521968519026,40.36465320262247,ES,POINT (-2.8300521968519026 40.36465320262247),49.0,https://simplemaps.com,ESGU,Guadalajara
way/127605081-220,220,f,Substation,f,way/127605081,-0.0865482624438743,40.00334389678576,ES,POINT (-0.0865482624438744 40.00334389678576),34.0,https://simplemaps.com,ESCS,Castellón
way/1277630152-220,220,f,Substation,f,way/1277630152,-2.0844898540369243,39.63830816463005,ES,POINT (-2.0844898540369243 39.638308164630054),39.0,https://simplemaps.com,ESCU,Cuenca
way/1277630152-400,400,f,Substation,f,way/1277630152,-2.0842817955422825,39.63852799591042,ES,POINT (-2.0842817955422825 39.63852799591042),39.0,https://simplemaps.com,ESCU,Cuenca
way/127787669-400,400,f,Substation,f,way/127787669,-0.2805055592536858,41.21730760131321,ES,POINT (-0.2805055592536859 41.21730760131321),13.0,https://simplemaps.com,ESTE,Teruel
way/128873801-220,220,f,Substation,f,way/128873801,-0.8745653373946484,37.74164597586905,ES,POINT (-0.8745653373946484 37.74164597586905),37.0,https://simplemaps.com,ESMU,Murcia
way/129441519-220,220,f,Substation,f,way/129441519,-1.188113198570843,37.94059508980623,ES,POINT (-1.188113198570843 37.94059508980623),37.0,https://simplemaps.com,ESMU,Murcia
way/129441519-400,400,f,Substation,f,way/129441519,-1.187906764555258,37.94081335941252,ES,POINT (-1.1879067645552581 37.94081335941252),37.0,https://simplemaps.com,ESMU,Murcia
way/129767234-220,220,f,Substation,f,way/129767234,0.2769235418699664,41.3680716843402,ES,POINT (0.2769235418699664 41.3680716843402),6.0,https://simplemaps.com,ESZ,Zaragoza
way/129767234-400,400,f,Substation,f,way/129767234,0.2771445568223352,41.368286290965074,ES,POINT (0.2771445568223352 41.368286290965074),6.0,https://simplemaps.com,ESZ,Zaragoza
way/1308518194-220,220,f,Substation,f,way/1308518194,-3.5519270418072626,40.59284714770696,ES,POINT (-3.5519270418072626 40.59284714770696),50.0,https://simplemaps.com,ESM,Madrid
way/1308895546-220,220,f,Substation,f,way/1308895546,-6.072884802332265,37.566368286983646,ES,POINT (-6.072884802332265 37.566368286983646),19.0,https://simplemaps.com,ESSE,Sevilla
way/1312242525-220,220,f,Substation,f,way/1312242525,-6.101228114383754,36.547867295280064,ES,POINT (-6.101228114383754 36.547867295280064),23.0,https://simplemaps.com,ESCA,Cádiz
way/131323212,250,t,Substation,f,way/131323212,2.506369933096324,39.53390099135345,ES,POINT (2.5063699330963236 39.53390099135345),48.0,https://simplemaps.com,ESPM,Baleares
way/1316657449-220,220,f,Substation,f,way/1316657449,-6.065380116469296,36.69763743751788,ES,POINT (-6.065380116469296 36.697637437517876),23.0,https://simplemaps.com,ESCA,Cádiz
way/1316855580-220,220,f,Substation,f,way/1316855580,-5.94491649958131,37.314639535839696,ES,POINT (-5.94491649958131 37.314639535839696),19.0,https://simplemaps.com,ESSE,Sevilla
way/1328740428-220,220,f,Substation,f,way/1328740428,-5.702751657273075,37.25439186970985,ES,POINT (-5.702751657273075 37.25439186970985),19.0,https://simplemaps.com,ESSE,Sevilla
way/134884956-400,400,f,Substation,f,way/134884956,-6.733544834486647,41.0172082567028,ES,POINT (-6.733544834486647 41.017208256702794),31.0,https://simplemaps.com,ESSA,Salamanca
way/135457230-400,400,f,Substation,f,way/135457230,-8.208092991766629,41.868188812881314,ES,POINT (-8.208092991766629 41.868188812881314),25.0,https://simplemaps.com,ESOR,Orense
way/138785995-220,220,f,Substation,f,way/138785995,-6.831135057567849,42.41697101612723,ES,POINT (-6.831135057567849 42.41697101612723),25.0,https://simplemaps.com,ESOR,Orense
way/139280545-220,220,f,Substation,f,way/139280545,2.744364956362673,39.60026674519458,ES,POINT (2.7443649563626735 39.60026674519458),48.0,https://simplemaps.com,ESPM,Baleares
way/139280769-220,220,f,Substation,f,way/139280769,3.039487563189547,39.67375423676344,ES,POINT (3.039487563189547 39.673754236763436),48.0,https://simplemaps.com,ESPM,Baleares
way/140011919-400,400,f,Substation,f,way/140011919,0.8790477667719331,40.97609134480337,ES,POINT (0.8790477667719331 40.97609134480337),12.0,https://simplemaps.com,EST,Tarragona
way/140743482-220,220,f,Substation,f,way/140743482,-7.768431907103642,42.62536977226805,ES,POINT (-7.768431907103642 42.62536977226805),29.0,https://simplemaps.com,ESLU,Lugo
way/140781473-220,220,f,Substation,f,way/140781473,-7.713507966758893,42.62637761517872,ES,POINT (-7.713507966758893 42.62637761517872),29.0,https://simplemaps.com,ESLU,Lugo
way/143044526-220,220,f,Substation,f,way/143044526,2.701702863520901,39.54738247053605,ES,POINT (2.7017028635209015 39.54738247053605),,,,
way/143207685-220,220,f,Substation,f,way/143207685,-0.7418724082235517,41.72160254676143,ES,POINT (-0.7418724082235517 41.72160254676143),6.0,https://simplemaps.com,ESZ,Zaragoza
way/143207685-400,400,f,Substation,f,way/143207685,-0.7416537624696634,41.721819281204375,ES,POINT (-0.7416537624696634 41.721819281204375),6.0,https://simplemaps.com,ESZ,Zaragoza
way/143207686-220,220,f,Substation,f,way/143207686,-0.8468446650680767,41.74218400162698,ES,POINT (-0.8468446650680767 41.74218400162698),6.0,https://simplemaps.com,ESZ,Zaragoza
way/143293789-220,220,f,Substation,f,way/143293789,3.1586676518835217,39.58203721783313,ES,POINT (3.1586676518835217 39.58203721783313),48.0,https://simplemaps.com,ESPM,Baleares
way/143483652-220,220,f,Substation,f,way/143483652,-8.113678063821851,42.2916234637938,ES,POINT (-8.113678063821851 42.2916234637938),25.0,https://simplemaps.com,ESOR,Orense
way/143483653-220,220,f,Substation,f,way/143483653,-8.26932775946293,42.26108921159967,ES,POINT (-8.26932775946293 42.26108921159967),25.0,https://simplemaps.com,ESOR,Orense
way/143483666-220,220,f,Substation,f,way/143483666,-8.05742366706939,42.25611757851288,ES,POINT (-8.05742366706939 42.25611757851288),25.0,https://simplemaps.com,ESOR,Orense
way/143483666-400,400,f,Substation,f,way/143483666,-8.05722975853296,42.25634860947658,ES,POINT (-8.05722975853296 42.25634860947658),25.0,https://simplemaps.com,ESOR,Orense
way/144116982-220,220,f,Substation,f,way/144116982,-4.7431661016409725,41.91545871754551,ES,POINT (-4.7431661016409725 41.915458717545505),45.0,https://simplemaps.com,ESP,Palencia
way/144116983-220,220,f,Substation,f,way/144116983,-4.789124776822151,41.85742136302959,ES,POINT (-4.789124776822151 41.85742136302959),45.0,https://simplemaps.com,ESP,Palencia
way/144138407-220,220,f,Substation,f,way/144138407,-4.679086483930032,41.64361449054584,ES,POINT (-4.679086483930032 41.64361449054584),33.0,https://simplemaps.com,ESVA,Valladolid
way/144138410-220,220,f,Substation,f,way/144138410,-4.812936979529758,41.638630606426936,ES,POINT (-4.812936979529758 41.638630606426936),33.0,https://simplemaps.com,ESVA,Valladolid
way/144138420-400,400,f,Substation,f,way/144138420,-4.72690575798965,41.3202293602993,ES,POINT (-4.72690575798965 41.3202293602993),33.0,https://simplemaps.com,ESVA,Valladolid
way/144156731-220,220,f,Substation,f,way/144156731,-7.848733469668658,42.35781046410836,ES,POINT (-7.848733469668658 42.35781046410836),25.0,https://simplemaps.com,ESOR,Orense
way/144233436-220,220,f,Substation,f,way/144233436,-8.193146977590409,42.15379445391893,ES,POINT (-8.193146977590409 42.153794453918934),25.0,https://simplemaps.com,ESOR,Orense
way/144297377-220,220,f,Substation,f,way/144297377,-8.643970006586581,42.58514607897323,ES,POINT (-8.643970006586581 42.58514607897323),27.0,https://simplemaps.com,ESPO,Pontevedra
way/144297421-220,220,f,Substation,f,way/144297421,-8.266295492756418,42.60724229152102,ES,POINT (-8.266295492756418 42.60724229152102),27.0,https://simplemaps.com,ESPO,Pontevedra
way/144297423-220,220,f,Substation,f,way/144297423,-8.2064853754997,42.54993175152333,ES,POINT (-8.2064853754997 42.54993175152333),27.0,https://simplemaps.com,ESPO,Pontevedra
way/144297424-220,220,f,Substation,f,way/144297424,-8.158878944112086,42.39771463110896,ES,POINT (-8.158878944112086 42.397714631108954),25.0,https://simplemaps.com,ESOR,Orense
way/144297426-220,220,f,Substation,f,way/144297426,-8.36742927532981,42.49011467442892,ES,POINT (-8.36742927532981 42.49011467442892),27.0,https://simplemaps.com,ESPO,Pontevedra
way/144297435-220,220,f,Substation,f,way/144297435,-8.158667775887091,42.74174907207106,ES,POINT (-8.158667775887091 42.74174907207106),27.0,https://simplemaps.com,ESPO,Pontevedra
way/144297438-220,220,f,Substation,f,way/144297438,-8.18969991824941,42.85368451490676,ES,POINT (-8.18969991824941 42.85368451490676),28.0,https://simplemaps.com,ESC,La Coruña
way/144306676-220,220,f,Substation,f,way/144306676,-8.845453576593286,42.83250390918805,ES,POINT (-8.845453576593286 42.83250390918805),28.0,https://simplemaps.com,ESC,La Coruña
way/144312477-220,220,f,Substation,f,way/144312477,-9.048322339712133,43.10131689741052,ES,POINT (-9.048322339712133 43.10131689741052),28.0,https://simplemaps.com,ESC,La Coruña
way/144312479-220,220,f,Substation,f,way/144312479,-9.030267556231696,42.89137583380583,ES,POINT (-9.030267556231696 42.89137583380583),28.0,https://simplemaps.com,ESC,La Coruña
way/144312481-220,220,f,Substation,f,way/144312481,-9.085258478627278,42.98213182233221,ES,POINT (-9.085258478627278 42.98213182233221),28.0,https://simplemaps.com,ESC,La Coruña
way/144313407-220,220,f,Substation,f,way/144313407,-6.273778948693206,41.9973238940156,ES,POINT (-6.273778948693206 41.9973238940156),26.0,https://simplemaps.com,ESZA,Zamora
way/144327151-220,220,f,Substation,f,way/144327151,-6.089221151873919,41.49093846815859,ES,POINT (-6.089221151873919 41.49093846815859),26.0,https://simplemaps.com,ESZA,Zamora
way/144327157-220,220,f,Substation,f,way/144327157,-6.487682370964176,41.255006187982765,ES,POINT (-6.487682370964176 41.255006187982765),31.0,https://simplemaps.com,ESSA,Salamanca
way/144327157-400,400,f,Substation,f,way/144327157,-6.487485198800892,41.2552344455949,ES,POINT (-6.487485198800892 41.2552344455949),31.0,https://simplemaps.com,ESSA,Salamanca
way/144385735-220,220,f,Substation,f,way/144385735,-6.353517962832667,41.38307764914641,ES,POINT (-6.353517962832667 41.38307764914641),26.0,https://simplemaps.com,ESZA,Zamora
way/144385776-220,220,f,Substation,f,way/144385776,-6.266424799178109,41.4885513709885,ES,POINT (-6.266424799178109 41.4885513709885),26.0,https://simplemaps.com,ESZA,Zamora
way/144487932-220,220,f,Substation,f,way/144487932,-5.820496843842776,36.67138695953354,ES,POINT (-5.8204968438427755 36.67138695953354),23.0,https://simplemaps.com,ESCA,Cádiz
way/144487932-400,400,f,Substation,f,way/144487932,-5.820307750758306,36.67161471207318,ES,POINT (-5.820307750758306 36.67161471207318),23.0,https://simplemaps.com,ESCA,Cádiz
way/144767090-220,220,f,Substation,f,way/144767090,-6.703228085517992,38.32027141969883,ES,POINT (-6.703228085517992 38.32027141969883),16.0,https://simplemaps.com,ESBA,Badajoz
way/144767090-400,400,f,Substation,f,way/144767090,-6.703038383092075,38.32050052253374,ES,POINT (-6.703038383092075 38.32050052253374),16.0,https://simplemaps.com,ESBA,Badajoz
way/144767096-400,400,f,Substation,f,way/144767096,-6.197887517607821,38.31705244389851,ES,POINT (-6.197887517607821 38.31705244389851),16.0,https://simplemaps.com,ESBA,Badajoz
way/144777809-220,220,f,Substation,f,way/144777809,-0.1780727342297016,39.92860732931517,ES,POINT (-0.1780727342297017 39.92860732931517),34.0,https://simplemaps.com,ESCS,Castellón
way/144778677-220,220,f,Substation,f,way/144778677,-6.800530331065128,38.71500527169301,ES,POINT (-6.8005303310651275 38.71500527169301),16.0,https://simplemaps.com,ESBA,Badajoz
way/144778695-220,220,f,Substation,f,way/144778695,-6.822624749842433,38.82248859229833,ES,POINT (-6.822624749842433 38.82248859229833),16.0,https://simplemaps.com,ESBA,Badajoz
way/144778698-220,220,f,Substation,f,way/144778698,-6.838193081515623,38.81250388857494,ES,POINT (-6.838193081515623 38.81250388857494),16.0,https://simplemaps.com,ESBA,Badajoz
way/144787749-220,220,f,Substation,f,way/144787749,-5.843563407583616,37.245082052257416,ES,POINT (-5.843563407583616 37.245082052257416),19.0,https://simplemaps.com,ESSE,Sevilla
way/144787749-400,400,f,Substation,f,way/144787749,-5.843373201674448,37.24530973489036,ES,POINT (-5.843373201674448 37.24530973489036),19.0,https://simplemaps.com,ESSE,Sevilla
way/144799209-220,220,f,Substation,f,way/144799209,-5.951903762125056,37.350163331286815,ES,POINT (-5.951903762125056 37.350163331286815),19.0,https://simplemaps.com,ESSE,Sevilla
way/144812118-220,220,f,Substation,f,way/144812118,-5.905888295119979,37.29831206099244,ES,POINT (-5.905888295119979 37.29831206099244),19.0,https://simplemaps.com,ESSE,Sevilla
way/144812135-220,220,f,Substation,f,way/144812135,-5.887541739057649,37.36171002431668,ES,POINT (-5.887541739057649 37.36171002431668),19.0,https://simplemaps.com,ESSE,Sevilla
way/144813618-220,220,f,Substation,f,way/144813618,-6.094489025901916,37.34443164950972,ES,POINT (-6.0944890259019155 37.344431649509715),19.0,https://simplemaps.com,ESSE,Sevilla
way/144827711-220,220,f,Substation,f,way/144827711,-6.266145899623573,37.44029306476157,ES,POINT (-6.266145899623573 37.44029306476157),19.0,https://simplemaps.com,ESSE,Sevilla
way/144909709-400,400,f,Substation,f,way/144909709,-1.4457397799047038,37.76564489711118,ES,POINT (-1.4457397799047038 37.76564489711118),37.0,https://simplemaps.com,ESMU,Murcia
way/144909722-400,400,f,Substation,f,way/144909722,-1.9080017073118385,36.97825134156294,ES,POINT (-1.9080017073118385 36.97825134156294),40.0,https://simplemaps.com,ESAL,Almería
way/144909723-400,400,f,Substation,f,way/144909723,-0.9610922997459732,37.6334104129202,ES,POINT (-0.9610922997459731 37.6334104129202),37.0,https://simplemaps.com,ESMU,Murcia
way/144915428-220,220,f,Substation,f,way/144915428,-0.9551003970930492,37.564144152146056,ES,POINT (-0.9551003970930492 37.564144152146056),,,,
way/144915428-400,400,f,Substation,f,way/144915428,-0.9548942107996248,37.564362006711775,ES,POINT (-0.9548942107996249 37.564362006711775),,,,
way/144915438-400,400,f,Substation,f,way/144915438,-0.9416108595117856,37.572775314445295,ES,POINT (-0.9416108595117856 37.572775314445295),37.0,https://simplemaps.com,ESMU,Murcia
way/144922719-220,220,f,Substation,f,way/144922719,-0.8150230048841381,37.8592270190704,ES,POINT (-0.8150230048841381 37.8592270190704),37.0,https://simplemaps.com,ESMU,Murcia
way/144926472-220,220,f,Substation,f,way/144926472,-0.7656891203267959,38.00030717959119,ES,POINT (-0.7656891203267959 38.00030717959119),36.0,https://simplemaps.com,ESA,Alicante
way/144926486-220,220,f,Substation,f,way/144926486,-0.7835600424945879,37.9072557316522,ES,POINT (-0.7835600424945879 37.9072557316522),36.0,https://simplemaps.com,ESA,Alicante
way/144931782-400,400,f,Substation,f,way/144931782,-1.007624952652554,39.04145258552305,ES,POINT (-1.007624952652554 39.04145258552305),35.0,https://simplemaps.com,ESV,Valencia
way/144933376-400,400,f,Substation,f,way/144933376,-0.9881537887339524,39.45941695626703,ES,POINT (-0.9881537887339523 39.45941695626703),35.0,https://simplemaps.com,ESV,Valencia
way/144940509-400,400,f,Substation,f,way/144940509,-0.9705731434335408,39.46595806534308,ES,POINT (-0.9705731434335408 39.46595806534308),35.0,https://simplemaps.com,ESV,Valencia
way/144941889-400,400,f,Substation,f,way/144941889,-1.7998145826214111,39.04346819927364,ES,POINT (-1.7998145826214111 39.04346819927364),38.0,https://simplemaps.com,ESAB,Albacete
way/144942113-400,400,f,Substation,f,way/144942113,-1.6020522946968947,38.76452741539865,ES,POINT (-1.6020522946968947 38.76452741539865),38.0,https://simplemaps.com,ESAB,Albacete
way/145171008-400,400,f,Substation,f,way/145171008,-1.565102396436206,39.52469918506601,ES,POINT (-1.5651023964362059 39.52469918506601),39.0,https://simplemaps.com,ESCU,Cuenca
way/145302700-220,220,f,Substation,f,way/145302700,0.5709544866698165,41.20436497751663,ES,POINT (0.5709544866698165 41.204364977516626),12.0,https://simplemaps.com,EST,Tarragona
way/145302700-400,400,f,Substation,f,way/145302700,0.571175973815466,41.20457897165632,ES,POINT (0.571175973815466 41.20457897165632),12.0,https://simplemaps.com,EST,Tarragona
way/145302702-220,220,f,Substation,f,way/145302702,0.430865641797612,41.24224004727194,ES,POINT (0.430865641797612 41.24224004727194),12.0,https://simplemaps.com,EST,Tarragona
way/145316518-220,220,f,Substation,f,way/145316518,0.6417123571543013,41.11843537557407,ES,POINT (0.6417123571543013 41.118435375574066),12.0,https://simplemaps.com,EST,Tarragona
way/145326592-220,220,f,Substation,f,way/145326592,0.1751507039907988,41.93375690242044,ES,POINT (0.1751507039907988 41.93375690242044),4.0,https://simplemaps.com,ESHU,Huesca
way/145330286-220,220,f,Substation,f,way/145330286,-1.2864587609325504,40.91466766271472,ES,POINT (-1.2864587609325504 40.91466766271472),13.0,https://simplemaps.com,ESTE,Teruel
way/145333039-220,220,f,Substation,f,way/145333039,-2.8858159143720528,40.34943601563037,ES,POINT (-2.8858159143720528 40.349436015630374),49.0,https://simplemaps.com,ESGU,Guadalajara
way/145337069-220,220,f,Substation,f,way/145337069,-2.707461574490619,42.85621825602406,ES,POINT (-2.707461574490619 42.85621825602406),8.0,https://simplemaps.com,ESVI,Álava
way/145337070-220,220,f,Substation,f,way/145337070,-2.6661996866291253,42.86917353725807,ES,POINT (-2.6661996866291253 42.86917353725807),8.0,https://simplemaps.com,ESVI,Álava
way/145456406-220,220,f,Substation,f,way/145456406,-4.8123243585829405,37.85804033045805,ES,POINT (-4.8123243585829405 37.85804033045805),22.0,https://simplemaps.com,ESCO,Córdoba
way/145456411-220,220,f,Substation,f,way/145456411,-4.7097760142731335,37.91694751166728,ES,POINT (-4.7097760142731335 37.91694751166728),22.0,https://simplemaps.com,ESCO,Córdoba
way/145461765-220,220,f,Substation,f,way/145461765,-4.193084436080344,38.04867670586037,ES,POINT (-4.193084436080344 38.04867670586037),42.0,https://simplemaps.com,ESJ,Jaén
way/145461765-400,400,f,Substation,f,way/145461765,-4.192887207867516,38.048901046873134,ES,POINT (-4.192887207867516 38.048901046873134),42.0,https://simplemaps.com,ESJ,Jaén
way/145466007-220,220,f,Substation,f,way/145466007,-4.124837784380367,38.64685025164232,ES,POINT (-4.124837784380367 38.64685025164232),21.0,https://simplemaps.com,ESCR,Ciudad Real
way/145466009-220,220,f,Substation,f,way/145466009,-3.987073224254536,38.657213382004166,ES,POINT (-3.987073224254536 38.657213382004166),21.0,https://simplemaps.com,ESCR,Ciudad Real
way/145478409-220,220,f,Substation,f,way/145478409,-3.996473754593228,38.04310853760609,ES,POINT (-3.9964737545932283 38.04310853760609),42.0,https://simplemaps.com,ESJ,Jaén
way/145599515-220,220,f,Substation,f,way/145599515,-3.962032305605736,38.94794869947418,ES,POINT (-3.962032305605736 38.94794869947418),21.0,https://simplemaps.com,ESCR,Ciudad Real
way/145618130-220,220,f,Substation,f,way/145618130,-6.141892713599374,40.18006156344389,ES,POINT (-6.141892713599374 40.18006156344389),17.0,https://simplemaps.com,ESCC,Cáceres
way/145618131-220,220,f,Substation,f,way/145618131,-6.133804088990574,40.219306523673225,ES,POINT (-6.133804088990574 40.219306523673225),17.0,https://simplemaps.com,ESCC,Cáceres
way/145821099-220,220,f,Substation,f,way/145821099,-0.8161393428590955,40.79624348304795,ES,POINT (-0.8161393428590955 40.79624348304795),13.0,https://simplemaps.com,ESTE,Teruel
way/145823171-220,220,f,Substation,f,way/145823171,-0.8271818133892187,40.77045157249788,ES,POINT (-0.8271818133892187 40.77045157249788),13.0,https://simplemaps.com,ESTE,Teruel
way/145823172-220,220,f,Substation,f,way/145823172,-0.8497322563828135,40.724054205610905,ES,POINT (-0.8497322563828135 40.724054205610905),13.0,https://simplemaps.com,ESTE,Teruel
way/145823172-400,400,f,Substation,f,way/145823172,-0.8495170162236705,40.72427130337011,ES,POINT (-0.8495170162236705 40.72427130337011),13.0,https://simplemaps.com,ESTE,Teruel
way/147559314-220,220,f,Substation,f,way/147559314,-6.421309484966882,42.54313304433966,ES,POINT (-6.421309484966882 42.54313304433966),30.0,https://simplemaps.com,ESLE,León
way/148347794-220,220,f,Substation,f,way/148347794,2.5493920935260257,39.58428958900909,ES,POINT (2.5493920935260257 39.58428958900909),48.0,https://simplemaps.com,ESPM,Baleares
way/148380950-220,220,f,Substation,f,way/148380950,-1.8114807217864268,43.33797235847691,ES,POINT (-1.8114807217864268 43.33797235847691),3.0,https://simplemaps.com,ESSS,Gipuzkoa
way/151490968-220,220,f,Substation,f,way/151490968,-6.039506226230152,37.42550091276537,ES,POINT (-6.039506226230152 37.42550091276537),19.0,https://simplemaps.com,ESSE,Sevilla
way/153232112-400,400,f,Substation,f,way/153232112,-1.931292244073336,39.71598744017541,ES,POINT (-1.9312922440733362 39.71598744017541),39.0,https://simplemaps.com,ESCU,Cuenca
way/156435509,250,t,Substation,f,way/156435509,-0.2354476169104305,39.64108480222209,ES,POINT (-0.2354476169104305 39.64108480222209),35.0,https://simplemaps.com,ESV,Valencia
way/158620489-220,220,f,Substation,f,way/158620489,2.099166270855544,41.47803877385185,ES,POINT (2.099166270855544 41.47803877385185),15.0,https://simplemaps.com,ESB,Barcelona
way/158904215-220,220,f,Substation,f,way/158904215,-8.440659177454613,43.34489790551463,ES,POINT (-8.440659177454613 43.34489790551463),28.0,https://simplemaps.com,ESC,La Coruña
way/158959475-220,220,f,Substation,f,way/158959475,-1.3137246831671776,41.78982809856984,ES,POINT (-1.3137246831671776 41.78982809856984),6.0,https://simplemaps.com,ESZ,Zaragoza
way/159930931-220,220,f,Substation,f,way/159930931,-3.215528114521967,42.776973522394734,ES,POINT (-3.215528114521967 42.776973522394734),10.0,https://simplemaps.com,ESBU,Burgos
way/159930931-400,400,f,Substation,f,way/159930931,-3.215314983610972,42.77719524168795,ES,POINT (-3.2153149836109716 42.77719524168795),10.0,https://simplemaps.com,ESBU,Burgos
way/164823726-220,220,f,Substation,f,way/164823726,-6.069877797970035,37.48176946114766,ES,POINT (-6.069877797970035 37.48176946114766),19.0,https://simplemaps.com,ESSE,Sevilla
way/165580300-220,220,f,Substation,f,way/165580300,2.027977989742187,41.32528389047814,ES,POINT (2.027977989742187 41.32528389047814),15.0,https://simplemaps.com,ESB,Barcelona
way/165580300-400,400,f,Substation,f,way/165580300,2.028204744750644,41.32549466874382,ES,POINT (2.028204744750644 41.32549466874382),15.0,https://simplemaps.com,ESB,Barcelona
way/168357739-400,400,f,Substation,f,way/168357739,-5.182471072581441,39.2913153989416,ES,POINT (-5.182471072581441 39.2913153989416),16.0,https://simplemaps.com,ESBA,Badajoz
way/168358225-400,400,f,Substation,f,way/168358225,-5.589676303191977,39.95042257493642,ES,POINT (-5.589676303191977 39.95042257493642),17.0,https://simplemaps.com,ESCC,Cáceres
way/169523046-220,220,f,Substation,f,way/169523046,1.1242565641193056,41.4047555012775,ES,POINT (1.1242565641193056 41.4047555012775),12.0,https://simplemaps.com,EST,Tarragona
way/169523046-400,400,f,Substation,f,way/169523046,1.1244805565990812,41.404968262649504,ES,POINT (1.1244805565990812 41.404968262649504),12.0,https://simplemaps.com,EST,Tarragona
way/169528510-220,220,f,Substation,f,way/169528510,1.581926698268063,41.25599651890584,ES,POINT (1.581926698268063 41.25599651890584),12.0,https://simplemaps.com,EST,Tarragona
way/169680270-220,220,f,Substation,f,way/169680270,1.291381761077398,41.283394399055126,ES,POINT (1.291381761077398 41.283394399055126),12.0,https://simplemaps.com,EST,Tarragona
way/169703139-220,220,f,Substation,f,way/169703139,0.4970777429485014,41.62870591815041,ES,POINT (0.4970777429485014 41.62870591815041),11.0,https://simplemaps.com,ESL,Lérida
way/169703140-220,220,f,Substation,f,way/169703140,0.4934980985596298,41.50018103094005,ES,POINT (0.4934980985596298 41.50018103094005),11.0,https://simplemaps.com,ESL,Lérida
way/169703141-220,220,f,Substation,f,way/169703141,0.6220815121834997,41.57752568739805,ES,POINT (0.6220815121834997 41.57752568739805),11.0,https://simplemaps.com,ESL,Lérida
way/169722563-220,220,f,Substation,f,way/169722563,1.1980048478369028,41.11404637584813,ES,POINT (1.1980048478369028 41.11404637584813),12.0,https://simplemaps.com,EST,Tarragona
way/169723926-220,220,f,Substation,f,way/169723926,1.2250875654667623,41.13538305739055,ES,POINT (1.2250875654667623 41.13538305739055),12.0,https://simplemaps.com,EST,Tarragona
way/169723928-220,220,f,Substation,f,way/169723928,1.163535737522868,41.11537628211079,ES,POINT (1.163535737522868 41.11537628211079),12.0,https://simplemaps.com,EST,Tarragona
way/169729505-220,220,f,Substation,f,way/169729505,2.695832425323654,41.97244353076054,ES,POINT (2.695832425323654 41.97244353076054),14.0,https://simplemaps.com,ESGI,Gerona
way/169729505-400,400,f,Substation,f,way/169729505,2.696063629843074,41.972652722861504,ES,POINT (2.696063629843074 41.972652722861504),14.0,https://simplemaps.com,ESGI,Gerona
way/169769013-220,220,f,Substation,f,way/169769013,2.172709345610591,41.54870630577037,ES,POINT (2.172709345610591 41.54870630577037),15.0,https://simplemaps.com,ESB,Barcelona
way/169867109-220,220,f,Substation,f,way/169867109,-0.3416654737616718,41.29652470059458,ES,POINT (-0.3416654737616718 41.29652470059458),6.0,https://simplemaps.com,ESZ,Zaragoza
way/169867109-400,400,f,Substation,f,way/169867109,-0.3414467808672257,41.29674064199519,ES,POINT (-0.3414467808672257 41.29674064199519),6.0,https://simplemaps.com,ESZ,Zaragoza
way/169867119-400,400,f,Substation,f,way/169867119,-0.2183628093757932,41.28002378222797,ES,POINT (-0.2183628093757932 41.28002378222797),6.0,https://simplemaps.com,ESZ,Zaragoza
way/169874396-220,220,f,Substation,f,way/169874396,2.212251564121128,41.80813646252636,ES,POINT (2.2122515641211282 41.808136462526356),15.0,https://simplemaps.com,ESB,Barcelona
way/169882238-220,220,f,Substation,f,way/169882238,1.5915133711923477,41.64850591927627,ES,POINT (1.5915133711923475 41.64850591927627),15.0,https://simplemaps.com,ESB,Barcelona
way/169882239-220,220,f,Substation,f,way/169882239,0.9725487457308052,42.24993336803689,ES,POINT (0.9725487457308053 42.24993336803689),11.0,https://simplemaps.com,ESL,Lérida
way/169883205-400,400,f,Substation,f,way/169883205,-7.552926743136071,43.58910369359623,ES,POINT (-7.552926743136071 43.58910369359623),29.0,https://simplemaps.com,ESLU,Lugo
way/169947613-220,220,f,Substation,f,way/169947613,0.2330274443835827,42.15338130834862,ES,POINT (0.2330274443835828 42.15338130834862),4.0,https://simplemaps.com,ESHU,Huesca
way/169993787-220,220,f,Substation,f,way/169993787,-4.691999456151014,37.92555574366236,ES,POINT (-4.691999456151014 37.92555574366236),22.0,https://simplemaps.com,ESCO,Córdoba
way/169995134-220,220,f,Substation,f,way/169995134,0.7564371024575081,42.5690543684433,ES,POINT (0.7564371024575081 42.569054368443304),4.0,https://simplemaps.com,ESHU,Huesca
way/169999915-220,220,f,Substation,f,way/169999915,-0.9767909571717256,41.33668029866313,ES,POINT (-0.9767909571717256 41.33668029866313),6.0,https://simplemaps.com,ESZ,Zaragoza
way/169999915-400,400,f,Substation,f,way/169999915,-0.9765743052774376,41.33689757891237,ES,POINT (-0.9765743052774377 41.336897578912364),6.0,https://simplemaps.com,ESZ,Zaragoza
way/170014037-400,400,f,Substation,f,way/170014037,-1.7057826566980316,41.32112316277755,ES,POINT (-1.7057826566980316 41.32112316277755),6.0,https://simplemaps.com,ESZ,Zaragoza
way/170090015-220,220,f,Substation,f,way/170090015,-4.428062814700422,38.56563517359213,ES,POINT (-4.428062814700422 38.56563517359213),21.0,https://simplemaps.com,ESCR,Ciudad Real
way/170138196-220,220,f,Substation,f,way/170138196,-1.9246888084934888,41.74615755734773,ES,POINT (-1.9246888084934886 41.74615755734773),9.0,https://simplemaps.com,ESSO,Soria
way/170138597-220,220,f,Substation,f,way/170138597,-1.692754346248287,41.86252605361072,ES,POINT (-1.692754346248287 41.862526053610715),6.0,https://simplemaps.com,ESZ,Zaragoza
way/170139950-220,220,f,Substation,f,way/170139950,-1.4089254448179829,41.694955677731706,ES,POINT (-1.4089254448179827 41.694955677731706),6.0,https://simplemaps.com,ESZ,Zaragoza
way/170140947-220,220,f,Substation,f,way/170140947,-1.1379230058617515,41.49298548784527,ES,POINT (-1.1379230058617515 41.49298548784527),6.0,https://simplemaps.com,ESZ,Zaragoza
way/170142091-220,220,f,Substation,f,way/170142091,-1.148772561684546,41.47347907927363,ES,POINT (-1.148772561684546 41.47347907927363),6.0,https://simplemaps.com,ESZ,Zaragoza
way/170156684-220,220,f,Substation,f,way/170156684,-1.1319814778750543,41.55094075262125,ES,POINT (-1.1319814778750543 41.550940752621244),6.0,https://simplemaps.com,ESZ,Zaragoza
way/170156685-220,220,f,Substation,f,way/170156685,-1.0137624707144852,41.505204804701286,ES,POINT (-1.0137624707144852 41.505204804701286),6.0,https://simplemaps.com,ESZ,Zaragoza
way/170162283-220,220,f,Substation,f,way/170162283,-0.8582578540824711,41.57192449003357,ES,POINT (-0.8582578540824711 41.57192449003357),6.0,https://simplemaps.com,ESZ,Zaragoza
way/170267594-220,220,f,Substation,f,way/170267594,-0.6790008580545394,41.543066948512816,ES,POINT (-0.6790008580545394 41.543066948512816),6.0,https://simplemaps.com,ESZ,Zaragoza
way/170272140-400,400,f,Substation,f,way/170272140,-2.98355013107205,40.74816725951927,ES,POINT (-2.98355013107205 40.74816725951927),49.0,https://simplemaps.com,ESGU,Guadalajara
way/170371019-220,220,f,Substation,f,way/170371019,-3.739942556076978,40.25354289573428,ES,POINT (-3.739942556076978 40.25354289573428),50.0,https://simplemaps.com,ESM,Madrid
way/170372283-220,220,f,Substation,f,way/170372283,-4.269231320345249,39.999398910256126,ES,POINT (-4.269231320345249 39.999398910256126),20.0,https://simplemaps.com,ESTO,Toledo
way/170395478-220,220,f,Substation,f,way/170395478,-5.703609618051517,39.97533430677293,ES,POINT (-5.703609618051517 39.97533430677293),17.0,https://simplemaps.com,ESCC,Cáceres
way/170424446-400,400,f,Substation,f,way/170424446,-7.2413770690762815,37.54821856846546,ES,POINT (-7.2413770690762815 37.54821856846546),18.0,https://simplemaps.com,ESH,Huelva
way/170424447-220,220,f,Substation,f,way/170424447,-6.097632999820094,37.63638476397022,ES,POINT (-6.097632999820094 37.63638476397022),19.0,https://simplemaps.com,ESSE,Sevilla
way/170424447-400,400,f,Substation,f,way/170424447,-6.097442780543074,37.63661285361392,ES,POINT (-6.097442780543074 37.63661285361392),19.0,https://simplemaps.com,ESSE,Sevilla
way/170424455-220,220,f,Substation,f,way/170424455,-6.883024191483505,37.18463644624741,ES,POINT (-6.883024191483505 37.18463644624741),18.0,https://simplemaps.com,ESH,Huelva
way/170424455-400,400,f,Substation,f,way/170424455,-6.882837407531264,37.18486609355513,ES,POINT (-6.882837407531264 37.18486609355513),18.0,https://simplemaps.com,ESH,Huelva
way/170433597-220,220,f,Substation,f,way/170433597,-6.925404123444627,37.29981030151056,ES,POINT (-6.925404123444627 37.299810301510554),18.0,https://simplemaps.com,ESH,Huelva
way/170433606-220,220,f,Substation,f,way/170433606,-6.9436849778078,37.21670826559022,ES,POINT (-6.9436849778078 37.21670826559022),,,,
way/170433617-220,220,f,Substation,f,way/170433617,-6.864795308672019,37.30479173948702,ES,POINT (-6.864795308672019 37.30479173948702),18.0,https://simplemaps.com,ESH,Huelva
way/170479580-400,400,f,Substation,f,way/170479580,-4.165263785932273,40.93994505857389,ES,POINT (-4.165263785932273 40.93994505857389),51.0,https://simplemaps.com,ESSG,Segovia
way/170485452-220,220,f,Substation,f,way/170485452,-2.9393131764151152,40.05892144186539,ES,POINT (-2.9393131764151152 40.05892144186539),39.0,https://simplemaps.com,ESCU,Cuenca
way/170485453-400,400,f,Substation,f,way/170485453,-3.5666915791900107,40.5498926554575,ES,POINT (-3.5666915791900107 40.5498926554575),50.0,https://simplemaps.com,ESM,Madrid
way/170510440-220,220,f,Substation,f,way/170510440,-4.911379193211559,41.3270417134229,ES,POINT (-4.911379193211559 41.3270417134229),33.0,https://simplemaps.com,ESVA,Valladolid
way/170511092-220,220,f,Substation,f,way/170511092,-5.013319801044355,41.506690035538426,ES,POINT (-5.013319801044355 41.506690035538426),33.0,https://simplemaps.com,ESVA,Valladolid
way/170511092-400,400,f,Substation,f,way/170511092,-5.013116734526011,41.50691545146927,ES,POINT (-5.013116734526011 41.50691545146927),33.0,https://simplemaps.com,ESVA,Valladolid
way/170519401-220,220,f,Substation,f,way/170519401,-5.735641321731672,41.53572200176384,ES,POINT (-5.735641321731672 41.535722001763844),26.0,https://simplemaps.com,ESZA,Zamora
way/170607798-220,220,f,Substation,f,way/170607798,-3.820340205106158,40.13208812401591,ES,POINT (-3.820340205106158 40.13208812401591),20.0,https://simplemaps.com,ESTO,Toledo
way/170607800-220,220,f,Substation,f,way/170607800,-3.837916055707942,39.9807020222114,ES,POINT (-3.837916055707942 39.9807020222114),20.0,https://simplemaps.com,ESTO,Toledo
way/170671537-220,220,f,Substation,f,way/170671537,-3.857967177293975,39.94199658124937,ES,POINT (-3.857967177293975 39.94199658124937),20.0,https://simplemaps.com,ESTO,Toledo
way/170779407-220,220,f,Substation,f,way/170779407,-3.5808089234445983,39.48433899675046,ES,POINT (-3.5808089234445983 39.48433899675046),20.0,https://simplemaps.com,ESTO,Toledo
way/170779408-220,220,f,Substation,f,way/170779408,-3.3750061437852388,39.02083566039225,ES,POINT (-3.3750061437852388 39.02083566039225),21.0,https://simplemaps.com,ESCR,Ciudad Real
way/170946426-220,220,f,Substation,f,way/170946426,-3.7262164283496886,37.26773000941097,ES,POINT (-3.7262164283496886 37.26773000941097),41.0,https://simplemaps.com,ESGR,Granada
way/170946426-400,400,f,Substation,f,way/170946426,-3.726019527774908,37.26795357479999,ES,POINT (-3.726019527774908 37.26795357479999),41.0,https://simplemaps.com,ESGR,Granada
way/170954487-400,400,f,Substation,f,way/170954487,-4.494324414283828,37.45710325842904,ES,POINT (-4.494324414283828 37.457103258429036),22.0,https://simplemaps.com,ESCO,Córdoba
way/170968145-220,220,f,Substation,f,way/170968145,-4.605213573543524,36.75077703144254,ES,POINT (-4.605213573543524 36.75077703144254),24.0,https://simplemaps.com,ESMA,Málaga
way/170968145-400,400,f,Substation,f,way/170968145,-4.605020545844632,36.751002428537234,ES,POINT (-4.605020545844632 36.751002428537234),24.0,https://simplemaps.com,ESMA,Málaga
way/170968150-220,220,f,Substation,f,way/170968150,-4.472683413764216,36.72874722200457,ES,POINT (-4.472683413764216 36.72874722200457),24.0,https://simplemaps.com,ESMA,Málaga
way/171071300-220,220,f,Substation,f,way/171071300,-3.6971827772852577,37.225145631856414,ES,POINT (-3.6971827772852577 37.225145631856414),41.0,https://simplemaps.com,ESGR,Granada
way/171106850-220,220,f,Substation,f,way/171106850,-4.574984832142732,36.6558090231896,ES,POINT (-4.574984832142732 36.6558090231896),24.0,https://simplemaps.com,ESMA,Málaga
way/171113534-220,220,f,Substation,f,way/171113534,-4.859519205301937,36.5230653070911,ES,POINT (-4.859519205301937 36.5230653070911),24.0,https://simplemaps.com,ESMA,Málaga
way/171251565-400,400,f,Substation,f,way/171251565,-0.9461439198346144,38.14724715069787,ES,POINT (-0.9461439198346145 38.14724715069787),36.0,https://simplemaps.com,ESA,Alicante
way/171256169-220,220,f,Substation,f,way/171256169,-0.7227373518899051,38.71888223538655,ES,POINT (-0.7227373518899051 38.718882235386545),36.0,https://simplemaps.com,ESA,Alicante
way/171256169-400,400,f,Substation,f,way/171256169,-0.7225273958372208,38.71909938712275,ES,POINT (-0.7225273958372208 38.71909938712275),36.0,https://simplemaps.com,ESA,Alicante
way/171274139-220,220,f,Substation,f,way/171274139,-0.6202873104394826,38.2993021593751,ES,POINT (-0.6202873104394826 38.2993021593751),36.0,https://simplemaps.com,ESA,Alicante
way/171277174-220,220,f,Substation,f,way/171277174,-0.6361633003717889,38.26454774241587,ES,POINT (-0.6361633003717889 38.26454774241587),36.0,https://simplemaps.com,ESA,Alicante
way/171277691-220,220,f,Substation,f,way/171277691,-0.7367993073262712,38.05627586896748,ES,POINT (-0.7367993073262712 38.056275868967475),36.0,https://simplemaps.com,ESA,Alicante
way/171419971-220,220,f,Substation,f,way/171419971,-0.4773231728444504,38.49206266668212,ES,POINT (-0.4773231728444504 38.49206266668212),36.0,https://simplemaps.com,ESA,Alicante
way/171419975-220,220,f,Substation,f,way/171419975,-0.4205243386599051,38.42449403166281,ES,POINT (-0.4205243386599051 38.42449403166281),36.0,https://simplemaps.com,ESA,Alicante
way/171433651-220,220,f,Substation,f,way/171433651,-0.5211827750117713,39.06128226317741,ES,POINT (-0.5211827750117713 39.06128226317741),35.0,https://simplemaps.com,ESV,Valencia
way/171442816-220,220,f,Substation,f,way/171442816,-0.4452373264164448,39.39768932857202,ES,POINT (-0.4452373264164449 39.39768932857202),35.0,https://simplemaps.com,ESV,Valencia
way/171537720-220,220,f,Substation,f,way/171537720,-0.5192782530325621,38.32872848831992,ES,POINT (-0.5192782530325621 38.32872848831992),36.0,https://simplemaps.com,ESA,Alicante
way/171549323-220,220,f,Substation,f,way/171549323,-0.7821313824340979,38.43891498996917,ES,POINT (-0.7821313824340979 38.43891498996917),36.0,https://simplemaps.com,ESA,Alicante
way/171556372-220,220,f,Substation,f,way/171556372,-0.4144029939960087,39.1329942601329,ES,POINT (-0.4144029939960087 39.132994260132904),35.0,https://simplemaps.com,ESV,Valencia
way/171557472-220,220,f,Substation,f,way/171557472,-3.801222116239234,37.79913654640442,ES,POINT (-3.801222116239234 37.79913654640442),42.0,https://simplemaps.com,ESJ,Jaén
way/171558297-220,220,f,Substation,f,way/171558297,-3.872243728407717,39.34069241077961,ES,POINT (-3.8722437284077174 39.34069241077961),20.0,https://simplemaps.com,ESTO,Toledo
way/171560231-220,220,f,Substation,f,way/171560231,-4.092817528583746,39.266891237780506,ES,POINT (-4.092817528583746 39.266891237780506),21.0,https://simplemaps.com,ESCR,Ciudad Real
way/171560239-220,220,f,Substation,f,way/171560239,-4.107882599863508,39.020891549432,ES,POINT (-4.107882599863508 39.020891549432),21.0,https://simplemaps.com,ESCR,Ciudad Real
way/172454609-220,220,f,Substation,f,way/172454609,-8.501105281712864,43.32920704693369,ES,POINT (-8.501105281712864 43.32920704693369),28.0,https://simplemaps.com,ESC,La Coruña
way/172872714-220,220,f,Substation,f,way/172872714,-1.1867679812688827,41.74860859253573,ES,POINT (-1.1867679812688827 41.748608592535724),6.0,https://simplemaps.com,ESZ,Zaragoza
way/173190939-220,220,f,Substation,f,way/173190939,-8.43949095524388,43.17017464264176,ES,POINT (-8.43949095524388 43.170174642641754),28.0,https://simplemaps.com,ESC,La Coruña
way/173191596-220,220,f,Substation,f,way/173191596,-8.40950063176297,43.16909067356774,ES,POINT (-8.40950063176297 43.16909067356774),28.0,https://simplemaps.com,ESC,La Coruña
way/178294745-220,220,f,Substation,f,way/178294745,2.282163272325909,41.95694797286944,ES,POINT (2.282163272325909 41.95694797286944),15.0,https://simplemaps.com,ESB,Barcelona
way/178294745-400,400,f,Substation,f,way/178294745,2.2823930258085707,41.95715809605537,ES,POINT (2.2823930258085707 41.95715809605537),15.0,https://simplemaps.com,ESB,Barcelona
way/179492338-220,220,f,Substation,f,way/179492338,0.8280047592886169,41.5306409965751,ES,POINT (0.8280047592886169 41.5306409965751),11.0,https://simplemaps.com,ESL,Lérida
way/180545587-220,220,f,Substation,f,way/180545587,2.079579437578167,41.39241736669639,ES,POINT (2.079579437578167 41.39241736669639),15.0,https://simplemaps.com,ESB,Barcelona
way/181621073-220,220,f,Substation,f,way/181621073,-2.921504448316925,42.69576778447118,ES,POINT (-2.9215044483169255 42.69576778447118),10.0,https://simplemaps.com,ESBU,Burgos
way/181651949-220,220,f,Substation,f,way/181651949,-2.756564633188235,39.98460096878362,ES,POINT (-2.756564633188235 39.984600968783624),39.0,https://simplemaps.com,ESCU,Cuenca
way/181652542-400,400,f,Substation,f,way/181652542,-2.3228347529878235,40.03031965713048,ES,POINT (-2.3228347529878235 40.03031965713048),39.0,https://simplemaps.com,ESCU,Cuenca
way/181664117-220,220,f,Substation,f,way/181664117,-5.759155696551979,37.55703494159128,ES,POINT (-5.759155696551979 37.557034941591276),19.0,https://simplemaps.com,ESSE,Sevilla
way/181664117-400,400,f,Substation,f,way/181664117,-5.758964563433321,37.557262404168384,ES,POINT (-5.758964563433321 37.557262404168384),19.0,https://simplemaps.com,ESSE,Sevilla
way/181677165-220,220,f,Substation,f,way/181677165,-5.415741469933591,36.21169353112119,ES,POINT (-5.415741469933591 36.211693531121185),23.0,https://simplemaps.com,ESCA,Cádiz
way/181906370-220,220,f,Substation,f,way/181906370,-1.6675270770912511,42.097320721376455,ES,POINT (-1.6675270770912511 42.097320721376455),2.0,https://simplemaps.com,ESNA,Navarra
way/181906370-400,400,f,Substation,f,way/181906370,-1.6673104890513435,42.09753934942476,ES,POINT (-1.6673104890513437 42.09753934942476),2.0,https://simplemaps.com,ESNA,Navarra
way/181912569-220,220,f,Substation,f,way/181912569,-1.6546789777192177,42.66940056566765,ES,POINT (-1.6546789777192177 42.66940056566765),2.0,https://simplemaps.com,ESNA,Navarra
way/181912569-400,400,f,Substation,f,way/181912569,-1.6544605544051338,42.66961910135248,ES,POINT (-1.6544605544051338 42.669619101352474),2.0,https://simplemaps.com,ESNA,Navarra
way/181917947-220,220,f,Substation,f,way/181917947,-1.6796729497011549,42.41317802533546,ES,POINT (-1.6796729497011549 42.41317802533546),2.0,https://simplemaps.com,ESNA,Navarra
way/182253927-220,220,f,Substation,f,way/182253927,-5.247321909185856,37.64351725772769,ES,POINT (-5.247321909185856 37.64351725772769),22.0,https://simplemaps.com,ESCO,Córdoba
way/182253930-220,220,f,Substation,f,way/182253930,-5.164222012255937,37.52759566305647,ES,POINT (-5.164222012255937 37.52759566305647),19.0,https://simplemaps.com,ESSE,Sevilla
way/182260861-220,220,f,Substation,f,way/182260861,-6.301035468146432,36.67063593539827,ES,POINT (-6.301035468146432 36.67063593539827),23.0,https://simplemaps.com,ESCA,Cádiz
way/182261552-220,220,f,Substation,f,way/182261552,-6.045311613601969,37.00280531814137,ES,POINT (-6.045311613601969 37.00280531814137),19.0,https://simplemaps.com,ESSE,Sevilla
way/187189721-220,220,f,Substation,f,way/187189721,-7.17417139445469,42.167732225571136,ES,POINT (-7.17417139445469 42.167732225571136),25.0,https://simplemaps.com,ESOR,Orense
way/187380300-220,220,f,Substation,f,way/187380300,-5.2200509234383325,36.40547894660284,ES,POINT (-5.2200509234383325 36.40547894660284),24.0,https://simplemaps.com,ESMA,Málaga
way/187392726-220,220,f,Substation,f,way/187392726,-6.62381162831608,42.061563335031245,ES,POINT (-6.62381162831608 42.061563335031245),26.0,https://simplemaps.com,ESZA,Zamora
way/187645709-400,400,f,Substation,f,way/187645709,-7.860550737780715,43.43942082415271,ES,POINT (-7.860550737780715 43.439420824152705),28.0,https://simplemaps.com,ESC,La Coruña
way/187830917-220,220,f,Substation,f,way/187830917,-3.670644725580112,37.14569487019391,ES,POINT (-3.6706447255801122 37.14569487019391),41.0,https://simplemaps.com,ESGR,Granada
way/189184531-400,400,f,Substation,f,way/189184531,-6.302004369812096,43.36630828276314,ES,POINT (-6.302004369812096 43.36630828276314),43.0,https://simplemaps.com,ESO,Asturias
way/189184555-400,400,f,Substation,f,way/189184555,-6.865859000829215,43.24301420542211,ES,POINT (-6.865859000829215 43.24301420542211),43.0,https://simplemaps.com,ESO,Asturias
way/189184557-400,400,f,Substation,f,way/189184557,-6.395424327721172,43.291581644254165,ES,POINT (-6.395424327721172 43.291581644254165),43.0,https://simplemaps.com,ESO,Asturias
way/189577215-400,400,f,Substation,f,way/189577215,-5.633999984777948,42.79423217941415,ES,POINT (-5.633999984777948 42.79423217941415),30.0,https://simplemaps.com,ESLE,León
way/190058570-400,400,f,Substation,f,way/190058570,-5.697867885148567,43.30536988376503,ES,POINT (-5.6978678851485665 43.30536988376503),43.0,https://simplemaps.com,ESO,Asturias
way/190098039-220,220,f,Substation,f,way/190098039,-5.757149399624898,43.37942828888588,ES,POINT (-5.757149399624898 43.37942828888588),43.0,https://simplemaps.com,ESO,Asturias
way/190110739-220,220,f,Substation,f,way/190110739,-5.898183804758818,43.57450924200011,ES,POINT (-5.898183804758818 43.57450924200011),43.0,https://simplemaps.com,ESO,Asturias
way/190110739-400,400,f,Substation,f,way/190110739,-5.897978306180818,43.57473613864022,ES,POINT (-5.897978306180818 43.57473613864022),43.0,https://simplemaps.com,ESO,Asturias
way/190236352-400,400,f,Substation,f,way/190236352,-2.5012442442254708,41.4366338928409,ES,POINT (-2.5012442442254708 41.4366338928409),9.0,https://simplemaps.com,ESSO,Soria
way/190249315-220,220,f,Substation,f,way/190249315,1.446018309487516,41.679661712953454,ES,POINT (1.4460183094875159 41.679661712953454),15.0,https://simplemaps.com,ESB,Barcelona
way/190249507-220,220,f,Substation,f,way/190249507,1.6671561337904024,41.57703812719343,ES,POINT (1.6671561337904024 41.577038127193426),15.0,https://simplemaps.com,ESB,Barcelona
way/190289516-220,220,f,Substation,f,way/190289516,0.1968993216821448,42.542604770433655,ES,POINT (0.1968993216821449 42.542604770433655),4.0,https://simplemaps.com,ESHU,Huesca
way/190289523-220,220,f,Substation,f,way/190289523,0.1447598504084112,42.46981229489716,ES,POINT (0.1447598504084112 42.46981229489716),4.0,https://simplemaps.com,ESHU,Huesca
way/190907238-220,220,f,Substation,f,way/190907238,-4.822408387653402,40.0027536728691,ES,POINT (-4.822408387653402 40.0027536728691),20.0,https://simplemaps.com,ESTO,Toledo
way/191053032-220,220,f,Substation,f,way/191053032,-5.784501473610402,36.49690241702884,ES,POINT (-5.784501473610402 36.496902417028835),23.0,https://simplemaps.com,ESCA,Cádiz
way/191095881-220,220,f,Substation,f,way/191095881,-5.987738466385821,41.52780334628913,ES,POINT (-5.987738466385821 41.52780334628913),26.0,https://simplemaps.com,ESZA,Zamora
way/191210664-220,220,f,Substation,f,way/191210664,-5.83153522841862,36.52583856821034,ES,POINT (-5.83153522841862 36.52583856821034),23.0,https://simplemaps.com,ESCA,Cádiz
way/191480803-400,400,f,Substation,f,way/191480803,-6.5329934751049406,42.83724535266949,ES,POINT (-6.5329934751049406 42.83724535266949),30.0,https://simplemaps.com,ESLE,León
way/191485195-220,220,f,Substation,f,way/191485195,-6.566136917288619,42.61392778441411,ES,POINT (-6.566136917288619 42.61392778441411),30.0,https://simplemaps.com,ESLE,León
way/191485195-400,400,f,Substation,f,way/191485195,-6.56593655984069,42.61415603314303,ES,POINT (-6.56593655984069 42.614156033143026),30.0,https://simplemaps.com,ESLE,León
way/194101137-220,220,f,Substation,f,way/194101137,-3.687406917286866,42.19544653952089,ES,POINT (-3.687406917286866 42.19544653952089),10.0,https://simplemaps.com,ESBU,Burgos
way/194341129-220,220,f,Substation,f,way/194341129,-6.754209046230774,42.12321672596801,ES,POINT (-6.754209046230774 42.12321672596801),26.0,https://simplemaps.com,ESZA,Zamora
way/194360413-220,220,f,Substation,f,way/194360413,-4.160360457386783,42.879581428355095,ES,POINT (-4.160360457386783 42.879581428355095),44.0,https://simplemaps.com,ESS,Cantabria
way/194370719-220,220,f,Substation,f,way/194370719,-5.726717537939385,43.52039061840929,ES,POINT (-5.726717537939385 43.52039061840929),43.0,https://simplemaps.com,ESO,Asturias
way/194699926-220,220,f,Substation,f,way/194699926,-5.83850085377576,43.02689469999577,ES,POINT (-5.83850085377576 43.02689469999577),43.0,https://simplemaps.com,ESO,Asturias
way/194699929-220,220,f,Substation,f,way/194699929,-6.512965068979053,42.670065014934174,ES,POINT (-6.512965068979053 42.670065014934174),30.0,https://simplemaps.com,ESLE,León
way/194701798-220,220,f,Substation,f,way/194701798,-5.038138514530208,41.72829697784072,ES,POINT (-5.038138514530208 41.728296977840714),33.0,https://simplemaps.com,ESVA,Valladolid
way/196076112-220,220,f,Substation,f,way/196076112,1.2593874640056448,42.6461343740273,ES,POINT (1.2593874640056448 42.6461343740273),11.0,https://simplemaps.com,ESL,Lérida
way/196202210-220,220,f,Substation,f,way/196202210,-2.242172986650839,43.04341869657072,ES,POINT (-2.242172986650839 43.04341869657072),3.0,https://simplemaps.com,ESSS,Gipuzkoa
way/196202213-220,220,f,Substation,f,way/196202213,-2.272961335343819,43.0606285775231,ES,POINT (-2.272961335343819 43.0606285775231),3.0,https://simplemaps.com,ESSS,Gipuzkoa
way/196202213-400,400,f,Substation,f,way/196202213,-2.272743900962132,43.06084834970704,ES,POINT (-2.272743900962132 43.06084834970704),3.0,https://simplemaps.com,ESSS,Gipuzkoa
way/196202222-220,220,f,Substation,f,way/196202222,-2.2234937561815493,43.03914888263783,ES,POINT (-2.2234937561815493 43.039148882637825),3.0,https://simplemaps.com,ESSS,Gipuzkoa
way/196207063-220,220,f,Substation,f,way/196207063,-1.9686357143264024,43.25972337596844,ES,POINT (-1.9686357143264024 43.25972337596844),3.0,https://simplemaps.com,ESSS,Gipuzkoa
way/196207063-400,400,f,Substation,f,way/196207063,-1.968416535055186,43.25994250076825,ES,POINT (-1.968416535055186 43.25994250076825),3.0,https://simplemaps.com,ESSS,Gipuzkoa
way/196207064-400,400,f,Substation,f,way/196207064,-2.252283952175828,43.21226110736611,ES,POINT (-2.2522839521758278 43.21226110736611),3.0,https://simplemaps.com,ESSS,Gipuzkoa
way/196215046-220,220,f,Substation,f,way/196215046,-2.8807357101589783,43.34958924773773,ES,POINT (-2.8807357101589783 43.34958924773773),5.0,https://simplemaps.com,ESBI,Bizkaia
way/196215046-400,400,f,Substation,f,way/196215046,-2.880519588414829,43.34981023252494,ES,POINT (-2.880519588414829 43.34981023252494),5.0,https://simplemaps.com,ESBI,Bizkaia
way/196371124-220,220,f,Substation,f,way/196371124,-3.011290988264681,43.08414850406735,ES,POINT (-3.0112909882646806 43.08414850406735),8.0,https://simplemaps.com,ESVI,Álava
way/196371643-220,220,f,Substation,f,way/196371643,-3.001349276633606,43.03263106399783,ES,POINT (-3.001349276633606 43.032631063997826),8.0,https://simplemaps.com,ESVI,Álava
way/196371646-220,220,f,Substation,f,way/196371646,-2.994185508384738,43.0773791773071,ES,POINT (-2.9941855083847386 43.0773791773071),8.0,https://simplemaps.com,ESVI,Álava
way/196380396-220,220,f,Substation,f,way/196380396,-3.001768236557836,43.30462333415438,ES,POINT (-3.0017682365578358 43.30462333415438),5.0,https://simplemaps.com,ESBI,Bizkaia
way/196478732-220,220,f,Substation,f,way/196478732,-2.9819801420417407,43.24704930554579,ES,POINT (-2.9819801420417407 43.24704930554579),5.0,https://simplemaps.com,ESBI,Bizkaia
way/196483351-220,220,f,Substation,f,way/196483351,-2.5962653789989822,43.13887017331685,ES,POINT (-2.5962653789989822 43.13887017331685),5.0,https://simplemaps.com,ESBI,Bizkaia
way/196484246-220,220,f,Substation,f,way/196484246,-2.4286457482931043,43.0970357428336,ES,POINT (-2.4286457482931043 43.0970357428336),3.0,https://simplemaps.com,ESSS,Gipuzkoa
way/196484252-220,220,f,Substation,f,way/196484252,-2.3211037727198622,43.08027153322019,ES,POINT (-2.3211037727198622 43.08027153322019),3.0,https://simplemaps.com,ESSS,Gipuzkoa
way/196522660-220,220,f,Substation,f,way/196522660,-2.746602700952966,42.83620104507566,ES,POINT (-2.746602700952966 42.83620104507566),8.0,https://simplemaps.com,ESVI,Álava
way/196526411-220,220,f,Substation,f,way/196526411,-2.885075123768392,42.56832009186461,ES,POINT (-2.885075123768392 42.568320091864614),7.0,https://simplemaps.com,ESLO,La Rioja
way/196533207-220,220,f,Substation,f,way/196533207,-2.382005694727712,42.60166662116287,ES,POINT (-2.3820056947277117 42.60166662116287),2.0,https://simplemaps.com,ESNA,Navarra
way/196533213-220,220,f,Substation,f,way/196533213,-2.584782919387582,42.50773009282436,ES,POINT (-2.5847829193875826 42.50773009282436),7.0,https://simplemaps.com,ESLO,La Rioja
way/196544701-220,220,f,Substation,f,way/196544701,-0.7737460592448915,42.03796042940328,ES,POINT (-0.7737460592448915 42.037960429403284),4.0,https://simplemaps.com,ESHU,Huesca
way/196634589-220,220,f,Substation,f,way/196634589,1.1229706410956124,41.47401431309857,ES,POINT (1.1229706410956124 41.47401431309857),11.0,https://simplemaps.com,ESL,Lérida
way/200253359-400,400,f,Substation,f,way/200253359,1.7192774775037607,41.25505733352672,ES,POINT (1.7192774775037607 41.25505733352672),15.0,https://simplemaps.com,ESB,Barcelona
way/202891403-220,220,f,Substation,f,way/202891403,-3.0311169110021066,43.21872480485869,ES,POINT (-3.0311169110021066 43.21872480485869),5.0,https://simplemaps.com,ESBI,Bizkaia
way/202891403-400,400,f,Substation,f,way/202891403,-3.0309017519189,43.21894610708544,ES,POINT (-3.0309017519188997 43.21894610708544),5.0,https://simplemaps.com,ESBI,Bizkaia
way/203623276-220,220,f,Substation,f,way/203623276,-2.246878096292946,41.963087857705965,ES,POINT (-2.246878096292946 41.963087857705965),9.0,https://simplemaps.com,ESSO,Soria
way/205141906-220,220,f,Substation,f,way/205141906,-2.894976250728704,43.2207975652827,ES,POINT (-2.8949762507287042 43.2207975652827),5.0,https://simplemaps.com,ESBI,Bizkaia
way/207915691-220,220,f,Substation,f,way/207915691,1.3602990490949676,41.55435112548724,ES,POINT (1.3602990490949676 41.55435112548724),12.0,https://simplemaps.com,EST,Tarragona
way/209332566-220,220,f,Substation,f,way/209332566,2.1054214036275165,41.37700792361854,ES,POINT (2.1054214036275165 41.37700792361854),15.0,https://simplemaps.com,ESB,Barcelona
way/210411778-220,220,f,Substation,f,way/210411778,1.2015862092191076,41.49646402082115,ES,POINT (1.2015862092191076 41.49646402082115),12.0,https://simplemaps.com,EST,Tarragona
way/215806463-220,220,f,Substation,f,way/215806463,-3.421259200358156,36.89485361494648,ES,POINT (-3.421259200358156 36.894853614946484),41.0,https://simplemaps.com,ESGR,Granada
way/217745445-400,400,f,Substation,f,way/217745445,-5.994729950268404,43.38871952471196,ES,POINT (-5.994729950268404 43.38871952471196),43.0,https://simplemaps.com,ESO,Asturias
way/217979941-220,220,f,Substation,f,way/217979941,0.4713765383513336,41.18845264973313,ES,POINT (0.4713765383513336 41.18845264973313),12.0,https://simplemaps.com,EST,Tarragona
way/218432502-220,220,f,Substation,f,way/218432502,-3.8021382431814015,39.68054788503171,ES,POINT (-3.8021382431814024 39.68054788503171),20.0,https://simplemaps.com,ESTO,Toledo
way/219408050-220,220,f,Substation,f,way/219408050,-6.061378563049451,41.77735342229725,ES,POINT (-6.061378563049451 41.77735342229725),26.0,https://simplemaps.com,ESZA,Zamora
way/220179629-220,220,f,Substation,f,way/220179629,-3.5505527947631466,42.68178556964536,ES,POINT (-3.5505527947631466 42.681785569645356),10.0,https://simplemaps.com,ESBU,Burgos
way/220890042-220,220,f,Substation,f,way/220890042,-8.339889545066185,42.69018918538479,ES,POINT (-8.339889545066185 42.69018918538479),27.0,https://simplemaps.com,ESPO,Pontevedra
way/221182424-220,220,f,Substation,f,way/221182424,-8.317401788129173,42.34225573843511,ES,POINT (-8.317401788129173 42.34225573843511),27.0,https://simplemaps.com,ESPO,Pontevedra
way/221193996-220,220,f,Substation,f,way/221193996,-8.312135404466584,42.12434062310655,ES,POINT (-8.312135404466584 42.12434062310655),27.0,https://simplemaps.com,ESPO,Pontevedra
way/222867769-220,220,f,Substation,f,way/222867769,-6.464415446271155,38.95817139163503,ES,POINT (-6.464415446271155 38.95817139163503),16.0,https://simplemaps.com,ESBA,Badajoz
way/222873301-220,220,f,Substation,f,way/222873301,-6.978944974197516,38.8379261481081,ES,POINT (-6.978944974197516 38.8379261481081),16.0,https://simplemaps.com,ESBA,Badajoz
way/222885175-220,220,f,Substation,f,way/222885175,-5.9136888468102535,36.48937438463572,ES,POINT (-5.9136888468102535 36.48937438463572),23.0,https://simplemaps.com,ESCA,Cádiz
way/222885498-220,220,f,Substation,f,way/222885498,-3.0680490326500047,37.22246547095497,ES,POINT (-3.0680490326500047 37.22246547095497),41.0,https://simplemaps.com,ESGR,Granada
way/222895334-220,220,f,Substation,f,way/222895334,-3.3444206059759902,39.04473702337341,ES,POINT (-3.3444206059759902 39.04473702337341),21.0,https://simplemaps.com,ESCR,Ciudad Real
way/222895334-400,400,f,Substation,f,way/222895334,-3.344218225222077,39.04495950694393,ES,POINT (-3.344218225222077 39.04495950694393),21.0,https://simplemaps.com,ESCR,Ciudad Real
way/222901014-220,220,f,Substation,f,way/222901014,-3.4930411284788443,39.24336332172922,ES,POINT (-3.4930411284788443 39.24336332172922),21.0,https://simplemaps.com,ESCR,Ciudad Real
way/222903016-220,220,f,Substation,f,way/222903016,-3.970824703799279,38.64708596714011,ES,POINT (-3.970824703799279 38.64708596714011),21.0,https://simplemaps.com,ESCR,Ciudad Real
way/222903017-220,220,f,Substation,f,way/222903017,-3.976265041853687,38.62572024453655,ES,POINT (-3.976265041853687 38.625720244536545),21.0,https://simplemaps.com,ESCR,Ciudad Real
way/223207745-400,400,f,Substation,f,way/223207745,-3.0910274473844064,43.35873926762391,ES,POINT (-3.0910274473844064 43.35873926762391),5.0,https://simplemaps.com,ESBI,Bizkaia
way/226363063-220,220,f,Substation,f,way/226363063,-2.625847356142859,40.703171715876806,ES,POINT (-2.625847356142859 40.703171715876806),49.0,https://simplemaps.com,ESGU,Guadalajara
way/226363063-400,400,f,Substation,f,way/226363063,-2.6256381788291483,40.7033924950935,ES,POINT (-2.6256381788291483 40.7033924950935),49.0,https://simplemaps.com,ESGU,Guadalajara
way/226886241-400,400,f,Substation,f,way/226886241,-3.0798309552037693,40.03409983545514,ES,POINT (-3.0798309552037693 40.03409983545514),39.0,https://simplemaps.com,ESCU,Cuenca
way/23882397-220,220,f,Substation,f,way/23882397,-3.883815945468069,40.44840769060038,ES,POINT (-3.883815945468069 40.44840769060038),50.0,https://simplemaps.com,ESM,Madrid
way/24378549-220,220,f,Substation,f,way/24378549,-3.806165341323693,40.46461824701103,ES,POINT (-3.8061653413236933 40.464618247011025),50.0,https://simplemaps.com,ESM,Madrid
way/251407376-220,220,f,Substation,f,way/251407376,-3.660571664361592,40.49071370009056,ES,POINT (-3.6605716643615924 40.49071370009056),50.0,https://simplemaps.com,ESM,Madrid
way/256334221,320,t,Substation,f,way/256334221,2.9442519990141243,42.230385376033,ES,POINT (2.9442519990141243 42.230385376033),14.0,https://simplemaps.com,ESGI,Gerona
way/257573127-220,220,f,Substation,f,way/257573127,-5.925379122655829,43.57364595064447,ES,POINT (-5.925379122655829 43.57364595064447),43.0,https://simplemaps.com,ESO,Asturias
way/258916144-220,220,f,Substation,f,way/258916144,-0.8816195256244366,40.7933814640442,ES,POINT (-0.8816195256244366 40.793381464044195),13.0,https://simplemaps.com,ESTE,Teruel
way/260018670-400,400,f,Substation,f,way/260018670,-3.113961938516768,39.98177668785486,ES,POINT (-3.113961938516768 39.98177668785486),20.0,https://simplemaps.com,ESTO,Toledo
way/261594435-220,220,f,Substation,f,way/261594435,-0.2792107313528177,39.06091960821404,ES,POINT (-0.2792107313528177 39.06091960821404),35.0,https://simplemaps.com,ESV,Valencia
way/263366365-220,220,f,Substation,f,way/263366365,0.1936638587691194,41.92345739917595,ES,POINT (0.1936638587691194 41.92345739917595),4.0,https://simplemaps.com,ESHU,Huesca
way/264348139-220,220,f,Substation,f,way/264348139,1.2300411177714374,41.19909394429392,ES,POINT (1.2300411177714374 41.19909394429392),12.0,https://simplemaps.com,EST,Tarragona
way/265408693-400,400,f,Substation,f,way/265408693,-0.91904587414593,39.26270615426801,ES,POINT (-0.91904587414593 39.26270615426801),35.0,https://simplemaps.com,ESV,Valencia
way/274593968-220,220,f,Substation,f,way/274593968,-3.47877088425102,40.55375574166293,ES,POINT (-3.47877088425102 40.55375574166293),50.0,https://simplemaps.com,ESM,Madrid
way/27668869-220,220,f,Substation,f,way/27668869,-4.004902287678125,40.598098243752105,ES,POINT (-4.004902287678125 40.598098243752105),50.0,https://simplemaps.com,ESM,Madrid
way/27668869-400,400,f,Substation,f,way/27668869,-4.004698109379068,40.59832180470331,ES,POINT (-4.004698109379068 40.59832180470331),50.0,https://simplemaps.com,ESM,Madrid
way/27936937-220,220,f,Substation,f,way/27936937,-3.4430156607329696,40.25599444720263,ES,POINT (-3.4430156607329696 40.255994447202625),50.0,https://simplemaps.com,ESM,Madrid
way/27936937-400,400,f,Substation,f,way/27936937,-3.4428104747812154,40.25621693917668,ES,POINT (-3.4428104747812154 40.25621693917668),50.0,https://simplemaps.com,ESM,Madrid
way/27937443-220,220,f,Substation,f,way/27937443,-3.57500309295164,40.42231780241927,ES,POINT (-3.57500309295164 40.42231780241927),50.0,https://simplemaps.com,ESM,Madrid
way/27949649-220,220,f,Substation,f,way/27949649,-3.8752290992204927,40.25982111661248,ES,POINT (-3.8752290992204927 40.25982111661248),50.0,https://simplemaps.com,ESM,Madrid
way/27949649-400,400,f,Substation,f,way/27949649,-3.875025367833037,40.26004446888979,ES,POINT (-3.8750253678330373 40.26004446888979),50.0,https://simplemaps.com,ESM,Madrid
way/28048116-220,220,f,Substation,f,way/28048116,-3.776606351397573,40.31372284742524,ES,POINT (-3.7766063513975734 40.31372284742524),50.0,https://simplemaps.com,ESM,Madrid
way/28308003-220,220,f,Substation,f,way/28308003,-3.596069806389134,40.56561583089582,ES,POINT (-3.596069806389134 40.56561583089582),50.0,https://simplemaps.com,ESM,Madrid
way/28308003-400,400,f,Substation,f,way/28308003,-3.5958643145443245,40.5658385842753,ES,POINT (-3.5958643145443245 40.5658385842753),50.0,https://simplemaps.com,ESM,Madrid
way/283348372-400,400,f,Substation,f,way/283348372,-4.339388513313631,40.88082036629113,ES,POINT (-4.339388513313631 40.88082036629113),51.0,https://simplemaps.com,ESSG,Segovia
way/28343429-220,220,f,Substation,f,way/28343429,-3.482392628327924,40.442297595144055,ES,POINT (-3.482392628327924 40.442297595144055),50.0,https://simplemaps.com,ESM,Madrid
way/28400958-220,220,f,Substation,f,way/28400958,-3.705628627128408,40.617067811956616,ES,POINT (-3.7056286271284082 40.617067811956616),50.0,https://simplemaps.com,ESM,Madrid
way/28401434-220,220,f,Substation,f,way/28401434,-3.5967286051635474,40.53604208698798,ES,POINT (-3.5967286051635474 40.53604208698798),50.0,https://simplemaps.com,ESM,Madrid
way/28491137-220,220,f,Substation,f,way/28491137,-3.644163590149924,40.16281083282416,ES,POINT (-3.6441635901499243 40.162810832824164),50.0,https://simplemaps.com,ESM,Madrid
way/28526748-220,220,f,Substation,f,way/28526748,-3.669114654014607,40.342541197151455,ES,POINT (-3.669114654014607 40.342541197151455),50.0,https://simplemaps.com,ESM,Madrid
way/28526821-220,220,f,Substation,f,way/28526821,-3.710764749926536,40.27597706568829,ES,POINT (-3.710764749926536 40.27597706568829),50.0,https://simplemaps.com,ESM,Madrid
way/28602711-220,220,f,Substation,f,way/28602711,-3.783148643401167,40.34681259773449,ES,POINT (-3.783148643401167 40.34681259773449),50.0,https://simplemaps.com,ESM,Madrid
way/28648202-220,220,f,Substation,f,way/28648202,-0.5379155398037991,38.396938139117445,ES,POINT (-0.5379155398037991 38.396938139117445),36.0,https://simplemaps.com,ESA,Alicante
way/28683005-220,220,f,Substation,f,way/28683005,-3.9042726953440585,40.34809598395728,ES,POINT (-3.9042726953440585 40.34809598395728),50.0,https://simplemaps.com,ESM,Madrid
way/28683005-400,400,f,Substation,f,way/28683005,-3.9040688315148975,40.348319381058246,ES,POINT (-3.9040688315148984 40.348319381058246),50.0,https://simplemaps.com,ESM,Madrid
way/28683269-220,220,f,Substation,f,way/28683269,-3.7230583117958753,40.33479896775322,ES,POINT (-3.7230583117958753 40.33479896775322),50.0,https://simplemaps.com,ESM,Madrid
way/287274807-220,220,f,Substation,f,way/287274807,-3.597827853016196,40.50963620826744,ES,POINT (-3.597827853016196 40.50963620826744),50.0,https://simplemaps.com,ESM,Madrid
way/291666290-220,220,f,Substation,f,way/291666290,-4.078234965863851,43.35698022832664,ES,POINT (-4.078234965863851 43.35698022832664),44.0,https://simplemaps.com,ESS,Cantabria
way/292277455-220,220,f,Substation,f,way/292277455,-6.799975527578087,38.7871246958221,ES,POINT (-6.799975527578087 38.7871246958221),16.0,https://simplemaps.com,ESBA,Badajoz
way/297387357-220,220,f,Substation,f,way/297387357,-3.765136034472469,40.22247986850331,ES,POINT (-3.765136034472469 40.22247986850331),50.0,https://simplemaps.com,ESM,Madrid
way/297609957-220,220,f,Substation,f,way/297609957,-3.620063395740914,40.38889548655243,ES,POINT (-3.620063395740914 40.38889548655243),50.0,https://simplemaps.com,ESM,Madrid
way/299287342-220,220,f,Substation,f,way/299287342,-0.1852526406579261,38.982434878267725,ES,POINT (-0.1852526406579262 38.982434878267725),35.0,https://simplemaps.com,ESV,Valencia
way/30643892-220,220,f,Substation,f,way/30643892,-3.742116098062192,40.43405761064728,ES,POINT (-3.7421160980621924 40.43405761064728),50.0,https://simplemaps.com,ESM,Madrid
way/31110032-220,220,f,Substation,f,way/31110032,-1.843211345880843,43.30489727958398,ES,POINT (-1.843211345880843 43.30489727958398),3.0,https://simplemaps.com,ESSS,Gipuzkoa
way/31110032-225,225,f,Substation,f,way/31110032,-1.8429915627051408,43.30511614019529,ES,POINT (-1.8429915627051412 43.30511614019529),3.0,https://simplemaps.com,ESSS,Gipuzkoa
way/325432908-220,220,f,Substation,f,way/325432908,-3.90886129180893,40.4078048616016,ES,POINT (-3.90886129180893 40.4078048616016),50.0,https://simplemaps.com,ESM,Madrid
way/327135068-220,220,f,Substation,f,way/327135068,-3.649724041621004,42.73342041029629,ES,POINT (-3.649724041621004 42.73342041029629),10.0,https://simplemaps.com,ESBU,Burgos
way/327268322-220,220,f,Substation,f,way/327268322,-2.3124155990233315,37.07078827360258,ES,POINT (-2.3124155990233315 37.07078827360258),40.0,https://simplemaps.com,ESAL,Almería
way/327268322-400,400,f,Substation,f,way/327268322,-2.312214793358807,37.07100903223459,ES,POINT (-2.312214793358807 37.07100903223459),40.0,https://simplemaps.com,ESAL,Almería
way/329277804-220,220,f,Substation,f,way/329277804,-3.3135752616297185,40.54108407922191,ES,POINT (-3.3135752616297185 40.54108407922191),50.0,https://simplemaps.com,ESM,Madrid
way/33771314-220,220,f,Substation,f,way/33771314,-0.5108232171441163,39.55435044040717,ES,POINT (-0.5108232171441163 39.55435044040717),35.0,https://simplemaps.com,ESV,Valencia
way/33771314-400,400,f,Substation,f,way/33771314,-0.5106102598559574,39.55456700224459,ES,POINT (-0.5106102598559574 39.55456700224459),35.0,https://simplemaps.com,ESV,Valencia
way/338411003-220,220,f,Substation,f,way/338411003,-6.354192583313238,42.50392125978184,ES,POINT (-6.354192583313238 42.50392125978184),30.0,https://simplemaps.com,ESLE,León
way/338683860-220,220,f,Substation,f,way/338683860,-6.90385693361244,37.19098060338123,ES,POINT (-6.90385693361244 37.19098060338123),18.0,https://simplemaps.com,ESH,Huelva
way/340101878-220,220,f,Substation,f,way/340101878,-2.785933205721044,37.17042592730687,ES,POINT (-2.7859332057210437 37.17042592730687),40.0,https://simplemaps.com,ESAL,Almería
way/340101879-220,220,f,Substation,f,way/340101879,-2.7017627708415057,37.14399339787328,ES,POINT (-2.7017627708415057 37.14399339787328),40.0,https://simplemaps.com,ESAL,Almería
way/340399370-400,400,f,Substation,f,way/340399370,2.9466607665695324,42.23006934571774,ES,POINT (2.9466607665695324 42.23006934571774),14.0,https://simplemaps.com,ESGI,Gerona
way/34585227-220,220,f,Substation,f,way/34585227,-0.0966385771495845,39.96668325392181,ES,POINT (-0.0966385771495845 39.96668325392181),34.0,https://simplemaps.com,ESCS,Castellón
way/34585227-400,400,f,Substation,f,way/34585227,-0.0964230822520405,39.96689886861462,ES,POINT (-0.0964230822520406 39.96689886861462),34.0,https://simplemaps.com,ESCS,Castellón
way/346490586-220,220,f,Substation,f,way/346490586,-3.722855965263727,40.26354523989863,ES,POINT (-3.722855965263727 40.263545239898626),50.0,https://simplemaps.com,ESM,Madrid
way/347643820-220,220,f,Substation,f,way/347643820,2.5092145861659554,39.5362341451124,ES,POINT (2.5092145861659554 39.5362341451124),48.0,https://simplemaps.com,ESPM,Baleares
way/364748213-220,220,f,Substation,f,way/364748213,-4.197480050958325,42.01197569513175,ES,POINT (-4.197480050958325 42.011975695131746),45.0,https://simplemaps.com,ESP,Palencia
way/365551344-220,220,f,Substation,f,way/365551344,-3.028187868919244,43.31005139130135,ES,POINT (-3.0281878689192436 43.31005139130135),5.0,https://simplemaps.com,ESBI,Bizkaia
way/370803224-220,220,f,Substation,f,way/370803224,0.2119317853634056,42.31306342697809,ES,POINT (0.2119317853634056 42.31306342697809),4.0,https://simplemaps.com,ESHU,Huesca
way/377631631-220,220,f,Substation,f,way/377631631,-3.846080255627641,43.4408555462053,ES,POINT (-3.846080255627641 43.4408555462053),44.0,https://simplemaps.com,ESS,Cantabria
way/384888518-220,220,f,Substation,f,way/384888518,-0.9696701589012872,40.79203177505931,ES,POINT (-0.9696701589012873 40.79203177505931),13.0,https://simplemaps.com,ESTE,Teruel
way/38674256-220,220,f,Substation,f,way/38674256,2.234466456858252,41.427569728630274,ES,POINT (2.234466456858252 41.427569728630274),15.0,https://simplemaps.com,ESB,Barcelona
way/387673197-220,220,f,Substation,f,way/387673197,1.395490110238968,42.32385047941137,ES,POINT (1.3954901102389679 42.32385047941137),11.0,https://simplemaps.com,ESL,Lérida
way/39827901-220,220,f,Substation,f,way/39827901,-0.0150784916803107,39.97839059069449,ES,POINT (-0.0150784916803108 39.97839059069449),34.0,https://simplemaps.com,ESCS,Castellón
way/398913918-220,220,f,Substation,f,way/398913918,-0.847024818560926,42.0924975936704,ES,POINT (-0.847024818560926 42.0924975936704),6.0,https://simplemaps.com,ESZ,Zaragoza
way/398913922-220,220,f,Substation,f,way/398913922,-0.6602782261352598,41.99018937641322,ES,POINT (-0.6602782261352598 41.99018937641322),4.0,https://simplemaps.com,ESHU,Huesca
way/399055749-220,220,f,Substation,f,way/399055749,1.6580551601426172,41.21018268639212,ES,POINT (1.6580551601426172 41.210182686392116),15.0,https://simplemaps.com,ESB,Barcelona
way/401804126-400,400,f,Substation,f,way/401804126,-3.462228316869535,43.323609646399504,ES,POINT (-3.462228316869535 43.323609646399504),44.0,https://simplemaps.com,ESS,Cantabria
way/403150976-220,220,f,Substation,f,way/403150976,-7.207637967509989,37.30712130322236,ES,POINT (-7.207637967509989 37.30712130322236),18.0,https://simplemaps.com,ESH,Huelva
way/411107082-220,220,f,Substation,f,way/411107082,-0.5715342523736836,42.21554029430014,ES,POINT (-0.5715342523736836 42.21554029430014),4.0,https://simplemaps.com,ESHU,Huesca
way/417624897-220,220,f,Substation,f,way/417624897,-0.5829698001813147,41.93405709413688,ES,POINT (-0.5829698001813147 41.93405709413688),4.0,https://simplemaps.com,ESHU,Huesca
way/419408372-220,220,f,Substation,f,way/419408372,-7.089458551228115,42.392466187034245,ES,POINT (-7.089458551228115 42.392466187034245),25.0,https://simplemaps.com,ESOR,Orense
way/420403750-220,220,f,Substation,f,way/420403750,-4.97378841233536,37.04345837499368,ES,POINT (-4.97378841233536 37.043458374993676),24.0,https://simplemaps.com,ESMA,Málaga
way/43797051-220,220,f,Substation,f,way/43797051,-5.8565139498422685,37.38638188280875,ES,POINT (-5.8565139498422685 37.38638188280875),19.0,https://simplemaps.com,ESSE,Sevilla
way/43842955-220,220,f,Substation,f,way/43842955,-5.887155872590862,43.31362257301628,ES,POINT (-5.887155872590862 43.31362257301628),43.0,https://simplemaps.com,ESO,Asturias
way/43842955-400,400,f,Substation,f,way/43842955,-5.88695106917756,43.31384947212288,ES,POINT (-5.88695106917756 43.31384947212288),43.0,https://simplemaps.com,ESO,Asturias
way/445989313-220,220,f,Substation,f,way/445989313,-0.7568777231862706,38.37454258948152,ES,POINT (-0.7568777231862706 38.37454258948152),36.0,https://simplemaps.com,ESA,Alicante
way/44633677-220,220,f,Substation,f,way/44633677,-6.1553339069148825,36.51809023891534,ES,POINT (-6.1553339069148825 36.51809023891534),23.0,https://simplemaps.com,ESCA,Cádiz
way/44716497-220,220,f,Substation,f,way/44716497,-3.826924880984758,43.39596945958588,ES,POINT (-3.826924880984758 43.39596945958588),44.0,https://simplemaps.com,ESS,Cantabria
way/452693264-220,220,f,Substation,f,way/452693264,-2.9335865988436622,43.24313439175354,ES,POINT (-2.9335865988436622 43.24313439175354),5.0,https://simplemaps.com,ESBI,Bizkaia
way/453378204-220,220,f,Substation,f,way/453378204,-0.6862108830552682,42.01100860894105,ES,POINT (-0.6862108830552682 42.01100860894105),4.0,https://simplemaps.com,ESHU,Huesca
way/457010443-220,220,f,Substation,f,way/457010443,-6.012387167305435,37.39200311392939,ES,POINT (-6.012387167305435 37.39200311392939),19.0,https://simplemaps.com,ESSE,Sevilla
way/46106589-220,220,f,Substation,f,way/46106589,-2.466064795131818,36.90874784273091,ES,POINT (-2.466064795131818 36.90874784273091),40.0,https://simplemaps.com,ESAL,Almería
way/46172375-220,220,f,Substation,f,way/46172375,-2.12123690796884,41.873112787279474,ES,POINT (-2.1212369079688402 41.873112787279474),9.0,https://simplemaps.com,ESSO,Soria
way/463726606-220,220,f,Substation,f,way/463726606,2.0407314599041912,41.33605338600063,ES,POINT (2.0407314599041912 41.33605338600063),15.0,https://simplemaps.com,ESB,Barcelona
way/46619201-220,220,f,Substation,f,way/46619201,-1.3619764074620988,41.7985529687214,ES,POINT (-1.3619764074620988 41.7985529687214),6.0,https://simplemaps.com,ESZ,Zaragoza
way/46922274-220,220,f,Substation,f,way/46922274,-3.867399055263331,43.43602241886106,ES,POINT (-3.867399055263331 43.43602241886106),44.0,https://simplemaps.com,ESS,Cantabria
way/47367769-220,220,f,Substation,f,way/47367769,-5.689199776455858,40.98916899679104,ES,POINT (-5.689199776455858 40.98916899679104),31.0,https://simplemaps.com,ESSA,Salamanca
way/47842260-220,220,f,Substation,f,way/47842260,-4.3432608641153925,42.59428507487618,ES,POINT (-4.3432608641153925 42.59428507487618),45.0,https://simplemaps.com,ESP,Palencia
way/47842260-400,400,f,Substation,f,way/47842260,-4.343052377603908,42.59450905840615,ES,POINT (-4.343052377603908 42.594509058406146),45.0,https://simplemaps.com,ESP,Palencia
way/47908906-220,220,f,Substation,f,way/47908906,-2.4908386371917017,42.45793852876864,ES,POINT (-2.4908386371917017 42.45793852876864),7.0,https://simplemaps.com,ESLO,La Rioja
way/47911346-220,220,f,Substation,f,way/47911346,-6.678778970138252,41.207648584425264,ES,POINT (-6.678778970138252 41.207648584425264),31.0,https://simplemaps.com,ESSA,Salamanca
way/47911346-400,400,f,Substation,f,way/47911346,-6.678582596273493,41.207877205556535,ES,POINT (-6.678582596273493 41.207877205556535),31.0,https://simplemaps.com,ESSA,Salamanca
way/48304858-220,220,f,Substation,f,way/48304858,-3.780772684080437,42.34104579268045,ES,POINT (-3.7807726840804365 42.341045792680454),10.0,https://simplemaps.com,ESBU,Burgos
way/48310486-220,220,f,Substation,f,way/48310486,-4.169420261301709,42.1686411918962,ES,POINT (-4.169420261301709 42.1686411918962),10.0,https://simplemaps.com,ESBU,Burgos
way/48467553-220,220,f,Substation,f,way/48467553,-3.651707696570643,42.37184202134263,ES,POINT (-3.6517076965706434 42.37184202134263),10.0,https://simplemaps.com,ESBU,Burgos
way/487381592-400,400,f,Substation,f,way/487381592,-4.415108077804938,37.12014121637721,ES,POINT (-4.415108077804938 37.12014121637721),24.0,https://simplemaps.com,ESMA,Málaga
way/49252090-220,220,f,Substation,f,way/49252090,-1.6839838376194858,42.50228166755244,ES,POINT (-1.6839838376194858 42.50228166755244),2.0,https://simplemaps.com,ESNA,Navarra
way/49258709-220,220,f,Substation,f,way/49258709,-1.6352618883934846,42.78600127599225,ES,POINT (-1.6352618883934846 42.78600127599225),2.0,https://simplemaps.com,ESNA,Navarra
way/495050398-220,220,f,Substation,f,way/495050398,-5.057621532841297,36.94899385135979,ES,POINT (-5.057621532841297 36.94899385135979),24.0,https://simplemaps.com,ESMA,Málaga
way/506058990-220,220,f,Substation,f,way/506058990,1.2485648630294877,41.194630816088925,ES,POINT (1.2485648630294877 41.194630816088925),12.0,https://simplemaps.com,EST,Tarragona
way/51188420-220,220,f,Substation,f,way/51188420,-6.87769979122652,39.72417037781433,ES,POINT (-6.87769979122652 39.72417037781433),17.0,https://simplemaps.com,ESCC,Cáceres
way/51188420-400,400,f,Substation,f,way/51188420,-6.877507600063075,39.72439957599457,ES,POINT (-6.877507600063075 39.72439957599457),17.0,https://simplemaps.com,ESCC,Cáceres
way/51247251-400,400,f,Substation,f,way/51247251,-2.374716235246001,41.10597640990724,ES,POINT (-2.374716235246001 41.10597640990724),9.0,https://simplemaps.com,ESSO,Soria
way/513869641-220,220,f,Substation,f,way/513869641,-4.93579128291118,37.08521328015067,ES,POINT (-4.93579128291118 37.08521328015067),24.0,https://simplemaps.com,ESMA,Málaga
way/51822825-220,220,f,Substation,f,way/51822825,-4.020054671843543,43.11942542616475,ES,POINT (-4.020054671843543 43.11942542616475),44.0,https://simplemaps.com,ESS,Cantabria
way/51822825-400,400,f,Substation,f,way/51822825,-4.019843459836047,43.119648718235496,ES,POINT (-4.019843459836047 43.119648718235496),44.0,https://simplemaps.com,ESS,Cantabria
way/51824074-220,220,f,Substation,f,way/51824074,-0.6803567559049406,39.98933406056717,ES,POINT (-0.6803567559049406 39.98933406056717),34.0,https://simplemaps.com,ESCS,Castellón
way/52516392-400,400,f,Substation,f,way/52516392,-6.041080448177329,42.631700934074495,ES,POINT (-6.041080448177329 42.631700934074495),30.0,https://simplemaps.com,ESLE,León
way/528721624-220,220,f,Substation,f,way/528721624,-2.3733541474464066,41.98892216588493,ES,POINT (-2.3733541474464066 41.98892216588493),9.0,https://simplemaps.com,ESSO,Soria
way/529061183-220,220,f,Substation,f,way/529061183,-0.7607185192236219,40.764141599075806,ES,POINT (-0.7607185192236219 40.764141599075806),13.0,https://simplemaps.com,ESTE,Teruel
way/56137765-220,220,f,Substation,f,way/56137765,-3.825822705456453,43.34608901684318,ES,POINT (-3.8258227054564524 43.34608901684318),44.0,https://simplemaps.com,ESS,Cantabria
way/56137765-400,400,f,Substation,f,way/56137765,-3.825610090917547,43.34631190149757,ES,POINT (-3.825610090917547 43.34631190149757),44.0,https://simplemaps.com,ESS,Cantabria
way/56379810-220,220,f,Substation,f,way/56379810,-2.5702747549790987,39.86166503474841,ES,POINT (-2.5702747549790987 39.86166503474841),39.0,https://simplemaps.com,ESCU,Cuenca
way/576439241-220,220,f,Substation,f,way/576439241,-4.253810367102026,38.65216907924468,ES,POINT (-4.253810367102026 38.65216907924468),21.0,https://simplemaps.com,ESCR,Ciudad Real
way/576439241-400,400,f,Substation,f,way/576439241,-4.2536119121545655,38.65239343324133,ES,POINT (-4.2536119121545655 38.65239343324133),21.0,https://simplemaps.com,ESCR,Ciudad Real
way/581521534-220,220,f,Substation,f,way/581521534,-1.1351115103750598,37.96481010008446,ES,POINT (-1.1351115103750598 37.96481010008446),37.0,https://simplemaps.com,ESMU,Murcia
way/586348408-220,220,f,Substation,f,way/586348408,2.1910100470098715,41.46037612376328,ES,POINT (2.1910100470098715 41.46037612376328),15.0,https://simplemaps.com,ESB,Barcelona
way/587931418-220,220,f,Substation,f,way/587931418,-0.9586834729002448,37.79747237184,ES,POINT (-0.9586834729002447 37.797472371839994),37.0,https://simplemaps.com,ESMU,Murcia
way/58928252-220,220,f,Substation,f,way/58928252,-6.550578121320022,42.572779286877086,ES,POINT (-6.550578121320022 42.572779286877086),30.0,https://simplemaps.com,ESLE,León
way/58928252-400,400,f,Substation,f,way/58928252,-6.550377814537029,42.57300751073481,ES,POINT (-6.550377814537029 42.57300751073481),30.0,https://simplemaps.com,ESLE,León
way/593535391-220,220,f,Substation,f,way/593535391,-5.37672702482687,39.21959393459284,ES,POINT (-5.37672702482687 39.21959393459284),17.0,https://simplemaps.com,ESCC,Cáceres
way/593535391-400,400,f,Substation,f,way/593535391,-5.376530924206119,39.219820375937296,ES,POINT (-5.3765309242061186 39.219820375937296),17.0,https://simplemaps.com,ESCC,Cáceres
way/60063660-400,400,f,Substation,f,way/60063660,-3.845093134187128,43.00255742379222,ES,POINT (-3.845093134187128 43.00255742379222),10.0,https://simplemaps.com,ESBU,Burgos
way/60340351-220,220,f,Substation,f,way/60340351,-0.9295212741743454,41.50184224229206,ES,POINT (-0.9295212741743454 41.50184224229206),6.0,https://simplemaps.com,ESZ,Zaragoza
way/60342307-220,220,f,Substation,f,way/60342307,-0.8540070925411576,41.59733117093777,ES,POINT (-0.8540070925411576 41.59733117093777),6.0,https://simplemaps.com,ESZ,Zaragoza
way/60351390-220,220,f,Substation,f,way/60351390,-0.4544967402781543,39.42352407556526,ES,POINT (-0.4544967402781543 39.42352407556526),35.0,https://simplemaps.com,ESV,Valencia
way/60351390-400,400,f,Substation,f,way/60351390,-0.454283972404644,39.42374053965276,ES,POINT (-0.454283972404644 39.423740539652755),35.0,https://simplemaps.com,ESV,Valencia
way/60354466-220,220,f,Substation,f,way/60354466,-8.589998977153453,42.26312329674076,ES,POINT (-8.589998977153453 42.26312329674076),27.0,https://simplemaps.com,ESPO,Pontevedra
way/60354472-220,220,f,Substation,f,way/60354472,-8.664853009032324,42.41740018329824,ES,POINT (-8.664853009032324 42.41740018329824),27.0,https://simplemaps.com,ESPO,Pontevedra
way/60398296-220,220,f,Substation,f,way/60398296,-3.0485187449251034,42.75599889735941,ES,POINT (-3.0485187449251034 42.75599889735941),10.0,https://simplemaps.com,ESBU,Burgos
way/607764533-220,220,f,Substation,f,way/607764533,-4.787805452982126,39.96443490876097,ES,POINT (-4.787805452982126 39.96443490876097),20.0,https://simplemaps.com,ESTO,Toledo
way/61046626-220,220,f,Substation,f,way/61046626,-4.269153506610635,41.99807219031696,ES,POINT (-4.269153506610635 41.99807219031696),45.0,https://simplemaps.com,ESP,Palencia
way/626886449-400,400,f,Substation,f,way/626886449,-7.416440622438303,43.12807074607765,ES,POINT (-7.416440622438303 43.12807074607765),29.0,https://simplemaps.com,ESLU,Lugo
way/647697389-220,220,f,Substation,f,way/647697389,-3.5750727626952097,37.19636732069641,ES,POINT (-3.5750727626952097 37.19636732069641),41.0,https://simplemaps.com,ESGR,Granada
way/651711449-220,220,f,Substation,f,way/651711449,-6.5153217975561,38.8063295782148,ES,POINT (-6.5153217975560995 38.8063295782148),16.0,https://simplemaps.com,ESBA,Badajoz
way/651711449-400,400,f,Substation,f,way/651711449,-6.515130425496166,38.806558246644734,ES,POINT (-6.515130425496166 38.806558246644734),16.0,https://simplemaps.com,ESBA,Badajoz
way/666476490-220,220,f,Substation,f,way/666476490,-5.452757680370105,36.21372473486711,ES,POINT (-5.452757680370105 36.21372473486711),23.0,https://simplemaps.com,ESCA,Cádiz
way/675714143-400,400,f,Substation,f,way/675714143,-1.3333415591685065,38.52184473492444,ES,POINT (-1.3333415591685063 38.52184473492444),37.0,https://simplemaps.com,ESMU,Murcia
way/677413570-220,220,f,Substation,f,way/677413570,-3.421082443717984,40.38726012576261,ES,POINT (-3.421082443717984 40.38726012576261),50.0,https://simplemaps.com,ESM,Madrid
way/677413570-400,400,f,Substation,f,way/677413570,-3.4208768335062234,40.38748255482887,ES,POINT (-3.4208768335062234 40.38748255482887),50.0,https://simplemaps.com,ESM,Madrid
way/683693772-400,400,f,Substation,f,way/683693772,-0.3821724614927458,41.02301657447682,ES,POINT (-0.3821724614927458 41.02301657447682),13.0,https://simplemaps.com,ESTE,Teruel
way/683892938-220,220,f,Substation,f,way/683892938,2.8828754111449486,42.06239392561443,ES,POINT (2.8828754111449486 42.06239392561443),14.0,https://simplemaps.com,ESGI,Gerona
way/683892938-400,400,f,Substation,f,way/683892938,2.8831075630781053,42.06260268315413,ES,POINT (2.8831075630781053 42.06260268315413),14.0,https://simplemaps.com,ESGI,Gerona
way/691036111-220,220,f,Substation,f,way/691036111,-5.615203598763092,36.0721361297133,ES,POINT (-5.615203598763092 36.0721361297133),23.0,https://simplemaps.com,ESCA,Cádiz
way/691036111-400,400,f,Substation,f,way/691036111,-5.615015082469395,36.07236361596327,ES,POINT (-5.615015082469395 36.07236361596327),23.0,https://simplemaps.com,ESCA,Cádiz
way/69311230-220,220,f,Substation,f,way/69311230,-6.814729430289054,42.47060628126388,ES,POINT (-6.814729430289054 42.470606281263876),25.0,https://simplemaps.com,ESOR,Orense
way/701397734-220,220,f,Substation,f,way/701397734,-6.54361235907435,42.04733932035509,ES,POINT (-6.54361235907435 42.04733932035509),26.0,https://simplemaps.com,ESZA,Zamora
way/701397734-400,400,f,Substation,f,way/701397734,-6.543413392522697,42.04756758812372,ES,POINT (-6.543413392522697 42.04756758812372),26.0,https://simplemaps.com,ESZA,Zamora
way/702532047-220,220,f,Substation,f,way/702532047,-2.86408582517164,43.30123511962334,ES,POINT (-2.8640858251716397 43.30123511962334),5.0,https://simplemaps.com,ESBI,Bizkaia
way/71531354-400,400,f,Substation,f,way/71531354,-0.1003620007740963,41.52582615977649,ES,POINT (-0.1003620007740964 41.52582615977649),4.0,https://simplemaps.com,ESHU,Huesca
way/71796402-220,220,f,Substation,f,way/71796402,2.047572931432722,41.554985835893966,ES,POINT (2.047572931432722 41.554985835893966),15.0,https://simplemaps.com,ESB,Barcelona
way/71796402-400,400,f,Substation,f,way/71796402,2.0478005221835294,41.55519653793064,ES,POINT (2.0478005221835294 41.55519653793064),15.0,https://simplemaps.com,ESB,Barcelona
way/729485840-220,220,f,Substation,f,way/729485840,-0.8970190267501187,37.96332938289312,ES,POINT (-0.8970190267501187 37.963329382893114),36.0,https://simplemaps.com,ESA,Alicante
way/729485840-400,400,f,Substation,f,way/729485840,-0.8968116295775567,37.96354703911795,ES,POINT (-0.8968116295775567 37.96354703911795),36.0,https://simplemaps.com,ESA,Alicante
way/731605861-220,220,f,Substation,f,way/731605861,-5.858151046057524,43.55601339965073,ES,POINT (-5.858151046057524 43.55601339965073),43.0,https://simplemaps.com,ESO,Asturias
way/73511619-220,220,f,Substation,f,way/73511619,-6.862185961214547,42.03349367435272,ES,POINT (-6.862185961214547 42.03349367435272),26.0,https://simplemaps.com,ESZA,Zamora
way/73511619-400,400,f,Substation,f,way/73511619,-6.861988194841215,42.0337225382017,ES,POINT (-6.8619881948412145 42.0337225382017),26.0,https://simplemaps.com,ESZA,Zamora
way/73683435-220,220,f,Substation,f,way/73683435,-6.893019466854866,42.03896563127778,ES,POINT (-6.893019466854866 42.03896563127778),26.0,https://simplemaps.com,ESZA,Zamora
way/74384031-220,220,f,Substation,f,way/74384031,-4.936666716795378,41.789396896758,ES,POINT (-4.936666716795378 41.789396896758),33.0,https://simplemaps.com,ESVA,Valladolid
way/74384031-400,400,f,Substation,f,way/74384031,-4.936462619093027,41.78962212992087,ES,POINT (-4.936462619093027 41.789622129920865),33.0,https://simplemaps.com,ESVA,Valladolid
way/751278521-220,220,f,Substation,f,way/751278521,-4.466402267429304,36.69459485915295,ES,POINT (-4.466402267429304 36.69459485915295),24.0,https://simplemaps.com,ESMA,Málaga
way/75606778-220,220,f,Substation,f,way/75606778,1.8295132365372069,41.523390180272486,ES,POINT (1.8295132365372069 41.523390180272486),15.0,https://simplemaps.com,ESB,Barcelona
way/75606778-400,400,f,Substation,f,way/75606778,1.8297399900438247,41.52360137126103,ES,POINT (1.8297399900438254 41.52360137126103),15.0,https://simplemaps.com,ESB,Barcelona
way/75619319-220,220,f,Substation,f,way/75619319,1.8943892138027232,41.50770001328736,ES,POINT (1.8943892138027232 41.50770001328736),15.0,https://simplemaps.com,ESB,Barcelona
way/75807571-220,220,f,Substation,f,way/75807571,-6.398812492689696,42.43157632958226,ES,POINT (-6.398812492689696 42.43157632958226),30.0,https://simplemaps.com,ESLE,León
way/75902880-220,220,f,Substation,f,way/75902880,-4.745784933675504,36.89499189437975,ES,POINT (-4.745784933675504 36.89499189437975),24.0,https://simplemaps.com,ESMA,Málaga
way/75902880-400,400,f,Substation,f,way/75902880,-4.7455920307303305,36.895217536078526,ES,POINT (-4.7455920307303305 36.895217536078526),24.0,https://simplemaps.com,ESMA,Málaga
way/76353093-220,220,f,Substation,f,way/76353093,2.099898866944802,41.346013614159226,ES,POINT (2.099898866944802 41.346013614159226),15.0,https://simplemaps.com,ESB,Barcelona
way/766063119-220,220,f,Substation,f,way/766063119,-2.920546764532572,36.834457136099005,ES,POINT (-2.920546764532572 36.834457136099005),40.0,https://simplemaps.com,ESAL,Almería
way/772002801-400,400,f,Substation,f,way/772002801,-1.378664740281855,37.96110360384952,ES,POINT (-1.378664740281855 37.96110360384952),37.0,https://simplemaps.com,ESMU,Murcia
way/772400244-400,400,f,Substation,f,way/772400244,-1.7188735904874677,37.4369999901594,ES,POINT (-1.7188735904874675 37.4369999901594),37.0,https://simplemaps.com,ESMU,Murcia
way/775256181-220,220,f,Substation,f,way/775256181,-1.0204632107754736,41.25810706094642,ES,POINT (-1.0204632107754736 41.25810706094642),6.0,https://simplemaps.com,ESZ,Zaragoza
way/77640470-400,400,f,Substation,f,way/77640470,-0.3171422420029852,39.659866324434034,ES,POINT (-0.3171422420029852 39.659866324434034),35.0,https://simplemaps.com,ESV,Valencia
way/77654729-220,220,f,Substation,f,way/77654729,-0.2361865103817898,39.64164949519773,ES,POINT (-0.2361865103817899 39.64164949519773),35.0,https://simplemaps.com,ESV,Valencia
way/77654729-400,400,f,Substation,f,way/77654729,-0.2359071656800819,39.6417402921115,ES,POINT (-0.235907165680082 39.6417402921115),35.0,https://simplemaps.com,ESV,Valencia
way/782365013-220,220,f,Substation,f,way/782365013,-3.884927350752055,37.240383496948695,ES,POINT (-3.8849273507520548 37.240383496948695),41.0,https://simplemaps.com,ESGR,Granada
way/788716327-400,400,f,Substation,f,way/788716327,-6.223385732360723,38.42203489686623,ES,POINT (-6.223385732360723 38.42203489686623),16.0,https://simplemaps.com,ESBA,Badajoz
way/789683722-220,220,f,Substation,f,way/789683722,-0.5266098859053685,39.48051934131803,ES,POINT (-0.5266098859053685 39.48051934131803),35.0,https://simplemaps.com,ESV,Valencia
way/808388334-220,220,f,Substation,f,way/808388334,-5.481762526346336,41.06209320203143,ES,POINT (-5.481762526346336 41.06209320203143),31.0,https://simplemaps.com,ESSA,Salamanca
way/81152317-400,400,f,Substation,f,way/81152317,-5.575706817473747,42.55272321901711,ES,POINT (-5.575706817473747 42.55272321901711),30.0,https://simplemaps.com,ESLE,León
way/81409681-220,220,f,Substation,f,way/81409681,2.6788294791836464,39.65089314982004,ES,POINT (2.6788294791836464 39.650893149820035),48.0,https://simplemaps.com,ESPM,Baleares
way/828193563-220,220,f,Substation,f,way/828193563,-7.712841658859041,42.45100550858028,ES,POINT (-7.712841658859041 42.45100550858028),29.0,https://simplemaps.com,ESLU,Lugo
way/832323313-220,220,f,Substation,f,way/832323313,-2.0150243495684754,42.02838983048965,ES,POINT (-2.0150243495684754 42.028389830489644),7.0,https://simplemaps.com,ESLO,La Rioja
way/845179231-400,400,f,Substation,f,way/845179231,-0.861897530440679,38.56179121252168,ES,POINT (-0.861897530440679 38.56179121252168),36.0,https://simplemaps.com,ESA,Alicante
way/84526032-400,400,f,Substation,f,way/84526032,-7.533225197722975,39.664335441918745,ES,POINT (-7.533225197722975 39.664335441918745),17.0,https://simplemaps.com,ESCC,Cáceres
way/84883895-220,220,f,Substation,f,way/84883895,-8.578260456670534,42.85476004882698,ES,POINT (-8.578260456670534 42.85476004882698),28.0,https://simplemaps.com,ESC,La Coruña
way/85817084-220,220,f,Substation,f,way/85817084,-4.5561281474458895,42.07164121386221,ES,POINT (-4.5561281474458895 42.07164121386221),45.0,https://simplemaps.com,ESP,Palencia
way/85817084-400,400,f,Substation,f,way/85817084,-4.555921910166008,42.07186567254124,ES,POINT (-4.555921910166008 42.071865672541236),45.0,https://simplemaps.com,ESP,Palencia
way/86512030-220,220,f,Substation,f,way/86512030,-2.263794639678833,42.34746973835461,ES,POINT (-2.263794639678833 42.347469738354604),7.0,https://simplemaps.com,ESLO,La Rioja
way/86512030-400,400,f,Substation,f,way/86512030,-2.2635793924108003,42.34768956875176,ES,POINT (-2.2635793924108003 42.347689568751754),7.0,https://simplemaps.com,ESLO,La Rioja
way/88760627-220,220,f,Substation,f,way/88760627,-2.2528642344162133,42.41745274367196,ES,POINT (-2.2528642344162133 42.41745274367196),7.0,https://simplemaps.com,ESLO,La Rioja
way/88760627-400,400,f,Substation,f,way/88760627,-2.2526487336311987,42.41767254369099,ES,POINT (-2.2526487336311987 42.41767254369099),7.0,https://simplemaps.com,ESLO,La Rioja
way/89084456-220,220,f,Substation,f,way/89084456,-2.0187120278132933,42.27837395865612,ES,POINT (-2.0187120278132933 42.27837395865612),7.0,https://simplemaps.com,ESLO,La Rioja
way/891962367-220,220,f,Substation,f,way/891962367,-5.04713665371901,37.823628882287565,ES,POINT (-5.04713665371901 37.823628882287565),22.0,https://simplemaps.com,ESCO,Córdoba
way/89616317-220,220,f,Substation,f,way/89616317,-3.918944611693158,38.95707049853834,ES,POINT (-3.918944611693158 38.95707049853834),21.0,https://simplemaps.com,ESCR,Ciudad Real
way/90829734-400,400,f,Substation,f,way/90829734,-1.6758779700439497,42.17062874644351,ES,POINT (-1.6758779700439497 42.170628746443505),2.0,https://simplemaps.com,ESNA,Navarra
way/913515391-220,220,f,Substation,f,way/913515391,-5.860146839790969,37.246501900989536,ES,POINT (-5.860146839790969 37.246501900989536),19.0,https://simplemaps.com,ESSE,Sevilla
way/91441017-220,220,f,Substation,f,way/91441017,-5.66558036448176,39.82126332850544,ES,POINT (-5.66558036448176 39.82126332850544),17.0,https://simplemaps.com,ESCC,Cáceres
way/921541546-400,400,f,Substation,f,way/921541546,-0.9316875832899209,39.24370359456298,ES,POINT (-0.9316875832899207 39.24370359456298),35.0,https://simplemaps.com,ESV,Valencia
way/931574994-400,400,f,Substation,f,way/931574994,-1.2965733616993724,41.649834242313375,ES,POINT (-1.2965733616993724 41.649834242313375),6.0,https://simplemaps.com,ESZ,Zaragoza
way/931763733-220,220,f,Substation,f,way/931763733,-4.146502080827882,38.67815774010818,ES,POINT (-4.146502080827882 38.67815774010818),21.0,https://simplemaps.com,ESCR,Ciudad Real
way/931771523-220,220,f,Substation,f,way/931771523,-4.509625931531339,38.19151847504976,ES,POINT (-4.509625931531339 38.191518475049754),22.0,https://simplemaps.com,ESCO,Córdoba
way/931778222-220,220,f,Substation,f,way/931778222,-5.020283581730926,37.75082541921,ES,POINT (-5.020283581730926 37.750825419209995),22.0,https://simplemaps.com,ESCO,Córdoba
way/931793946-220,220,f,Substation,f,way/931793946,-4.776921853181304,37.25481609501159,ES,POINT (-4.776921853181304 37.25481609501159),19.0,https://simplemaps.com,ESSE,Sevilla
way/931793946-400,400,f,Substation,f,way/931793946,-4.776728265749635,37.25504172634509,ES,POINT (-4.776728265749635 37.255041726345084),19.0,https://simplemaps.com,ESSE,Sevilla
way/93349144-220,220,f,Substation,f,way/93349144,2.2345680938641235,41.46609124449874,ES,POINT (2.2345680938641235 41.46609124449874),15.0,https://simplemaps.com,ESB,Barcelona
way/93387439-220,220,f,Substation,f,way/93387439,-8.621649575592356,42.1377833997217,ES,POINT (-8.621649575592356 42.1377833997217),27.0,https://simplemaps.com,ESPO,Pontevedra
way/94185870-220,220,f,Substation,f,way/94185870,-4.388840852664541,36.74541468958031,ES,POINT (-4.388840852664541 36.74541468958031),24.0,https://simplemaps.com,ESMA,Málaga
way/961840189-220,220,f,Substation,f,way/961840189,-0.7293034428771372,41.08606750836912,ES,POINT (-0.7293034428771372 41.08606750836912),13.0,https://simplemaps.com,ESTE,Teruel
way/965347086-220,220,f,Substation,f,way/965347086,-1.011827900564515,41.08315170913933,ES,POINT (-1.011827900564515 41.08315170913933),13.0,https://simplemaps.com,ESTE,Teruel
way/965351154-220,220,f,Substation,f,way/965351154,-0.9012822513647172,41.10715105950315,ES,POINT (-0.9012822513647171 41.10715105950315),13.0,https://simplemaps.com,ESTE,Teruel
way/965918883-220,220,f,Substation,f,way/965918883,-1.0085749682670422,40.97999529821404,ES,POINT (-1.0085749682670422 40.97999529821404),13.0,https://simplemaps.com,ESTE,Teruel
way/970599107-220,220,f,Substation,f,way/970599107,1.7082519620270125,41.36445258639612,ES,POINT (1.7082519620270125 41.36445258639612),15.0,https://simplemaps.com,ESB,Barcelona
way/97286424-220,220,f,Substation,f,way/97286424,-5.218773086998447,36.44404086878306,ES,POINT (-5.218773086998447 36.44404086878306),24.0,https://simplemaps.com,ESMA,Málaga
way/97286424-400,400,f,Substation,f,way/97286424,-5.218582598768345,36.44426751710268,ES,POINT (-5.218582598768345 36.44426751710268),24.0,https://simplemaps.com,ESMA,Málaga
way/977168018-220,220,f,Substation,f,way/977168018,-6.493632899810664,37.14405062444917,ES,POINT (-6.493632899810664 37.144050624449164),18.0,https://simplemaps.com,ESH,Huelva
way/97851756-220,220,f,Substation,f,way/97851756,-6.120062640220034,36.61840743141045,ES,POINT (-6.120062640220034 36.61840743141045),23.0,https://simplemaps.com,ESCA,Cádiz
way/97937366-220,220,f,Substation,f,way/97937366,-2.9424807680957548,37.216594289075694,ES,POINT (-2.9424807680957548 37.216594289075694),41.0,https://simplemaps.com,ESGR,Granada
way/97937366-400,400,f,Substation,f,way/97937366,-2.942281555166585,37.216816296696365,ES,POINT (-2.942281555166585 37.216816296696365),41.0,https://simplemaps.com,ESGR,Granada
way/98127909-220,220,f,Substation,f,way/98127909,-5.717738624684974,36.14523930185986,ES,POINT (-5.717738624684974 36.14523930185986),23.0,https://simplemaps.com,ESCA,Cádiz
way/983523978-220,220,f,Substation,f,way/983523978,-3.671946289454596,40.51921285495616,ES,POINT (-3.6719462894545956 40.51921285495616),50.0,https://simplemaps.com,ESM,Madrid
way/983523978-400,400,f,Substation,f,way/983523978,-3.671741180885573,40.51943576611277,ES,POINT (-3.671741180885573 40.51943576611277),50.0,https://simplemaps.com,ESM,Madrid
way/98603324-400,400,f,Substation,f,way/98603324,-5.606054281712327,36.03218693362122,ES,POINT (-5.606054281712327 36.03218693362122),23.0,https://simplemaps.com,ESCA,Cádiz
way/986410926-400,400,f,Substation,f,way/986410926,-6.551193787012431,40.642209831722674,ES,POINT (-6.551193787012431 40.642209831722674),31.0,https://simplemaps.com,ESSA,Salamanca
way/986410945-400,400,f,Substation,f,way/986410945,-6.560160300536124,40.61255239371956,ES,POINT (-6.560160300536124 40.61255239371956),31.0,https://simplemaps.com,ESSA,Salamanca
way/989699715-400,400,f,Substation,f,way/989699715,-6.360559178196425,39.79927682633197,ES,POINT (-6.360559178196425 39.79927682633197),17.0,https://simplemaps.com,ESCC,Cáceres
way/990136230-220,220,f,Substation,f,way/990136230,-6.424683235104082,39.50700979232148,ES,POINT (-6.424683235104082 39.507009792321476),17.0,https://simplemaps.com,ESCC,Cáceres
way/991952490-220,220,f,Substation,f,way/991952490,-6.341710703039476,38.89653283895412,ES,POINT (-6.341710703039476 38.896532838954116),16.0,https://simplemaps.com,ESBA,Badajoz
way/996050563-220,220,f,Substation,f,way/996050563,-6.101519131638183,37.495865817792286,ES,POINT (-6.101519131638183 37.495865817792286),19.0,https://simplemaps.com,ESSE,Sevilla
