{
  "type": "FeatureCollection",
  "generator": "overpass-turbo",
  "copyright": "The data included in this document is from www.openstreetmap.org. The data is made available under ODbL.",
  "timestamp": "2025-09-23T20:48:13Z",
  "features": [
    {
      "type": "Feature",
      "properties": {
        "@id": "relation/17488279",
        "name": "Subestación Torrent",
        "power": "substation",
        "type": "multipolygon",
        "voltage": "132000;66000"
      },
      "geometry": {
        "type": "MultiPolygon",
        "coordinates": [
          [
            [
              [
                1.4323961,
                38.936259
              ],
              [
                1.4324147,
                38.9360872
              ],
              [
                1.4323607,
                38.9360843
              ],
              [
                1.4323905,
                38.9357112
              ],
              [
                1.4323997,
                38.9355956
              ],
              [
                1.4324094,
                38.935503
              ],
              [
                1.4324132,
                38.9354668
              ],
              [
                1.4329445,
                38.9354859
              ],
              [
                1.4330415,
                38.9355527
              ],
              [
                1.4329961,
                38.9361053
              ],
              [
                1.4329408,
                38.9361091
              ],
              [
                1.4329224,
                38.9362838
              ],
              [
                1.4323961,
                38.936259
              ]
            ]
          ],
          [
            [
              [
                1.4323725,
                38.9364728
              ],
              [
                1.4304386,
                38.936358
              ],
              [
                1.430519,
                38.9354421
              ],
              [
                1.4308651,
                38.935463
              ],
              [
                1.4308785,
                38.9353587
              ],
              [
                1.4320962,
                38.9355297
              ],
              [
                1.4320694,
                38.9356925
              ],
              [
                1.4323905,
                38.9357112
              ],
              [
                1.4323607,
                38.9360843
              ],
              [
                1.4324147,
                38.9360872
              ],
              [
                1.4323725,
                38.9364728
              ]
            ]
          ]
        ]
      },
      "id": "relation/17488279"
    },
    {
      "type": "Feature",
      "properties": {
        "@id": "way/49298972",
        "area": "yes",
        "barrier": "fence",
        "frequency": "50",
        "location": "outdoor",
        "name": "Subestació Es Rafal",
        "operator": "GESA Endesa",
        "power": "substation",
        "ref": "66/15 KV",
        "substation": "distribution",
        "voltage": "66000;15000"
      },
      "geometry": {
        "type": "Polygon",
        "coordinates": [
          [
            [
              2.6315509,
              39.5918232
            ],
            [
              2.6314782,
              39.5916823
            ],
            [
              2.6320284,
              39.5904821
            ],
            [
              2.6337915,
              39.5910031
            ],
            [
              2.6335094,
              39.5916386
            ],
            [
              2.6334014,
              39.5918462
            ],
            [
              2.6331666,
              39.5921274
            ],
            [
              2.633142,
              39.5921182
            ],
            [
              2.6331091,
              39.592184
            ],
            [
              2.6330864,
              39.5922562
            ],
            [
              2.6328171,
              39.592277
            ],
            [
              2.6324232,
              39.592095
            ],
            [
              2.6318382,
              39.5919267
            ],
            [
              2.6315509,
              39.5918232
            ]
          ]
        ]
      },
      "id": "way/49298972"
    },
    {
      "type": "Feature",
      "properties": {
        "@id": "way/52512194",
        "power": "substation"
      },
      "geometry": {
        "type": "Polygon",
        "coordinates": [
          [
            [
              2.6340517,
              39.6372865
            ],
            [
              2.6342496,
              39.6369973
            ],
            [
              2.6344359,
              39.6370856
            ],
            [
              2.634218,
              39.6373726
            ],
            [
              2.6340517,
              39.6372865
            ]
          ]
        ]
      },
      "id": "way/52512194"
    },
    {
      "type": "Feature",
      "properties": {
        "@id": "way/81409681",
        "frequency": "50",
        "location": "outdoor",
        "name": "Estació elèctrica de Son Reus",
        "name:ca": "Estació elèctrica de Son Reus",
        "power": "substation",
        "substation": "transmission",
        "voltage": "220000"
      },
      "geometry": {
        "type": "Polygon",
        "coordinates": [
          [
            [
              2.6778976,
              39.6512847
            ],
            [
              2.6782509,
              39.650989
            ],
            [
              2.6778515,
              39.6506519
            ],
            [
              2.6790421,
              39.6497588
            ],
            [
              2.6794953,
              39.6500959
            ],
            [
              2.6791343,
              39.6504153
            ],
            [
              2.6794326,
              39.6506472
            ],
            [
              2.6799255,
              39.6510304
            ],
            [
              2.6787502,
              39.651953
            ],
            [
              2.6778976,
              39.6512847
            ]
          ]
        ]
      },
      "id": "way/81409681"
    },
    {
      "type": "Feature",
      "properties": {
        "@id": "way/81409707",
        "operator": "GESA ENDESA",
        "power": "substation"
      },
      "geometry": {
        "type": "Polygon",
        "coordinates": [
          [
            [
              2.6798794,
              39.6502083
            ],
            [
              2.6811699,
              39.6491851
            ],
            [
              2.6817921,
              39.6495814
            ],
            [
              2.6804401,
              39.6506164
            ],
            [
              2.6798794,
              39.6502083
            ]
          ]
        ]
      },
      "id": "way/81409707"
    },
    {
      "type": "Feature",
      "properties": {
        "@id": "way/93793242",
        "frequency": "50",
        "location": "outdoor",
        "name": "Subestació de Llucmajor II",
        "name:ca": "Subestació de Llucmajor II",
        "power": "substation",
        "source": "ideib WMS (see OSM wiki)",
        "substation": "distribution",
        "voltage": "66000"
      },
      "geometry": {
        "type": "Polygon",
        "coordinates": [
          [
            [
              2.8997912,
              39.4980426
            ],
            [
              2.9004878,
              39.4975146
            ],
            [
              2.9014048,
              39.498187
            ],
            [
              2.901173,
              39.4983687
            ],
            [
              2.9006782,
              39.4987889
            ],
            [
              2.9004815,
              39.4985572
            ],
            [
              2.8998247,
              39.4980667
            ],
            [
              2.8997912,
              39.4980426
            ]
          ]
        ]
      },
      "id": "way/93793242"
    },
    {
      "type": "Feature",
      "properties": {
        "@id": "way/131323212",
        "frequency": "0;50",
        "name": "Subestación HVDC Son Bugadelles",
        "power": "substation",
        "substation": "converter",
        "voltage": "250000;220000"
      },
      "geometry": {
        "type": "Polygon",
        "coordinates": [
          [
            [
              2.5064252,
              39.5347682
            ],
            [
              2.506342,
              39.5347071
            ],
            [
              2.505317,
              39.5339536
            ],
            [
              2.5063083,
              39.5330387
            ],
            [
              2.5074256,
              39.5338391
            ],
            [
              2.5069624,
              39.5342693
            ],
            [
              2.5064252,
              39.5347682
            ]
          ]
        ]
      },
      "id": "way/131323212"
    },
    {
      "type": "Feature",
      "properties": {
        "@id": "way/139280545",
        "area": "yes",
        "frequency": "50",
        "location": "outdoor",
        "name": "Estació de So n'Orlandis",
        "power": "substation",
        "source": "ideib WMS layer (see wiki)",
        "substation": "transmission",
        "voltage": "220000;66000"
      },
      "geometry": {
        "type": "Polygon",
        "coordinates": [
          [
            [
              2.743268,
              39.5996867
            ],
            [
              2.7433192,
              39.5996892
            ],
            [
              2.7434438,
              39.5997073
            ],
            [
              2.7434838,
              39.5996853
            ],
            [
              2.7435382,
              39.5996554
            ],
            [
              2.7434607,
              39.5995697
            ],
            [
              2.7440958,
              39.5995725
            ],
            [
              2.7446815,
              39.5992913
            ],
            [
              2.7452897,
              39.599702
            ],
            [
              2.7457109,
              39.6010461
            ],
            [
              2.7435308,
              39.6009765
            ],
            [
              2.743076,
              39.600228
            ],
            [
              2.7430158,
              39.6001012
            ],
            [
              2.7429823,
              39.5999721
            ],
            [
              2.7429902,
              39.5998823
            ],
            [
              2.7430495,
              39.5998067
            ],
            [
              2.743268,
              39.5996867
            ]
          ]
        ]
      },
      "id": "way/139280545"
    },
    {
      "type": "Feature",
      "properties": {
        "@id": "way/139280769",
        "frequency": "50",
        "location": "outdoor",
        "name": "Central de Llubi",
        "power": "substation",
        "source": "ideib WMS layer (see wiki)",
        "substation": "transmission",
        "voltage": "220000;66000"
      },
      "geometry": {
        "type": "Polygon",
        "coordinates": [
          [
            [
              3.0401257,
              39.6728615
            ],
            [
              3.0405794,
              39.6735332
            ],
            [
              3.039941,
              39.6737856
            ],
            [
              3.0402518,
              39.6742608
            ],
            [
              3.0392503,
              39.674686
            ],
            [
              3.0391164,
              39.6745232
            ],
            [
              3.0386997,
              39.6746677
            ],
            [
              3.0386865,
              39.6745929
            ],
            [
              3.0389086,
              39.6743462
            ],
            [
              3.0388866,
              39.6743281
            ],
            [
              3.0388774,
              39.6742991
            ],
            [
              3.0386625,
              39.6741032
            ],
            [
              3.0386049,
              39.6733143
            ],
            [
              3.0401257,
              39.6728615
            ]
          ]
        ]
      },
      "id": "way/139280769"
    },
    {
      "type": "Feature",
      "properties": {
        "@id": "way/143044526",
        "frequency": "50",
        "location": "outdoor",
        "power": "substation",
        "substation": "transmission",
        "voltage": "220000;66000"
      },
      "geometry": {
        "type": "Polygon",
        "coordinates": [
          [
            [
              2.7018534,
              39.5477935
            ],
            [
              2.7007493,
              39.5470562
            ],
            [
              2.7011939,
              39.5466641
            ],
            [
              2.7026141,
              39.5476054
            ],
            [
              2.7020232,
              39.5481479
            ],
            [
              2.7016901,
              39.5479389
            ],
            [
              2.7018534,
              39.5477935
            ]
          ]
        ]
      },
      "id": "way/143044526"
    },
    {
      "type": "Feature",
      "properties": {
        "@id": "way/143293789",
        "area": "yes",
        "frequency": "50",
        "location": "outdoor",
        "name": "Central d'es Bessons",
        "power": "substation",
        "source": "ideib WMS",
        "substation": "transmission",
        "voltage": "220000;132000;66000"
      },
      "geometry": {
        "type": "Polygon",
        "coordinates": [
          [
            [
              3.1569896,
              39.5821543
            ],
            [
              3.156896,
              39.582084
            ],
            [
              3.1593468,
              39.5809423
            ],
            [
              3.1594694,
              39.5811858
            ],
            [
              3.1597359,
              39.5817803
            ],
            [
              3.1599108,
              39.5818657
            ],
            [
              3.1598234,
              39.5818746
            ],
            [
              3.1597771,
              39.5819422
            ],
            [
              3.1597272,
              39.5820151
            ],
            [
              3.1598351,
              39.582124
            ],
            [
              3.1594299,
              39.582789
            ],
            [
              3.1590451,
              39.5830327
            ],
            [
              3.1569896,
              39.5821543
            ]
          ]
        ]
      },
      "id": "way/143293789"
    },
    {
      "type": "Feature",
      "properties": {
        "@id": "way/143295080",
        "area": "yes",
        "name": "Subestació de Manacor",
        "name:ca": "Subestació de Manacor",
        "power": "substation",
        "source": "ideib WMS;survey",
        "voltage": "66000"
      },
      "geometry": {
        "type": "Polygon",
        "coordinates": [
          [
            [
              3.1897248,
              39.5738048
            ],
            [
              3.1899758,
              39.5727981
            ],
            [
              3.19107,
              39.5727006
            ],
            [
              3.19069,
              39.5739596
            ],
            [
              3.1897248,
              39.5738048
            ]
          ]
        ]
      },
      "id": "way/143295080"
    },
    {
      "type": "Feature",
      "properties": {
        "@id": "way/147991909",
        "frequency": "50",
        "location": "outdoor",
        "power": "substation",
        "substation": "transition",
        "voltage": "132000"
      },
      "geometry": {
        "type": "Polygon",
        "coordinates": [
          [
            [
              3.8334722,
              39.9322138
            ],
            [
              3.8335231,
              39.9318189
            ],
            [
              3.8335687,
              39.931825
            ],
            [
              3.8336098,
              39.9318278
            ],
            [
              3.8341481,
              39.9318641
            ],
            [
              3.834081,
              39.9322652
            ],
            [
              3.8334722,
              39.9322138
            ]
          ]
        ]
      },
      "id": "way/147991909"
    },
    {
      "type": "Feature",
      "properties": {
        "@id": "way/148347794",
        "area": "yes",
        "frequency": "50",
        "location": "outdoor",
        "name": "Central de Valldurgent",
        "power": "substation",
        "source": "Bing WMS;survey",
        "substation": "transmission",
        "voltage": "220000;66000"
      },
      "geometry": {
        "type": "Polygon",
        "coordinates": [
          [
            [
              2.5487401,
              39.5852281
            ],
            [
              2.5483662,
              39.5843543
            ],
            [
              2.5484773,
              39.5843218
            ],
            [
              2.5484593,
              39.5842808
            ],
            [
              2.5484294,
              39.5842198
            ],
            [
              2.5483596,
              39.5842078
            ],
            [
              2.5482756,
              39.5841916
            ],
            [
              2.5481525,
              39.5839493
            ],
            [
              2.5490066,
              39.5835808
            ],
            [
              2.5499962,
              39.5833225
            ],
            [
              2.5506039,
              39.5847625
            ],
            [
              2.5487401,
              39.5852281
            ]
          ]
        ]
      },
      "id": "way/148347794"
    },
    {
      "type": "Feature",
      "properties": {
        "@id": "way/151263294",
        "building": "yes",
        "power": "substation"
      },
      "geometry": {
        "type": "Polygon",
        "coordinates": [
          [
            [
              3.1544354,
              39.6734319
            ],
            [
              3.1544757,
              39.6734787
            ],
            [
              3.1544339,
              39.6735
            ],
            [
              3.1543936,
              39.6734532
            ],
            [
              3.1544354,
              39.6734319
            ]
          ]
        ]
      },
      "id": "way/151263294"
    },
    {
      "type": "Feature",
      "properties": {
        "@id": "way/151657214",
        "frequency": "50",
        "location": "outdoor",
        "power": "substation",
        "substation": "transmission",
        "voltage": "132000"
      },
      "geometry": {
        "type": "Polygon",
        "coordinates": [
          [
            [
              4.0950035,
              39.9776422
            ],
            [
              4.0952449,
              39.9767255
            ],
            [
              4.0964627,
              39.9769187
            ],
            [
              4.0963225,
              39.9774187
            ],
            [
              4.096291,
              39.9775312
            ],
            [
              4.0960281,
              39.9774531
            ],
            [
              4.0960359,
              39.9774883
            ],
            [
              4.0955895,
              39.9775543
            ],
            [
              4.0950035,
              39.9776422
            ]
          ]
        ]
      },
      "id": "way/151657214"
    },
    {
      "type": "Feature",
      "properties": {
        "@id": "way/153879634",
        "frequency": "50",
        "location": "outdoor",
        "name": "Estación de Dragonera",
        "power": "substation",
        "substation": "transmission",
        "voltage": "132000"
      },
      "geometry": {
        "type": "Polygon",
        "coordinates": [
          [
            [
              4.2375573,
              39.8901387
            ],
            [
              4.238598,
              39.8917687
            ],
            [
              4.237729,
              39.8920485
            ],
            [
              4.2376002,
              39.8919168
            ],
            [
              4.2374715,
              39.8919497
            ],
            [
              4.2372177,
              39.8914674
            ],
            [
              4.2366384,
              39.8916402
            ],
            [
              4.236059,
              39.8906359
            ],
            [
              4.2375573,
              39.8901387
            ]
          ]
        ]
      },
      "id": "way/153879634"
    },
    {
      "type": "Feature",
      "properties": {
        "@id": "way/154344755",
        "area": "yes",
        "frequency": "50",
        "location": "outdoor",
        "name": "Subcentral d'Artà",
        "name:ca": "Subcentral d'Artà",
        "power": "substation",
        "source": "survey;Bing WMS",
        "substation": "distribution",
        "voltage": "66000"
      },
      "geometry": {
        "type": "Polygon",
        "coordinates": [
          [
            [
              3.3424902,
              39.681515
            ],
            [
              3.3433389,
              39.680715
            ],
            [
              3.343455,
              39.6807897
            ],
            [
              3.3434914,
              39.6807571
            ],
            [
              3.3439811,
              39.6810702
            ],
            [
              3.3437298,
              39.6812559
            ],
            [
              3.3433905,
              39.6815625
            ],
            [
              3.3432283,
              39.681644
            ],
            [
              3.3431089,
              39.6816709
            ],
            [
              3.3429962,
              39.6815945
            ],
            [
              3.342905,
              39.6816698
            ],
            [
              3.3428098,
              39.6816812
            ],
            [
              3.3425577,
              39.681611
            ],
            [
              3.3424491,
              39.681558
            ],
            [
              3.3424902,
              39.681515
            ]
          ]
        ]
      },
      "id": "way/154344755"
    },
    {
      "type": "Feature",
      "properties": {
        "@id": "way/155172611",
        "area": "yes",
        "name": "Subestació de Sa Pobla",
        "name:ca": "Subestació de Sa Pobla",
        "power": "substation",
        "source": "Bing WMS"
      },
      "geometry": {
        "type": "Polygon",
        "coordinates": [
          [
            [
              3.0307472,
              39.7634104
            ],
            [
              3.0308546,
              39.7632512
            ],
            [
              3.0309156,
              39.7632553
            ],
            [
              3.0309299,
              39.763235
            ],
            [
              3.0309438,
              39.7632151
            ],
            [
              3.0309094,
              39.7631693
            ],
            [
              3.0312129,
              39.762705
            ],
            [
              3.0326606,
              39.7634346
            ],
            [
              3.0325286,
              39.7635978
            ],
            [
              3.0321281,
              39.7640932
            ],
            [
              3.0307472,
              39.7634104
            ]
          ]
        ]
      },
      "id": "way/155172611"
    },
    {
      "type": "Feature",
      "properties": {
        "@id": "way/164433064",
        "building": "industrial",
        "building:levels": "1",
        "power": "substation"
      },
      "geometry": {
        "type": "Polygon",
        "coordinates": [
          [
            [
              4.2636668,
              39.8610666
            ],
            [
              4.2636635,
              39.8610193
            ],
            [
              4.263717,
              39.8610171
            ],
            [
              4.2637202,
              39.8610644
            ],
            [
              4.2636668,
              39.8610666
            ]
          ]
        ]
      },
      "id": "way/164433064"
    },
    {
      "type": "Feature",
      "properties": {
        "@id": "way/164433087",
        "building": "industrial",
        "building:levels": "1",
        "power": "substation"
      },
      "geometry": {
        "type": "Polygon",
        "coordinates": [
          [
            [
              4.2622383,
              39.8611156
            ],
            [
              4.2622364,
              39.8610752
            ],
            [
              4.2622987,
              39.8610745
            ],
            [
              4.2623009,
              39.861115
            ],
            [
              4.2622383,
              39.8611156
            ]
          ]
        ]
      },
      "id": "way/164433087"
    },
    {
      "type": "Feature",
      "properties": {
        "@id": "way/168200882",
        "frequency": "50",
        "location": "outdoor",
        "power": "substation",
        "substation": "transmission",
        "voltage": "132000"
      },
      "geometry": {
        "type": "Polygon",
        "coordinates": [
          [
            [
              3.8545646,
              40.0037343
            ],
            [
              3.854642,
              40.0032559
            ],
            [
              3.8548414,
              40.0032769
            ],
            [
              3.8547584,
              40.0030765
            ],
            [
              3.8548061,
              40.0029656
            ],
            [
              3.8546376,
              40.0029785
            ],
            [
              3.8546186,
              40.0031166
            ],
            [
              3.85441,
              40.003112
            ],
            [
              3.8544302,
              40.003347
            ],
            [
              3.8543622,
              40.003598
            ],
            [
              3.8543025,
              40.0035897
            ],
            [
              3.8539474,
              40.0035401
            ],
            [
              3.8539312,
              40.0023478
            ],
            [
              3.8545852,
              40.0023414
            ],
            [
              3.8546256,
              40.0026208
            ],
            [
              3.8546659,
              40.0026226
            ],
            [
              3.8554855,
              40.00266
            ],
            [
              3.8553721,
              40.0030622
            ],
            [
              3.8558773,
              40.0031464
            ],
            [
              3.8558482,
              40.0032451
            ],
            [
              3.8561011,
              40.0032828
            ],
            [
              3.8563437,
              40.0033304
            ],
            [
              3.8561935,
              40.0038139
            ],
            [
              3.8561392,
              40.0039889
            ],
            [
              3.8559982,
              40.0039645
            ],
            [
              3.8559752,
              40.0039337
            ],
            [
              3.8559804,
              40.0039106
            ],
            [
              3.8559424,
              40.0039037
            ],
            [
              3.8559104,
              40.0038978
            ],
            [
              3.8559043,
              40.0039152
            ],
            [
              3.8558611,
              40.0039407
            ],
            [
              3.8548912,
              40.003784
            ],
            [
              3.8548623,
              40.0037398
            ],
            [
              3.8548771,
              40.0036946
            ],
            [
              3.8547779,
              40.0036751
            ],
            [
              3.8547644,
              40.0037274
            ],
            [
              3.8547178,
              40.0037523
            ],
            [
              3.8545646,
              40.0037343
            ]
          ]
        ]
      },
      "id": "way/168200882"
    },
    {
      "type": "Feature",
      "properties": {
        "@id": "way/169478555",
        "power": "substation"
      },
      "geometry": {
        "type": "Polygon",
        "coordinates": [
          [
            [
              1.4300764,
              38.919614
            ],
            [
              1.4306302,
              38.9192476
            ],
            [
              1.4311178,
              38.9196885
            ],
            [
              1.4305693,
              38.920078
            ],
            [
              1.4300764,
              38.919614
            ]
          ]
        ]
      },
      "id": "way/169478555"
    },
    {
      "type": "Feature",
      "properties": {
        "@id": "way/169478556",
        "name": "Subestación San Jorge",
        "power": "substation",
        "voltage": "132000;66000"
      },
      "geometry": {
        "type": "Polygon",
        "coordinates": [
          [
            [
              1.3779231,
              38.9040711
            ],
            [
              1.3785225,
              38.9040711
            ],
            [
              1.378486,
              38.9043081
            ],
            [
              1.3785364,
              38.9043682
            ],
            [
              1.3784356,
              38.9051753
            ],
            [
              1.377771,
              38.9050204
            ],
            [
              1.3779231,
              38.9040711
            ]
          ]
        ]
      },
      "id": "way/169478556"
    },
    {
      "type": "Feature",
      "properties": {
        "@id": "way/169478557",
        "name": "Substación de Santa Eulalia",
        "power": "substation"
      },
      "geometry": {
        "type": "Polygon",
        "coordinates": [
          [
            [
              1.4896206,
              39.0062567
            ],
            [
              1.4908435,
              39.0060677
            ],
            [
              1.4908799,
              39.0062217
            ],
            [
              1.4909459,
              39.0062091
            ],
            [
              1.4910174,
              39.0065453
            ],
            [
              1.4898795,
              39.0067218
            ],
            [
              1.4898741,
              39.0066959
            ],
            [
              1.4896206,
              39.0062567
            ]
          ]
        ]
      },
      "id": "way/169478557"
    },
    {
      "type": "Feature",
      "properties": {
        "@id": "way/169478558",
        "name": "Subestación de Sant Antoni",
        "power": "substation"
      },
      "geometry": {
        "type": "Polygon",
        "coordinates": [
          [
            [
              1.3368865,
              38.9574298
            ],
            [
              1.3360339,
              38.9577513
            ],
            [
              1.3358364,
              38.9574326
            ],
            [
              1.3358855,
              38.9571483
            ],
            [
              1.336255,
              38.9570006
            ],
            [
              1.3364173,
              38.9570067
            ],
            [
              1.3365813,
              38.9569406
            ],
            [
              1.336622,
              38.9568603
            ],
            [
              1.3369118,
              38.956753
            ],
            [
              1.3368865,
              38.9574298
            ]
          ]
        ]
      },
      "id": "way/169478558"
    },
    {
      "type": "Feature",
      "properties": {
        "@id": "way/176063297",
        "area": "yes",
        "barrier": "fence",
        "fence_type": "chain_link",
        "location": "outdoor",
        "name": "Subestació d'Endesa",
        "name:de": "Übergabestation Seekabel Menorca",
        "power": "substation",
        "substation": "transition"
      },
      "geometry": {
        "type": "Polygon",
        "coordinates": [
          [
            [
              3.4277256,
              39.7387681
            ],
            [
              3.4270979,
              39.7392362
            ],
            [
              3.4267364,
              39.7389504
            ],
            [
              3.42734,
              39.7384947
            ],
            [
              3.4273884,
              39.7384979
            ],
            [
              3.4277256,
              39.7387681
            ]
          ]
        ]
      },
      "id": "way/176063297"
    },
    {
      "type": "Feature",
      "properties": {
        "@id": "way/177098449",
        "frequency": "50",
        "location": "outdoor",
        "name": "Subestació de Calvià",
        "name:ca": "Subestació de Calvià",
        "power": "substation",
        "voltage": "66000"
      },
      "geometry": {
        "type": "Polygon",
        "coordinates": [
          [
            [
              2.5066999,
              39.5266249
            ],
            [
              2.5070159,
              39.5262862
            ],
            [
              2.5070998,
              39.5262559
            ],
            [
              2.5071676,
              39.5261871
            ],
            [
              2.5073229,
              39.5262642
            ],
            [
              2.5073872,
              39.5261967
            ],
            [
              2.5074479,
              39.5261953
            ],
            [
              2.5086779,
              39.5268352
            ],
            [
              2.5082316,
              39.5273437
            ],
            [
              2.5074461,
              39.5269513
            ],
            [
              2.5073765,
              39.5269637
            ],
            [
              2.5066999,
              39.5266249
            ]
          ]
        ]
      },
      "id": "way/177098449"
    },
    {
      "type": "Feature",
      "properties": {
        "@id": "way/177098451",
        "frequency": "50",
        "location": "indoor",
        "name": "Subestació d'Andratx",
        "power": "substation",
        "substation": "distribution",
        "voltage": "66000"
      },
      "geometry": {
        "type": "Polygon",
        "coordinates": [
          [
            [
              2.422185,
              39.5445329
            ],
            [
              2.4227935,
              39.5440908
            ],
            [
              2.4232719,
              39.5444791
            ],
            [
              2.4232104,
              39.5445159
            ],
            [
              2.4231485,
              39.5445608
            ],
            [
              2.422993,
              39.544556
            ],
            [
              2.4227164,
              39.5447739
            ],
            [
              2.4226117,
              39.5448564
            ],
            [
              2.422185,
              39.5445329
            ]
          ]
        ]
      },
      "id": "way/177098451"
    },
    {
      "type": "Feature",
      "properties": {
        "@id": "way/178616226",
        "building": "yes",
        "power": "substation"
      },
      "geometry": {
        "type": "Polygon",
        "coordinates": [
          [
            [
              3.4436594,
              39.6612817
            ],
            [
              3.4436819,
              39.6612196
            ],
            [
              3.4437281,
              39.6612295
            ],
            [
              3.4437056,
              39.6612916
            ],
            [
              3.4436594,
              39.6612817
            ]
          ]
        ]
      },
      "id": "way/178616226"
    },
    {
      "type": "Feature",
      "properties": {
        "@id": "way/178616228",
        "building": "yes",
        "power": "substation"
      },
      "geometry": {
        "type": "Polygon",
        "coordinates": [
          [
            [
              3.4458535,
              39.6584821
            ],
            [
              3.4458352,
              39.6584507
            ],
            [
              3.4459231,
              39.6584203
            ],
            [
              3.4459414,
              39.6584517
            ],
            [
              3.4458535,
              39.6584821
            ]
          ]
        ]
      },
      "id": "way/178616228"
    },
    {
      "type": "Feature",
      "properties": {
        "@id": "way/178624853",
        "building": "yes",
        "power": "substation"
      },
      "geometry": {
        "type": "Polygon",
        "coordinates": [
          [
            [
              3.4394023,
              39.656488
            ],
            [
              3.4393884,
              39.6564575
            ],
            [
              3.4394497,
              39.6564398
            ],
            [
              3.4394647,
              39.6564698
            ],
            [
              3.4394023,
              39.656488
            ]
          ]
        ]
      },
      "id": "way/178624853"
    },
    {
      "type": "Feature",
      "properties": {
        "@id": "way/178744415",
        "building": "yes",
        "power": "substation"
      },
      "geometry": {
        "type": "Polygon",
        "coordinates": [
          [
            [
              3.4381954,
              39.656561
            ],
            [
              3.4381862,
              39.6565242
            ],
            [
              3.4382277,
              39.6565181
            ],
            [
              3.4382368,
              39.6565549
            ],
            [
              3.4381954,
              39.656561
            ]
          ]
        ]
      },
      "id": "way/178744415"
    },
    {
      "type": "Feature",
      "properties": {
        "@id": "way/181755877",
        "power": "substation"
      },
      "geometry": {
        "type": "Polygon",
        "coordinates": [
          [
            [
              2.4220482,
              39.5752431
            ],
            [
              2.4220484,
              39.5751875
            ],
            [
              2.4221174,
              39.5751877
            ],
            [
              2.4221172,
              39.5752433
            ],
            [
              2.4220482,
              39.5752431
            ]
          ]
        ]
      },
      "id": "way/181755877"
    },
    {
      "type": "Feature",
      "properties": {
        "@id": "way/183871793",
        "frequency": "50",
        "location": "outdoor",
        "name": "Subestació de Santanyí",
        "name:ca": "Subestació de Santanyí",
        "power": "substation",
        "substation": "distribution",
        "voltage": "66000"
      },
      "geometry": {
        "type": "Polygon",
        "coordinates": [
          [
            [
              3.1174817,
              39.3663901
            ],
            [
              3.1178498,
              39.3666178
            ],
            [
              3.1180103,
              39.3667171
            ],
            [
              3.1179334,
              39.3667747
            ],
            [
              3.1177412,
              39.3666632
            ],
            [
              3.1175394,
              39.366862
            ],
            [
              3.1179406,
              39.3671388
            ],
            [
              3.1174913,
              39.3675512
            ],
            [
              3.1168521,
              39.3670979
            ],
            [
              3.1168569,
              39.3670682
            ],
            [
              3.116744,
              39.3669995
            ],
            [
              3.1174817,
              39.3663901
            ]
          ]
        ]
      },
      "id": "way/183871793"
    },
    {
      "type": "Feature",
      "properties": {
        "@id": "way/188989669",
        "building": "transformer_tower",
        "building:levels": "1",
        "power": "substation"
      },
      "geometry": {
        "type": "Polygon",
        "coordinates": [
          [
            [
              3.8567653,
              39.9432434
            ],
            [
              3.8567152,
              39.9433064
            ],
            [
              3.8566813,
              39.9432904
            ],
            [
              3.8567314,
              39.9432274
            ],
            [
              3.8567653,
              39.9432434
            ]
          ]
        ]
      },
      "id": "way/188989669"
    },
    {
      "type": "Feature",
      "properties": {
        "@id": "way/206594770",
        "building": "yes",
        "power": "substation"
      },
      "geometry": {
        "type": "Polygon",
        "coordinates": [
          [
            [
              2.5200239,
              39.4593441
            ],
            [
              2.520007,
              39.4593331
            ],
            [
              2.5199902,
              39.4593216
            ],
            [
              2.5200239,
              39.4592944
            ],
            [
              2.5200575,
              39.4593145
            ],
            [
              2.5200239,
              39.4593441
            ]
          ]
        ]
      },
      "id": "way/206594770"
    },
    {
      "type": "Feature",
      "properties": {
        "@id": "way/206600164",
        "building": "yes",
        "power": "substation"
      },
      "geometry": {
        "type": "Polygon",
        "coordinates": [
          [
            [
              2.5150571,
              39.4720324
            ],
            [
              2.5150821,
              39.4720322
            ],
            [
              2.5151066,
              39.4720321
            ],
            [
              2.515107,
              39.4720711
            ],
            [
              2.5150814,
              39.4720712
            ],
            [
              2.5150575,
              39.4720714
            ],
            [
              2.5150571,
              39.4720324
            ]
          ]
        ]
      },
      "id": "way/206600164"
    },
    {
      "type": "Feature",
      "properties": {
        "@id": "way/219047703",
        "frequency": "50",
        "location": "outdoor",
        "name": "Subestació de Bunyola",
        "name:ca": "Subestació de Bunyola",
        "power": "substation",
        "substation": "distribution",
        "voltage": "66000"
      },
      "geometry": {
        "type": "Polygon",
        "coordinates": [
          [
            [
              2.7030692,
              39.6852272
            ],
            [
              2.7034766,
              39.6839492
            ],
            [
              2.704342,
              39.6841265
            ],
            [
              2.7045022,
              39.6845374
            ],
            [
              2.7040049,
              39.6846844
            ],
            [
              2.7030692,
              39.6852272
            ]
          ]
        ]
      },
      "id": "way/219047703"
    },
    {
      "type": "Feature",
      "properties": {
        "@id": "way/228146173",
        "building": "yes",
        "frequency": "50",
        "man_made": "street_cabinet",
        "power": "substation",
        "utility": "power"
      },
      "geometry": {
        "type": "Polygon",
        "coordinates": [
          [
            [
              3.3976208,
              39.6425063
            ],
            [
              3.3976243,
              39.6424826
            ],
            [
              3.3976987,
              39.6424891
            ],
            [
              3.3976952,
              39.6425128
            ],
            [
              3.3976208,
              39.6425063
            ]
          ]
        ]
      },
      "id": "way/228146173"
    },
    {
      "type": "Feature",
      "properties": {
        "@id": "way/229060232",
        "power": "substation"
      },
      "geometry": {
        "type": "Polygon",
        "coordinates": [
          [
            [
              3.4005773,
              39.6435253
            ],
            [
              3.4005394,
              39.643444
            ],
            [
              3.4005755,
              39.643434
            ],
            [
              3.4006134,
              39.6435154
            ],
            [
              3.4005773,
              39.6435253
            ]
          ]
        ]
      },
      "id": "way/229060232"
    },
    {
      "type": "Feature",
      "properties": {
        "@id": "way/229060263",
        "power": "substation"
      },
      "geometry": {
        "type": "Polygon",
        "coordinates": [
          [
            [
              3.4004235,
              39.6431279
            ],
            [
              3.4004065,
              39.6430412
            ],
            [
              3.4004454,
              39.6430367
            ],
            [
              3.4004623,
              39.6431234
            ],
            [
              3.4004235,
              39.6431279
            ]
          ]
        ]
      },
      "id": "way/229060263"
    },
    {
      "type": "Feature",
      "properties": {
        "@id": "way/229060269",
        "power": "substation"
      },
      "geometry": {
        "type": "Polygon",
        "coordinates": [
          [
            [
              3.4003512,
              39.6428201
            ],
            [
              3.4003321,
              39.6427312
            ],
            [
              3.4003709,
              39.6427262
            ],
            [
              3.4003899,
              39.6428152
            ],
            [
              3.4003512,
              39.6428201
            ]
          ]
        ]
      },
      "id": "way/229060269"
    },
    {
      "type": "Feature",
      "properties": {
        "@id": "way/229060270",
        "power": "substation"
      },
      "geometry": {
        "type": "Polygon",
        "coordinates": [
          [
            [
              3.4002875,
              39.6424993
            ],
            [
              3.4002643,
              39.6424147
            ],
            [
              3.4003006,
              39.6424088
            ],
            [
              3.4003238,
              39.6424934
            ],
            [
              3.4002875,
              39.6424993
            ]
          ]
        ]
      },
      "id": "way/229060270"
    },
    {
      "type": "Feature",
      "properties": {
        "@id": "way/229060307",
        "power": "substation"
      },
      "geometry": {
        "type": "Polygon",
        "coordinates": [
          [
            [
              3.4002071,
              39.6422514
            ],
            [
              3.4001987,
              39.6422213
            ],
            [
              3.4002347,
              39.6422153
            ],
            [
              3.4002431,
              39.6422454
            ],
            [
              3.4002071,
              39.6422514
            ]
          ]
        ]
      },
      "id": "way/229060307"
    },
    {
      "type": "Feature",
      "properties": {
        "@id": "way/229082581",
        "building": "yes",
        "frequency": "50",
        "man_made": "street_cabinet",
        "power": "substation",
        "street_cabinet": "power"
      },
      "geometry": {
        "type": "Polygon",
        "coordinates": [
          [
            [
              2.9032456,
              39.4178126
            ],
            [
              2.9032511,
              39.417763
            ],
            [
              2.9032807,
              39.4177649
            ],
            [
              2.9032752,
              39.4178145
            ],
            [
              2.9032456,
              39.4178126
            ]
          ]
        ]
      },
      "id": "way/229082581"
    },
    {
      "type": "Feature",
      "properties": {
        "@id": "way/229082658",
        "power": "substation"
      },
      "geometry": {
        "type": "Polygon",
        "coordinates": [
          [
            [
              2.8997946,
              39.4227265
            ],
            [
              2.8998215,
              39.422639
            ],
            [
              2.8998771,
              39.4226492
            ],
            [
              2.8998502,
              39.4227367
            ],
            [
              2.8997946,
              39.4227265
            ]
          ]
        ]
      },
      "id": "way/229082658"
    },
    {
      "type": "Feature",
      "properties": {
        "@id": "way/229082659",
        "power": "substation"
      },
      "geometry": {
        "type": "Polygon",
        "coordinates": [
          [
            [
              2.8996599,
              39.4230897
            ],
            [
              2.8996914,
              39.4230021
            ],
            [
              2.8997375,
              39.423012
            ],
            [
              2.8997061,
              39.4230995
            ],
            [
              2.8996599,
              39.4230897
            ]
          ]
        ]
      },
      "id": "way/229082659"
    },
    {
      "type": "Feature",
      "properties": {
        "@id": "way/229082709",
        "power": "substation"
      },
      "geometry": {
        "type": "Polygon",
        "coordinates": [
          [
            [
              2.8995488,
              39.4234308
            ],
            [
              2.899581,
              39.4233417
            ],
            [
              2.8996186,
              39.42335
            ],
            [
              2.8995917,
              39.4234371
            ],
            [
              2.8995488,
              39.4234308
            ]
          ]
        ]
      },
      "id": "way/229082709"
    },
    {
      "type": "Feature",
      "properties": {
        "@id": "way/229082734",
        "power": "substation"
      },
      "geometry": {
        "type": "Polygon",
        "coordinates": [
          [
            [
              2.8994304,
              39.4237758
            ],
            [
              2.8994604,
              39.42369
            ],
            [
              2.8995034,
              39.4236989
            ],
            [
              2.8994735,
              39.4237848
            ],
            [
              2.8994304,
              39.4237758
            ]
          ]
        ]
      },
      "id": "way/229082734"
    },
    {
      "type": "Feature",
      "properties": {
        "@id": "way/229082777",
        "power": "substation"
      },
      "geometry": {
        "type": "Polygon",
        "coordinates": [
          [
            [
              2.8993171,
              39.4240798
            ],
            [
              2.8993518,
              39.4239948
            ],
            [
              2.8993947,
              39.4240053
            ],
            [
              2.89936,
              39.4240902
            ],
            [
              2.8993171,
              39.4240798
            ]
          ]
        ]
      },
      "id": "way/229082777"
    },
    {
      "type": "Feature",
      "properties": {
        "@id": "way/229082815",
        "power": "substation"
      },
      "geometry": {
        "type": "Polygon",
        "coordinates": [
          [
            [
              2.8991867,
              39.4244531
            ],
            [
              2.899214,
              39.4243767
            ],
            [
              2.8992554,
              39.4243855
            ],
            [
              2.899228,
              39.424462
            ],
            [
              2.8991867,
              39.4244531
            ]
          ]
        ]
      },
      "id": "way/229082815"
    },
    {
      "type": "Feature",
      "properties": {
        "@id": "way/234770495",
        "building": "yes",
        "operator": "Gesa",
        "power": "substation",
        "ref": "17836",
        "source": "Bing WMS;survey"
      },
      "geometry": {
        "type": "Polygon",
        "coordinates": [
          [
            [
              2.5848248,
              39.589732
            ],
            [
              2.584826,
              39.5897021
            ],
            [
              2.5848812,
              39.5897034
            ],
            [
              2.58488,
              39.5897333
            ],
            [
              2.5848248,
              39.589732
            ]
          ]
        ]
      },
      "id": "way/234770495"
    },
    {
      "type": "Feature",
      "properties": {
        "@id": "way/234770496",
        "building": "yes",
        "operator": "Gesa",
        "power": "substation",
        "ref": "17835",
        "source": "Bing WMS;survey"
      },
      "geometry": {
        "type": "Polygon",
        "coordinates": [
          [
            [
              2.5814914,
              39.5928457
            ],
            [
              2.5814652,
              39.5928269
            ],
            [
              2.5815027,
              39.592795
            ],
            [
              2.5815309,
              39.5928138
            ],
            [
              2.5814914,
              39.5928457
            ]
          ]
        ]
      },
      "id": "way/234770496"
    },
    {
      "type": "Feature",
      "properties": {
        "@id": "way/235773751",
        "power": "substation",
        "ref": "12907",
        "source": "bing"
      },
      "geometry": {
        "type": "Polygon",
        "coordinates": [
          [
            [
              2.591455,
              39.5912704
            ],
            [
              2.5914361,
              39.5912378
            ],
            [
              2.5915151,
              39.5912106
            ],
            [
              2.591534,
              39.5912432
            ],
            [
              2.591455,
              39.5912704
            ]
          ]
        ]
      },
      "id": "way/235773751"
    },
    {
      "type": "Feature",
      "properties": {
        "@id": "way/236041107",
        "building": "yes",
        "power": "substation",
        "ref": "14888",
        "source": "bing"
      },
      "geometry": {
        "type": "Polygon",
        "coordinates": [
          [
            [
              2.4754162,
              39.5254072
            ],
            [
              2.4754912,
              39.5254081
            ],
            [
              2.4754901,
              39.5254642
            ],
            [
              2.4754151,
              39.5254633
            ],
            [
              2.4754162,
              39.5254072
            ]
          ]
        ]
      },
      "id": "way/236041107"
    },
    {
      "type": "Feature",
      "properties": {
        "@id": "way/239877730",
        "building": "yes",
        "building:colour": "#ff9e6b",
        "power": "substation"
      },
      "geometry": {
        "type": "Polygon",
        "coordinates": [
          [
            [
              3.0215964,
              39.7760175
            ],
            [
              3.0216406,
              39.7760457
            ],
            [
              3.0215793,
              39.7761124
            ],
            [
              3.0215267,
              39.7760883
            ],
            [
              3.0215964,
              39.7760175
            ]
          ]
        ]
      },
      "id": "way/239877730"
    },
    {
      "type": "Feature",
      "properties": {
        "@id": "way/262207701",
        "man_made": "street_cabinet",
        "power": "substation",
        "street_cabinet": "power",
        "substation": "minor_distribution"
      },
      "geometry": {
        "type": "Polygon",
        "coordinates": [
          [
            [
              3.8445682,
              39.9267715
            ],
            [
              3.8445805,
              39.9267109
            ],
            [
              3.8446215,
              39.9267164
            ],
            [
              3.8446098,
              39.9267762
            ],
            [
              3.8445682,
              39.9267715
            ]
          ]
        ]
      },
      "id": "way/262207701"
    },
    {
      "type": "Feature",
      "properties": {
        "@id": "way/262214593",
        "man_made": "street_cabinet",
        "power": "substation",
        "street_cabinet": "power",
        "substation": "minor_distribution"
      },
      "geometry": {
        "type": "Polygon",
        "coordinates": [
          [
            [
              3.8386979,
              39.928654
            ],
            [
              3.8387192,
              39.9285941
            ],
            [
              3.8387575,
              39.9286012
            ],
            [
              3.8387381,
              39.9286614
            ],
            [
              3.8386979,
              39.928654
            ]
          ]
        ]
      },
      "id": "way/262214593"
    },
    {
      "type": "Feature",
      "properties": {
        "@id": "way/263356941",
        "building": "yes",
        "location": "indoor",
        "power": "substation",
        "substation": "distribution"
      },
      "geometry": {
        "type": "Polygon",
        "coordinates": [
          [
            [
              2.378134,
              39.5600258
            ],
            [
              2.3781457,
              39.5599726
            ],
            [
              2.3781874,
              39.5599781
            ],
            [
              2.3781757,
              39.5600313
            ],
            [
              2.378134,
              39.5600258
            ]
          ]
        ]
      },
      "id": "way/263356941"
    },
    {
      "type": "Feature",
      "properties": {
        "@id": "way/265819372",
        "addr:housenumber": "8A",
        "addr:street": "Carrer de Sant Vicenç Ferrer",
        "power": "substation",
        "ref:ES:catastro": "1954007DD8915S"
      },
      "geometry": {
        "type": "Polygon",
        "coordinates": [
          [
            [
              2.7880091,
              39.7059768
            ],
            [
              2.788032,
              39.7059563
            ],
            [
              2.7880535,
              39.7059691
            ],
            [
              2.7880597,
              39.7059728
            ],
            [
              2.7880368,
              39.7059934
            ],
            [
              2.7880091,
              39.7059768
            ]
          ]
        ]
      },
      "id": "way/265819372"
    },
    {
      "type": "Feature",
      "properties": {
        "@id": "way/265893556",
        "addr:street": "Carrer de la Verge del Refugi",
        "power": "substation",
        "ref:ES:catastro": "2155019DD8925N"
      },
      "geometry": {
        "type": "Polygon",
        "coordinates": [
          [
            [
              2.7893411,
              39.7072452
            ],
            [
              2.7893731,
              39.7072403
            ],
            [
              2.7894036,
              39.7072356
            ],
            [
              2.7894206,
              39.707267
            ],
            [
              2.7893588,
              39.7072747
            ],
            [
              2.7893411,
              39.7072452
            ]
          ]
        ]
      },
      "id": "way/265893556"
    },
    {
      "type": "Feature",
      "properties": {
        "@id": "way/267066679",
        "addr:street": "Avinguda de la Constitució",
        "check_date": "2024-06-10",
        "power": "substation",
        "ref:ES:catastro": "2354025DD8925S"
      },
      "geometry": {
        "type": "Polygon",
        "coordinates": [
          [
            [
              2.7911533,
              39.7050818
            ],
            [
              2.7911859,
              39.7050627
            ],
            [
              2.7912107,
              39.705085
            ],
            [
              2.7912318,
              39.7051029
            ],
            [
              2.7912033,
              39.7051232
            ],
            [
              2.7911533,
              39.7050818
            ]
          ]
        ]
      },
      "id": "way/267066679"
    },
    {
      "type": "Feature",
      "properties": {
        "@id": "way/267257582",
        "building": "yes",
        "building:levels": "1",
        "power": "substation",
        "source": "Bing,survey"
      },
      "geometry": {
        "type": "Polygon",
        "coordinates": [
          [
            [
              2.7955226,
              39.7031387
            ],
            [
              2.7955592,
              39.7030972
            ],
            [
              2.795603,
              39.7031201
            ],
            [
              2.7955664,
              39.7031616
            ],
            [
              2.7955226,
              39.7031387
            ]
          ]
        ]
      },
      "id": "way/267257582"
    },
    {
      "type": "Feature",
      "properties": {
        "@id": "way/270662701",
        "building": "yes",
        "power": "substation",
        "substation": "transition"
      },
      "geometry": {
        "type": "Polygon",
        "coordinates": [
          [
            [
              2.4031267,
              39.5371852
            ],
            [
              2.4031024,
              39.537129
            ],
            [
              2.4031283,
              39.5371223
            ],
            [
              2.4031526,
              39.5371786
            ],
            [
              2.4031267,
              39.5371852
            ]
          ]
        ]
      },
      "id": "way/270662701"
    },
    {
      "type": "Feature",
      "properties": {
        "@id": "way/271742961",
        "building": "yes",
        "operator": "gesa Endesa",
        "power": "substation"
      },
      "geometry": {
        "type": "Polygon",
        "coordinates": [
          [
            [
              2.4377971,
              39.533227
            ],
            [
              2.4377813,
              39.5331933
            ],
            [
              2.4378196,
              39.5331826
            ],
            [
              2.4378354,
              39.5332163
            ],
            [
              2.4377971,
              39.533227
            ]
          ]
        ]
      },
      "id": "way/271742961"
    },
    {
      "type": "Feature",
      "properties": {
        "@id": "way/271781018",
        "building": "yes",
        "power": "substation"
      },
      "geometry": {
        "type": "Polygon",
        "coordinates": [
          [
            [
              2.4645986,
              39.5355264
            ],
            [
              2.4645773,
              39.5355064
            ],
            [
              2.4645549,
              39.5354852
            ],
            [
              2.4645981,
              39.535458
            ],
            [
              2.464619,
              39.5354777
            ],
            [
              2.4646417,
              39.5354991
            ],
            [
              2.4645986,
              39.5355264
            ]
          ]
        ]
      },
      "id": "way/271781018"
    },
    {
      "type": "Feature",
      "properties": {
        "@id": "way/271792141",
        "building": "yes",
        "power": "substation"
      },
      "geometry": {
        "type": "Polygon",
        "coordinates": [
          [
            [
              2.3731964,
              39.5757375
            ],
            [
              2.3731722,
              39.5757199
            ],
            [
              2.3731888,
              39.5757064
            ],
            [
              2.373213,
              39.575724
            ],
            [
              2.3731964,
              39.5757375
            ]
          ]
        ]
      },
      "id": "way/271792141"
    },
    {
      "type": "Feature",
      "properties": {
        "@id": "way/276336621",
        "name": "Subestació de Marratxí",
        "name:ca": "Subestació de Marratxí",
        "power": "substation"
      },
      "geometry": {
        "type": "Polygon",
        "coordinates": [
          [
            [
              2.7269349,
              39.6129478
            ],
            [
              2.726666,
              39.6131919
            ],
            [
              2.7249184,
              39.611927
            ],
            [
              2.7243298,
              39.6115076
            ],
            [
              2.7252486,
              39.6105878
            ],
            [
              2.725904,
              39.6109909
            ],
            [
              2.7263345,
              39.6105575
            ],
            [
              2.7282062,
              39.6117353
            ],
            [
              2.7269349,
              39.6129478
            ]
          ]
        ]
      },
      "id": "way/276336621"
    },
    {
      "type": "Feature",
      "properties": {
        "@id": "way/288633874",
        "building": "yes",
        "building:levels": "1",
        "power": "substation",
        "roof:shape": "flat"
      },
      "geometry": {
        "type": "Polygon",
        "coordinates": [
          [
            [
              3.3844095,
              39.6084797
            ],
            [
              3.3844521,
              39.6084484
            ],
            [
              3.3845038,
              39.6084903
            ],
            [
              3.3844612,
              39.6085216
            ],
            [
              3.3844095,
              39.6084797
            ]
          ]
        ]
      },
      "id": "way/288633874"
    },
    {
      "type": "Feature",
      "properties": {
        "@id": "way/299183357",
        "building": "yes",
        "operator": "GESA",
        "power": "substation",
        "ref": "17430",
        "source": "Bing"
      },
      "geometry": {
        "type": "Polygon",
        "coordinates": [
          [
            [
              2.8266687,
              39.4744489
            ],
            [
              2.8267324,
              39.47454
            ],
            [
              2.8266671,
              39.474567
            ],
            [
              2.8266105,
              39.4744848
            ],
            [
              2.8266387,
              39.4744614
            ],
            [
              2.8266687,
              39.4744489
            ]
          ]
        ]
      },
      "id": "way/299183357"
    },
    {
      "type": "Feature",
      "properties": {
        "@id": "way/307418613",
        "power": "substation",
        "source": "catastro",
        "source:date": "2014-01"
      },
      "geometry": {
        "type": "Polygon",
        "coordinates": [
          [
            [
              2.7947259,
              39.7032888
            ],
            [
              2.7947468,
              39.7032665
            ],
            [
              2.7948087,
              39.7033012
            ],
            [
              2.7947881,
              39.7033237
            ],
            [
              2.7947259,
              39.7032888
            ]
          ]
        ]
      },
      "id": "way/307418613"
    },
    {
      "type": "Feature",
      "properties": {
        "@id": "way/308258195",
        "fixme": "needs confirming",
        "name": "Subestació de Llucmajor I",
        "name:ca": "Subestació de Llucmajor I",
        "power": "substation",
        "source": "Bing"
      },
      "geometry": {
        "type": "Polygon",
        "coordinates": [
          [
            [
              2.8953454,
              39.4967424
            ],
            [
              2.895379,
              39.4967806
            ],
            [
              2.8953572,
              39.4968004
            ],
            [
              2.8958831,
              39.4971862
            ],
            [
              2.8958792,
              39.4971893
            ],
            [
              2.8957426,
              39.4972971
            ],
            [
              2.8947542,
              39.4980774
            ],
            [
              2.894656,
              39.4977616
            ],
            [
              2.8946853,
              39.4977377
            ],
            [
              2.8946739,
              39.4977013
            ],
            [
              2.8946625,
              39.4976648
            ],
            [
              2.8946153,
              39.4976485
            ],
            [
              2.8945525,
              39.4974351
            ],
            [
              2.8946975,
              39.4973084
            ],
            [
              2.8953454,
              39.4967424
            ]
          ]
        ]
      },
      "id": "way/308258195"
    },
    {
      "type": "Feature",
      "properties": {
        "@id": "way/313586923",
        "building": "service",
        "power": "substation",
        "substation": "minor_distribution",
        "utility": "power"
      },
      "geometry": {
        "type": "Polygon",
        "coordinates": [
          [
            [
              1.2954931,
              39.0053389
            ],
            [
              1.2955293,
              39.0052917
            ],
            [
              1.2955954,
              39.0053223
            ],
            [
              1.2955592,
              39.0053695
            ],
            [
              1.2954931,
              39.0053389
            ]
          ]
        ]
      },
      "id": "way/313586923"
    },
    {
      "type": "Feature",
      "properties": {
        "@id": "way/327926206",
        "building": "house",
        "building:levels": "2",
        "power": "substation"
      },
      "geometry": {
        "type": "Polygon",
        "coordinates": [
          [
            [
              3.2971576,
              39.5193101
            ],
            [
              3.297125,
              39.5192678
            ],
            [
              3.2971651,
              39.5192493
            ],
            [
              3.2971978,
              39.5192917
            ],
            [
              3.2971576,
              39.5193101
            ]
          ]
        ]
      },
      "id": "way/327926206"
    },
    {
      "type": "Feature",
      "properties": {
        "@id": "way/330815011",
        "addr:postcode": "07500",
        "addr:street": "Camino Conilles",
        "power": "substation",
        "source": "catastro",
        "source:date": "2014-01",
        "substation": "minor_distribution"
      },
      "geometry": {
        "type": "Polygon",
        "coordinates": [
          [
            [
              3.2069039,
              39.5771818
            ],
            [
              3.2069226,
              39.5771526
            ],
            [
              3.2069847,
              39.5771762
            ],
            [
              3.206966,
              39.5772056
            ],
            [
              3.2069039,
              39.5771818
            ]
          ]
        ]
      },
      "id": "way/330815011"
    },
    {
      "type": "Feature",
      "properties": {
        "@id": "way/330819215",
        "power": "substation",
        "source": "catastro",
        "source:date": "2014-01"
      },
      "geometry": {
        "type": "Polygon",
        "coordinates": [
          [
            [
              3.1977417,
              39.5732559
            ],
            [
              3.1977454,
              39.5732043
            ],
            [
              3.1977803,
              39.5732164
            ],
            [
              3.1977768,
              39.5732679
            ],
            [
              3.1977615,
              39.5732627
            ],
            [
              3.1977417,
              39.5732559
            ]
          ]
        ]
      },
      "id": "way/330819215"
    },
    {
      "type": "Feature",
      "properties": {
        "@id": "way/330820633",
        "addr:street": "Calle Ferrers",
        "power": "substation",
        "source": "catastro",
        "source:date": "2014-01"
      },
      "geometry": {
        "type": "Polygon",
        "coordinates": [
          [
            [
              3.1843904,
              39.5727868
            ],
            [
              3.1844047,
              39.5727863
            ],
            [
              3.1844296,
              39.5727852
            ],
            [
              3.1844314,
              39.5728022
            ],
            [
              3.1844346,
              39.5728478
            ],
            [
              3.1843973,
              39.5728494
            ],
            [
              3.1843949,
              39.5728495
            ],
            [
              3.1843924,
              39.5728157
            ],
            [
              3.1843916,
              39.5728036
            ],
            [
              3.1843904,
              39.5727868
            ]
          ]
        ]
      },
      "id": "way/330820633"
    },
    {
      "type": "Feature",
      "properties": {
        "@id": "way/330820683",
        "addr:street": "Calle Oliveristes",
        "power": "substation",
        "source": "catastro",
        "source:date": "2014-01"
      },
      "geometry": {
        "type": "Polygon",
        "coordinates": [
          [
            [
              3.1853716,
              39.5700758
            ],
            [
              3.1853983,
              39.5700352
            ],
            [
              3.1854583,
              39.5700589
            ],
            [
              3.1854317,
              39.5700995
            ],
            [
              3.1853716,
              39.5700758
            ]
          ]
        ]
      },
      "id": "way/330820683"
    },
    {
      "type": "Feature",
      "properties": {
        "@id": "way/330820685",
        "addr:postcode": "07500",
        "addr:street": "Calle Fusters",
        "power": "substation",
        "source": "catastro",
        "source:date": "2014-01"
      },
      "geometry": {
        "type": "Polygon",
        "coordinates": [
          [
            [
              3.183283,
              39.5710456
            ],
            [
              3.1833442,
              39.5710431
            ],
            [
              3.1833479,
              39.5710982
            ],
            [
              3.1832866,
              39.5711006
            ],
            [
              3.183283,
              39.5710456
            ]
          ]
        ]
      },
      "id": "way/330820685"
    },
    {
      "type": "Feature",
      "properties": {
        "@id": "way/330820687",
        "addr:street": "Calle Picapedrers",
        "power": "substation",
        "source": "catastro",
        "source:date": "2014-01"
      },
      "geometry": {
        "type": "Polygon",
        "coordinates": [
          [
            [
              3.1864786,
              39.5704458
            ],
            [
              3.1865007,
              39.5704031
            ],
            [
              3.1865671,
              39.5704237
            ],
            [
              3.1865449,
              39.5704664
            ],
            [
              3.1864786,
              39.5704458
            ]
          ]
        ]
      },
      "id": "way/330820687"
    },
    {
      "type": "Feature",
      "properties": {
        "@id": "way/330820689",
        "addr:street": "Calle Ferrers",
        "power": "substation",
        "source": "catastro",
        "source:date": "2014-01"
      },
      "geometry": {
        "type": "Polygon",
        "coordinates": [
          [
            [
              3.1844358,
              39.5720449
            ],
            [
              3.1844378,
              39.5720448
            ],
            [
              3.1844977,
              39.5720426
            ],
            [
              3.1845013,
              39.5720972
            ],
            [
              3.1844392,
              39.5720995
            ],
            [
              3.1844358,
              39.5720449
            ]
          ]
        ]
      },
      "id": "way/330820689"
    },
    {
      "type": "Feature",
      "properties": {
        "@id": "way/331204094",
        "building": "residential",
        "building:levels": "2",
        "height": "6",
        "power": "substation",
        "source": "catastro",
        "source:date": "2014-01"
      },
      "geometry": {
        "type": "Polygon",
        "coordinates": [
          [
            [
              3.2097997,
              39.5699298
            ],
            [
              3.2098349,
              39.5698852
            ],
            [
              3.2098686,
              39.5699012
            ],
            [
              3.2098335,
              39.5699458
            ],
            [
              3.2097997,
              39.5699298
            ]
          ]
        ]
      },
      "id": "way/331204094"
    },
    {
      "type": "Feature",
      "properties": {
        "@id": "way/331652259",
        "addr:city": "Eivissa",
        "addr:housenumber": "20",
        "addr:postcode": "07800",
        "addr:street": "Carrer de s'Illa Grossa",
        "building": "service",
        "power": "substation",
        "substation": "minor_distribution"
      },
      "geometry": {
        "type": "Polygon",
        "coordinates": [
          [
            [
              1.4563462,
              38.905117
            ],
            [
              1.4563152,
              38.9050962
            ],
            [
              1.4563661,
              38.9050503
            ],
            [
              1.4563971,
              38.9050712
            ],
            [
              1.4563462,
              38.905117
            ]
          ]
        ]
      },
      "id": "way/331652259"
    },
    {
      "type": "Feature",
      "properties": {
        "@id": "way/332139148",
        "building": "yes",
        "height": "8",
        "name": "Subestació de Santa Maria",
        "power": "substation"
      },
      "geometry": {
        "type": "Polygon",
        "coordinates": [
          [
            [
              2.805786,
              39.6531287
            ],
            [
              2.8058417,
              39.6530432
            ],
            [
              2.8062759,
              39.653211
            ],
            [
              2.8062202,
              39.6532964
            ],
            [
              2.805786,
              39.6531287
            ]
          ]
        ]
      },
      "id": "way/332139148"
    },
    {
      "type": "Feature",
      "properties": {
        "@id": "way/332452095",
        "addr:postcode": "07500",
        "addr:street": "Calle Diana",
        "landuse": "residential",
        "power": "substation",
        "source": "catastro",
        "source:date": "2014-01"
      },
      "geometry": {
        "type": "Polygon",
        "coordinates": [
          [
            [
              3.2138775,
              39.5669467
            ],
            [
              3.213888,
              39.5669243
            ],
            [
              3.2139724,
              39.5669469
            ],
            [
              3.2139613,
              39.5669705
            ],
            [
              3.2138775,
              39.5669467
            ]
          ]
        ]
      },
      "id": "way/332452095"
    },
    {
      "type": "Feature",
      "properties": {
        "@id": "way/344551438",
        "building": "transformer_tower",
        "location": "indoor",
        "power": "substation",
        "substation": "transition"
      },
      "geometry": {
        "type": "Polygon",
        "coordinates": [
          [
            [
              4.0401247,
              39.9198015
            ],
            [
              4.0401848,
              39.9197749
            ],
            [
              4.0402076,
              39.9198052
            ],
            [
              4.0401475,
              39.9198318
            ],
            [
              4.0401247,
              39.9198015
            ]
          ]
        ]
      },
      "id": "way/344551438"
    },
    {
      "type": "Feature",
      "properties": {
        "@id": "way/345762039",
        "name": "Subestació elèctrica de Ses Veles",
        "name:ca": "Subestació elèctrica de Ses Veles",
        "power": "substation"
      },
      "geometry": {
        "type": "Polygon",
        "coordinates": [
          [
            [
              2.6875533,
              39.655138
            ],
            [
              2.6874213,
              39.6545262
            ],
            [
              2.6878966,
              39.6544726
            ],
            [
              2.6880358,
              39.6550715
            ],
            [
              2.6875533,
              39.655138
            ]
          ]
        ]
      },
      "id": "way/345762039"
    },
    {
      "type": "Feature",
      "properties": {
        "@id": "way/347643820",
        "name": "Subestació de Santa Ponça",
        "name:ca": "Subestació de Santa Ponça",
        "power": "substation",
        "substation": "transmission",
        "voltage": "220000"
      },
      "geometry": {
        "type": "Polygon",
        "coordinates": [
          [
            [
              2.5078407,
              39.5361333
            ],
            [
              2.508723,
              39.5353371
            ],
            [
              2.50945,
              39.5358022
            ],
            [
              2.5098052,
              39.5354709
            ],
            [
              2.510858,
              39.5361365
            ],
            [
              2.5094107,
              39.5373012
            ],
            [
              2.5092212,
              39.5369786
            ],
            [
              2.5081259,
              39.5363079
            ],
            [
              2.5078407,
              39.5361333
            ]
          ]
        ]
      },
      "id": "way/347643820"
    },
    {
      "type": "Feature",
      "properties": {
        "@id": "way/347655219",
        "name": "subestació de Pollença",
        "name:ca": "subestació de Pollença",
        "power": "substation"
      },
      "geometry": {
        "type": "Polygon",
        "coordinates": [
          [
            [
              3.0556793,
              39.8838952
            ],
            [
              3.0561074,
              39.8837363
            ],
            [
              3.0562199,
              39.8836994
            ],
            [
              3.0563442,
              39.8837015
            ],
            [
              3.0563731,
              39.8837828
            ],
            [
              3.0564174,
              39.8838657
            ],
            [
              3.0564959,
              39.884001
            ],
            [
              3.056421,
              39.8840266
            ],
            [
              3.0568416,
              39.8848954
            ],
            [
              3.056611,
              39.8849713
            ],
            [
              3.0562341,
              39.8850954
            ],
            [
              3.0561645,
              39.8850715
            ],
            [
              3.0560314,
              39.8847798
            ],
            [
              3.055606,
              39.8839264
            ],
            [
              3.0556793,
              39.8838952
            ]
          ]
        ]
      },
      "id": "way/347655219"
    },
    {
      "type": "Feature",
      "properties": {
        "@id": "way/350134237",
        "addr:city": "Eivissa",
        "addr:country": "ES",
        "addr:housenumber": "12",
        "addr:postcode": "07800",
        "addr:street": "Carrer de Josep Zornoza Bernabeu",
        "building": "service",
        "building:levels": "1",
        "power": "substation",
        "substation": "minor_distribution"
      },
      "geometry": {
        "type": "Polygon",
        "coordinates": [
          [
            [
              1.4250856,
              38.9133419
            ],
            [
              1.4251066,
              38.9132751
            ],
            [
              1.4251413,
              38.9132817
            ],
            [
              1.4251203,
              38.9133485
            ],
            [
              1.4250856,
              38.9133419
            ]
          ]
        ]
      },
      "id": "way/350134237"
    },
    {
      "type": "Feature",
      "properties": {
        "@id": "way/350280819",
        "name": "Subestació de Sa Vinyeta",
        "name:ca": "Subestació de Sa Vinyeta",
        "power": "substation"
      },
      "geometry": {
        "type": "Polygon",
        "coordinates": [
          [
            [
              2.8976593,
              39.7095979
            ],
            [
              2.8970503,
              39.7092439
            ],
            [
              2.8971309,
              39.7091598
            ],
            [
              2.8971724,
              39.7091161
            ],
            [
              2.8971245,
              39.709076
            ],
            [
              2.8970832,
              39.7090265
            ],
            [
              2.8970599,
              39.7089751
            ],
            [
              2.8970531,
              39.7089174
            ],
            [
              2.8970646,
              39.7084033
            ],
            [
              2.8981897,
              39.7090389
            ],
            [
              2.8976593,
              39.7095979
            ]
          ]
        ]
      },
      "id": "way/350280819"
    },
    {
      "type": "Feature",
      "properties": {
        "@id": "way/351900554",
        "power": "substation"
      },
      "geometry": {
        "type": "Polygon",
        "coordinates": [
          [
            [
              3.1237026,
              39.7741062
            ],
            [
              3.1236263,
              39.7740715
            ],
            [
              3.1236528,
              39.7740371
            ],
            [
              3.1237291,
              39.7740718
            ],
            [
              3.1237026,
              39.7741062
            ]
          ]
        ]
      },
      "id": "way/351900554"
    },
    {
      "type": "Feature",
      "properties": {
        "@id": "way/351900556",
        "power": "substation"
      },
      "geometry": {
        "type": "Polygon",
        "coordinates": [
          [
            [
              3.1231386,
              39.7641254
            ],
            [
              3.1231211,
              39.7640874
            ],
            [
              3.1231614,
              39.7640765
            ],
            [
              3.1231789,
              39.7641145
            ],
            [
              3.1231552,
              39.7641209
            ],
            [
              3.1231386,
              39.7641254
            ]
          ]
        ]
      },
      "id": "way/351900556"
    },
    {
      "type": "Feature",
      "properties": {
        "@id": "way/351910091",
        "name": "Subestació de Can Picafort",
        "power": "substation"
      },
      "geometry": {
        "type": "Polygon",
        "coordinates": [
          [
            [
              3.1557861,
              39.7479014
            ],
            [
              3.1555234,
              39.747571
            ],
            [
              3.1555825,
              39.7474932
            ],
            [
              3.1555521,
              39.7474659
            ],
            [
              3.1555153,
              39.7474337
            ],
            [
              3.1554187,
              39.7474298
            ],
            [
              3.1553896,
              39.7474069
            ],
            [
              3.1554027,
              39.7473698
            ],
            [
              3.1562044,
              39.7468826
            ],
            [
              3.1566236,
              39.7474321
            ],
            [
              3.1557861,
              39.7479014
            ]
          ]
        ]
      },
      "id": "way/351910091"
    },
    {
      "type": "Feature",
      "properties": {
        "@id": "way/351917848",
        "power": "substation"
      },
      "geometry": {
        "type": "Polygon",
        "coordinates": [
          [
            [
              3.1414535,
              39.5662903
            ],
            [
              3.1414634,
              39.5662566
            ],
            [
              3.1415259,
              39.5662674
            ],
            [
              3.141516,
              39.5663011
            ],
            [
              3.1414853,
              39.5662958
            ],
            [
              3.1414535,
              39.5662903
            ]
          ]
        ]
      },
      "id": "way/351917848"
    },
    {
      "type": "Feature",
      "properties": {
        "@id": "way/351917849",
        "power": "substation"
      },
      "geometry": {
        "type": "Polygon",
        "coordinates": [
          [
            [
              3.1172697,
              39.5754191
            ],
            [
              3.1171856,
              39.5754058
            ],
            [
              3.1172177,
              39.5752854
            ],
            [
              3.1173019,
              39.5752988
            ],
            [
              3.1172697,
              39.5754191
            ]
          ]
        ]
      },
      "id": "way/351917849"
    },
    {
      "type": "Feature",
      "properties": {
        "@id": "way/351950390",
        "power": "substation"
      },
      "geometry": {
        "type": "Polygon",
        "coordinates": [
          [
            [
              3.0221609,
              39.5182395
            ],
            [
              3.022172,
              39.518203
            ],
            [
              3.0222191,
              39.5182114
            ],
            [
              3.0222081,
              39.518248
            ],
            [
              3.0221848,
              39.5182438
            ],
            [
              3.0221609,
              39.5182395
            ]
          ]
        ]
      },
      "id": "way/351950390"
    },
    {
      "type": "Feature",
      "properties": {
        "@id": "way/351953219",
        "frequency": "50",
        "location": "outdoor",
        "power": "substation",
        "substation": "distribution",
        "voltage": "66000"
      },
      "geometry": {
        "type": "Polygon",
        "coordinates": [
          [
            [
              2.7714165,
              39.5260292
            ],
            [
              2.7714434,
              39.5260287
            ],
            [
              2.7715011,
              39.5261119
            ],
            [
              2.7715455,
              39.5261134
            ],
            [
              2.7716915,
              39.5261233
            ],
            [
              2.7716953,
              39.5260416
            ],
            [
              2.7729134,
              39.5261411
            ],
            [
              2.7732856,
              39.5267666
            ],
            [
              2.7728931,
              39.5269095
            ],
            [
              2.7728462,
              39.526835
            ],
            [
              2.7725941,
              39.5268453
            ],
            [
              2.7722803,
              39.5266985
            ],
            [
              2.7722347,
              39.5265847
            ],
            [
              2.7716925,
              39.5264676
            ],
            [
              2.7714165,
              39.5260292
            ]
          ]
        ]
      },
      "id": "way/351953219"
    },
    {
      "type": "Feature",
      "properties": {
        "@id": "way/351959095",
        "power": "substation"
      },
      "geometry": {
        "type": "Polygon",
        "coordinates": [
          [
            [
              2.7595537,
              39.5311806
            ],
            [
              2.7595084,
              39.5311213
            ],
            [
              2.7595304,
              39.5311113
            ],
            [
              2.7595608,
              39.5310975
            ],
            [
              2.7596061,
              39.5311567
            ],
            [
              2.7595766,
              39.5311701
            ],
            [
              2.7595537,
              39.5311806
            ]
          ]
        ]
      },
      "id": "way/351959095"
    },
    {
      "type": "Feature",
      "properties": {
        "@id": "way/351961848",
        "power": "substation"
      },
      "geometry": {
        "type": "Polygon",
        "coordinates": [
          [
            [
              2.7538807,
              39.5287236
            ],
            [
              2.7538729,
              39.5287089
            ],
            [
              2.7538635,
              39.5286908
            ],
            [
              2.7539077,
              39.5286771
            ],
            [
              2.7539248,
              39.5287098
            ],
            [
              2.7538807,
              39.5287236
            ]
          ]
        ]
      },
      "id": "way/351961848"
    },
    {
      "type": "Feature",
      "properties": {
        "@id": "way/351963744",
        "power": "substation"
      },
      "geometry": {
        "type": "Polygon",
        "coordinates": [
          [
            [
              2.7825126,
              39.5606591
            ],
            [
              2.7824935,
              39.5606312
            ],
            [
              2.7825118,
              39.5606238
            ],
            [
              2.7825346,
              39.5606145
            ],
            [
              2.7825537,
              39.5606424
            ],
            [
              2.7825126,
              39.5606591
            ]
          ]
        ]
      },
      "id": "way/351963744"
    },
    {
      "type": "Feature",
      "properties": {
        "@id": "way/352046443",
        "power": "substation"
      },
      "geometry": {
        "type": "Polygon",
        "coordinates": [
          [
            [
              2.6872047,
              39.5669386
            ],
            [
              2.6871304,
              39.5663061
            ],
            [
              2.6876744,
              39.5662681
            ],
            [
              2.6877487,
              39.5669006
            ],
            [
              2.6872047,
              39.5669386
            ]
          ]
        ]
      },
      "id": "way/352046443"
    },
    {
      "type": "Feature",
      "properties": {
        "@id": "way/352115950",
        "frequency": "50",
        "location": "indoor",
        "name": "Subestació de Capdepera",
        "name:ca": "Subestació de Capdepera",
        "power": "substation",
        "substation": "distribution",
        "voltage": "66000"
      },
      "geometry": {
        "type": "Polygon",
        "coordinates": [
          [
            [
              3.4168286,
              39.698372
            ],
            [
              3.4164341,
              39.6978068
            ],
            [
              3.417417,
              39.6973274
            ],
            [
              3.4177689,
              39.6978103
            ],
            [
              3.4177693,
              39.697823
            ],
            [
              3.4177659,
              39.6978374
            ],
            [
              3.4177567,
              39.6978512
            ],
            [
              3.4176037,
              39.6979186
            ],
            [
              3.4175494,
              39.6979086
            ],
            [
              3.4175077,
              39.6979016
            ],
            [
              3.4168286,
              39.698372
            ]
          ]
        ]
      },
      "id": "way/352115950"
    },
    {
      "type": "Feature",
      "properties": {
        "@id": "way/352115952",
        "frequency": "50",
        "power": "substation",
        "substation": "minor_distribution"
      },
      "geometry": {
        "type": "Polygon",
        "coordinates": [
          [
            [
              3.4172626,
              39.6976732
            ],
            [
              3.4173064,
              39.6976527
            ],
            [
              3.4173295,
              39.6976818
            ],
            [
              3.4172856,
              39.6977023
            ],
            [
              3.4172626,
              39.6976732
            ]
          ]
        ]
      },
      "id": "way/352115952"
    },
    {
      "type": "Feature",
      "properties": {
        "@id": "way/352115953",
        "frequency": "50",
        "power": "substation",
        "substation": "minor_distribution"
      },
      "geometry": {
        "type": "Polygon",
        "coordinates": [
          [
            [
              3.4173513,
              39.6976325
            ],
            [
              3.4173952,
              39.6976119
            ],
            [
              3.4174182,
              39.6976411
            ],
            [
              3.4173744,
              39.6976616
            ],
            [
              3.4173513,
              39.6976325
            ]
          ]
        ]
      },
      "id": "way/352115953"
    },
    {
      "type": "Feature",
      "properties": {
        "@id": "way/352118957",
        "power": "substation"
      },
      "geometry": {
        "type": "Polygon",
        "coordinates": [
          [
            [
              3.450769,
              39.7144294
            ],
            [
              3.4507752,
              39.7144211
            ],
            [
              3.4507822,
              39.7144119
            ],
            [
              3.4508182,
              39.7144279
            ],
            [
              3.4508119,
              39.7144364
            ],
            [
              3.450805,
              39.7144455
            ],
            [
              3.450769,
              39.7144294
            ]
          ]
        ]
      },
      "id": "way/352118957"
    },
    {
      "type": "Feature",
      "properties": {
        "@id": "way/352134698",
        "frequency": "50",
        "location": "indoor",
        "name": "Subcentral de sa Coma",
        "name:ca": "Subcentral de sa Coma",
        "power": "substation",
        "substation": "distribution",
        "voltage": "66000"
      },
      "geometry": {
        "type": "Polygon",
        "coordinates": [
          [
            [
              3.3628178,
              39.5833102
            ],
            [
              3.3630117,
              39.583179
            ],
            [
              3.3634388,
              39.5829089
            ],
            [
              3.3637037,
              39.5832978
            ],
            [
              3.3637159,
              39.5833644
            ],
            [
              3.3636992,
              39.5834038
            ],
            [
              3.3636484,
              39.5834273
            ],
            [
              3.3636765,
              39.5834712
            ],
            [
              3.3637195,
              39.5835363
            ],
            [
              3.3633544,
              39.5837928
            ],
            [
              3.3628178,
              39.5833102
            ]
          ]
        ]
      },
      "id": "way/352134698"
    },
    {
      "type": "Feature",
      "properties": {
        "@id": "way/367104757",
        "building": "service",
        "building:colour": "white",
        "building:levels": "2",
        "power": "substation",
        "roof:colour": "white",
        "roof:shape": "flat",
        "substation": "minor_distribution",
        "utility": "power"
      },
      "geometry": {
        "type": "Polygon",
        "coordinates": [
          [
            [
              1.4046302,
              38.8846455
            ],
            [
              1.4044763,
              38.8845294
            ],
            [
              1.4046048,
              38.8844261
            ],
            [
              1.4047588,
              38.8845421
            ],
            [
              1.4046302,
              38.8846455
            ]
          ]
        ]
      },
      "id": "way/367104757"
    },
    {
      "type": "Feature",
      "properties": {
        "@id": "way/367539609",
        "name": "Subestació d'Inca",
        "name:ca": "Subestació d'Inca",
        "power": "substation"
      },
      "geometry": {
        "type": "Polygon",
        "coordinates": [
          [
            [
              2.9165577,
              39.7141834
            ],
            [
              2.9178441,
              39.7137149
            ],
            [
              2.9185671,
              39.7142485
            ],
            [
              2.9177667,
              39.7147481
            ],
            [
              2.9165577,
              39.7141834
            ]
          ]
        ]
      },
      "id": "way/367539609"
    },
    {
      "type": "Feature",
      "properties": {
        "@id": "way/367702669",
        "frequency": "50",
        "location": "indoor",
        "name": "Subestació de Sant Agustí",
        "name:ca": "Subestació de Sant Agustí",
        "power": "substation",
        "substation": "distribution",
        "voltage": "66000"
      },
      "geometry": {
        "type": "Polygon",
        "coordinates": [
          [
            [
              2.5930096,
              39.5539064
            ],
            [
              2.5930585,
              39.5537823
            ],
            [
              2.5931762,
              39.5534832
            ],
            [
              2.5935915,
              39.5534706
            ],
            [
              2.5937218,
              39.5534896
            ],
            [
              2.5936458,
              39.5539387
            ],
            [
              2.5930096,
              39.5539064
            ]
          ]
        ]
      },
      "id": "way/367702669"
    },
    {
      "type": "Feature",
      "properties": {
        "@id": "way/381133489",
        "name": "subestació Bit",
        "name:ca": "subestació Bit",
        "power": "substation"
      },
      "geometry": {
        "type": "Polygon",
        "coordinates": [
          [
            [
              2.6470451,
              39.6333742
            ],
            [
              2.6468721,
              39.6327483
            ],
            [
              2.6473671,
              39.6326672
            ],
            [
              2.6475401,
              39.6332931
            ],
            [
              2.6470451,
              39.6333742
            ]
          ]
        ]
      },
      "id": "way/381133489"
    },
    {
      "type": "Feature",
      "properties": {
        "@id": "way/382732952",
        "name": "subestació de Son Castelló",
        "name:ca": "subestació de Son Castelló",
        "power": "substation"
      },
      "geometry": {
        "type": "Polygon",
        "coordinates": [
          [
            [
              2.6585474,
              39.6083361
            ],
            [
              2.6588052,
              39.6080175
            ],
            [
              2.659887,
              39.6084354
            ],
            [
              2.659878,
              39.6086709
            ],
            [
              2.6597641,
              39.6088094
            ],
            [
              2.6585474,
              39.6083361
            ]
          ]
        ]
      },
      "id": "way/382732952"
    },
    {
      "type": "Feature",
      "properties": {
        "@id": "way/389899057",
        "power": "substation",
        "source": "catastro",
        "source:date": "2014-01"
      },
      "geometry": {
        "type": "Polygon",
        "coordinates": [
          [
            [
              3.2067375,
              39.5674849
            ],
            [
              3.2067434,
              39.5674756
            ],
            [
              3.2067589,
              39.5674514
            ],
            [
              3.206798,
              39.5674668
            ],
            [
              3.2067787,
              39.5674956
            ],
            [
              3.2067756,
              39.5675002
            ],
            [
              3.2067375,
              39.5674849
            ]
          ]
        ]
      },
      "id": "way/389899057"
    },
    {
      "type": "Feature",
      "properties": {
        "@id": "way/389928159",
        "addr:postcode": "07500",
        "addr:street": "Calle Des Torrent",
        "power": "substation",
        "source": "catastro",
        "source:date": "2014-01"
      },
      "geometry": {
        "type": "Polygon",
        "coordinates": [
          [
            [
              3.2024872,
              39.5684389
            ],
            [
              3.2025076,
              39.5683999
            ],
            [
              3.2025431,
              39.5684125
            ],
            [
              3.2025218,
              39.5684506
            ],
            [
              3.2024872,
              39.5684389
            ]
          ]
        ]
      },
      "id": "way/389928159"
    },
    {
      "type": "Feature",
      "properties": {
        "@id": "way/394948052",
        "area": "yes",
        "operator": "GESA Endesa",
        "power": "substation",
        "ref": "18305"
      },
      "geometry": {
        "type": "Polygon",
        "coordinates": [
          [
            [
              2.6032067,
              39.59985
            ],
            [
              2.6032016,
              39.5998379
            ],
            [
              2.6032257,
              39.5998318
            ],
            [
              2.6032308,
              39.599844
            ],
            [
              2.6032067,
              39.59985
            ]
          ]
        ]
      },
      "id": "way/394948052"
    },
    {
      "type": "Feature",
      "properties": {
        "@id": "way/406722368",
        "building": "service",
        "power": "substation",
        "substation": "minor_distribution"
      },
      "geometry": {
        "type": "Polygon",
        "coordinates": [
          [
            [
              1.4560861,
              38.7216086
            ],
            [
              1.4560794,
              38.7215438
            ],
            [
              1.456125,
              38.7215406
            ],
            [
              1.4561317,
              38.7216045
            ],
            [
              1.4560861,
              38.7216086
            ]
          ]
        ]
      },
      "id": "way/406722368"
    },
    {
      "type": "Feature",
      "properties": {
        "@id": "way/427959361",
        "building": "yes",
        "power": "substation"
      },
      "geometry": {
        "type": "Polygon",
        "coordinates": [
          [
            [
              2.643721,
              39.6100591
            ],
            [
              2.6437476,
              39.6100389
            ],
            [
              2.6437832,
              39.6100668
            ],
            [
              2.6437565,
              39.610087
            ],
            [
              2.643721,
              39.6100591
            ]
          ]
        ]
      },
      "id": "way/427959361"
    },
    {
      "type": "Feature",
      "properties": {
        "@id": "way/447664997",
        "power": "substation"
      },
      "geometry": {
        "type": "Polygon",
        "coordinates": [
          [
            [
              3.1830195,
              39.3380862
            ],
            [
              3.1830639,
              39.3380686
            ],
            [
              3.1830871,
              39.3381036
            ],
            [
              3.1830427,
              39.3381212
            ],
            [
              3.1830195,
              39.3380862
            ]
          ]
        ]
      },
      "id": "way/447664997"
    },
    {
      "type": "Feature",
      "properties": {
        "@id": "way/474019775",
        "building": "service",
        "building:colour": "white",
        "power": "substation",
        "substation": "minor_distribution"
      },
      "geometry": {
        "type": "Polygon",
        "coordinates": [
          [
            [
              3.2120557,
              39.9614142
            ],
            [
              3.2120732,
              39.9614015
            ],
            [
              3.2120906,
              39.961412
            ],
            [
              3.2120832,
              39.9614183
            ],
            [
              3.2120557,
              39.9614142
            ]
          ]
        ]
      },
      "id": "way/474019775"
    },
    {
      "type": "Feature",
      "properties": {
        "@id": "way/505020607",
        "frequency": "50",
        "power": "substation",
        "substation": "minor_distribution"
      },
      "geometry": {
        "type": "Polygon",
        "coordinates": [
          [
            [
              3.2600612,
              39.4523135
            ],
            [
              3.2600706,
              39.4522681
            ],
            [
              3.2601167,
              39.4522738
            ],
            [
              3.2601073,
              39.4523192
            ],
            [
              3.2600612,
              39.4523135
            ]
          ]
        ]
      },
      "id": "way/505020607"
    },
    {
      "type": "Feature",
      "properties": {
        "@id": "way/509506755",
        "building": "transformer_tower",
        "power": "substation"
      },
      "geometry": {
        "type": "Polygon",
        "coordinates": [
          [
            [
              3.0666459,
              39.9009349
            ],
            [
              3.0667042,
              39.900967
            ],
            [
              3.066764,
              39.9009999
            ],
            [
              3.0667258,
              39.9010435
            ],
            [
              3.066689,
              39.9010245
            ],
            [
              3.0666465,
              39.9010026
            ],
            [
              3.0666051,
              39.9009813
            ],
            [
              3.0666263,
              39.9009572
            ],
            [
              3.0666459,
              39.9009349
            ]
          ]
        ]
      },
      "id": "way/509506755"
    },
    {
      "type": "Feature",
      "properties": {
        "@id": "way/517761772",
        "power": "substation"
      },
      "geometry": {
        "type": "Polygon",
        "coordinates": [
          [
            [
              3.0810864,
              39.8767316
            ],
            [
              3.0811145,
              39.8766791
            ],
            [
              3.081155,
              39.8766919
            ],
            [
              3.0811269,
              39.8767444
            ],
            [
              3.0810864,
              39.8767316
            ]
          ]
        ]
      },
      "id": "way/517761772"
    },
    {
      "type": "Feature",
      "properties": {
        "@id": "way/522933666",
        "building": "yes",
        "building:levels": "1",
        "name": "Deportivo Son Floriana 3910",
        "power": "substation",
        "roof:shape": "flat"
      },
      "geometry": {
        "type": "Polygon",
        "coordinates": [
          [
            [
              3.3867488,
              39.613232
            ],
            [
              3.3867307,
              39.6131723
            ],
            [
              3.3867719,
              39.6131649
            ],
            [
              3.3867901,
              39.6132246
            ],
            [
              3.3867488,
              39.613232
            ]
          ]
        ]
      },
      "id": "way/522933666"
    },
    {
      "type": "Feature",
      "properties": {
        "@id": "way/523258745",
        "building": "yes",
        "building:levels": "1",
        "name": "3909",
        "power": "substation"
      },
      "geometry": {
        "type": "Polygon",
        "coordinates": [
          [
            [
              3.3868602,
              39.6122621
            ],
            [
              3.386851,
              39.6122305
            ],
            [
              3.38693,
              39.6122168
            ],
            [
              3.3869392,
              39.6122484
            ],
            [
              3.3868602,
              39.6122621
            ]
          ]
        ]
      },
      "id": "way/523258745"
    },
    {
      "type": "Feature",
      "properties": {
        "@id": "way/525975023",
        "building": "transformer_tower",
        "power": "substation"
      },
      "geometry": {
        "type": "Polygon",
        "coordinates": [
          [
            [
              3.1277058,
              39.91957
            ],
            [
              3.1277099,
              39.9196013
            ],
            [
              3.127689,
              39.9196029
            ],
            [
              3.1276695,
              39.9196044
            ],
            [
              3.1276655,
              39.919573
            ],
            [
              3.1277058,
              39.91957
            ]
          ]
        ]
      },
      "id": "way/525975023"
    },
    {
      "type": "Feature",
      "properties": {
        "@id": "way/569883736",
        "building": "industrial",
        "building:levels": "1",
        "power": "substation"
      },
      "geometry": {
        "type": "Polygon",
        "coordinates": [
          [
            [
              4.2449463,
              39.8425091
            ],
            [
              4.2449817,
              39.8424989
            ],
            [
              4.2449902,
              39.8425196
            ],
            [
              4.2449562,
              39.8425299
            ],
            [
              4.2449463,
              39.8425091
            ]
          ]
        ]
      },
      "id": "way/569883736"
    },
    {
      "type": "Feature",
      "properties": {
        "@id": "way/571072940",
        "building": "industrial",
        "building:levels": "1",
        "power": "substation"
      },
      "geometry": {
        "type": "Polygon",
        "coordinates": [
          [
            [
              4.2568711,
              39.847694
            ],
            [
              4.2568552,
              39.8476936
            ],
            [
              4.2568327,
              39.8476931
            ],
            [
              4.2568352,
              39.8476392
            ],
            [
              4.256836,
              39.8476365
            ],
            [
              4.2568431,
              39.8476366
            ],
            [
              4.2568435,
              39.847634
            ],
            [
              4.256874,
              39.8476351
            ],
            [
              4.2568711,
              39.847694
            ]
          ]
        ]
      },
      "id": "way/571072940"
    },
    {
      "type": "Feature",
      "properties": {
        "@id": "way/572405589",
        "building": "industrial",
        "building:levels": "1",
        "power": "substation"
      },
      "geometry": {
        "type": "Polygon",
        "coordinates": [
          [
            [
              4.256738,
              39.8169488
            ],
            [
              4.2567453,
              39.8168878
            ],
            [
              4.2567861,
              39.8168906
            ],
            [
              4.2567787,
              39.8169517
            ],
            [
              4.256738,
              39.8169488
            ]
          ]
        ]
      },
      "id": "way/572405589"
    },
    {
      "type": "Feature",
      "properties": {
        "@id": "way/573650046",
        "building": "industrial",
        "building:levels": "1",
        "power": "substation"
      },
      "geometry": {
        "type": "Polygon",
        "coordinates": [
          [
            [
              4.2562019,
              39.8486772
            ],
            [
              4.2562005,
              39.8487113
            ],
            [
              4.2561295,
              39.8487096
            ],
            [
              4.2561298,
              39.8487015
            ],
            [
              4.2561309,
              39.8486755
            ],
            [
              4.2562019,
              39.8486772
            ]
          ]
        ]
      },
      "id": "way/573650046"
    },
    {
      "type": "Feature",
      "properties": {
        "@id": "way/574174137",
        "building": "industrial",
        "building:levels": "1",
        "power": "substation"
      },
      "geometry": {
        "type": "Polygon",
        "coordinates": [
          [
            [
              4.2093199,
              39.8323658
            ],
            [
              4.2093264,
              39.8323994
            ],
            [
              4.2092436,
              39.8324088
            ],
            [
              4.2092371,
              39.8323752
            ],
            [
              4.2093199,
              39.8323658
            ]
          ]
        ]
      },
      "id": "way/574174137"
    },
    {
      "type": "Feature",
      "properties": {
        "@id": "way/574559797",
        "building": "industrial",
        "building:levels": "1",
        "power": "substation"
      },
      "geometry": {
        "type": "Polygon",
        "coordinates": [
          [
            [
              4.2590845,
              39.850518
            ],
            [
              4.2590862,
              39.8504877
            ],
            [
              4.2591013,
              39.850488
            ],
            [
              4.2591478,
              39.8504891
            ],
            [
              4.2591458,
              39.8505216
            ],
            [
              4.2591181,
              39.850521
            ],
            [
              4.2591182,
              39.8505192
            ],
            [
              4.2590845,
              39.850518
            ]
          ]
        ]
      },
      "id": "way/574559797"
    },
    {
      "type": "Feature",
      "properties": {
        "@id": "way/575095558",
        "building": "industrial",
        "building:levels": "1",
        "power": "substation"
      },
      "geometry": {
        "type": "Polygon",
        "coordinates": [
          [
            [
              4.2611971,
              39.8504328
            ],
            [
              4.2612212,
              39.8504343
            ],
            [
              4.2612195,
              39.8504505
            ],
            [
              4.261217,
              39.8504918
            ],
            [
              4.2611915,
              39.8504907
            ],
            [
              4.2611792,
              39.8504902
            ],
            [
              4.2611796,
              39.8504866
            ],
            [
              4.2611742,
              39.8504863
            ],
            [
              4.2611794,
              39.8504316
            ],
            [
              4.2611971,
              39.8504328
            ]
          ]
        ]
      },
      "id": "way/575095558"
    },
    {
      "type": "Feature",
      "properties": {
        "@id": "way/576033322",
        "building": "transformer_tower",
        "building:levels": "2",
        "location": "indoor",
        "power": "substation",
        "substation": "transition"
      },
      "geometry": {
        "type": "Polygon",
        "coordinates": [
          [
            [
              4.2440546,
              39.8367283
            ],
            [
              4.2440522,
              39.8367104
            ],
            [
              4.2440986,
              39.8367067
            ],
            [
              4.2441011,
              39.8367246
            ],
            [
              4.2441032,
              39.8367401
            ],
            [
              4.244106,
              39.8367604
            ],
            [
              4.2440595,
              39.8367641
            ],
            [
              4.244057,
              39.8367454
            ],
            [
              4.2440546,
              39.8367283
            ]
          ]
        ]
      },
      "id": "way/576033322"
    },
    {
      "type": "Feature",
      "properties": {
        "@id": "way/576276128",
        "building": "industrial",
        "building:levels": "1",
        "power": "substation"
      },
      "geometry": {
        "type": "Polygon",
        "coordinates": [
          [
            [
              4.2592137,
              39.8533837
            ],
            [
              4.2591957,
              39.8533248
            ],
            [
              4.259233,
              39.853318
            ],
            [
              4.259251,
              39.853377
            ],
            [
              4.2592137,
              39.8533837
            ]
          ]
        ]
      },
      "id": "way/576276128"
    },
    {
      "type": "Feature",
      "properties": {
        "@id": "way/576359479",
        "building": "industrial",
        "building:levels": "1",
        "power": "substation"
      },
      "geometry": {
        "type": "Polygon",
        "coordinates": [
          [
            [
              4.2659249,
              39.8580005
            ],
            [
              4.2659265,
              39.8580444
            ],
            [
              4.2658651,
              39.8580457
            ],
            [
              4.2658619,
              39.8580021
            ],
            [
              4.2659249,
              39.8580005
            ]
          ]
        ]
      },
      "id": "way/576359479"
    },
    {
      "type": "Feature",
      "properties": {
        "@id": "way/576367331",
        "building": "industrial",
        "building:levels": "1",
        "power": "substation"
      },
      "geometry": {
        "type": "Polygon",
        "coordinates": [
          [
            [
              4.2649872,
              39.8613358
            ],
            [
              4.2649861,
              39.8612896
            ],
            [
              4.2650414,
              39.8612888
            ],
            [
              4.2650425,
              39.861335
            ],
            [
              4.2649872,
              39.8613358
            ]
          ]
        ]
      },
      "id": "way/576367331"
    },
    {
      "type": "Feature",
      "properties": {
        "@id": "way/576367335",
        "building": "industrial",
        "building:levels": "1",
        "power": "substation"
      },
      "geometry": {
        "type": "Polygon",
        "coordinates": [
          [
            [
              4.2659615,
              39.859863
            ],
            [
              4.2659634,
              39.8599055
            ],
            [
              4.2659026,
              39.8599072
            ],
            [
              4.2659005,
              39.8598647
            ],
            [
              4.2659615,
              39.859863
            ]
          ]
        ]
      },
      "id": "way/576367335"
    },
    {
      "type": "Feature",
      "properties": {
        "@id": "way/576367341",
        "building": "industrial",
        "building:levels": "1",
        "power": "substation"
      },
      "geometry": {
        "type": "Polygon",
        "coordinates": [
          [
            [
              4.2637526,
              39.8632953
            ],
            [
              4.2637721,
              39.8633344
            ],
            [
              4.2637136,
              39.8633517
            ],
            [
              4.2636941,
              39.8633126
            ],
            [
              4.2637526,
              39.8632953
            ]
          ]
        ]
      },
      "id": "way/576367341"
    },
    {
      "type": "Feature",
      "properties": {
        "@id": "way/576675266",
        "building": "industrial",
        "building:levels": "1",
        "power": "substation"
      },
      "geometry": {
        "type": "Polygon",
        "coordinates": [
          [
            [
              4.2646561,
              39.8585564
            ],
            [
              4.264658,
              39.8586037
            ],
            [
              4.2646026,
              39.8586051
            ],
            [
              4.2646007,
              39.8585578
            ],
            [
              4.2646561,
              39.8585564
            ]
          ]
        ]
      },
      "id": "way/576675266"
    },
    {
      "type": "Feature",
      "properties": {
        "@id": "way/576675267",
        "building": "industrial",
        "building:levels": "1",
        "power": "substation"
      },
      "geometry": {
        "type": "Polygon",
        "coordinates": [
          [
            [
              4.2610724,
              39.8586794
            ],
            [
              4.2610755,
              39.8587269
            ],
            [
              4.2610202,
              39.8587289
            ],
            [
              4.2610171,
              39.8586815
            ],
            [
              4.2610724,
              39.8586794
            ]
          ]
        ]
      },
      "id": "way/576675267"
    },
    {
      "type": "Feature",
      "properties": {
        "@id": "way/576689082",
        "building": "industrial",
        "building:levels": "1",
        "power": "substation"
      },
      "geometry": {
        "type": "Polygon",
        "coordinates": [
          [
            [
              4.2647021,
              39.8593866
            ],
            [
              4.2647044,
              39.859434
            ],
            [
              4.2646515,
              39.8594356
            ],
            [
              4.2646493,
              39.8593881
            ],
            [
              4.2647021,
              39.8593866
            ]
          ]
        ]
      },
      "id": "way/576689082"
    },
    {
      "type": "Feature",
      "properties": {
        "@id": "way/576692851",
        "building": "industrial",
        "building:levels": "1",
        "power": "substation"
      },
      "geometry": {
        "type": "Polygon",
        "coordinates": [
          [
            [
              4.2602926,
              39.8599218
            ],
            [
              4.2602335,
              39.8599239
            ],
            [
              4.2602315,
              39.8598838
            ],
            [
              4.2602907,
              39.8598821
            ],
            [
              4.2602926,
              39.8599218
            ]
          ]
        ]
      },
      "id": "way/576692851"
    },
    {
      "type": "Feature",
      "properties": {
        "@id": "way/576740111",
        "building": "industrial",
        "building:levels": "1",
        "power": "substation"
      },
      "geometry": {
        "type": "Polygon",
        "coordinates": [
          [
            [
              4.2613253,
              39.8626732
            ],
            [
              4.2613583,
              39.8627122
            ],
            [
              4.2613124,
              39.8627352
            ],
            [
              4.2612796,
              39.8626962
            ],
            [
              4.2613253,
              39.8626732
            ]
          ]
        ]
      },
      "id": "way/576740111"
    },
    {
      "type": "Feature",
      "properties": {
        "@id": "way/576740112",
        "building": "industrial",
        "building:levels": "1",
        "power": "substation"
      },
      "geometry": {
        "type": "Polygon",
        "coordinates": [
          [
            [
              4.2609966,
              39.8613251
            ],
            [
              4.2609979,
              39.8613708
            ],
            [
              4.2609437,
              39.8613718
            ],
            [
              4.2609424,
              39.8613259
            ],
            [
              4.2609966,
              39.8613251
            ]
          ]
        ]
      },
      "id": "way/576740112"
    },
    {
      "type": "Feature",
      "properties": {
        "@id": "way/578195198",
        "building": "industrial",
        "building:levels": "1",
        "power": "substation",
        "roof:shape": "flat"
      },
      "geometry": {
        "type": "Polygon",
        "coordinates": [
          [
            [
              4.2165666,
              39.8292015
            ],
            [
              4.2166099,
              39.8292069
            ],
            [
              4.2165949,
              39.8292789
            ],
            [
              4.2165515,
              39.8292735
            ],
            [
              4.2165666,
              39.8292015
            ]
          ]
        ]
      },
      "id": "way/578195198"
    },
    {
      "type": "Feature",
      "properties": {
        "@id": "way/578196250",
        "building": "industrial",
        "building:levels": "1",
        "power": "substation",
        "roof:shape": "skillion"
      },
      "geometry": {
        "type": "Polygon",
        "coordinates": [
          [
            [
              4.2167426,
              39.8292164
            ],
            [
              4.2167859,
              39.8292218
            ],
            [
              4.2167709,
              39.8292938
            ],
            [
              4.2167275,
              39.8292884
            ],
            [
              4.2167426,
              39.8292164
            ]
          ]
        ]
      },
      "id": "way/578196250"
    },
    {
      "type": "Feature",
      "properties": {
        "@id": "way/578207355",
        "building": "industrial",
        "building:levels": "1",
        "power": "substation"
      },
      "geometry": {
        "type": "Polygon",
        "coordinates": [
          [
            [
              4.2149342,
              39.8305881
            ],
            [
              4.2148963,
              39.8305967
            ],
            [
              4.2148895,
              39.8305787
            ],
            [
              4.214871,
              39.8305303
            ],
            [
              4.214909,
              39.8305217
            ],
            [
              4.2149342,
              39.8305881
            ]
          ]
        ]
      },
      "id": "way/578207355"
    },
    {
      "type": "Feature",
      "properties": {
        "@id": "way/578526365",
        "building": "industrial",
        "building:levels": "1",
        "power": "substation"
      },
      "geometry": {
        "type": "Polygon",
        "coordinates": [
          [
            [
              4.2268568,
              39.8281733
            ],
            [
              4.2268964,
              39.8281845
            ],
            [
              4.2268701,
              39.82824
            ],
            [
              4.2268318,
              39.8282304
            ],
            [
              4.2268568,
              39.8281733
            ]
          ]
        ]
      },
      "id": "way/578526365"
    },
    {
      "type": "Feature",
      "properties": {
        "@id": "way/578596277",
        "building": "industrial",
        "building:levels": "1",
        "power": "substation"
      },
      "geometry": {
        "type": "Polygon",
        "coordinates": [
          [
            [
              4.224862,
              39.8256343
            ],
            [
              4.2249153,
              39.8255983
            ],
            [
              4.2249375,
              39.8256177
            ],
            [
              4.2249261,
              39.8256254
            ],
            [
              4.2248951,
              39.8256463
            ],
            [
              4.2249096,
              39.825659
            ],
            [
              4.2248987,
              39.8256664
            ],
            [
              4.224862,
              39.8256343
            ]
          ]
        ]
      },
      "id": "way/578596277"
    },
    {
      "type": "Feature",
      "properties": {
        "@id": "way/578596380",
        "building": "industrial",
        "building:levels": "1",
        "power": "substation"
      },
      "geometry": {
        "type": "Polygon",
        "coordinates": [
          [
            [
              4.2249261,
              39.8256254
            ],
            [
              4.2249695,
              39.8256633
            ],
            [
              4.2249385,
              39.8256842
            ],
            [
              4.2249096,
              39.825659
            ],
            [
              4.2248951,
              39.8256463
            ],
            [
              4.2249261,
              39.8256254
            ]
          ]
        ]
      },
      "id": "way/578596380"
    },
    {
      "type": "Feature",
      "properties": {
        "@id": "way/579034868",
        "building": "industrial",
        "building:levels": "1",
        "power": "substation"
      },
      "geometry": {
        "type": "Polygon",
        "coordinates": [
          [
            [
              4.2301568,
              39.8250655
            ],
            [
              4.2301652,
              39.825095
            ],
            [
              4.230062,
              39.8251102
            ],
            [
              4.2300553,
              39.825081
            ],
            [
              4.2301568,
              39.8250655
            ]
          ]
        ]
      },
      "id": "way/579034868"
    },
    {
      "type": "Feature",
      "properties": {
        "@id": "way/579528416",
        "building": "industrial",
        "building:levels": "1",
        "power": "substation"
      },
      "geometry": {
        "type": "Polygon",
        "coordinates": [
          [
            [
              4.2322426,
              39.8209773
            ],
            [
              4.2322247,
              39.8209937
            ],
            [
              4.2322026,
              39.8209795
            ],
            [
              4.2322204,
              39.8209631
            ],
            [
              4.2322426,
              39.8209773
            ]
          ]
        ]
      },
      "id": "way/579528416"
    },
    {
      "type": "Feature",
      "properties": {
        "@id": "way/579535425",
        "building": "industrial",
        "building:levels": "1",
        "power": "substation"
      },
      "geometry": {
        "type": "Polygon",
        "coordinates": [
          [
            [
              4.2344507,
              39.8195198
            ],
            [
              4.2344681,
              39.8195372
            ],
            [
              4.2344356,
              39.8195563
            ],
            [
              4.2344182,
              39.8195389
            ],
            [
              4.2344507,
              39.8195198
            ]
          ]
        ]
      },
      "id": "way/579535425"
    },
    {
      "type": "Feature",
      "properties": {
        "@id": "way/579541425",
        "building": "industrial",
        "building:levels": "1",
        "power": "substation"
      },
      "geometry": {
        "type": "Polygon",
        "coordinates": [
          [
            [
              4.2347324,
              39.8193371
            ],
            [
              4.2347221,
              39.8193659
            ],
            [
              4.2346397,
              39.8193486
            ],
            [
              4.2346499,
              39.8193198
            ],
            [
              4.2347324,
              39.8193371
            ]
          ]
        ]
      },
      "id": "way/579541425"
    },
    {
      "type": "Feature",
      "properties": {
        "@id": "way/579654390",
        "building": "industrial",
        "building:levels": "1",
        "power": "substation"
      },
      "geometry": {
        "type": "Polygon",
        "coordinates": [
          [
            [
              4.2347056,
              39.8219351
            ],
            [
              4.2347174,
              39.8219472
            ],
            [
              4.2347521,
              39.821983
            ],
            [
              4.234722,
              39.8220002
            ],
            [
              4.2346755,
              39.8219524
            ],
            [
              4.2347056,
              39.8219351
            ]
          ]
        ]
      },
      "id": "way/579654390"
    },
    {
      "type": "Feature",
      "properties": {
        "@id": "way/580386022",
        "building": "industrial",
        "building:levels": "1",
        "power": "substation"
      },
      "geometry": {
        "type": "Polygon",
        "coordinates": [
          [
            [
              4.2467256,
              39.8216334
            ],
            [
              4.2466943,
              39.8216136
            ],
            [
              4.2467503,
              39.8215583
            ],
            [
              4.2467827,
              39.8215775
            ],
            [
              4.2467256,
              39.8216334
            ]
          ]
        ]
      },
      "id": "way/580386022"
    },
    {
      "type": "Feature",
      "properties": {
        "@id": "way/582160726",
        "building": "industrial",
        "building:levels": "1",
        "power": "substation"
      },
      "geometry": {
        "type": "Polygon",
        "coordinates": [
          [
            [
              4.2476177,
              39.81593
            ],
            [
              4.2475896,
              39.8158698
            ],
            [
              4.2476282,
              39.8158591
            ],
            [
              4.2476564,
              39.8159193
            ],
            [
              4.2476177,
              39.81593
            ]
          ]
        ]
      },
      "id": "way/582160726"
    },
    {
      "type": "Feature",
      "properties": {
        "@id": "way/583123260",
        "building": "industrial",
        "building:levels": "1",
        "power": "substation"
      },
      "geometry": {
        "type": "Polygon",
        "coordinates": [
          [
            [
              4.2487268,
              39.8191503
            ],
            [
              4.2487487,
              39.8192129
            ],
            [
              4.2487091,
              39.819221
            ],
            [
              4.2486875,
              39.8191583
            ],
            [
              4.2487268,
              39.8191503
            ]
          ]
        ]
      },
      "id": "way/583123260"
    },
    {
      "type": "Feature",
      "properties": {
        "@id": "way/583135115",
        "building": "industrial",
        "building:levels": "1",
        "power": "substation"
      },
      "geometry": {
        "type": "Polygon",
        "coordinates": [
          [
            [
              4.2512608,
              39.8177341
            ],
            [
              4.2513005,
              39.8177292
            ],
            [
              4.2513129,
              39.8177917
            ],
            [
              4.2512734,
              39.8177964
            ],
            [
              4.2512608,
              39.8177341
            ]
          ]
        ]
      },
      "id": "way/583135115"
    },
    {
      "type": "Feature",
      "properties": {
        "@id": "way/583142658",
        "building": "industrial",
        "building:levels": "1",
        "power": "substation"
      },
      "geometry": {
        "type": "Polygon",
        "coordinates": [
          [
            [
              4.2569795,
              39.8153029
            ],
            [
              4.2570184,
              39.8153001
            ],
            [
              4.2570254,
              39.8153599
            ],
            [
              4.2569866,
              39.8153627
            ],
            [
              4.2569795,
              39.8153029
            ]
          ]
        ]
      },
      "id": "way/583142658"
    },
    {
      "type": "Feature",
      "properties": {
        "@id": "way/583165463",
        "building": "industrial",
        "building:levels": "1",
        "power": "substation"
      },
      "geometry": {
        "type": "Polygon",
        "coordinates": [
          [
            [
              4.2643689,
              39.8127652
            ],
            [
              4.2643501,
              39.8127725
            ],
            [
              4.26434,
              39.8127529
            ],
            [
              4.2643345,
              39.8127418
            ],
            [
              4.2644245,
              39.8127079
            ],
            [
              4.2644424,
              39.8127372
            ],
            [
              4.2643689,
              39.8127652
            ]
          ]
        ]
      },
      "id": "way/583165463"
    },
    {
      "type": "Feature",
      "properties": {
        "@id": "way/583548858",
        "building": "industrial",
        "building:levels": "1",
        "power": "substation"
      },
      "geometry": {
        "type": "Polygon",
        "coordinates": [
          [
            [
              4.2664414,
              39.8108773
            ],
            [
              4.2664822,
              39.8108697
            ],
            [
              4.2665006,
              39.8109293
            ],
            [
              4.2664591,
              39.8109362
            ],
            [
              4.2664451,
              39.8108895
            ],
            [
              4.2664414,
              39.8108773
            ]
          ]
        ]
      },
      "id": "way/583548858"
    },
    {
      "type": "Feature",
      "properties": {
        "@id": "way/583919420",
        "building": "industrial",
        "building:levels": "1",
        "power": "substation"
      },
      "geometry": {
        "type": "Polygon",
        "coordinates": [
          [
            [
              4.27122,
              39.8099884
            ],
            [
              4.2712616,
              39.8099927
            ],
            [
              4.2712511,
              39.8100536
            ],
            [
              4.2712096,
              39.8100494
            ],
            [
              4.27122,
              39.8099884
            ]
          ]
        ]
      },
      "id": "way/583919420"
    },
    {
      "type": "Feature",
      "properties": {
        "@id": "way/584009721",
        "building": "industrial",
        "building:levels": "1",
        "power": "substation"
      },
      "geometry": {
        "type": "Polygon",
        "coordinates": [
          [
            [
              4.2772311,
              39.8125409
            ],
            [
              4.277238,
              39.8125101
            ],
            [
              4.2772971,
              39.8125207
            ],
            [
              4.2773134,
              39.8125231
            ],
            [
              4.2773101,
              39.8125366
            ],
            [
              4.2773063,
              39.8125518
            ],
            [
              4.2772311,
              39.8125409
            ]
          ]
        ]
      },
      "id": "way/584009721"
    },
    {
      "type": "Feature",
      "properties": {
        "@id": "way/584011305",
        "building": "industrial",
        "building:levels": "2",
        "power": "substation"
      },
      "geometry": {
        "type": "Polygon",
        "coordinates": [
          [
            [
              4.2792015,
              39.8139074
            ],
            [
              4.2791576,
              39.813887
            ],
            [
              4.2791791,
              39.813859
            ],
            [
              4.2792232,
              39.8138791
            ],
            [
              4.2792583,
              39.8138951
            ],
            [
              4.2792366,
              39.8139234
            ],
            [
              4.2792015,
              39.8139074
            ]
          ]
        ]
      },
      "id": "way/584011305"
    },
    {
      "type": "Feature",
      "properties": {
        "@id": "way/584135556",
        "building": "industrial",
        "building:levels": "1",
        "power": "substation"
      },
      "geometry": {
        "type": "Polygon",
        "coordinates": [
          [
            [
              4.2769914,
              39.8172754
            ],
            [
              4.2769805,
              39.8173073
            ],
            [
              4.2768469,
              39.8172803
            ],
            [
              4.2768578,
              39.8172484
            ],
            [
              4.2769914,
              39.8172754
            ]
          ]
        ]
      },
      "id": "way/584135556"
    },
    {
      "type": "Feature",
      "properties": {
        "@id": "way/584629277",
        "building": "industrial",
        "building:levels": "1",
        "power": "substation"
      },
      "geometry": {
        "type": "Polygon",
        "coordinates": [
          [
            [
              4.2933619,
              39.8299812
            ],
            [
              4.2933654,
              39.8300125
            ],
            [
              4.2933227,
              39.830015
            ],
            [
              4.293322,
              39.8300075
            ],
            [
              4.2933196,
              39.8299824
            ],
            [
              4.2933619,
              39.8299812
            ]
          ]
        ]
      },
      "id": "way/584629277"
    },
    {
      "type": "Feature",
      "properties": {
        "@id": "way/585649229",
        "building": "industrial",
        "building:levels": "1",
        "power": "substation"
      },
      "geometry": {
        "type": "Polygon",
        "coordinates": [
          [
            [
              4.2999938,
              39.8370588
            ],
            [
              4.3000359,
              39.8370614
            ],
            [
              4.30003,
              39.8371181
            ],
            [
              4.2999878,
              39.8371165
            ],
            [
              4.2999938,
              39.8370588
            ]
          ]
        ]
      },
      "id": "way/585649229"
    },
    {
      "type": "Feature",
      "properties": {
        "@id": "way/586101107",
        "building": "industrial",
        "building:levels": "1",
        "power": "substation"
      },
      "geometry": {
        "type": "Polygon",
        "coordinates": [
          [
            [
              4.2773407,
              39.8547431
            ],
            [
              4.2773458,
              39.8547646
            ],
            [
              4.2773075,
              39.8547701
            ],
            [
              4.2773051,
              39.8547593
            ],
            [
              4.2773028,
              39.8547486
            ],
            [
              4.2773407,
              39.8547431
            ]
          ]
        ]
      },
      "id": "way/586101107"
    },
    {
      "type": "Feature",
      "properties": {
        "@id": "way/586101161",
        "building": "transformer_tower",
        "building:levels": "1",
        "power": "substation"
      },
      "geometry": {
        "type": "Polygon",
        "coordinates": [
          [
            [
              4.2797044,
              39.8537764
            ],
            [
              4.2797048,
              39.8538233
            ],
            [
              4.2796662,
              39.8538237
            ],
            [
              4.2796654,
              39.8537768
            ],
            [
              4.2797044,
              39.8537764
            ]
          ]
        ]
      },
      "id": "way/586101161"
    },
    {
      "type": "Feature",
      "properties": {
        "@id": "way/586368246",
        "building": "transformer_tower",
        "building:levels": "1",
        "power": "substation"
      },
      "geometry": {
        "type": "Polygon",
        "coordinates": [
          [
            [
              4.2779186,
              39.8548941
            ],
            [
              4.2779101,
              39.8549243
            ],
            [
              4.277872,
              39.8549179
            ],
            [
              4.2778806,
              39.8548877
            ],
            [
              4.2779186,
              39.8548941
            ]
          ]
        ]
      },
      "id": "way/586368246"
    },
    {
      "type": "Feature",
      "properties": {
        "@id": "way/586376130",
        "building": "transformer_tower",
        "building:levels": "1",
        "power": "substation"
      },
      "geometry": {
        "type": "Polygon",
        "coordinates": [
          [
            [
              4.2812974,
              39.8520302
            ],
            [
              4.2813814,
              39.8520448
            ],
            [
              4.281372,
              39.852077
            ],
            [
              4.281288,
              39.8520624
            ],
            [
              4.2812924,
              39.8520474
            ],
            [
              4.2812974,
              39.8520302
            ]
          ]
        ]
      },
      "id": "way/586376130"
    },
    {
      "type": "Feature",
      "properties": {
        "@id": "way/586380981",
        "building": "transformer_tower",
        "building:levels": "1",
        "power": "substation"
      },
      "geometry": {
        "type": "Polygon",
        "coordinates": [
          [
            [
              4.2785154,
              39.8570833
            ],
            [
              4.2785205,
              39.857058
            ],
            [
              4.2785234,
              39.8570437
            ],
            [
              4.2785578,
              39.857048
            ],
            [
              4.2785544,
              39.8570643
            ],
            [
              4.2785503,
              39.8570831
            ],
            [
              4.2785497,
              39.8570875
            ],
            [
              4.2785154,
              39.8570833
            ]
          ]
        ]
      },
      "id": "way/586380981"
    },
    {
      "type": "Feature",
      "properties": {
        "@id": "way/586651268",
        "building": "industrial",
        "building:levels": "1",
        "power": "substation"
      },
      "geometry": {
        "type": "Polygon",
        "coordinates": [
          [
            [
              4.2991584,
              39.8630557
            ],
            [
              4.2991909,
              39.8630733
            ],
            [
              4.2991643,
              39.8631024
            ],
            [
              4.2991555,
              39.8631121
            ],
            [
              4.299123,
              39.8630945
            ],
            [
              4.2991584,
              39.8630557
            ]
          ]
        ]
      },
      "id": "way/586651268"
    },
    {
      "type": "Feature",
      "properties": {
        "@id": "way/587514306",
        "building": "transformer_tower",
        "building:levels": "1",
        "power": "substation"
      },
      "geometry": {
        "type": "Polygon",
        "coordinates": [
          [
            [
              4.2644507,
              39.8676142
            ],
            [
              4.264511,
              39.8676213
            ],
            [
              4.2645039,
              39.8676569
            ],
            [
              4.2644446,
              39.8676499
            ],
            [
              4.2644507,
              39.8676142
            ]
          ]
        ]
      },
      "id": "way/587514306"
    },
    {
      "type": "Feature",
      "properties": {
        "@id": "way/587514318",
        "building": "transformer_tower",
        "building:levels": "1",
        "power": "substation"
      },
      "geometry": {
        "type": "Polygon",
        "coordinates": [
          [
            [
              4.2722449,
              39.8678501
            ],
            [
              4.2722618,
              39.8678139
            ],
            [
              4.2723055,
              39.867826
            ],
            [
              4.2722887,
              39.8678622
            ],
            [
              4.2722449,
              39.8678501
            ]
          ]
        ]
      },
      "id": "way/587514318"
    },
    {
      "type": "Feature",
      "properties": {
        "@id": "way/587514337",
        "building": "transformer_tower",
        "building:levels": "1",
        "power": "substation"
      },
      "geometry": {
        "type": "Polygon",
        "coordinates": [
          [
            [
              4.2720626,
              39.8682837
            ],
            [
              4.2720758,
              39.8682491
            ],
            [
              4.2721166,
              39.8682583
            ],
            [
              4.2721034,
              39.8682929
            ],
            [
              4.2720626,
              39.8682837
            ]
          ]
        ]
      },
      "id": "way/587514337"
    },
    {
      "type": "Feature",
      "properties": {
        "@id": "way/588781851",
        "building": "transformer_tower",
        "building:levels": "1",
        "power": "substation"
      },
      "geometry": {
        "type": "Polygon",
        "coordinates": [
          [
            [
              4.2799319,
              39.8850464
            ],
            [
              4.2799239,
              39.8850178
            ],
            [
              4.2799629,
              39.8850113
            ],
            [
              4.2799709,
              39.8850399
            ],
            [
              4.2799319,
              39.8850464
            ]
          ]
        ]
      },
      "id": "way/588781851"
    },
    {
      "type": "Feature",
      "properties": {
        "@id": "way/589931887",
        "building": "transformer_tower",
        "building:levels": "1",
        "power": "substation",
        "substation": "minor_distribution"
      },
      "geometry": {
        "type": "Polygon",
        "coordinates": [
          [
            [
              4.2792246,
              39.8749336
            ],
            [
              4.2791898,
              39.8749095
            ],
            [
              4.2792109,
              39.8748914
            ],
            [
              4.2792457,
              39.8749155
            ],
            [
              4.2792246,
              39.8749336
            ]
          ]
        ]
      },
      "id": "way/589931887"
    },
    {
      "type": "Feature",
      "properties": {
        "@id": "way/590253945",
        "building": "industrial",
        "building:levels": "1",
        "power": "substation"
      },
      "geometry": {
        "type": "Polygon",
        "coordinates": [
          [
            [
              4.2919322,
              39.8792235
            ],
            [
              4.2919123,
              39.8792344
            ],
            [
              4.2918967,
              39.8792174
            ],
            [
              4.2918497,
              39.8792431
            ],
            [
              4.2918144,
              39.8792049
            ],
            [
              4.2918694,
              39.8791757
            ],
            [
              4.2918815,
              39.8791689
            ],
            [
              4.2919322,
              39.8792235
            ]
          ]
        ]
      },
      "id": "way/590253945"
    },
    {
      "type": "Feature",
      "properties": {
        "@id": "way/596165117",
        "building": "industrial",
        "building:levels": "1",
        "power": "substation",
        "substation": "minor_distribution"
      },
      "geometry": {
        "type": "Polygon",
        "coordinates": [
          [
            [
              4.2789415,
              39.8815576
            ],
            [
              4.2789612,
              39.8815855
            ],
            [
              4.2788899,
              39.8816154
            ],
            [
              4.2788801,
              39.8816015
            ],
            [
              4.2788702,
              39.8815875
            ],
            [
              4.2789415,
              39.8815576
            ]
          ]
        ]
      },
      "id": "way/596165117"
    },
    {
      "type": "Feature",
      "properties": {
        "@id": "way/612046967",
        "addr:housenumber": "197",
        "addr:postcode": "07712",
        "addr:street": "Camí Vell de Sant Climent",
        "building": "transformer_tower",
        "building:levels": "1",
        "location": "indoor",
        "power": "substation",
        "substation": "converter"
      },
      "geometry": {
        "type": "Polygon",
        "coordinates": [
          [
            [
              4.2148915,
              39.8747948
            ],
            [
              4.2149146,
              39.874768
            ],
            [
              4.2149492,
              39.8747856
            ],
            [
              4.2149261,
              39.8748124
            ],
            [
              4.2149096,
              39.8748041
            ],
            [
              4.2148915,
              39.8747948
            ]
          ]
        ]
      },
      "id": "way/612046967"
    },
    {
      "type": "Feature",
      "properties": {
        "@id": "way/612324560",
        "addr:housenumber": "100",
        "addr:postcode": "07712",
        "addr:street": "Camí Vell de Sant Climent",
        "building": "transformer_tower",
        "building:levels": "1",
        "location": "indoor",
        "power": "substation",
        "substation": "converter"
      },
      "geometry": {
        "type": "Polygon",
        "coordinates": [
          [
            [
              4.2307624,
              39.881356
            ],
            [
              4.2307607,
              39.8813012
            ],
            [
              4.2308016,
              39.8813004
            ],
            [
              4.2308033,
              39.8813552
            ],
            [
              4.2307871,
              39.8813555
            ],
            [
              4.2307624,
              39.881356
            ]
          ]
        ]
      },
      "id": "way/612324560"
    },
    {
      "type": "Feature",
      "properties": {
        "@id": "way/615391290",
        "building": "transformer_tower",
        "power": "substation"
      },
      "geometry": {
        "type": "Polygon",
        "coordinates": [
          [
            [
              2.9017203,
              39.5573484
            ],
            [
              2.9017117,
              39.5572983
            ],
            [
              2.9017506,
              39.5572943
            ],
            [
              2.9017593,
              39.5573444
            ],
            [
              2.9017203,
              39.5573484
            ]
          ]
        ]
      },
      "id": "way/615391290"
    },
    {
      "type": "Feature",
      "properties": {
        "@id": "way/651654921",
        "landuse": "industrial",
        "name": "subestació de Portocolom",
        "power": "substation"
      },
      "geometry": {
        "type": "Polygon",
        "coordinates": [
          [
            [
              3.2359007,
              39.4204517
            ],
            [
              3.2366064,
              39.42129
            ],
            [
              3.23592,
              39.4216348
            ],
            [
              3.2352143,
              39.4207966
            ],
            [
              3.2359007,
              39.4204517
            ]
          ]
        ]
      },
      "id": "way/651654921"
    },
    {
      "type": "Feature",
      "properties": {
        "@id": "way/661542664",
        "building": "service",
        "power": "substation"
      },
      "geometry": {
        "type": "Polygon",
        "coordinates": [
          [
            [
              2.6987112,
              39.7852978
            ],
            [
              2.6987213,
              39.7852665
            ],
            [
              2.6987897,
              39.7852797
            ],
            [
              2.6987795,
              39.7853109
            ],
            [
              2.6987112,
              39.7852978
            ]
          ]
        ]
      },
      "id": "way/661542664"
    },
    {
      "type": "Feature",
      "properties": {
        "@id": "way/684864183",
        "building": "transformer_tower",
        "power": "substation",
        "substation": "minor_distribution"
      },
      "geometry": {
        "type": "Polygon",
        "coordinates": [
          [
            [
              1.5168652,
              38.6748762
            ],
            [
              1.5168837,
              38.6748688
            ],
            [
              1.5169021,
              38.6748614
            ],
            [
              1.5169331,
              38.6749084
            ],
            [
              1.5168962,
              38.6749232
            ],
            [
              1.5168652,
              38.6748762
            ]
          ]
        ]
      },
      "id": "way/684864183"
    },
    {
      "type": "Feature",
      "properties": {
        "@id": "way/690746349",
        "building": "transformer_tower",
        "building:levels": "1",
        "power": "substation"
      },
      "geometry": {
        "type": "Polygon",
        "coordinates": [
          [
            [
              3.8253681,
              39.9315105
            ],
            [
              3.8253372,
              39.9315211
            ],
            [
              3.8253075,
              39.9314694
            ],
            [
              3.8253383,
              39.9314589
            ],
            [
              3.8253681,
              39.9315105
            ]
          ]
        ]
      },
      "id": "way/690746349"
    },
    {
      "type": "Feature",
      "properties": {
        "@id": "way/729268583",
        "building": "transformer_tower",
        "building:levels": "1",
        "location": "indoor",
        "power": "substation",
        "substation": "transition"
      },
      "geometry": {
        "type": "Polygon",
        "coordinates": [
          [
            [
              3.8324579,
              40.019787
            ],
            [
              3.832454,
              40.0198301
            ],
            [
              3.8324354,
              40.0198291
            ],
            [
              3.832414,
              40.0198279
            ],
            [
              3.8324179,
              40.0197848
            ],
            [
              3.8324579,
              40.019787
            ]
          ]
        ]
      },
      "id": "way/729268583"
    },
    {
      "type": "Feature",
      "properties": {
        "@id": "way/731135777",
        "building": "yes",
        "building:levels": "1",
        "disused:building": "industrial",
        "location": "indoor",
        "power": "substation",
        "substation": "transition"
      },
      "geometry": {
        "type": "Polygon",
        "coordinates": [
          [
            [
              3.8535184,
              39.9522033
            ],
            [
              3.853529,
              39.9522369
            ],
            [
              3.8534855,
              39.952245
            ],
            [
              3.853475,
              39.9522113
            ],
            [
              3.8535184,
              39.9522033
            ]
          ]
        ]
      },
      "id": "way/731135777"
    },
    {
      "type": "Feature",
      "properties": {
        "@id": "way/731939345",
        "building": "barn",
        "building:levels": "1",
        "location": "indoor",
        "power": "substation",
        "substation": "transition"
      },
      "geometry": {
        "type": "Polygon",
        "coordinates": [
          [
            [
              3.8837268,
              39.9593864
            ],
            [
              3.8837533,
              39.959395
            ],
            [
              3.8837395,
              39.9594198
            ],
            [
              3.8837132,
              39.9594113
            ],
            [
              3.8837268,
              39.9593864
            ]
          ]
        ]
      },
      "id": "way/731939345"
    },
    {
      "type": "Feature",
      "properties": {
        "@id": "way/732066301",
        "building": "transformer_tower",
        "building:levels": "1",
        "location": "indoor",
        "power": "substation",
        "substation": "transition"
      },
      "geometry": {
        "type": "Polygon",
        "coordinates": [
          [
            [
              3.8561053,
              39.9913208
            ],
            [
              3.8561032,
              39.9913127
            ],
            [
              3.856096,
              39.991285
            ],
            [
              3.8561181,
              39.9912816
            ],
            [
              3.8561397,
              39.9912783
            ],
            [
              3.8561424,
              39.9912889
            ],
            [
              3.8561468,
              39.9913057
            ],
            [
              3.856149,
              39.9913141
            ],
            [
              3.8561159,
              39.9913191
            ],
            [
              3.8561053,
              39.9913208
            ]
          ]
        ]
      },
      "id": "way/732066301"
    },
    {
      "type": "Feature",
      "properties": {
        "@id": "way/741046646",
        "building": "transformer_tower",
        "building:levels": "1",
        "location": "indoor",
        "power": "substation",
        "substation": "transition"
      },
      "geometry": {
        "type": "Polygon",
        "coordinates": [
          [
            [
              4.1685313,
              39.8776036
            ],
            [
              4.1685857,
              39.8775998
            ],
            [
              4.1685913,
              39.8776479
            ],
            [
              4.168555,
              39.8776504
            ],
            [
              4.1685369,
              39.8776516
            ],
            [
              4.1685313,
              39.8776036
            ]
          ]
        ]
      },
      "id": "way/741046646"
    },
    {
      "type": "Feature",
      "properties": {
        "@id": "way/741287629",
        "building": "industrial",
        "building:levels": "1",
        "location": "indoor",
        "power": "substation",
        "substation": "converter"
      },
      "geometry": {
        "type": "Polygon",
        "coordinates": [
          [
            [
              4.1906375,
              39.9053909
            ],
            [
              4.1906763,
              39.9053875
            ],
            [
              4.1906802,
              39.9054129
            ],
            [
              4.1906833,
              39.9054331
            ],
            [
              4.1906444,
              39.9054365
            ],
            [
              4.1906413,
              39.905416
            ],
            [
              4.1906375,
              39.9053909
            ]
          ]
        ]
      },
      "id": "way/741287629"
    },
    {
      "type": "Feature",
      "properties": {
        "@id": "way/749028309",
        "building": "yes",
        "building:levels": "1",
        "location": "indoor",
        "power": "substation",
        "substation": "transition"
      },
      "geometry": {
        "type": "Polygon",
        "coordinates": [
          [
            [
              4.1577751,
              39.8910236
            ],
            [
              4.157797,
              39.8910268
            ],
            [
              4.1577945,
              39.8910366
            ],
            [
              4.1577922,
              39.8910458
            ],
            [
              4.1577706,
              39.8910427
            ],
            [
              4.1577751,
              39.8910236
            ]
          ]
        ]
      },
      "id": "way/749028309"
    },
    {
      "type": "Feature",
      "properties": {
        "@id": "way/749537576",
        "building": "transformer_tower",
        "building:levels": "1",
        "location": "indoor",
        "power": "substation",
        "substation": "transition"
      },
      "geometry": {
        "type": "Polygon",
        "coordinates": [
          [
            [
              4.1243244,
              39.9324867
            ],
            [
              4.1243636,
              39.9324786
            ],
            [
              4.1243788,
              39.9325219
            ],
            [
              4.1243599,
              39.9325259
            ],
            [
              4.1243397,
              39.9325301
            ],
            [
              4.1243244,
              39.9324867
            ]
          ]
        ]
      },
      "id": "way/749537576"
    },
    {
      "type": "Feature",
      "properties": {
        "@id": "way/785411919",
        "building": "yes",
        "building:colour": "beige",
        "building:levels": "1",
        "location": "indoor",
        "power": "substation",
        "roof:colour": "red",
        "roof:shape": "gabled",
        "substation": "transition"
      },
      "geometry": {
        "type": "Polygon",
        "coordinates": [
          [
            [
              4.0455537,
              39.9142363
            ],
            [
              4.045597,
              39.914287
            ],
            [
              4.0455446,
              39.9143148
            ],
            [
              4.0455007,
              39.9142627
            ],
            [
              4.0455537,
              39.9142363
            ]
          ]
        ]
      },
      "id": "way/785411919"
    },
    {
      "type": "Feature",
      "properties": {
        "@id": "way/786604742",
        "addr:city": "Alaior",
        "addr:country": "ES",
        "addr:housenumber": "J2",
        "addr:place": "Urbanització Santo Tomàs",
        "addr:postcode": "07749",
        "building": "transformer_tower",
        "building:levels": "1",
        "location": "indoor",
        "power": "substation",
        "substation": "transition"
      },
      "geometry": {
        "type": "Polygon",
        "coordinates": [
          [
            [
              4.0401115,
              39.917672
            ],
            [
              4.0401319,
              39.9177329
            ],
            [
              4.0401131,
              39.9177367
            ],
            [
              4.0400969,
              39.9177399
            ],
            [
              4.0400765,
              39.9176789
            ],
            [
              4.0401115,
              39.917672
            ]
          ]
        ]
      },
      "id": "way/786604742"
    },
    {
      "type": "Feature",
      "properties": {
        "@id": "way/878597975",
        "power": "substation"
      },
      "geometry": {
        "type": "Polygon",
        "coordinates": [
          [
            [
              2.7443501,
              39.5551119
            ],
            [
              2.7443647,
              39.5550884
            ],
            [
              2.7443699,
              39.5550801
            ],
            [
              2.744412,
              39.5550956
            ],
            [
              2.7443922,
              39.5551274
            ],
            [
              2.7443501,
              39.5551119
            ]
          ]
        ]
      },
      "id": "way/878597975"
    },
    {
      "type": "Feature",
      "properties": {
        "@id": "way/885227396",
        "building": "yes",
        "power": "substation",
        "substation": "yes"
      },
      "geometry": {
        "type": "Polygon",
        "coordinates": [
          [
            [
              2.6661035,
              39.5900181
            ],
            [
              2.6661563,
              39.5899888
            ],
            [
              2.6661685,
              39.5900018
            ],
            [
              2.6661797,
              39.5900138
            ],
            [
              2.6661269,
              39.5900431
            ],
            [
              2.6661103,
              39.5900253
            ],
            [
              2.6661035,
              39.5900181
            ]
          ]
        ]
      },
      "id": "way/885227396"
    },
    {
      "type": "Feature",
      "properties": {
        "@id": "way/885995857",
        "power": "substation"
      },
      "geometry": {
        "type": "Polygon",
        "coordinates": [
          [
            [
              2.6220163,
              39.5746084
            ],
            [
              2.6220004,
              39.5745779
            ],
            [
              2.6219832,
              39.5745425
            ],
            [
              2.6220566,
              39.5745205
            ],
            [
              2.6220897,
              39.5745864
            ],
            [
              2.6220163,
              39.5746084
            ]
          ]
        ]
      },
      "id": "way/885995857"
    },
    {
      "type": "Feature",
      "properties": {
        "@id": "way/885995860",
        "power": "substation"
      },
      "geometry": {
        "type": "Polygon",
        "coordinates": [
          [
            [
              2.6087147,
              39.5744323
            ],
            [
              2.6087345,
              39.5743981
            ],
            [
              2.6087728,
              39.5744114
            ],
            [
              2.6087638,
              39.5744269
            ],
            [
              2.608753,
              39.5744455
            ],
            [
              2.6087147,
              39.5744323
            ]
          ]
        ]
      },
      "id": "way/885995860"
    },
    {
      "type": "Feature",
      "properties": {
        "@id": "way/887659074",
        "building": "yes",
        "power": "substation",
        "ref": "5128"
      },
      "geometry": {
        "type": "Polygon",
        "coordinates": [
          [
            [
              2.9163277,
              39.7165446
            ],
            [
              2.916308,
              39.716513
            ],
            [
              2.9164188,
              39.7164721
            ],
            [
              2.9164285,
              39.7164877
            ],
            [
              2.9164385,
              39.7165036
            ],
            [
              2.9163277,
              39.7165446
            ]
          ]
        ]
      },
      "id": "way/887659074"
    },
    {
      "type": "Feature",
      "properties": {
        "@id": "way/889950804",
        "building": "service",
        "power": "substation",
        "substation": "minor_distribution"
      },
      "geometry": {
        "type": "Polygon",
        "coordinates": [
          [
            [
              1.5423071,
              38.9886124
            ],
            [
              1.5423565,
              38.9885531
            ],
            [
              1.5423962,
              38.9885731
            ],
            [
              1.5423468,
              38.9886324
            ],
            [
              1.5423071,
              38.9886124
            ]
          ]
        ]
      },
      "id": "way/889950804"
    },
    {
      "type": "Feature",
      "properties": {
        "@id": "way/892397562",
        "power": "substation",
        "voltage": "15000"
      },
      "geometry": {
        "type": "Polygon",
        "coordinates": [
          [
            [
              2.9964147,
              39.6987194
            ],
            [
              2.9963761,
              39.6986797
            ],
            [
              2.9963417,
              39.6986443
            ],
            [
              2.9964122,
              39.6986045
            ],
            [
              2.9964527,
              39.6986444
            ],
            [
              2.9964877,
              39.6986789
            ],
            [
              2.9964606,
              39.698694
            ],
            [
              2.9964147,
              39.6987194
            ]
          ]
        ]
      },
      "id": "way/892397562"
    },
    {
      "type": "Feature",
      "properties": {
        "@id": "way/892397569",
        "power": "substation"
      },
      "geometry": {
        "type": "Polygon",
        "coordinates": [
          [
            [
              3.0619408,
              39.7260072
            ],
            [
              3.0619918,
              39.7259737
            ],
            [
              3.0620419,
              39.7259395
            ],
            [
              3.0620663,
              39.7259611
            ],
            [
              3.0620432,
              39.7259766
            ],
            [
              3.0620125,
              39.7259971
            ],
            [
              3.0619652,
              39.7260288
            ],
            [
              3.0619408,
              39.7260072
            ]
          ]
        ]
      },
      "id": "way/892397569"
    },
    {
      "type": "Feature",
      "properties": {
        "@id": "way/892397574",
        "power": "substation"
      },
      "geometry": {
        "type": "Polygon",
        "coordinates": [
          [
            [
              3.0888315,
              39.7171002
            ],
            [
              3.0888565,
              39.7170776
            ],
            [
              3.0888823,
              39.7170542
            ],
            [
              3.0889115,
              39.7170732
            ],
            [
              3.0888607,
              39.7171192
            ],
            [
              3.0888315,
              39.7171002
            ]
          ]
        ]
      },
      "id": "way/892397574"
    },
    {
      "type": "Feature",
      "properties": {
        "@id": "way/892397577",
        "power": "substation"
      },
      "geometry": {
        "type": "Polygon",
        "coordinates": [
          [
            [
              3.1002943,
              39.7076249
            ],
            [
              3.1002595,
              39.7075889
            ],
            [
              3.1002218,
              39.7075485
            ],
            [
              3.1003015,
              39.7075037
            ],
            [
              3.1003211,
              39.7075243
            ],
            [
              3.100374,
              39.7075801
            ],
            [
              3.1002943,
              39.7076249
            ]
          ]
        ]
      },
      "id": "way/892397577"
    },
    {
      "type": "Feature",
      "properties": {
        "@id": "way/892397584",
        "power": "substation"
      },
      "geometry": {
        "type": "Polygon",
        "coordinates": [
          [
            [
              3.0597974,
              39.7325673
            ],
            [
              3.0597762,
              39.7325382
            ],
            [
              3.0598242,
              39.7325176
            ],
            [
              3.0598338,
              39.7325308
            ],
            [
              3.0598453,
              39.7325467
            ],
            [
              3.0597974,
              39.7325673
            ]
          ]
        ]
      },
      "id": "way/892397584"
    },
    {
      "type": "Feature",
      "properties": {
        "@id": "way/892660759",
        "power": "substation"
      },
      "geometry": {
        "type": "Polygon",
        "coordinates": [
          [
            [
              2.9019728,
              39.6502362
            ],
            [
              2.9020297,
              39.6501706
            ],
            [
              2.9020778,
              39.6501954
            ],
            [
              2.9020209,
              39.6502609
            ],
            [
              2.9019995,
              39.6502476
            ],
            [
              2.9019728,
              39.6502362
            ]
          ]
        ]
      },
      "id": "way/892660759"
    },
    {
      "type": "Feature",
      "properties": {
        "@id": "way/934059463",
        "building": "transformer_tower",
        "power": "substation"
      },
      "geometry": {
        "type": "Polygon",
        "coordinates": [
          [
            [
              3.0940506,
              39.848271
            ],
            [
              3.0940743,
              39.8482927
            ],
            [
              3.0940976,
              39.8483141
            ],
            [
              3.0940701,
              39.8483317
            ],
            [
              3.094049,
              39.8483452
            ],
            [
              3.0940309,
              39.8483569
            ],
            [
              3.0940042,
              39.8483325
            ],
            [
              3.0939839,
              39.8483139
            ],
            [
              3.0940506,
              39.848271
            ]
          ]
        ]
      },
      "id": "way/934059463"
    },
    {
      "type": "Feature",
      "properties": {
        "@id": "way/951433054",
        "building": "transformer_tower",
        "power": "substation"
      },
      "geometry": {
        "type": "Polygon",
        "coordinates": [
          [
            [
              3.1518216,
              39.9247185
            ],
            [
              3.1518073,
              39.9247454
            ],
            [
              3.1517875,
              39.9247392
            ],
            [
              3.1517666,
              39.9247327
            ],
            [
              3.1517809,
              39.9247058
            ],
            [
              3.1518216,
              39.9247185
            ]
          ]
        ]
      },
      "id": "way/951433054"
    },
    {
      "type": "Feature",
      "properties": {
        "@id": "way/951684343",
        "building": "service",
        "name": "Can Castello",
        "power": "substation",
        "ref": "71",
        "substation": "minor_distribution"
      },
      "geometry": {
        "type": "Polygon",
        "coordinates": [
          [
            [
              1.4149661,
              38.7137745
            ],
            [
              1.4150193,
              38.7137518
            ],
            [
              1.4150373,
              38.7137776
            ],
            [
              1.4149841,
              38.7138002
            ],
            [
              1.4149661,
              38.7137745
            ]
          ]
        ]
      },
      "id": "way/951684343"
    },
    {
      "type": "Feature",
      "properties": {
        "@id": "way/953019413",
        "building": "transformer_tower",
        "building:levels": "1",
        "power": "substation",
        "substation": "minor_distribution"
      },
      "geometry": {
        "type": "Polygon",
        "coordinates": [
          [
            [
              4.1221328,
              40.0411371
            ],
            [
              4.1221024,
              40.0411106
            ],
            [
              4.1221367,
              40.0410876
            ],
            [
              4.122167,
              40.0411141
            ],
            [
              4.1221328,
              40.0411371
            ]
          ]
        ]
      },
      "id": "way/953019413"
    },
    {
      "type": "Feature",
      "properties": {
        "@id": "way/954868393",
        "frequency": "50",
        "power": "substation",
        "substation": "minor_distribution"
      },
      "geometry": {
        "type": "Polygon",
        "coordinates": [
          [
            [
              2.9433732,
              39.4309554
            ],
            [
              2.9432898,
              39.4309554
            ],
            [
              2.9432898,
              39.4309321
            ],
            [
              2.9433732,
              39.4309321
            ],
            [
              2.9433732,
              39.4309554
            ]
          ]
        ]
      },
      "id": "way/954868393"
    },
    {
      "type": "Feature",
      "properties": {
        "@id": "way/954868394",
        "frequency": "50",
        "power": "substation",
        "substation": "minor_distribution"
      },
      "geometry": {
        "type": "Polygon",
        "coordinates": [
          [
            [
              2.9433732,
              39.4316855
            ],
            [
              2.9433732,
              39.4317065
            ],
            [
              2.9432898,
              39.4317065
            ],
            [
              2.9432898,
              39.4316855
            ],
            [
              2.9433732,
              39.4316855
            ]
          ]
        ]
      },
      "id": "way/954868394"
    },
    {
      "type": "Feature",
      "properties": {
        "@id": "way/954868395",
        "frequency": "50",
        "power": "substation",
        "substation": "minor_distribution"
      },
      "geometry": {
        "type": "Polygon",
        "coordinates": [
          [
            [
              2.9432682,
              39.432765
            ],
            [
              2.9432961,
              39.4327944
            ],
            [
              2.9432714,
              39.4328084
            ],
            [
              2.9432435,
              39.432779
            ],
            [
              2.9432682,
              39.432765
            ]
          ]
        ]
      },
      "id": "way/954868395"
    },
    {
      "type": "Feature",
      "properties": {
        "@id": "way/954868396",
        "frequency": "50",
        "power": "substation",
        "substation": "minor_distribution"
      },
      "geometry": {
        "type": "Polygon",
        "coordinates": [
          [
            [
              2.9432169,
              39.4327108
            ],
            [
              2.9432549,
              39.432751
            ],
            [
              2.9432302,
              39.432765
            ],
            [
              2.9431921,
              39.4327248
            ],
            [
              2.9432169,
              39.4327108
            ]
          ]
        ]
      },
      "id": "way/954868396"
    },
    {
      "type": "Feature",
      "properties": {
        "@id": "way/954868397",
        "frequency": "50",
        "power": "substation",
        "substation": "minor_distribution"
      },
      "geometry": {
        "type": "Polygon",
        "coordinates": [
          [
            [
              2.9431962,
              39.4326969
            ],
            [
              2.9431685,
              39.4327125
            ],
            [
              2.9431404,
              39.4326829
            ],
            [
              2.9431681,
              39.4326672
            ],
            [
              2.9431962,
              39.4326969
            ]
          ]
        ]
      },
      "id": "way/954868397"
    },
    {
      "type": "Feature",
      "properties": {
        "@id": "way/956808666",
        "frequency": "50",
        "power": "substation",
        "substation": "minor_distribution"
      },
      "geometry": {
        "type": "Polygon",
        "coordinates": [
          [
            [
              3.1140263,
              39.7330675
            ],
            [
              3.1139896,
              39.7330674
            ],
            [
              3.1139897,
              39.733051
            ],
            [
              3.1140265,
              39.7330512
            ],
            [
              3.1140263,
              39.7330675
            ]
          ]
        ]
      },
      "id": "way/956808666"
    },
    {
      "type": "Feature",
      "properties": {
        "@id": "way/956808667",
        "frequency": "50",
        "power": "substation",
        "substation": "minor_distribution"
      },
      "geometry": {
        "type": "Polygon",
        "coordinates": [
          [
            [
              3.1166256,
              39.7341296
            ],
            [
              3.1166385,
              39.734153
            ],
            [
              3.1165309,
              39.7341879
            ],
            [
              3.1165181,
              39.7341645
            ],
            [
              3.1166256,
              39.7341296
            ]
          ]
        ]
      },
      "id": "way/956808667"
    },
    {
      "type": "Feature",
      "properties": {
        "@id": "way/956808668",
        "frequency": "50",
        "power": "substation",
        "substation": "minor_distribution"
      },
      "geometry": {
        "type": "Polygon",
        "coordinates": [
          [
            [
              3.116515,
              39.7336262
            ],
            [
              3.1166196,
              39.7336562
            ],
            [
              3.1166083,
              39.7336794
            ],
            [
              3.1165037,
              39.7336494
            ],
            [
              3.116515,
              39.7336262
            ]
          ]
        ]
      },
      "id": "way/956808668"
    },
    {
      "type": "Feature",
      "properties": {
        "@id": "way/956808669",
        "frequency": "50",
        "power": "substation",
        "substation": "minor_distribution"
      },
      "geometry": {
        "type": "Polygon",
        "coordinates": [
          [
            [
              3.1158239,
              39.7331988
            ],
            [
              3.1158942,
              39.7332658
            ],
            [
              3.1158669,
              39.7332827
            ],
            [
              3.1157967,
              39.7332157
            ],
            [
              3.1158239,
              39.7331988
            ]
          ]
        ]
      },
      "id": "way/956808669"
    },
    {
      "type": "Feature",
      "properties": {
        "@id": "way/956808670",
        "frequency": "50",
        "power": "substation",
        "substation": "minor_distribution"
      },
      "geometry": {
        "type": "Polygon",
        "coordinates": [
          [
            [
              3.1156641,
              39.7329398
            ],
            [
              3.1156957,
              39.7330247
            ],
            [
              3.115664,
              39.7330317
            ],
            [
              3.1156324,
              39.7329467
            ],
            [
              3.1156641,
              39.7329398
            ]
          ]
        ]
      },
      "id": "way/956808670"
    },
    {
      "type": "Feature",
      "properties": {
        "@id": "way/956808671",
        "frequency": "50",
        "power": "substation",
        "substation": "minor_distribution"
      },
      "geometry": {
        "type": "Polygon",
        "coordinates": [
          [
            [
              3.115247,
              39.7321262
            ],
            [
              3.1152795,
              39.7322082
            ],
            [
              3.1152476,
              39.7322157
            ],
            [
              3.1152151,
              39.7321337
            ],
            [
              3.115247,
              39.7321262
            ]
          ]
        ]
      },
      "id": "way/956808671"
    },
    {
      "type": "Feature",
      "properties": {
        "@id": "way/956808672",
        "frequency": "50",
        "power": "substation",
        "substation": "minor_distribution"
      },
      "geometry": {
        "type": "Polygon",
        "coordinates": [
          [
            [
              3.1147129,
              39.7315333
            ],
            [
              3.1147707,
              39.7316103
            ],
            [
              3.1147427,
              39.7316227
            ],
            [
              3.1146848,
              39.7315458
            ],
            [
              3.1147129,
              39.7315333
            ]
          ]
        ]
      },
      "id": "way/956808672"
    },
    {
      "type": "Feature",
      "properties": {
        "@id": "way/957257030",
        "frequency": "50",
        "power": "substation",
        "substation": "minor_distribution"
      },
      "geometry": {
        "type": "Polygon",
        "coordinates": [
          [
            [
              3.1146203,
              39.37313
            ],
            [
              3.1144674,
              39.3730854
            ],
            [
              3.1144795,
              39.3730606
            ],
            [
              3.1146325,
              39.3731052
            ],
            [
              3.1146203,
              39.37313
            ]
          ]
        ]
      },
      "id": "way/957257030"
    },
    {
      "type": "Feature",
      "properties": {
        "@id": "way/957257031",
        "frequency": "50",
        "power": "substation",
        "substation": "minor_distribution"
      },
      "geometry": {
        "type": "Polygon",
        "coordinates": [
          [
            [
              3.1140599,
              39.3729664
            ],
            [
              3.113907,
              39.3729218
            ],
            [
              3.1139191,
              39.372897
            ],
            [
              3.114072,
              39.3729416
            ],
            [
              3.1140599,
              39.3729664
            ]
          ]
        ]
      },
      "id": "way/957257031"
    },
    {
      "type": "Feature",
      "properties": {
        "@id": "way/957257032",
        "frequency": "50",
        "power": "substation",
        "substation": "minor_distribution"
      },
      "geometry": {
        "type": "Polygon",
        "coordinates": [
          [
            [
              3.1135049,
              39.3728045
            ],
            [
              3.1134561,
              39.3727902
            ],
            [
              3.1134682,
              39.3727654
            ],
            [
              3.1135171,
              39.3727797
            ],
            [
              3.1135049,
              39.3728045
            ]
          ]
        ]
      },
      "id": "way/957257032"
    },
    {
      "type": "Feature",
      "properties": {
        "@id": "way/957257033",
        "frequency": "50",
        "power": "substation",
        "substation": "minor_distribution"
      },
      "geometry": {
        "type": "Polygon",
        "coordinates": [
          [
            [
              3.1136817,
              39.372856
            ],
            [
              3.1135288,
              39.3728114
            ],
            [
              3.1135409,
              39.3727866
            ],
            [
              3.1136938,
              39.3728313
            ],
            [
              3.1136817,
              39.372856
            ]
          ]
        ]
      },
      "id": "way/957257033"
    },
    {
      "type": "Feature",
      "properties": {
        "@id": "way/957257034",
        "frequency": "50",
        "power": "substation",
        "substation": "minor_distribution"
      },
      "geometry": {
        "type": "Polygon",
        "coordinates": [
          [
            [
              3.1131642,
              39.372705
            ],
            [
              3.1130113,
              39.3726604
            ],
            [
              3.1130234,
              39.3726356
            ],
            [
              3.1131763,
              39.3726802
            ],
            [
              3.1131642,
              39.372705
            ]
          ]
        ]
      },
      "id": "way/957257034"
    },
    {
      "type": "Feature",
      "properties": {
        "@id": "way/957257035",
        "frequency": "50",
        "power": "substation",
        "substation": "minor_distribution"
      },
      "geometry": {
        "type": "Polygon",
        "coordinates": [
          [
            [
              3.112621,
              39.3725465
            ],
            [
              3.1124681,
              39.3725019
            ],
            [
              3.1124802,
              39.3724771
            ],
            [
              3.1126331,
              39.3725217
            ],
            [
              3.112621,
              39.3725465
            ]
          ]
        ]
      },
      "id": "way/957257035"
    },
    {
      "type": "Feature",
      "properties": {
        "@id": "way/957257036",
        "frequency": "50",
        "power": "substation",
        "substation": "minor_distribution"
      },
      "geometry": {
        "type": "Polygon",
        "coordinates": [
          [
            [
              3.1119783,
              39.3723589
            ],
            [
              3.1118254,
              39.3723143
            ],
            [
              3.1118375,
              39.3722895
            ],
            [
              3.1119904,
              39.3723341
            ],
            [
              3.1119783,
              39.3723589
            ]
          ]
        ]
      },
      "id": "way/957257036"
    },
    {
      "type": "Feature",
      "properties": {
        "@id": "way/957257037",
        "frequency": "50",
        "power": "substation",
        "substation": "minor_distribution"
      },
      "geometry": {
        "type": "Polygon",
        "coordinates": [
          [
            [
              3.1112391,
              39.3721432
            ],
            [
              3.1110862,
              39.3720985
            ],
            [
              3.1110983,
              39.3720738
            ],
            [
              3.1112512,
              39.3721184
            ],
            [
              3.1112391,
              39.3721432
            ]
          ]
        ]
      },
      "id": "way/957257037"
    },
    {
      "type": "Feature",
      "properties": {
        "@id": "way/959998081",
        "landuse": "industrial",
        "name": "subestació de Cala Blava",
        "name:ca": "subestació de Cala Blava",
        "power": "substation",
        "substation": "yes",
        "voltage": "66000;15000"
      },
      "geometry": {
        "type": "Polygon",
        "coordinates": [
          [
            [
              2.8143978,
              39.408846
            ],
            [
              2.8151026,
              39.4083667
            ],
            [
              2.8167357,
              39.4097703
            ],
            [
              2.81614,
              39.4104184
            ],
            [
              2.8143978,
              39.408846
            ]
          ]
        ]
      },
      "id": "way/959998081"
    },
    {
      "type": "Feature",
      "properties": {
        "@id": "way/962198928",
        "building": "transformer_tower",
        "power": "substation",
        "voltage": "15000"
      },
      "geometry": {
        "type": "Polygon",
        "coordinates": [
          [
            [
              3.0797041,
              39.8027486
            ],
            [
              3.0797251,
              39.8027602
            ],
            [
              3.0797182,
              39.8027676
            ],
            [
              3.0797102,
              39.802776
            ],
            [
              3.0796893,
              39.8027645
            ],
            [
              3.0797041,
              39.8027486
            ]
          ]
        ]
      },
      "id": "way/962198928"
    },
    {
      "type": "Feature",
      "properties": {
        "@id": "way/962264266",
        "building": "service",
        "power": "substation",
        "substation": "minor_distribution"
      },
      "geometry": {
        "type": "Polygon",
        "coordinates": [
          [
            [
              1.4263567,
              38.7070997
            ],
            [
              1.4263716,
              38.7070906
            ],
            [
              1.4263766,
              38.7070956
            ],
            [
              1.4263926,
              38.7070859
            ],
            [
              1.4264391,
              38.7071326
            ],
            [
              1.4264081,
              38.7071514
            ],
            [
              1.4263567,
              38.7070997
            ]
          ]
        ]
      },
      "id": "way/962264266"
    },
    {
      "type": "Feature",
      "properties": {
        "@id": "way/978941982",
        "building": "service",
        "power": "substation",
        "substation": "minor_distribution"
      },
      "geometry": {
        "type": "Polygon",
        "coordinates": [
          [
            [
              1.4057309,
              38.68922
            ],
            [
              1.4057305,
              38.6891936
            ],
            [
              1.4058027,
              38.689193
            ],
            [
              1.405803,
              38.6892195
            ],
            [
              1.4057309,
              38.68922
            ]
          ]
        ]
      },
      "id": "way/978941982"
    },
    {
      "type": "Feature",
      "properties": {
        "@id": "way/984662437",
        "building": "yes",
        "location": "indoor",
        "power": "substation",
        "substation": "converter"
      },
      "geometry": {
        "type": "Polygon",
        "coordinates": [
          [
            [
              4.1753344,
              39.8733903
            ],
            [
              4.1753241,
              39.8733609
            ],
            [
              4.1753663,
              39.8733521
            ],
            [
              4.1753767,
              39.8733815
            ],
            [
              4.1753574,
              39.8733855
            ],
            [
              4.1753344,
              39.8733903
            ]
          ]
        ]
      },
      "id": "way/984662437"
    },
    {
      "type": "Feature",
      "properties": {
        "@id": "way/985978290",
        "building": "yes",
        "location": "indoor",
        "power": "substation",
        "substation": "converter"
      },
      "geometry": {
        "type": "Polygon",
        "coordinates": [
          [
            [
              4.0314198,
              39.9849851
            ],
            [
              4.0314136,
              39.9849635
            ],
            [
              4.0314437,
              39.9849583
            ],
            [
              4.03145,
              39.9849799
            ],
            [
              4.0314198,
              39.9849851
            ]
          ]
        ]
      },
      "id": "way/985978290"
    },
    {
      "type": "Feature",
      "properties": {
        "@id": "way/986637714",
        "building": "yes",
        "location": "indoor",
        "power": "substation",
        "substation": "transition"
      },
      "geometry": {
        "type": "Polygon",
        "coordinates": [
          [
            [
              4.1077843,
              40.0249505
            ],
            [
              4.1077745,
              40.0249344
            ],
            [
              4.1078033,
              40.0249241
            ],
            [
              4.1078132,
              40.0249403
            ],
            [
              4.1077843,
              40.0249505
            ]
          ]
        ]
      },
      "id": "way/986637714"
    },
    {
      "type": "Feature",
      "properties": {
        "@id": "way/986737406",
        "building": "yes",
        "location": "indoor",
        "power": "substation",
        "substation": "transition"
      },
      "geometry": {
        "type": "Polygon",
        "coordinates": [
          [
            [
              4.0960081,
              39.963377
            ],
            [
              4.0960152,
              39.9633626
            ],
            [
              4.096038,
              39.9633693
            ],
            [
              4.0960309,
              39.9633836
            ],
            [
              4.0960081,
              39.963377
            ]
          ]
        ]
      },
      "id": "way/986737406"
    },
    {
      "type": "Feature",
      "properties": {
        "@id": "way/987142221",
        "building": "industrial",
        "building:levels": "1",
        "location": "indoor",
        "power": "substation",
        "substation": "transition"
      },
      "geometry": {
        "type": "Polygon",
        "coordinates": [
          [
            [
              4.0844647,
              39.989314
            ],
            [
              4.0844945,
              39.9892932
            ],
            [
              4.0845406,
              39.9893324
            ],
            [
              4.0845107,
              39.9893533
            ],
            [
              4.0844647,
              39.989314
            ]
          ]
        ]
      },
      "id": "way/987142221"
    },
    {
      "type": "Feature",
      "properties": {
        "@id": "way/989375020",
        "building": "yes",
        "location": "indoor",
        "power": "substation",
        "substation": "transition"
      },
      "geometry": {
        "type": "Polygon",
        "coordinates": [
          [
            [
              4.0529734,
              39.9300182
            ],
            [
              4.0529602,
              39.9299994
            ],
            [
              4.0529937,
              39.9299855
            ],
            [
              4.0530069,
              39.9300043
            ],
            [
              4.0529734,
              39.9300182
            ]
          ]
        ]
      },
      "id": "way/989375020"
    },
    {
      "type": "Feature",
      "properties": {
        "@id": "way/989685911",
        "building": "yes",
        "power": "substation",
        "substation": "transition"
      },
      "geometry": {
        "type": "Polygon",
        "coordinates": [
          [
            [
              3.8733767,
              39.9697763
            ],
            [
              3.8733343,
              39.9697732
            ],
            [
              3.8733368,
              39.9697501
            ],
            [
              3.873339,
              39.9697362
            ],
            [
              3.8733814,
              39.9697393
            ],
            [
              3.8733767,
              39.9697763
            ]
          ]
        ]
      },
      "id": "way/989685911"
    },
    {
      "type": "Feature",
      "properties": {
        "@id": "way/993575430",
        "addr:city": "Eivissa",
        "addr:country": "ES",
        "addr:housenumber": "6",
        "addr:postcode": "07800",
        "addr:street": "Carrer de Cas Dominguets",
        "building": "service",
        "power": "substation",
        "substation": "minor_distribution"
      },
      "geometry": {
        "type": "Polygon",
        "coordinates": [
          [
            [
              1.4296518,
              38.9174389
            ],
            [
              1.4296912,
              38.9173729
            ],
            [
              1.4297323,
              38.9173877
            ],
            [
              1.4296929,
              38.9174538
            ],
            [
              1.4296518,
              38.9174389
            ]
          ]
        ]
      },
      "id": "way/993575430"
    },
    {
      "type": "Feature",
      "properties": {
        "@id": "way/1001712690",
        "building": "service",
        "operator": "Vall de Sóller Energia",
        "power": "substation",
        "substation": "minor_distribution"
      },
      "geometry": {
        "type": "Polygon",
        "coordinates": [
          [
            [
              2.7258747,
              39.7654378
            ],
            [
              2.7258922,
              39.7654135
            ],
            [
              2.72595,
              39.7654382
            ],
            [
              2.7259325,
              39.7654624
            ],
            [
              2.7258747,
              39.7654378
            ]
          ]
        ]
      },
      "id": "way/1001712690"
    },
    {
      "type": "Feature",
      "properties": {
        "@id": "way/1012810580",
        "building": "service",
        "building:levels": "1",
        "power": "substation",
        "ref": "21099",
        "substation": "minor_distribution"
      },
      "geometry": {
        "type": "Polygon",
        "coordinates": [
          [
            [
              4.0813621,
              39.9877164
            ],
            [
              4.0813859,
              39.9876861
            ],
            [
              4.0814306,
              39.9877067
            ],
            [
              4.0814069,
              39.987737
            ],
            [
              4.0813621,
              39.9877164
            ]
          ]
        ]
      },
      "id": "way/1012810580"
    },
    {
      "type": "Feature",
      "properties": {
        "@id": "way/1030603828",
        "building": "yes",
        "power": "substation"
      },
      "geometry": {
        "type": "Polygon",
        "coordinates": [
          [
            [
              2.6944088,
              39.6041915
            ],
            [
              2.6944398,
              39.6041551
            ],
            [
              2.694496,
              39.6041834
            ],
            [
              2.6944626,
              39.6042227
            ],
            [
              2.6944088,
              39.6041915
            ]
          ]
        ]
      },
      "id": "way/1030603828"
    },
    {
      "type": "Feature",
      "properties": {
        "@id": "way/1030605558",
        "power": "substation"
      },
      "geometry": {
        "type": "Polygon",
        "coordinates": [
          [
            [
              2.6975624,
              39.6068566
            ],
            [
              2.6975256,
              39.6068216
            ],
            [
              2.6975618,
              39.6067989
            ],
            [
              2.6975984,
              39.606834
            ],
            [
              2.6975624,
              39.6068566
            ]
          ]
        ]
      },
      "id": "way/1030605558"
    },
    {
      "type": "Feature",
      "properties": {
        "@id": "way/1030671457",
        "power": "substation"
      },
      "geometry": {
        "type": "Polygon",
        "coordinates": [
          [
            [
              2.6953,
              39.6075183
            ],
            [
              2.6952325,
              39.607486
            ],
            [
              2.6952547,
              39.6074581
            ],
            [
              2.6953227,
              39.6074906
            ],
            [
              2.6953,
              39.6075183
            ]
          ]
        ]
      },
      "id": "way/1030671457"
    },
    {
      "type": "Feature",
      "properties": {
        "@id": "way/1030863959",
        "power": "substation"
      },
      "geometry": {
        "type": "Polygon",
        "coordinates": [
          [
            [
              2.68773,
              39.6017725
            ],
            [
              2.6877682,
              39.601733
            ],
            [
              2.6878206,
              39.601762
            ],
            [
              2.687824,
              39.601766
            ],
            [
              2.6877858,
              39.6018048
            ],
            [
              2.68773,
              39.6017725
            ]
          ]
        ]
      },
      "id": "way/1030863959"
    },
    {
      "type": "Feature",
      "properties": {
        "@id": "way/1031661347",
        "power": "substation"
      },
      "geometry": {
        "type": "Polygon",
        "coordinates": [
          [
            [
              2.695652,
              39.6049339
            ],
            [
              2.6955956,
              39.6049015
            ],
            [
              2.6956305,
              39.6048652
            ],
            [
              2.6956858,
              39.6048969
            ],
            [
              2.695652,
              39.6049339
            ]
          ]
        ]
      },
      "id": "way/1031661347"
    },
    {
      "type": "Feature",
      "properties": {
        "@id": "way/1033240910",
        "power": "substation"
      },
      "geometry": {
        "type": "Polygon",
        "coordinates": [
          [
            [
              2.6912194,
              39.6082516
            ],
            [
              2.6911552,
              39.6082155
            ],
            [
              2.6911824,
              39.608187
            ],
            [
              2.691247,
              39.6082227
            ],
            [
              2.6912194,
              39.6082516
            ]
          ]
        ]
      },
      "id": "way/1033240910"
    },
    {
      "type": "Feature",
      "properties": {
        "@id": "way/1061673000",
        "building": "yes",
        "power": "substation"
      },
      "geometry": {
        "type": "Polygon",
        "coordinates": [
          [
            [
              2.686407,
              39.7296901
            ],
            [
              2.6864113,
              39.7296715
            ],
            [
              2.6864158,
              39.7296516
            ],
            [
              2.6864984,
              39.7296628
            ],
            [
              2.6864938,
              39.729683
            ],
            [
              2.6864895,
              39.7297013
            ],
            [
              2.686407,
              39.7296901
            ]
          ]
        ]
      },
      "id": "way/1061673000"
    },
    {
      "type": "Feature",
      "properties": {
        "@id": "way/1066804405",
        "addr:city": "Eivissa",
        "addr:country": "ES",
        "addr:housenumber": "15",
        "addr:postcode": "07800",
        "addr:street": "Carrer de l'Arquebisbe Cardona Riera",
        "building": "service",
        "building:levels": "1",
        "power": "substation",
        "substation": "minor_distribution"
      },
      "geometry": {
        "type": "Polygon",
        "coordinates": [
          [
            [
              1.4292176,
              38.9117557
            ],
            [
              1.4292846,
              38.9117698
            ],
            [
              1.429273,
              38.9117994
            ],
            [
              1.4292079,
              38.9117876
            ],
            [
              1.4292176,
              38.9117557
            ]
          ]
        ]
      },
      "id": "way/1066804405"
    },
    {
      "type": "Feature",
      "properties": {
        "@id": "way/1066938666",
        "building": "service",
        "power": "substation",
        "substation": "minor_distribution"
      },
      "geometry": {
        "type": "Polygon",
        "coordinates": [
          [
            [
              1.4280256,
              38.906572
            ],
            [
              1.4280292,
              38.9065253
            ],
            [
              1.4281831,
              38.9065329
            ],
            [
              1.4281801,
              38.9065783
            ],
            [
              1.4280256,
              38.906572
            ]
          ]
        ]
      },
      "id": "way/1066938666"
    },
    {
      "type": "Feature",
      "properties": {
        "@id": "way/1067085025",
        "addr:city": "Eivissa",
        "addr:country": "ES",
        "addr:housenumber": "4",
        "addr:postcode": "07800",
        "addr:street": "Carrer de Mallorca",
        "building": "service",
        "building:levels": "1",
        "power": "substation",
        "substation": "minor_distribution"
      },
      "geometry": {
        "type": "Polygon",
        "coordinates": [
          [
            [
              1.4296028,
              38.9142865
            ],
            [
              1.4296354,
              38.9142327
            ],
            [
              1.4296755,
              38.9142473
            ],
            [
              1.429643,
              38.9143015
            ],
            [
              1.4296028,
              38.9142865
            ]
          ]
        ]
      },
      "id": "way/1067085025"
    },
    {
      "type": "Feature",
      "properties": {
        "@id": "way/1067085029",
        "addr:city": "Eivissa",
        "addr:country": "ES",
        "addr:housenumber": "3",
        "addr:postcode": "07800",
        "addr:street": "Carrer de Menorca",
        "building": "service",
        "building:levels": "1",
        "power": "substation",
        "substation": "minor_distribution"
      },
      "geometry": {
        "type": "Polygon",
        "coordinates": [
          [
            [
              1.429957,
              38.9136824
            ],
            [
              1.4299865,
              38.913632
            ],
            [
              1.4300221,
              38.9136447
            ],
            [
              1.4299916,
              38.9136941
            ],
            [
              1.429957,
              38.9136824
            ]
          ]
        ]
      },
      "id": "way/1067085029"
    },
    {
      "type": "Feature",
      "properties": {
        "@id": "way/1067087575",
        "addr:city": "Eivissa",
        "addr:country": "ES",
        "addr:housenumber": "5",
        "addr:postcode": "07800",
        "addr:street": "Carrer de Ramon Muntaner",
        "building": "service",
        "power": "substation",
        "substation": "minor_distribution"
      },
      "geometry": {
        "type": "Polygon",
        "coordinates": [
          [
            [
              1.4242719,
              38.9068226
            ],
            [
              1.4243034,
              38.9068287
            ],
            [
              1.4243237,
              38.9068327
            ],
            [
              1.4243196,
              38.9068447
            ],
            [
              1.4243143,
              38.9068601
            ],
            [
              1.4242632,
              38.9068497
            ],
            [
              1.4242719,
              38.9068226
            ]
          ]
        ]
      },
      "id": "way/1067087575"
    },
    {
      "type": "Feature",
      "properties": {
        "@id": "way/1067199264",
        "building": "service",
        "power": "substation",
        "substation": "minor_distribution"
      },
      "geometry": {
        "type": "Polygon",
        "coordinates": [
          [
            [
              1.4259254,
              38.905678
            ],
            [
              1.4259218,
              38.905645
            ],
            [
              1.4259191,
              38.9056205
            ],
            [
              1.4259598,
              38.905618
            ],
            [
              1.4259621,
              38.9056559
            ],
            [
              1.4259633,
              38.9056753
            ],
            [
              1.4259254,
              38.905678
            ]
          ]
        ]
      },
      "id": "way/1067199264"
    },
    {
      "type": "Feature",
      "properties": {
        "@id": "way/1076435528",
        "building": "yes",
        "operator": "GESA",
        "power": "substation",
        "ref": "17428"
      },
      "geometry": {
        "type": "Polygon",
        "coordinates": [
          [
            [
              2.8253805,
              39.4726933
            ],
            [
              2.8254493,
              39.4727274
            ],
            [
              2.8254117,
              39.4727726
            ],
            [
              2.8253428,
              39.4727385
            ],
            [
              2.8253805,
              39.4726933
            ]
          ]
        ]
      },
      "id": "way/1076435528"
    },
    {
      "type": "Feature",
      "properties": {
        "@id": "way/1077419069",
        "operator": "GESA",
        "power": "substation",
        "ref": "17429"
      },
      "geometry": {
        "type": "Polygon",
        "coordinates": [
          [
            [
              2.8300899,
              39.4760912
            ],
            [
              2.8301409,
              39.4760094
            ],
            [
              2.8301758,
              39.4760249
            ],
            [
              2.8301275,
              39.4761015
            ],
            [
              2.8300899,
              39.4760912
            ]
          ]
        ]
      },
      "id": "way/1077419069"
    },
    {
      "type": "Feature",
      "properties": {
        "@id": "way/1077419097",
        "building": "yes",
        "operator": "GESA",
        "power": "substation",
        "ref": "177777"
      },
      "geometry": {
        "type": "Polygon",
        "coordinates": [
          [
            [
              2.8305051,
              39.4737677
            ],
            [
              2.8304762,
              39.4737195
            ],
            [
              2.8305133,
              39.4737062
            ],
            [
              2.8305422,
              39.4737545
            ],
            [
              2.8305051,
              39.4737677
            ]
          ]
        ]
      },
      "id": "way/1077419097"
    },
    {
      "type": "Feature",
      "properties": {
        "@id": "way/1103663927",
        "building": "service",
        "power": "substation",
        "substation": "minor_distribution"
      },
      "geometry": {
        "type": "Polygon",
        "coordinates": [
          [
            [
              2.5875616,
              39.5446678
            ],
            [
              2.5875633,
              39.5446167
            ],
            [
              2.5876205,
              39.5446167
            ],
            [
              2.5876171,
              39.5446691
            ],
            [
              2.5875616,
              39.5446678
            ]
          ]
        ]
      },
      "id": "way/1103663927"
    },
    {
      "type": "Feature",
      "properties": {
        "@id": "way/1188468070",
        "building": "yes",
        "building:levels": "1",
        "power": "substation",
        "roof:shape": "flat"
      },
      "geometry": {
        "type": "Polygon",
        "coordinates": [
          [
            [
              3.214432,
              39.5787252
            ],
            [
              3.2144405,
              39.5787143
            ],
            [
              3.214443,
              39.5786854
            ],
            [
              3.2144954,
              39.5786886
            ],
            [
              3.2144903,
              39.5787455
            ],
            [
              3.214432,
              39.5787252
            ]
          ]
        ]
      },
      "id": "way/1188468070"
    },
    {
      "type": "Feature",
      "properties": {
        "@id": "way/1188468071",
        "building": "yes",
        "building:levels": "2",
        "power": "substation",
        "roof:shape": "flat"
      },
      "geometry": {
        "type": "Polygon",
        "coordinates": [
          [
            [
              3.2143869,
              39.5787099
            ],
            [
              3.2143915,
              39.5786787
            ],
            [
              3.2144433,
              39.5786823
            ],
            [
              3.214443,
              39.5786854
            ],
            [
              3.2144405,
              39.5787143
            ],
            [
              3.214432,
              39.5787252
            ],
            [
              3.2143869,
              39.5787099
            ]
          ]
        ]
      },
      "id": "way/1188468071"
    },
    {
      "type": "Feature",
      "properties": {
        "@id": "way/1189230752",
        "building": "yes",
        "building:levels": "1",
        "power": "substation",
        "roof:shape": "flat"
      },
      "geometry": {
        "type": "Polygon",
        "coordinates": [
          [
            [
              3.3502575,
              39.6963025
            ],
            [
              3.3502335,
              39.6962495
            ],
            [
              3.350271,
              39.6962401
            ],
            [
              3.3502954,
              39.6962941
            ],
            [
              3.3502575,
              39.6963025
            ]
          ]
        ]
      },
      "id": "way/1189230752"
    },
    {
      "type": "Feature",
      "properties": {
        "@id": "way/1189445249",
        "building": "yes",
        "building:levels": "1",
        "power": "substation",
        "roof:shape": "flat"
      },
      "geometry": {
        "type": "Polygon",
        "coordinates": [
          [
            [
              3.3517316,
              39.6964311
            ],
            [
              3.3517477,
              39.6963716
            ],
            [
              3.3517864,
              39.6963778
            ],
            [
              3.3517704,
              39.6964373
            ],
            [
              3.3517316,
              39.6964311
            ]
          ]
        ]
      },
      "id": "way/1189445249"
    },
    {
      "type": "Feature",
      "properties": {
        "@id": "way/1189878351",
        "building": "yes",
        "building:levels": "1",
        "power": "substation",
        "roof:shape": "flat"
      },
      "geometry": {
        "type": "Polygon",
        "coordinates": [
          [
            [
              3.3526125,
              39.6940072
            ],
            [
              3.3526287,
              39.6939811
            ],
            [
              3.3526675,
              39.6939969
            ],
            [
              3.3526811,
              39.6940024
            ],
            [
              3.3526652,
              39.6940276
            ],
            [
              3.3526125,
              39.6940072
            ]
          ]
        ]
      },
      "id": "way/1189878351"
    },
    {
      "type": "Feature",
      "properties": {
        "@id": "way/1192919668",
        "building": "yes",
        "building:levels": "1",
        "power": "substation",
        "roof:shape": "flat"
      },
      "geometry": {
        "type": "Polygon",
        "coordinates": [
          [
            [
              3.3561514,
              39.6936319
            ],
            [
              3.3561256,
              39.6936043
            ],
            [
              3.356184,
              39.6935721
            ],
            [
              3.3562097,
              39.6935997
            ],
            [
              3.3561566,
              39.693629
            ],
            [
              3.3561514,
              39.6936319
            ]
          ]
        ]
      },
      "id": "way/1192919668"
    },
    {
      "type": "Feature",
      "properties": {
        "@id": "way/1193143881",
        "building": "yes",
        "building:levels": "1",
        "power": "substation",
        "roof:shape": "flat"
      },
      "geometry": {
        "type": "Polygon",
        "coordinates": [
          [
            [
              3.3557533,
              39.6912012
            ],
            [
              3.3557978,
              39.6912371
            ],
            [
              3.3557696,
              39.6912577
            ],
            [
              3.3557251,
              39.6912219
            ],
            [
              3.3557533,
              39.6912012
            ]
          ]
        ]
      },
      "id": "way/1193143881"
    },
    {
      "type": "Feature",
      "properties": {
        "@id": "way/1193304900",
        "building": "yes",
        "building:levels": "1",
        "power": "substation",
        "roof:shape": "flat"
      },
      "geometry": {
        "type": "Polygon",
        "coordinates": [
          [
            [
              3.3534607,
              39.691628
            ],
            [
              3.3534135,
              39.6916095
            ],
            [
              3.3534319,
              39.6915817
            ],
            [
              3.3534993,
              39.691608
            ],
            [
              3.3534809,
              39.6916359
            ],
            [
              3.3534607,
              39.691628
            ]
          ]
        ]
      },
      "id": "way/1193304900"
    },
    {
      "type": "Feature",
      "properties": {
        "@id": "way/1193540156",
        "building": "yes",
        "building:levels": "1",
        "power": "substation",
        "roof:shape": "flat"
      },
      "geometry": {
        "type": "Polygon",
        "coordinates": [
          [
            [
              3.3516815,
              39.69052
            ],
            [
              3.3517106,
              39.6905126
            ],
            [
              3.3517573,
              39.6905007
            ],
            [
              3.3517684,
              39.6905266
            ],
            [
              3.351723,
              39.6905381
            ],
            [
              3.3516926,
              39.6905458
            ],
            [
              3.3516815,
              39.69052
            ]
          ]
        ]
      },
      "id": "way/1193540156"
    },
    {
      "type": "Feature",
      "properties": {
        "@id": "way/1193709064",
        "building": "yes",
        "building:levels": "1",
        "power": "substation",
        "roof:shape": "flat"
      },
      "geometry": {
        "type": "Polygon",
        "coordinates": [
          [
            [
              3.34902,
              39.6937187
            ],
            [
              3.3489614,
              39.6937383
            ],
            [
              3.3489459,
              39.6937086
            ],
            [
              3.349004,
              39.6936902
            ],
            [
              3.34902,
              39.6937187
            ]
          ]
        ]
      },
      "id": "way/1193709064"
    },
    {
      "type": "Feature",
      "properties": {
        "@id": "way/1196552130",
        "building": "yes",
        "power": "substation"
      },
      "geometry": {
        "type": "Polygon",
        "coordinates": [
          [
            [
              3.3459148,
              39.6913144
            ],
            [
              3.3458939,
              39.6912864
            ],
            [
              3.3459089,
              39.6912798
            ],
            [
              3.3459474,
              39.6912628
            ],
            [
              3.3459683,
              39.6912908
            ],
            [
              3.3459299,
              39.6913078
            ],
            [
              3.3459148,
              39.6913144
            ]
          ]
        ]
      },
      "id": "way/1196552130"
    },
    {
      "type": "Feature",
      "properties": {
        "@id": "way/1197353323",
        "building": "yes",
        "building:levels": "1",
        "power": "substation",
        "roof:shape": "flat"
      },
      "geometry": {
        "type": "Polygon",
        "coordinates": [
          [
            [
              3.3474524,
              39.6919899
            ],
            [
              3.347484,
              39.6920418
            ],
            [
              3.3474472,
              39.6920551
            ],
            [
              3.3474156,
              39.6920032
            ],
            [
              3.3474524,
              39.6919899
            ]
          ]
        ]
      },
      "id": "way/1197353323"
    },
    {
      "type": "Feature",
      "properties": {
        "@id": "way/1199576100",
        "building": "yes",
        "building:levels": "1",
        "power": "substation",
        "roof:shape": "flat"
      },
      "geometry": {
        "type": "Polygon",
        "coordinates": [
          [
            [
              3.3432876,
              39.693963
            ],
            [
              3.343328,
              39.6939251
            ],
            [
              3.3433646,
              39.6939483
            ],
            [
              3.3433242,
              39.6939861
            ],
            [
              3.3432876,
              39.693963
            ]
          ]
        ]
      },
      "id": "way/1199576100"
    },
    {
      "type": "Feature",
      "properties": {
        "@id": "way/1200631791",
        "building": "yes",
        "building:levels": "1",
        "power": "substation",
        "roof:shape": "flat"
      },
      "geometry": {
        "type": "Polygon",
        "coordinates": [
          [
            [
              3.3436482,
              39.6949803
            ],
            [
              3.3436195,
              39.6950054
            ],
            [
              3.3435486,
              39.6949575
            ],
            [
              3.3435773,
              39.6949324
            ],
            [
              3.3436482,
              39.6949803
            ]
          ]
        ]
      },
      "id": "way/1200631791"
    },
    {
      "type": "Feature",
      "properties": {
        "@id": "way/1200675461",
        "building": "yes",
        "building:levels": "1",
        "power": "substation",
        "roof:shape": "flat"
      },
      "geometry": {
        "type": "Polygon",
        "coordinates": [
          [
            [
              3.3458961,
              39.6945596
            ],
            [
              3.3459238,
              39.6945358
            ],
            [
              3.3459682,
              39.6945664
            ],
            [
              3.3459405,
              39.6945902
            ],
            [
              3.3459258,
              39.69458
            ],
            [
              3.3458961,
              39.6945596
            ]
          ]
        ]
      },
      "id": "way/1200675461"
    },
    {
      "type": "Feature",
      "properties": {
        "@id": "way/1203274911",
        "building": "yes",
        "building:levels": "1",
        "power": "substation",
        "roof:shape": "flat"
      },
      "geometry": {
        "type": "Polygon",
        "coordinates": [
          [
            [
              3.41027,
              39.6394566
            ],
            [
              3.4103078,
              39.6394524
            ],
            [
              3.410315,
              39.6394906
            ],
            [
              3.4102772,
              39.6394948
            ],
            [
              3.41027,
              39.6394566
            ]
          ]
        ]
      },
      "id": "way/1203274911"
    },
    {
      "type": "Feature",
      "properties": {
        "@id": "way/1203616440",
        "building": "yes",
        "building:levels": "1",
        "power": "substation",
        "roof:shape": "flat"
      },
      "geometry": {
        "type": "Polygon",
        "coordinates": [
          [
            [
              3.4140074,
              39.6367165
            ],
            [
              3.4140301,
              39.6366938
            ],
            [
              3.4140886,
              39.6367284
            ],
            [
              3.4140659,
              39.6367511
            ],
            [
              3.4140074,
              39.6367165
            ]
          ]
        ]
      },
      "id": "way/1203616440"
    },
    {
      "type": "Feature",
      "properties": {
        "@id": "way/1203885589",
        "building": "service",
        "power": "substation"
      },
      "geometry": {
        "type": "Polygon",
        "coordinates": [
          [
            [
              3.1138995,
              39.8116351
            ],
            [
              3.1139171,
              39.8115826
            ],
            [
              3.113989,
              39.8115968
            ],
            [
              3.1139714,
              39.8116494
            ],
            [
              3.1138995,
              39.8116351
            ]
          ]
        ]
      },
      "id": "way/1203885589"
    },
    {
      "type": "Feature",
      "properties": {
        "@id": "way/1203886931",
        "building": "service",
        "power": "substation"
      },
      "geometry": {
        "type": "Polygon",
        "coordinates": [
          [
            [
              3.1155366,
              39.8081806
            ],
            [
              3.1154867,
              39.8081716
            ],
            [
              3.1155061,
              39.8081082
            ],
            [
              3.1155561,
              39.8081173
            ],
            [
              3.1155366,
              39.8081806
            ]
          ]
        ]
      },
      "id": "way/1203886931"
    },
    {
      "type": "Feature",
      "properties": {
        "@id": "way/1207555820",
        "building": "yes",
        "building:levels": "1",
        "power": "substation",
        "roof:shape": "flat"
      },
      "geometry": {
        "type": "Polygon",
        "coordinates": [
          [
            [
              3.3977867,
              39.6308976
            ],
            [
              3.3977164,
              39.6309207
            ],
            [
              3.3977016,
              39.6308939
            ],
            [
              3.3977719,
              39.6308709
            ],
            [
              3.3977867,
              39.6308976
            ]
          ]
        ]
      },
      "id": "way/1207555820"
    },
    {
      "type": "Feature",
      "properties": {
        "@id": "way/1207555846",
        "building": "yes",
        "building:levels": "1",
        "power": "substation",
        "roof:shape": "flat"
      },
      "geometry": {
        "type": "Polygon",
        "coordinates": [
          [
            [
              3.3981845,
              39.6316459
            ],
            [
              3.3982573,
              39.6316187
            ],
            [
              3.3982738,
              39.6316448
            ],
            [
              3.3982009,
              39.6316721
            ],
            [
              3.3981845,
              39.6316459
            ]
          ]
        ]
      },
      "id": "way/1207555846"
    },
    {
      "type": "Feature",
      "properties": {
        "@id": "way/1209729560",
        "power": "substation"
      },
      "geometry": {
        "type": "Polygon",
        "coordinates": [
          [
            [
              2.7467338,
              39.4539145
            ],
            [
              2.7467357,
              39.4538854
            ],
            [
              2.7468159,
              39.4538886
            ],
            [
              2.746814,
              39.4539177
            ],
            [
              2.7467338,
              39.4539145
            ]
          ]
        ]
      },
      "id": "way/1209729560"
    },
    {
      "type": "Feature",
      "properties": {
        "@id": "way/1210123697",
        "building": "yes",
        "building:levels": "1",
        "power": "substation",
        "roof:shape": "flat"
      },
      "geometry": {
        "type": "Polygon",
        "coordinates": [
          [
            [
              3.3900149,
              39.6216323
            ],
            [
              3.3899756,
              39.6216615
            ],
            [
              3.3899264,
              39.6216232
            ],
            [
              3.3899681,
              39.6215943
            ],
            [
              3.3900149,
              39.6216323
            ]
          ]
        ]
      },
      "id": "way/1210123697"
    },
    {
      "type": "Feature",
      "properties": {
        "@id": "way/1210123731",
        "building": "yes",
        "power": "substation",
        "roof:height": "1",
        "roof:shape": "flat"
      },
      "geometry": {
        "type": "Polygon",
        "coordinates": [
          [
            [
              3.3904188,
              39.6218798
            ],
            [
              3.3904626,
              39.621844
            ],
            [
              3.3905144,
              39.6218816
            ],
            [
              3.3904706,
              39.6219174
            ],
            [
              3.3904188,
              39.6218798
            ]
          ]
        ]
      },
      "id": "way/1210123731"
    },
    {
      "type": "Feature",
      "properties": {
        "@id": "way/1210415163",
        "building": "yes",
        "building:levels": "1",
        "height": "4",
        "power": "substation",
        "roof:height": "1",
        "roof:shape": "hipped"
      },
      "geometry": {
        "type": "Polygon",
        "coordinates": [
          [
            [
              3.3905885,
              39.6203441
            ],
            [
              3.3905743,
              39.6203115
            ],
            [
              3.3906539,
              39.6202909
            ],
            [
              3.3906681,
              39.6203236
            ],
            [
              3.3905885,
              39.6203441
            ]
          ]
        ]
      },
      "id": "way/1210415163"
    },
    {
      "type": "Feature",
      "properties": {
        "@id": "way/1210415182",
        "building": "yes",
        "building:levels": "1",
        "power": "substation",
        "roof:shape": "flat"
      },
      "geometry": {
        "type": "Polygon",
        "coordinates": [
          [
            [
              3.3921301,
              39.6212178
            ],
            [
              3.3921172,
              39.62119
            ],
            [
              3.392188,
              39.6211705
            ],
            [
              3.3922009,
              39.6211983
            ],
            [
              3.3921301,
              39.6212178
            ]
          ]
        ]
      },
      "id": "way/1210415182"
    },
    {
      "type": "Feature",
      "properties": {
        "@id": "way/1211656415",
        "building": "yes",
        "building:levels": "1",
        "power": "substation",
        "roof:shape": "flat"
      },
      "geometry": {
        "type": "Polygon",
        "coordinates": [
          [
            [
              3.390974,
              39.6169793
            ],
            [
              3.3909745,
              39.6169947
            ],
            [
              3.3909494,
              39.6169951
            ],
            [
              3.3909502,
              39.6170233
            ],
            [
              3.3909072,
              39.6170241
            ],
            [
              3.3909063,
              39.6169929
            ],
            [
              3.3909,
              39.616993
            ],
            [
              3.3908996,
              39.6169806
            ],
            [
              3.390974,
              39.6169793
            ]
          ]
        ]
      },
      "id": "way/1211656415"
    },
    {
      "type": "Feature",
      "properties": {
        "@id": "way/1219553631",
        "building": "service",
        "power": "substation",
        "substation": "minor_distribution"
      },
      "geometry": {
        "type": "Polygon",
        "coordinates": [
          [
            [
              1.4513582,
              38.9127558
            ],
            [
              1.4513701,
              38.9128072
            ],
            [
              1.4513447,
              38.9128107
            ],
            [
              1.4513328,
              38.9127593
            ],
            [
              1.4513582,
              38.9127558
            ]
          ]
        ]
      },
      "id": "way/1219553631"
    },
    {
      "type": "Feature",
      "properties": {
        "@id": "way/1228899351",
        "building": "yes",
        "building:levels": "1",
        "power": "substation",
        "roof:shape": "flat"
      },
      "geometry": {
        "type": "Polygon",
        "coordinates": [
          [
            [
              3.3900915,
              39.6124617
            ],
            [
              3.3900873,
              39.612414
            ],
            [
              3.3901666,
              39.6124099
            ],
            [
              3.3901708,
              39.6124576
            ],
            [
              3.3900915,
              39.6124617
            ]
          ]
        ]
      },
      "id": "way/1228899351"
    },
    {
      "type": "Feature",
      "properties": {
        "@id": "way/1233410909",
        "power": "substation"
      },
      "geometry": {
        "type": "Polygon",
        "coordinates": [
          [
            [
              2.9329078,
              39.3664918
            ],
            [
              2.9329078,
              39.3664635
            ],
            [
              2.932983,
              39.3664611
            ],
            [
              2.932984,
              39.366491
            ],
            [
              2.9329078,
              39.3664918
            ]
          ]
        ]
      },
      "id": "way/1233410909"
    },
    {
      "type": "Feature",
      "properties": {
        "@id": "way/1235013578",
        "power": "substation"
      },
      "geometry": {
        "type": "Polygon",
        "coordinates": [
          [
            [
              2.9346076,
              39.365547
            ],
            [
              2.9346076,
              39.3654917
            ],
            [
              2.934643,
              39.3654917
            ],
            [
              2.934643,
              39.365547
            ],
            [
              2.9346076,
              39.365547
            ]
          ]
        ]
      },
      "id": "way/1235013578"
    },
    {
      "type": "Feature",
      "properties": {
        "@id": "way/1239828089",
        "building": "service",
        "building:colour": "white",
        "building:levels": "1",
        "power": "substation",
        "roof:shape": "flat",
        "substation": "minor_distribution",
        "utility": "power"
      },
      "geometry": {
        "type": "Polygon",
        "coordinates": [
          [
            [
              1.5586788,
              38.9967805
            ],
            [
              1.5586242,
              38.996751
            ],
            [
              1.5586788,
              38.99669
            ],
            [
              1.5587334,
              38.9967195
            ],
            [
              1.5586788,
              38.9967805
            ]
          ]
        ]
      },
      "id": "way/1239828089"
    },
    {
      "type": "Feature",
      "properties": {
        "@id": "way/1243546752",
        "building": "yes",
        "building:levels": "1",
        "power": "substation",
        "roof:shape": "flat"
      },
      "geometry": {
        "type": "Polygon",
        "coordinates": [
          [
            [
              3.3851433,
              39.6125516
            ],
            [
              3.3851354,
              39.6125201
            ],
            [
              3.3852109,
              39.6125087
            ],
            [
              3.3852189,
              39.6125402
            ],
            [
              3.3851433,
              39.6125516
            ]
          ]
        ]
      },
      "id": "way/1243546752"
    },
    {
      "type": "Feature",
      "properties": {
        "@id": "way/1249529549",
        "addr:city": "Santa Eulària des Riu",
        "addr:country": "ES",
        "addr:housenumber": "34",
        "addr:postcode": "07849",
        "addr:street": "Carrer de Venècia",
        "building": "transformer_tower",
        "power": "substation",
        "substation": "minor_distribution"
      },
      "geometry": {
        "type": "Polygon",
        "coordinates": [
          [
            [
              1.546363,
              38.9937175
            ],
            [
              1.5464216,
              38.99373
            ],
            [
              1.5464096,
              38.9937641
            ],
            [
              1.546351,
              38.9937516
            ],
            [
              1.546363,
              38.9937175
            ]
          ]
        ]
      },
      "id": "way/1249529549"
    },
    {
      "type": "Feature",
      "properties": {
        "@id": "way/1249529550",
        "building": "service",
        "power": "substation",
        "source": "microsoft/BuildingFootprints",
        "substation": "minor_distribution"
      },
      "geometry": {
        "type": "Polygon",
        "coordinates": [
          [
            [
              1.5463172,
              38.9938119
            ],
            [
              1.546381,
              38.9938232
            ],
            [
              1.5463667,
              38.9938719
            ],
            [
              1.546303,
              38.9938606
            ],
            [
              1.5463172,
              38.9938119
            ]
          ]
        ]
      },
      "id": "way/1249529550"
    },
    {
      "type": "Feature",
      "properties": {
        "@id": "way/1252097828",
        "name": "Subestación Bossa",
        "power": "substation",
        "voltage": "132000"
      },
      "geometry": {
        "type": "Polygon",
        "coordinates": [
          [
            [
              1.3993943,
              38.8891977
            ],
            [
              1.3994094,
              38.8891314
            ],
            [
              1.399664,
              38.888926
            ],
            [
              1.4001496,
              38.8892922
            ],
            [
              1.3998437,
              38.8895367
            ],
            [
              1.3993943,
              38.8891977
            ]
          ]
        ]
      },
      "id": "way/1252097828"
    },
    {
      "type": "Feature",
      "properties": {
        "@id": "way/1252874150",
        "addr:city": "Santa Eulària des Riu",
        "addr:housenumber": "10",
        "addr:postcode": "07849",
        "addr:street": "Carrer dels Narcisos",
        "addr:suburb": "Urbanització Siesta",
        "building": "service",
        "power": "substation",
        "substation": "minor_distribution"
      },
      "geometry": {
        "type": "Polygon",
        "coordinates": [
          [
            [
              1.526931,
              38.9787337
            ],
            [
              1.526938,
              38.9786712
            ],
            [
              1.5269762,
              38.9786738
            ],
            [
              1.5269692,
              38.9787363
            ],
            [
              1.526931,
              38.9787337
            ]
          ]
        ]
      },
      "id": "way/1252874150"
    },
    {
      "type": "Feature",
      "properties": {
        "@id": "way/1253368880",
        "building": "service",
        "power": "substation",
        "substation": "minor_distribution"
      },
      "geometry": {
        "type": "Polygon",
        "coordinates": [
          [
            [
              1.525988,
              38.9778949
            ],
            [
              1.5261004,
              38.9778828
            ],
            [
              1.5261056,
              38.9779122
            ],
            [
              1.5259932,
              38.9779243
            ],
            [
              1.525988,
              38.9778949
            ]
          ]
        ]
      },
      "id": "way/1253368880"
    },
    {
      "type": "Feature",
      "properties": {
        "@id": "way/1253575315",
        "addr:city": "Santa Eulària des Riu",
        "addr:housenumber": "4",
        "addr:postcode": "07849",
        "addr:street": "Carrer dels Lliris",
        "building": "service",
        "power": "substation",
        "substation": "minor_distribution"
      },
      "geometry": {
        "type": "Polygon",
        "coordinates": [
          [
            [
              1.5259595,
              38.9741585
            ],
            [
              1.5259756,
              38.9741107
            ],
            [
              1.5260164,
              38.974119
            ],
            [
              1.5260003,
              38.9741668
            ],
            [
              1.5259595,
              38.9741585
            ]
          ]
        ]
      },
      "id": "way/1253575315"
    },
    {
      "type": "Feature",
      "properties": {
        "@id": "way/1274399765",
        "power": "substation"
      },
      "geometry": {
        "type": "Polygon",
        "coordinates": [
          [
            [
              1.4304253,
              38.9185755
            ],
            [
              1.4306382,
              38.918194
            ],
            [
              1.4311625,
              38.9183708
            ],
            [
              1.4309907,
              38.9186646
            ],
            [
              1.4308046,
              38.9187021
            ],
            [
              1.4304253,
              38.9185755
            ]
          ]
        ]
      },
      "id": "way/1274399765"
    },
    {
      "type": "Feature",
      "properties": {
        "@id": "way/1274399766",
        "name": "Subestación Ibiza V",
        "power": "substation",
        "voltage": "132000"
      },
      "geometry": {
        "type": "Polygon",
        "coordinates": [
          [
            [
              1.4314571,
              38.9189642
            ],
            [
              1.4311709,
              38.9186996
            ],
            [
              1.4312732,
              38.9186248
            ],
            [
              1.4315687,
              38.9188982
            ],
            [
              1.4314571,
              38.9189642
            ]
          ]
        ]
      },
      "id": "way/1274399766"
    },
    {
      "type": "Feature",
      "properties": {
        "@id": "way/1274697671",
        "building": "service",
        "building:colour": "#44d7c8",
        "building:levels": "1",
        "power": "substation",
        "roof:shape": "flat",
        "substation": "minor_distribution",
        "utility": "power"
      },
      "geometry": {
        "type": "Polygon",
        "coordinates": [
          [
            [
              1.4072133,
              38.8884576
            ],
            [
              1.4071738,
              38.8884294
            ],
            [
              1.4072229,
              38.8883878
            ],
            [
              1.4072623,
              38.888416
            ],
            [
              1.4072133,
              38.8884576
            ]
          ]
        ]
      },
      "id": "way/1274697671"
    },
    {
      "type": "Feature",
      "properties": {
        "@id": "way/1285133274",
        "building": "transformer_tower",
        "power": "substation",
        "substation": "minor_distribution",
        "utility": "power"
      },
      "geometry": {
        "type": "Polygon",
        "coordinates": [
          [
            [
              1.3203456,
              38.9781757
            ],
            [
              1.3203092,
              38.9781818
            ],
            [
              1.3202988,
              38.9781836
            ],
            [
              1.3202894,
              38.9781498
            ],
            [
              1.3202706,
              38.9780822
            ],
            [
              1.3203174,
              38.9780743
            ],
            [
              1.3203456,
              38.9781757
            ]
          ]
        ]
      },
      "id": "way/1285133274"
    },
    {
      "type": "Feature",
      "properties": {
        "@id": "way/1285133275",
        "building": "transformer_tower",
        "power": "substation",
        "substation": "minor_distribution",
        "utility": "power"
      },
      "geometry": {
        "type": "Polygon",
        "coordinates": [
          [
            [
              1.3177344,
              38.9876652
            ],
            [
              1.3176646,
              38.987658
            ],
            [
              1.3176797,
              38.9875692
            ],
            [
              1.3177074,
              38.987572
            ],
            [
              1.3177495,
              38.9875763
            ],
            [
              1.3177344,
              38.9876652
            ]
          ]
        ]
      },
      "id": "way/1285133275"
    },
    {
      "type": "Feature",
      "properties": {
        "@id": "way/1285605401",
        "addr:city": "Santa Eulària des Riu",
        "addr:housenumber": "8",
        "addr:postcode": "07850",
        "addr:street": "Carrer de s'Espalmador",
        "building": "service",
        "power": "substation",
        "substation": "minor_distribution"
      },
      "geometry": {
        "type": "Polygon",
        "coordinates": [
          [
            [
              1.5807287,
              39.0149746
            ],
            [
              1.580699,
              39.0149551
            ],
            [
              1.5807509,
              39.0149072
            ],
            [
              1.5807807,
              39.0149267
            ],
            [
              1.5807287,
              39.0149746
            ]
          ]
        ]
      },
      "id": "way/1285605401"
    },
    {
      "type": "Feature",
      "properties": {
        "@id": "way/1285605448",
        "addr:city": "Santa Eulària des Riu",
        "addr:housenumber": "40",
        "addr:postcode": "07850",
        "addr:street": "Carrer des Vedrà",
        "building": "service",
        "power": "substation",
        "substation": "minor_distribution"
      },
      "geometry": {
        "type": "Polygon",
        "coordinates": [
          [
            [
              1.5778809,
              39.0169622
            ],
            [
              1.577839,
              39.0169099
            ],
            [
              1.5778817,
              39.0168892
            ],
            [
              1.5779236,
              39.0169416
            ],
            [
              1.5778809,
              39.0169622
            ]
          ]
        ]
      },
      "id": "way/1285605448"
    },
    {
      "type": "Feature",
      "properties": {
        "@id": "way/1285606959",
        "addr:city": "Santa Eulària des Riu",
        "addr:housenumber": "31",
        "addr:postcode": "07850",
        "addr:street": "Carrer de s'Espalmador",
        "building": "service",
        "power": "substation",
        "substation": "minor_distribution"
      },
      "geometry": {
        "type": "Polygon",
        "coordinates": [
          [
            [
              1.5820846,
              39.0154896
            ],
            [
              1.5820482,
              39.015471
            ],
            [
              1.5820985,
              39.0154118
            ],
            [
              1.5821348,
              39.0154305
            ],
            [
              1.5820846,
              39.0154896
            ]
          ]
        ]
      },
      "id": "way/1285606959"
    },
    {
      "type": "Feature",
      "properties": {
        "@id": "way/1285615608",
        "building": "service",
        "power": "substation",
        "substation": "minor_distribution"
      },
      "geometry": {
        "type": "Polygon",
        "coordinates": [
          [
            [
              1.5826238,
              39.0136519
            ],
            [
              1.5825648,
              39.0136208
            ],
            [
              1.5826092,
              39.0135698
            ],
            [
              1.5826683,
              39.0136009
            ],
            [
              1.5826238,
              39.0136519
            ]
          ]
        ]
      },
      "id": "way/1285615608"
    },
    {
      "type": "Feature",
      "properties": {
        "@id": "way/1285615609",
        "addr:city": "Cala Llenya",
        "addr:country": "ES",
        "addr:housenumber": "6",
        "addr:postcode": "07850",
        "addr:street": "Carrer de ses Illes Formigues",
        "building": "service",
        "power": "substation",
        "substation": "minor_distribution"
      },
      "geometry": {
        "type": "Polygon",
        "coordinates": [
          [
            [
              1.5830149,
              39.0144132
            ],
            [
              1.5829593,
              39.0143723
            ],
            [
              1.5829963,
              39.0143419
            ],
            [
              1.5830519,
              39.0143828
            ],
            [
              1.5830149,
              39.0144132
            ]
          ]
        ]
      },
      "id": "way/1285615609"
    },
    {
      "type": "Feature",
      "properties": {
        "@id": "way/1285887925",
        "building": "transformer_tower",
        "power": "substation",
        "substation": "minor_distribution",
        "utility": "power"
      },
      "geometry": {
        "type": "Polygon",
        "coordinates": [
          [
            [
              1.5741623,
              39.0198083
            ],
            [
              1.5741506,
              39.0197935
            ],
            [
              1.5741345,
              39.0197731
            ],
            [
              1.5741261,
              39.0197625
            ],
            [
              1.5741631,
              39.0197449
            ],
            [
              1.5741993,
              39.0197907
            ],
            [
              1.5741623,
              39.0198083
            ]
          ]
        ]
      },
      "id": "way/1285887925"
    },
    {
      "type": "Feature",
      "properties": {
        "@id": "way/1285887928",
        "building": "transformer_tower",
        "building:levels": "2",
        "power": "substation",
        "substation": "minor_distribution",
        "utility": "power"
      },
      "geometry": {
        "type": "Polygon",
        "coordinates": [
          [
            [
              1.5865531,
              39.0198245
            ],
            [
              1.5865146,
              39.019793
            ],
            [
              1.5865304,
              39.0197813
            ],
            [
              1.5865416,
              39.019773
            ],
            [
              1.5865801,
              39.0198046
            ],
            [
              1.5865636,
              39.0198167
            ],
            [
              1.5865531,
              39.0198245
            ]
          ]
        ]
      },
      "id": "way/1285887928"
    },
    {
      "type": "Feature",
      "properties": {
        "@id": "way/1287431837",
        "building": "service",
        "building:levels": "1",
        "power": "substation",
        "roof:shape": "flat",
        "substation": "minor_distribution"
      },
      "geometry": {
        "type": "Polygon",
        "coordinates": [
          [
            [
              1.43375,
              38.9083143
            ],
            [
              1.4337129,
              38.908304
            ],
            [
              1.4337464,
              38.9082309
            ],
            [
              1.4337835,
              38.9082413
            ],
            [
              1.43375,
              38.9083143
            ]
          ]
        ]
      },
      "id": "way/1287431837"
    },
    {
      "type": "Feature",
      "properties": {
        "@id": "way/1288639301",
        "building": "service",
        "building:levels": "1",
        "power": "substation",
        "substation": "minor_distribution"
      },
      "geometry": {
        "type": "Polygon",
        "coordinates": [
          [
            [
              1.4225541,
              38.9047127
            ],
            [
              1.4225048,
              38.9047034
            ],
            [
              1.422501,
              38.9047156
            ],
            [
              1.4224813,
              38.9047119
            ],
            [
              1.422495,
              38.9046679
            ],
            [
              1.4225077,
              38.9046703
            ],
            [
              1.4225473,
              38.9046777
            ],
            [
              1.422564,
              38.9046809
            ],
            [
              1.4225541,
              38.9047127
            ]
          ]
        ]
      },
      "id": "way/1288639301"
    },
    {
      "type": "Feature",
      "properties": {
        "@id": "way/1289077071",
        "barrier": "fence",
        "frequency": "50",
        "landuse": "industrial",
        "name": "Subestación Formentera",
        "operator": "Red Eléctrica de España",
        "operator:short": "REE",
        "operator:wikidata": "Q1551220",
        "operator:wikipedia": "es:Red Eléctrica de España",
        "power": "substation",
        "substation": "transmission",
        "utility": "power",
        "voltage": "132000"
      },
      "geometry": {
        "type": "Polygon",
        "coordinates": [
          [
            [
              1.4640664,
              38.6947382
            ],
            [
              1.4638759,
              38.6942745
            ],
            [
              1.4637995,
              38.6942619
            ],
            [
              1.4637338,
              38.6941081
            ],
            [
              1.463782,
              38.6940652
            ],
            [
              1.463723,
              38.6939008
            ],
            [
              1.4646605,
              38.6936674
            ],
            [
              1.4649998,
              38.6945006
            ],
            [
              1.4640664,
              38.6947382
            ]
          ]
        ]
      },
      "id": "way/1289077071"
    },
    {
      "type": "Feature",
      "properties": {
        "@id": "way/1289731925",
        "building": "transformer_tower",
        "power": "substation",
        "substation": "minor_distribution"
      },
      "geometry": {
        "type": "Polygon",
        "coordinates": [
          [
            [
              1.5574335,
              39.027652
            ],
            [
              1.5574158,
              39.0276091
            ],
            [
              1.5574566,
              39.027599
            ],
            [
              1.5574743,
              39.0276419
            ],
            [
              1.5574335,
              39.027652
            ]
          ]
        ]
      },
      "id": "way/1289731925"
    },
    {
      "type": "Feature",
      "properties": {
        "@id": "way/1290073739",
        "building": "service",
        "power": "substation",
        "substation": "minor_distribution"
      },
      "geometry": {
        "type": "Polygon",
        "coordinates": [
          [
            [
              1.4397406,
              39.0791872
            ],
            [
              1.4397437,
              39.0791567
            ],
            [
              1.4398178,
              39.0791612
            ],
            [
              1.4398147,
              39.0791917
            ],
            [
              1.4397406,
              39.0791872
            ]
          ]
        ]
      },
      "id": "way/1290073739"
    },
    {
      "type": "Feature",
      "properties": {
        "@id": "way/1291111105",
        "building": "service",
        "building:levels": "1",
        "power": "substation",
        "substation": "minor_distribution"
      },
      "geometry": {
        "type": "Polygon",
        "coordinates": [
          [
            [
              1.3086037,
              38.9802033
            ],
            [
              1.3085894,
              38.9801336
            ],
            [
              1.3086287,
              38.9801287
            ],
            [
              1.3086429,
              38.9801985
            ],
            [
              1.3086037,
              38.9802033
            ]
          ]
        ]
      },
      "id": "way/1291111105"
    },
    {
      "type": "Feature",
      "properties": {
        "@id": "way/1291347150",
        "building": "transformer_tower",
        "power": "substation"
      },
      "geometry": {
        "type": "Polygon",
        "coordinates": [
          [
            [
              3.8255344,
              39.9310342
            ],
            [
              3.8255278,
              39.9310123
            ],
            [
              3.8255948,
              39.9310005
            ],
            [
              3.8256013,
              39.9310224
            ],
            [
              3.8255344,
              39.9310342
            ]
          ]
        ]
      },
      "id": "way/1291347150"
    },
    {
      "type": "Feature",
      "properties": {
        "@id": "way/1306538687",
        "building": "service",
        "building:levels": "1",
        "power": "substation",
        "roof:shape": "flat",
        "substation": "minor_distribution"
      },
      "geometry": {
        "type": "Polygon",
        "coordinates": [
          [
            [
              1.3970944,
              38.8863965
            ],
            [
              1.3971272,
              38.8863445
            ],
            [
              1.3971571,
              38.8863559
            ],
            [
              1.3971243,
              38.886408
            ],
            [
              1.3970944,
              38.8863965
            ]
          ]
        ]
      },
      "id": "way/1306538687"
    },
    {
      "type": "Feature",
      "properties": {
        "@id": "way/1311088515",
        "building": "transformer_tower",
        "power": "substation",
        "substation": "minor_distribution"
      },
      "geometry": {
        "type": "Polygon",
        "coordinates": [
          [
            [
              1.5222521,
              38.988544
            ],
            [
              1.5222747,
              38.988611
            ],
            [
              1.5222353,
              38.988619
            ],
            [
              1.5222127,
              38.988552
            ],
            [
              1.5222521,
              38.988544
            ]
          ]
        ]
      },
      "id": "way/1311088515"
    },
    {
      "type": "Feature",
      "properties": {
        "@id": "way/1316416212",
        "addr:city": "Portinatx",
        "addr:housenumber": "32",
        "addr:postcode": "07810",
        "addr:street": "Carrer de sa Cala des Xuclar",
        "building": "service",
        "power": "substation",
        "substation": "minor_distribution"
      },
      "geometry": {
        "type": "Polygon",
        "coordinates": [
          [
            [
              1.5142805,
              39.1079972
            ],
            [
              1.5142416,
              39.1079892
            ],
            [
              1.5142564,
              39.1079458
            ],
            [
              1.5142952,
              39.1079537
            ],
            [
              1.5142805,
              39.1079972
            ]
          ]
        ]
      },
      "id": "way/1316416212"
    },
    {
      "type": "Feature",
      "properties": {
        "@id": "way/1316416216",
        "building": "service",
        "power": "substation",
        "substation": "minor_distribution"
      },
      "geometry": {
        "type": "Polygon",
        "coordinates": [
          [
            [
              1.5183492,
              39.1078052
            ],
            [
              1.518244,
              39.1078275
            ],
            [
              1.5182257,
              39.1077757
            ],
            [
              1.5183309,
              39.1077533
            ],
            [
              1.5183492,
              39.1078052
            ]
          ]
        ]
      },
      "id": "way/1316416216"
    },
    {
      "type": "Feature",
      "properties": {
        "@id": "way/1316416217",
        "addr:city": "Portinatx",
        "addr:housenumber": "21",
        "addr:postcode": "07810",
        "addr:street": "Carrer de sa Descuberta",
        "building": "service",
        "power": "substation",
        "substation": "minor_distribution"
      },
      "geometry": {
        "type": "Polygon",
        "coordinates": [
          [
            [
              1.5184002,
              39.1078062
            ],
            [
              1.5183734,
              39.1077497
            ],
            [
              1.518435,
              39.1077321
            ],
            [
              1.5184618,
              39.1077886
            ],
            [
              1.5184002,
              39.1078062
            ]
          ]
        ]
      },
      "id": "way/1316416217"
    },
    {
      "type": "Feature",
      "properties": {
        "@id": "way/1316416226",
        "addr:city": "Portinatx",
        "addr:housenumber": "25",
        "addr:postcode": "07810",
        "addr:street": "Carrer de ses Formigues",
        "building": "yes",
        "power": "substation",
        "substation": "minor_distribution"
      },
      "geometry": {
        "type": "Polygon",
        "coordinates": [
          [
            [
              1.5194389,
              39.1104322
            ],
            [
              1.5194102,
              39.1104153
            ],
            [
              1.5194407,
              39.1103841
            ],
            [
              1.5194694,
              39.110401
            ],
            [
              1.5194389,
              39.1104322
            ]
          ]
        ]
      },
      "id": "way/1316416226"
    },
    {
      "type": "Feature",
      "properties": {
        "@id": "way/1316479466",
        "building": "service",
        "power": "substation",
        "substation": "minor_distribution"
      },
      "geometry": {
        "type": "Polygon",
        "coordinates": [
          [
            [
              1.3868187,
              38.8940946
            ],
            [
              1.3868893,
              38.894115
            ],
            [
              1.3868749,
              38.8941451
            ],
            [
              1.3868043,
              38.8941248
            ],
            [
              1.3868187,
              38.8940946
            ]
          ]
        ]
      },
      "id": "way/1316479466"
    },
    {
      "type": "Feature",
      "properties": {
        "@id": "way/1316479467",
        "building": "service",
        "power": "substation",
        "substation": "minor_distribution"
      },
      "geometry": {
        "type": "Polygon",
        "coordinates": [
          [
            [
              1.3869019,
              38.8941186
            ],
            [
              1.3868893,
              38.894115
            ],
            [
              1.3868187,
              38.8940946
            ],
            [
              1.3867624,
              38.8940784
            ],
            [
              1.3867792,
              38.8940432
            ],
            [
              1.3869186,
              38.8940834
            ],
            [
              1.3869019,
              38.8941186
            ]
          ]
        ]
      },
      "id": "way/1316479467"
    },
    {
      "type": "Feature",
      "properties": {
        "@id": "way/1316624206",
        "addr:city": "Eivissa",
        "addr:postcode": "07800",
        "addr:street": "Carrer de Joan Bas Taltavull",
        "building": "yes",
        "power": "substation",
        "substation": "minor_distribution"
      },
      "geometry": {
        "type": "Polygon",
        "coordinates": [
          [
            [
              1.4077899,
              38.9128128
            ],
            [
              1.407764,
              38.9127921
            ],
            [
              1.4078146,
              38.9127537
            ],
            [
              1.4078405,
              38.9127745
            ],
            [
              1.4077899,
              38.9128128
            ]
          ]
        ]
      },
      "id": "way/1316624206"
    },
    {
      "type": "Feature",
      "properties": {
        "@id": "way/1317837214",
        "building": "transformer_tower",
        "name": "etsierramar",
        "power": "substation",
        "ref": "149",
        "substation": "minor_distribution"
      },
      "geometry": {
        "type": "Polygon",
        "coordinates": [
          [
            [
              1.2284983,
              38.9064241
            ],
            [
              1.2284551,
              38.9063831
            ],
            [
              1.2284876,
              38.9063623
            ],
            [
              1.2285309,
              38.9064033
            ],
            [
              1.2284983,
              38.9064241
            ]
          ]
        ]
      },
      "id": "way/1317837214"
    },
    {
      "type": "Feature",
      "properties": {
        "@id": "way/1318085933",
        "building": "service",
        "power": "substation",
        "substation": "minor_distribution"
      },
      "geometry": {
        "type": "Polygon",
        "coordinates": [
          [
            [
              1.2215792,
              38.9083681
            ],
            [
              1.2215757,
              38.9083409
            ],
            [
              1.2216485,
              38.9083351
            ],
            [
              1.221652,
              38.9083623
            ],
            [
              1.2215792,
              38.9083681
            ]
          ]
        ]
      },
      "id": "way/1318085933"
    },
    {
      "type": "Feature",
      "properties": {
        "@id": "way/1318801767",
        "building": "service",
        "power": "substation",
        "substation": "minor_distribution"
      },
      "geometry": {
        "type": "Polygon",
        "coordinates": [
          [
            [
              1.2321321,
              38.9289628
            ],
            [
              1.2321274,
              38.9289119
            ],
            [
              1.2321728,
              38.9289094
            ],
            [
              1.2321775,
              38.9289602
            ],
            [
              1.2321321,
              38.9289628
            ]
          ]
        ]
      },
      "id": "way/1318801767"
    },
    {
      "type": "Feature",
      "properties": {
        "@id": "way/1319831434",
        "building": "service",
        "power": "substation",
        "substation": "minor_distribution"
      },
      "geometry": {
        "type": "Polygon",
        "coordinates": [
          [
            [
              1.2345806,
              38.9441364
            ],
            [
              1.2346,
              38.9440733
            ],
            [
              1.2346254,
              38.9440781
            ],
            [
              1.234606,
              38.9441412
            ],
            [
              1.2345806,
              38.9441364
            ]
          ]
        ]
      },
      "id": "way/1319831434"
    },
    {
      "type": "Feature",
      "properties": {
        "@id": "way/1320373272",
        "building": "transformer_tower",
        "power": "substation",
        "substation": "minor_distribution"
      },
      "geometry": {
        "type": "Polygon",
        "coordinates": [
          [
            [
              1.5903206,
              39.0519157
            ],
            [
              1.5903224,
              39.0518754
            ],
            [
              1.5903618,
              39.0518764
            ],
            [
              1.5903601,
              39.0519167
            ],
            [
              1.5903206,
              39.0519157
            ]
          ]
        ]
      },
      "id": "way/1320373272"
    },
    {
      "type": "Feature",
      "properties": {
        "@id": "way/1320407095",
        "building": "service",
        "power": "substation",
        "substation": "minor_distribution"
      },
      "geometry": {
        "type": "Polygon",
        "coordinates": [
          [
            [
              1.5926592,
              39.0486663
            ],
            [
              1.5926271,
              39.0486493
            ],
            [
              1.5926692,
              39.0486013
            ],
            [
              1.5927013,
              39.0486183
            ],
            [
              1.5926592,
              39.0486663
            ]
          ]
        ]
      },
      "id": "way/1320407095"
    },
    {
      "type": "Feature",
      "properties": {
        "@id": "way/1320702186",
        "building": "service",
        "power": "substation",
        "substation": "minor_distribution"
      },
      "geometry": {
        "type": "Polygon",
        "coordinates": [
          [
            [
              1.589177,
              39.0466825
            ],
            [
              1.5891658,
              39.0466661
            ],
            [
              1.5891886,
              39.0466567
            ],
            [
              1.5891998,
              39.0466731
            ],
            [
              1.589177,
              39.0466825
            ]
          ]
        ]
      },
      "id": "way/1320702186"
    },
    {
      "type": "Feature",
      "properties": {
        "@id": "way/1327931969",
        "building": "service",
        "power": "substation",
        "substation": "minor_distribution"
      },
      "geometry": {
        "type": "Polygon",
        "coordinates": [
          [
            [
              1.4506416,
              38.9272661
            ],
            [
              1.4506583,
              38.9272373
            ],
            [
              1.450735,
              38.9272643
            ],
            [
              1.4507182,
              38.9272931
            ],
            [
              1.4506416,
              38.9272661
            ]
          ]
        ]
      },
      "id": "way/1327931969"
    },
    {
      "type": "Feature",
      "properties": {
        "@id": "way/1331389588",
        "building": "service",
        "power": "substation",
        "substation": "minor_distribution"
      },
      "geometry": {
        "type": "Polygon",
        "coordinates": [
          [
            [
              1.5668895,
              38.9936685
            ],
            [
              1.5668994,
              38.9936451
            ],
            [
              1.5669956,
              38.9936696
            ],
            [
              1.5669857,
              38.993693
            ],
            [
              1.5668895,
              38.9936685
            ]
          ]
        ]
      },
      "id": "way/1331389588"
    },
    {
      "type": "Feature",
      "properties": {
        "@id": "way/1331648897",
        "addr:city": "Eivissa",
        "addr:housenumber": "18",
        "addr:postcode": "07800",
        "addr:street": "Carrer de Cas Raspallar",
        "building": "service",
        "power": "substation",
        "substation": "minor_distribution"
      },
      "geometry": {
        "type": "Polygon",
        "coordinates": [
          [
            [
              1.428313,
              38.9221106
            ],
            [
              1.4283153,
              38.9220503
            ],
            [
              1.4283617,
              38.9220513
            ],
            [
              1.4283593,
              38.9221117
            ],
            [
              1.428313,
              38.9221106
            ]
          ]
        ]
      },
      "id": "way/1331648897"
    },
    {
      "type": "Feature",
      "properties": {
        "@id": "way/1331648898",
        "addr:city": "Eivissa",
        "addr:housenumber": "6",
        "addr:postcode": "07800",
        "addr:street": "Carrer de Cas Raspallar",
        "building": "service",
        "power": "substation",
        "substation": "minor_distribution"
      },
      "geometry": {
        "type": "Polygon",
        "coordinates": [
          [
            [
              1.4265486,
              38.9213404
            ],
            [
              1.4265748,
              38.9212836
            ],
            [
              1.4266184,
              38.9212957
            ],
            [
              1.4265923,
              38.9213526
            ],
            [
              1.4265486,
              38.9213404
            ]
          ]
        ]
      },
      "id": "way/1331648898"
    },
    {
      "type": "Feature",
      "properties": {
        "@id": "way/1332407353",
        "building": "transformer_tower",
        "operator": "endesa",
        "power": "substation",
        "ref": "40013",
        "substation": "minor_distribution"
      },
      "geometry": {
        "type": "Polygon",
        "coordinates": [
          [
            [
              1.5831001,
              38.6633885
            ],
            [
              1.5831297,
              38.6633734
            ],
            [
              1.5831484,
              38.6633959
            ],
            [
              1.5831188,
              38.6634109
            ],
            [
              1.5831094,
              38.6633997
            ],
            [
              1.5831001,
              38.6633885
            ]
          ]
        ]
      },
      "id": "way/1332407353"
    },
    {
      "type": "Feature",
      "properties": {
        "@id": "way/1332898969",
        "building": "transformer_tower",
        "power": "substation",
        "substation": "minor_distribution"
      },
      "geometry": {
        "type": "Polygon",
        "coordinates": [
          [
            [
              1.4413869,
              38.7322288
            ],
            [
              1.4413558,
              38.7321943
            ],
            [
              1.4413877,
              38.7321767
            ],
            [
              1.4414189,
              38.7322112
            ],
            [
              1.4413869,
              38.7322288
            ]
          ]
        ]
      },
      "id": "way/1332898969"
    },
    {
      "type": "Feature",
      "properties": {
        "@id": "way/1334806797",
        "addr:city": "la Savina",
        "addr:housenumber": "15",
        "addr:postcode": "07870",
        "addr:street": "Carrer de Llevant",
        "building": "service",
        "power": "substation",
        "substation": "minor_distribution"
      },
      "geometry": {
        "type": "Polygon",
        "coordinates": [
          [
            [
              1.4201026,
              38.728912
            ],
            [
              1.4200674,
              38.7288992
            ],
            [
              1.4200996,
              38.7288453
            ],
            [
              1.4201348,
              38.7288581
            ],
            [
              1.4201026,
              38.728912
            ]
          ]
        ]
      },
      "id": "way/1334806797"
    },
    {
      "type": "Feature",
      "properties": {
        "@id": "way/1356510386",
        "building": "transformer_tower",
        "operator": "Endesa-Gesa",
        "power": "substation"
      },
      "geometry": {
        "type": "Polygon",
        "coordinates": [
          [
            [
              3.0160602,
              39.751534
            ],
            [
              3.0160981,
              39.7515122
            ],
            [
              3.0161242,
              39.751539
            ],
            [
              3.0161053,
              39.7515499
            ],
            [
              3.0160864,
              39.7515608
            ],
            [
              3.0160602,
              39.751534
            ]
          ]
        ]
      },
      "id": "way/1356510386"
    },
    {
      "type": "Feature",
      "properties": {
        "@id": "way/1365705990",
        "building": "service",
        "operator": "Endesa",
        "operator:wikidata": "Q1275336",
        "power": "substation",
        "ref": "12713",
        "substation": "minor_distribution"
      },
      "geometry": {
        "type": "Polygon",
        "coordinates": [
          [
            [
              2.5231891,
              39.4833332
            ],
            [
              2.5231998,
              39.483263
            ],
            [
              2.5232401,
              39.4832667
            ],
            [
              2.5232294,
              39.4833368
            ],
            [
              2.5231891,
              39.4833332
            ]
          ]
        ]
      },
      "id": "way/1365705990"
    },
    {
      "type": "Feature",
      "properties": {
        "@id": "way/1365760603",
        "building": "service",
        "name": "Sol de Maollorca 3",
        "operator": "Endesa",
        "operator:wikidata": "Q1275336",
        "power": "substation",
        "ref": "12714",
        "substation": "minor_distribution"
      },
      "geometry": {
        "type": "Polygon",
        "coordinates": [
          [
            [
              2.5221862,
              39.4793415
            ],
            [
              2.5221861,
              39.4792754
            ],
            [
              2.5222637,
              39.4792753
            ],
            [
              2.5222638,
              39.4793415
            ],
            [
              2.5221862,
              39.4793415
            ]
          ]
        ]
      },
      "id": "way/1365760603"
    },
    {
      "type": "Feature",
      "properties": {
        "@id": "way/1365760604",
        "building": "service",
        "operator": "Endesa",
        "operator:wikidata": "Q1275336",
        "power": "substation",
        "substation": "minor_distribution"
      },
      "geometry": {
        "type": "Polygon",
        "coordinates": [
          [
            [
              2.5209633,
              39.4822127
            ],
            [
              2.5209377,
              39.4821499
            ],
            [
              2.5209898,
              39.4821372
            ],
            [
              2.5210155,
              39.4822
            ],
            [
              2.5209633,
              39.4822127
            ]
          ]
        ]
      },
      "id": "way/1365760604"
    },
    {
      "type": "Feature",
      "properties": {
        "@id": "way/1365760607",
        "building": "service",
        "operator": "Endesa",
        "operator:wikidata": "Q1275336",
        "power": "substation",
        "ref": "17868",
        "substation": "minor_distribution"
      },
      "geometry": {
        "type": "Polygon",
        "coordinates": [
          [
            [
              2.5244503,
              39.4804216
            ],
            [
              2.5244424,
              39.4803866
            ],
            [
              2.5244884,
              39.4803804
            ],
            [
              2.5244963,
              39.4804154
            ],
            [
              2.5244503,
              39.4804216
            ]
          ]
        ]
      },
      "id": "way/1365760607"
    },
    {
      "type": "Feature",
      "properties": {
        "@id": "way/1366005649",
        "power": "substation"
      },
      "geometry": {
        "type": "Polygon",
        "coordinates": [
          [
            [
              3.0173785,
              39.746685
            ],
            [
              3.0173341,
              39.7466644
            ],
            [
              3.0173645,
              39.7466329
            ],
            [
              3.0173773,
              39.7466419
            ],
            [
              3.0173925,
              39.7466293
            ],
            [
              3.0174205,
              39.7466446
            ],
            [
              3.0173785,
              39.746685
            ]
          ]
        ]
      },
      "id": "way/1366005649"
    },
    {
      "type": "Feature",
      "properties": {
        "@id": "way/1366015705",
        "power": "substation",
        "substation": "minor_distribution"
      },
      "geometry": {
        "type": "Polygon",
        "coordinates": [
          [
            [
              3.0155063,
              39.7725182
            ],
            [
              3.0154491,
              39.7724908
            ],
            [
              3.0154779,
              39.7724528
            ],
            [
              3.0155335,
              39.7724817
            ],
            [
              3.0155063,
              39.7725182
            ]
          ]
        ]
      },
      "id": "way/1366015705"
    },
    {
      "type": "Feature",
      "properties": {
        "@id": "way/1367369271",
        "building": "service",
        "operator": "Endesa",
        "operator:wikidata": "Q1275336",
        "power": "substation",
        "substation": "minor_distribution"
      },
      "geometry": {
        "type": "Polygon",
        "coordinates": [
          [
            [
              2.5286826,
              39.4813678
            ],
            [
              2.5287086,
              39.4813484
            ],
            [
              2.5287353,
              39.4813697
            ],
            [
              2.5287094,
              39.4813891
            ],
            [
              2.5286826,
              39.4813678
            ]
          ]
        ]
      },
      "id": "way/1367369271"
    },
    {
      "type": "Feature",
      "properties": {
        "@id": "way/1372996535",
        "building": "yes",
        "power": "substation",
        "substation": "yes"
      },
      "geometry": {
        "type": "Polygon",
        "coordinates": [
          [
            [
              2.876665,
              39.7124721
            ],
            [
              2.8766468,
              39.7124621
            ],
            [
              2.8766022,
              39.7124375
            ],
            [
              2.8766702,
              39.7123644
            ],
            [
              2.876733,
              39.7123991
            ],
            [
              2.8767149,
              39.7124185
            ],
            [
              2.8766892,
              39.7124461
            ],
            [
              2.876665,
              39.7124721
            ]
          ]
        ]
      },
      "id": "way/1372996535"
    },
    {
      "type": "Feature",
      "properties": {
        "@id": "way/1372996555",
        "building": "yes",
        "power": "substation"
      },
      "geometry": {
        "type": "Polygon",
        "coordinates": [
          [
            [
              2.8973806,
              39.7092676
            ],
            [
              2.8976002,
              39.7090461
            ],
            [
              2.8976706,
              39.708975
            ],
            [
              2.8977025,
              39.7089428
            ],
            [
              2.897848,
              39.7090282
            ],
            [
              2.8979034,
              39.7090607
            ],
            [
              2.8978738,
              39.7090905
            ],
            [
              2.8978277,
              39.709137
            ],
            [
              2.8977771,
              39.7091881
            ],
            [
              2.8975813,
              39.7093854
            ],
            [
              2.8973806,
              39.7092676
            ]
          ]
        ]
      },
      "id": "way/1372996555"
    },
    {
      "type": "Feature",
      "properties": {
        "@id": "way/1375444289",
        "building": "no",
        "description": "Línea de Alta Tensión proveniente de la Central des Murtedar (Alcudia). Extienda la línea hasta el Norte-Raiguer-Interior y próximas al levante Mallorquín.",
        "name": "Subestació de Sa Pobla",
        "name:ca": "Subestació de Sa Pobla",
        "operator": "Endesa-Gesa",
        "power": "substation",
        "substation": "transmission",
        "voltage": "66000"
      },
      "geometry": {
        "type": "Polygon",
        "coordinates": [
          [
            [
              3.0319771,
              39.7640034
            ],
            [
              3.0312484,
              39.7636399
            ],
            [
              3.0315596,
              39.7632692
            ],
            [
              3.0322883,
              39.7636316
            ],
            [
              3.0319771,
              39.7640034
            ]
          ]
        ]
      },
      "id": "way/1375444289"
    },
    {
      "type": "Feature",
      "properties": {
        "@id": "way/1381368810",
        "building": "transformer_tower",
        "power": "substation",
        "substation": "minor_distribution"
      },
      "geometry": {
        "type": "Polygon",
        "coordinates": [
          [
            [
              1.5097216,
              38.6692241
            ],
            [
              1.5097192,
              38.669171
            ],
            [
              1.5097589,
              38.6691699
            ],
            [
              1.5097612,
              38.6692231
            ],
            [
              1.5097216,
              38.6692241
            ]
          ]
        ]
      },
      "id": "way/1381368810"
    },
    {
      "type": "Feature",
      "properties": {
        "@id": "way/1381623632",
        "building": "transformer_tower",
        "building:colour": "white",
        "power": "substation",
        "substation": "minor_distribution"
      },
      "geometry": {
        "type": "Polygon",
        "coordinates": [
          [
            [
              1.4642256,
              38.6895044
            ],
            [
              1.4642122,
              38.6894741
            ],
            [
              1.4642661,
              38.6894595
            ],
            [
              1.4642796,
              38.6894898
            ],
            [
              1.4642523,
              38.6894972
            ],
            [
              1.4642256,
              38.6895044
            ]
          ]
        ]
      },
      "id": "way/1381623632"
    },
    {
      "type": "Feature",
      "properties": {
        "@id": "way/1381626267",
        "building": "service",
        "name": "H Talaya",
        "power": "substation",
        "ref": "19",
        "substation": "minor_distribution",
        "utility": "power"
      },
      "geometry": {
        "type": "Polygon",
        "coordinates": [
          [
            [
              1.4698983,
              38.6864407
            ],
            [
              1.4698994,
              38.686406
            ],
            [
              1.4699692,
              38.6864073
            ],
            [
              1.4699682,
              38.6864419
            ],
            [
              1.4698983,
              38.6864407
            ]
          ]
        ]
      },
      "id": "way/1381626267"
    },
    {
      "type": "Feature",
      "properties": {
        "@id": "way/1381626286",
        "addr:housenumber": "49",
        "addr:street": "Carrer de la Ratjada",
        "building": "service",
        "building:colour": "white",
        "building:levels": "1",
        "name": "C.M.M Can Xiquet Tauet",
        "power": "substation",
        "ref": "101",
        "roof:colour": "salmon",
        "roof:shape": "gabled",
        "substation": "minor_distribution",
        "utility": "power"
      },
      "geometry": {
        "type": "Polygon",
        "coordinates": [
          [
            [
              1.4677449,
              38.6855617
            ],
            [
              1.4677459,
              38.68551
            ],
            [
              1.4678124,
              38.6855107
            ],
            [
              1.4678114,
              38.6855624
            ],
            [
              1.4677449,
              38.6855617
            ]
          ]
        ]
      },
      "id": "way/1381626286"
    },
    {
      "type": "Feature",
      "properties": {
        "@id": "way/1382263844",
        "building": "transformer_tower",
        "power": "substation",
        "substation": "minor_distribution"
      },
      "geometry": {
        "type": "Polygon",
        "coordinates": [
          [
            [
              1.4224627,
              38.7228596
            ],
            [
              1.4224203,
              38.7228494
            ],
            [
              1.4224334,
              38.7228164
            ],
            [
              1.4224757,
              38.7228266
            ],
            [
              1.4224627,
              38.7228596
            ]
          ]
        ]
      },
      "id": "way/1382263844"
    },
    {
      "type": "Feature",
      "properties": {
        "@id": "way/1382960073",
        "building": "service",
        "man_made": "street_cabinet",
        "power": "substation",
        "substation": "minor_distribution",
        "utility": "power"
      },
      "geometry": {
        "type": "Polygon",
        "coordinates": [
          [
            [
              1.3917084,
              38.6933801
            ],
            [
              1.3917064,
              38.6933458
            ],
            [
              1.3917731,
              38.6933434
            ],
            [
              1.3917751,
              38.6933777
            ],
            [
              1.3917084,
              38.6933801
            ]
          ]
        ]
      },
      "id": "way/1382960073"
    },
    {
      "type": "Feature",
      "properties": {
        "@id": "way/1383771001",
        "building": "service",
        "name": "Camí des Cap",
        "power": "substation",
        "ref": "40084",
        "substation": "minor_distribution"
      },
      "geometry": {
        "type": "Polygon",
        "coordinates": [
          [
            [
              1.4123316,
              38.6710707
            ],
            [
              1.4123141,
              38.671034
            ],
            [
              1.4123416,
              38.6710261
            ],
            [
              1.412359,
              38.6710627
            ],
            [
              1.4123316,
              38.6710707
            ]
          ]
        ]
      },
      "id": "way/1383771001"
    },
    {
      "type": "Feature",
      "properties": {
        "@id": "way/1384282978",
        "building": "service",
        "name": "Recó d'es Carsol",
        "power": "substation",
        "ref": "40125",
        "substation": "minor_distribution"
      },
      "geometry": {
        "type": "Polygon",
        "coordinates": [
          [
            [
              1.4003654,
              38.6765819
            ],
            [
              1.4003654,
              38.6765476
            ],
            [
              1.4003941,
              38.6765476
            ],
            [
              1.4003941,
              38.6765819
            ],
            [
              1.4003654,
              38.6765819
            ]
          ]
        ]
      },
      "id": "way/1384282978"
    },
    {
      "type": "Feature",
      "properties": {
        "@id": "way/1384761660",
        "building": "transformer_tower",
        "power": "substation",
        "substation": "minor_distribution"
      },
      "geometry": {
        "type": "Polygon",
        "coordinates": [
          [
            [
              1.5230947,
              38.6725905
            ],
            [
              1.5230739,
              38.6725633
            ],
            [
              1.5230985,
              38.6725518
            ],
            [
              1.5231232,
              38.6725402
            ],
            [
              1.523144,
              38.6725674
            ],
            [
              1.5230947,
              38.6725905
            ]
          ]
        ]
      },
      "id": "way/1384761660"
    },
    {
      "type": "Feature",
      "properties": {
        "@id": "way/1387284778",
        "addr:city": "Sant Francesc de s'Estany",
        "addr:country": "ES",
        "addr:housenumber": "1",
        "addr:postcode": "07818",
        "addr:street": "Carrer des Migjorn Gran",
        "building": "transformer_tower",
        "power": "substation",
        "substation": "minor_distribution"
      },
      "geometry": {
        "type": "Polygon",
        "coordinates": [
          [
            [
              1.391305,
              38.8667889
            ],
            [
              1.3913461,
              38.8667612
            ],
            [
              1.3913723,
              38.8667847
            ],
            [
              1.3913312,
              38.8668124
            ],
            [
              1.391305,
              38.8667889
            ]
          ]
        ]
      },
      "id": "way/1387284778"
    },
    {
      "type": "Feature",
      "properties": {
        "@id": "way/1389160307",
        "building": "service",
        "building:levels": "1",
        "power": "substation",
        "substation": "minor_distribution"
      },
      "geometry": {
        "type": "Polygon",
        "coordinates": [
          [
            [
              1.4011691,
              38.8918466
            ],
            [
              1.4011692,
              38.8918152
            ],
            [
              1.4011999,
              38.8918153
            ],
            [
              1.4011998,
              38.8918467
            ],
            [
              1.4011691,
              38.8918466
            ]
          ]
        ]
      },
      "id": "way/1389160307"
    },
    {
      "type": "Feature",
      "properties": {
        "@id": "way/1389160308",
        "building": "service",
        "building:levels": "1",
        "power": "substation",
        "substation": "minor_distribution"
      },
      "geometry": {
        "type": "Polygon",
        "coordinates": [
          [
            [
              1.4011687,
              38.8919167
            ],
            [
              1.4011696,
              38.8918748
            ],
            [
              1.4011988,
              38.8918752
            ],
            [
              1.4011979,
              38.891917
            ],
            [
              1.4011687,
              38.8919167
            ]
          ]
        ]
      },
      "id": "way/1389160308"
    },
    {
      "type": "Feature",
      "properties": {
        "@id": "way/1389235076",
        "addr:city": "Eivissa",
        "addr:country": "ES",
        "addr:housenumber": "10",
        "addr:postcode": "07800",
        "addr:street": "Carrer de Cas Dominguets",
        "power": "substation"
      },
      "geometry": {
        "type": "Polygon",
        "coordinates": [
          [
            [
              1.4306398,
              38.9178211
            ],
            [
              1.430495,
              38.9177735
            ],
            [
              1.4304731,
              38.9177636
            ],
            [
              1.4304548,
              38.91775
            ],
            [
              1.430441,
              38.9177334
            ],
            [
              1.4304325,
              38.9177148
            ],
            [
              1.4304299,
              38.9176952
            ],
            [
              1.4304331,
              38.9176757
            ],
            [
              1.4306466,
              38.9172948
            ],
            [
              1.4310599,
              38.9174371
            ],
            [
              1.4306398,
              38.9178211
            ]
          ]
        ]
      },
      "id": "way/1389235076"
    },
    {
      "type": "Feature",
      "properties": {
        "@id": "way/1389281116",
        "building": "service",
        "power": "substation",
        "substation": "minor_distribution"
      },
      "geometry": {
        "type": "Polygon",
        "coordinates": [
          [
            [
              1.4072552,
              38.8947417
            ],
            [
              1.4072674,
              38.8947094
            ],
            [
              1.4073438,
              38.8947269
            ],
            [
              1.4073316,
              38.8947592
            ],
            [
              1.4072552,
              38.8947417
            ]
          ]
        ]
      },
      "id": "way/1389281116"
    },
    {
      "type": "Feature",
      "properties": {
        "@id": "way/1389281814",
        "addr:city": "Eivissa",
        "addr:country": "ES",
        "addr:postcode": "07800",
        "addr:street": "Carrer de Federico Garcia Lorca",
        "building": "service",
        "power": "substation",
        "substation": "minor_distribution"
      },
      "geometry": {
        "type": "Polygon",
        "coordinates": [
          [
            [
              1.4057084,
              38.8954582
            ],
            [
              1.4056485,
              38.8954117
            ],
            [
              1.4056752,
              38.8953909
            ],
            [
              1.4057351,
              38.8954373
            ],
            [
              1.4057084,
              38.8954582
            ]
          ]
        ]
      },
      "id": "way/1389281814"
    },
    {
      "type": "Feature",
      "properties": {
        "@id": "way/1389617544",
        "building": "yes",
        "power": "substation",
        "substation": "minor_distribution"
      },
      "geometry": {
        "type": "Polygon",
        "coordinates": [
          [
            [
              1.3976693,
              38.8930787
            ],
            [
              1.3976497,
              38.8930545
            ],
            [
              1.3977128,
              38.8930237
            ],
            [
              1.3977323,
              38.8930479
            ],
            [
              1.3976693,
              38.8930787
            ]
          ]
        ]
      },
      "id": "way/1389617544"
    },
    {
      "type": "Feature",
      "properties": {
        "@id": "way/1389617545",
        "building": "service",
        "power": "substation",
        "substation": "minor_distribution"
      },
      "geometry": {
        "type": "Polygon",
        "coordinates": [
          [
            [
              1.3979043,
              38.8945297
            ],
            [
              1.397851,
              38.8944918
            ],
            [
              1.3978707,
              38.894475
            ],
            [
              1.397924,
              38.8945128
            ],
            [
              1.3979043,
              38.8945297
            ]
          ]
        ]
      },
      "id": "way/1389617545"
    },
    {
      "type": "Feature",
      "properties": {
        "@id": "way/1389617548",
        "building": "service",
        "power": "substation",
        "substation": "minor_distribution"
      },
      "geometry": {
        "type": "Polygon",
        "coordinates": [
          [
            [
              1.3970742,
              38.892385
            ],
            [
              1.3970375,
              38.8923379
            ],
            [
              1.3970644,
              38.8923252
            ],
            [
              1.3971011,
              38.8923723
            ],
            [
              1.3970742,
              38.892385
            ]
          ]
        ]
      },
      "id": "way/1389617548"
    },
    {
      "type": "Feature",
      "properties": {
        "@id": "way/1389742333",
        "building": "service",
        "building:levels": "1",
        "power": "substation",
        "substation": "minor_distribution"
      },
      "geometry": {
        "type": "Polygon",
        "coordinates": [
          [
            [
              1.3965677,
              38.8915875
            ],
            [
              1.3965414,
              38.8915701
            ],
            [
              1.3965875,
              38.8915276
            ],
            [
              1.3966138,
              38.8915449
            ],
            [
              1.3965677,
              38.8915875
            ]
          ]
        ]
      },
      "id": "way/1389742333"
    },
    {
      "type": "Feature",
      "properties": {
        "@id": "way/1389749810",
        "building": "service",
        "power": "substation",
        "substation": "minor_distribution"
      },
      "geometry": {
        "type": "Polygon",
        "coordinates": [
          [
            [
              1.417236,
              38.904978
            ],
            [
              1.4172432,
              38.9049534
            ],
            [
              1.4172945,
              38.9049625
            ],
            [
              1.4172873,
              38.9049872
            ],
            [
              1.417236,
              38.904978
            ]
          ]
        ]
      },
      "id": "way/1389749810"
    },
    {
      "type": "Feature",
      "properties": {
        "@id": "way/1389768116",
        "addr:city": "Eivissa",
        "addr:country": "ES",
        "addr:housenumber": "14",
        "addr:postcode": "07800",
        "addr:street": "Carrer de Peralta",
        "building": "transformer_tower",
        "power": "substation",
        "substation": "minor_distribution"
      },
      "geometry": {
        "type": "Polygon",
        "coordinates": [
          [
            [
              1.4112466,
              38.9081713
            ],
            [
              1.4112276,
              38.9081438
            ],
            [
              1.4113047,
              38.9081116
            ],
            [
              1.4113237,
              38.9081391
            ],
            [
              1.4112466,
              38.9081713
            ]
          ]
        ]
      },
      "id": "way/1389768116"
    },
    {
      "type": "Feature",
      "properties": {
        "@id": "way/1389768117",
        "building": "service",
        "power": "substation",
        "substation": "minor_distribution"
      },
      "geometry": {
        "type": "Polygon",
        "coordinates": [
          [
            [
              1.4138448,
              38.9079012
            ],
            [
              1.4138162,
              38.9078416
            ],
            [
              1.4138579,
              38.9078294
            ],
            [
              1.4138866,
              38.907889
            ],
            [
              1.4138448,
              38.9079012
            ]
          ]
        ]
      },
      "id": "way/1389768117"
    },
    {
      "type": "Feature",
      "properties": {
        "@id": "way/1390095625",
        "building": "service",
        "power": "substation",
        "substation": "minor_distribution"
      },
      "geometry": {
        "type": "Polygon",
        "coordinates": [
          [
            [
              1.4152002,
              38.9013835
            ],
            [
              1.4151743,
              38.9013727
            ],
            [
              1.4152095,
              38.9013216
            ],
            [
              1.4152354,
              38.9013324
            ],
            [
              1.4152002,
              38.9013835
            ]
          ]
        ]
      },
      "id": "way/1390095625"
    },
    {
      "type": "Feature",
      "properties": {
        "@id": "way/1390095626",
        "building": "service",
        "power": "substation",
        "substation": "minor_distribution"
      },
      "geometry": {
        "type": "Polygon",
        "coordinates": [
          [
            [
              1.4152337,
              38.9025198
            ],
            [
              1.4151898,
              38.9024998
            ],
            [
              1.4152033,
              38.9024819
            ],
            [
              1.4152472,
              38.902502
            ],
            [
              1.4152337,
              38.9025198
            ]
          ]
        ]
      },
      "id": "way/1390095626"
    },
    {
      "type": "Feature",
      "properties": {
        "@id": "way/1390095627",
        "building": "service",
        "power": "substation",
        "substation": "minor_distribution"
      },
      "geometry": {
        "type": "Polygon",
        "coordinates": [
          [
            [
              1.4150906,
              38.9031309
            ],
            [
              1.4150356,
              38.9030915
            ],
            [
              1.4150584,
              38.9030722
            ],
            [
              1.4151134,
              38.9031116
            ],
            [
              1.4150906,
              38.9031309
            ]
          ]
        ]
      },
      "id": "way/1390095627"
    },
    {
      "type": "Feature",
      "properties": {
        "@id": "way/1390121217",
        "building": "service",
        "power": "substation",
        "substation": "minor_distribution"
      },
      "geometry": {
        "type": "Polygon",
        "coordinates": [
          [
            [
              1.4263218,
              38.9065744
            ],
            [
              1.4263206,
              38.9065132
            ],
            [
              1.4263576,
              38.9065128
            ],
            [
              1.4263588,
              38.906574
            ],
            [
              1.4263218,
              38.9065744
            ]
          ]
        ]
      },
      "id": "way/1390121217"
    },
    {
      "type": "Feature",
      "properties": {
        "@id": "way/1390429738",
        "addr:city": "Eivissa",
        "addr:country": "ES",
        "addr:housenumber": "64",
        "addr:postcode": "07800",
        "addr:street": "Carrer de Bisbe Abad y Lasierra",
        "building": "service",
        "power": "substation",
        "substation": "minor_distribution"
      },
      "geometry": {
        "type": "Polygon",
        "coordinates": [
          [
            [
              1.4269328,
              38.9140226
            ],
            [
              1.426942,
              38.9139903
            ],
            [
              1.4270192,
              38.9140036
            ],
            [
              1.42701,
              38.9140359
            ],
            [
              1.4269328,
              38.9140226
            ]
          ]
        ]
      },
      "id": "way/1390429738"
    },
    {
      "type": "Feature",
      "properties": {
        "@id": "way/1390443220",
        "building": "service",
        "power": "substation",
        "substation": "minor_distribution"
      },
      "geometry": {
        "type": "Polygon",
        "coordinates": [
          [
            [
              1.4241899,
              38.9107115
            ],
            [
              1.4241491,
              38.9107024
            ],
            [
              1.4241707,
              38.9106438
            ],
            [
              1.4242115,
              38.9106529
            ],
            [
              1.4241899,
              38.9107115
            ]
          ]
        ]
      },
      "id": "way/1390443220"
    },
    {
      "type": "Feature",
      "properties": {
        "@id": "way/1391125158",
        "building": "service",
        "power": "substation",
        "substation": "minor_distribution"
      },
      "geometry": {
        "type": "Polygon",
        "coordinates": [
          [
            [
              1.4352451,
              38.9180078
            ],
            [
              1.4352673,
              38.9179529
            ],
            [
              1.4353074,
              38.9179628
            ],
            [
              1.4352851,
              38.9180176
            ],
            [
              1.4352451,
              38.9180078
            ]
          ]
        ]
      },
      "id": "way/1391125158"
    },
    {
      "type": "Feature",
      "properties": {
        "@id": "way/1391125159",
        "building": "service",
        "power": "substation",
        "substation": "minor_distribution"
      },
      "geometry": {
        "type": "Polygon",
        "coordinates": [
          [
            [
              1.4365965,
              38.9189602
            ],
            [
              1.4365134,
              38.9189389
            ],
            [
              1.4365261,
              38.9189091
            ],
            [
              1.4366092,
              38.9189303
            ],
            [
              1.4365965,
              38.9189602
            ]
          ]
        ]
      },
      "id": "way/1391125159"
    },
    {
      "type": "Feature",
      "properties": {
        "@id": "way/1391125160",
        "building": "service",
        "power": "substation",
        "substation": "minor_distribution"
      },
      "geometry": {
        "type": "Polygon",
        "coordinates": [
          [
            [
              1.4350118,
              38.92043
            ],
            [
              1.435015,
              38.9204056
            ],
            [
              1.4350718,
              38.9204101
            ],
            [
              1.4350686,
              38.9204345
            ],
            [
              1.4350118,
              38.92043
            ]
          ]
        ]
      },
      "id": "way/1391125160"
    },
    {
      "type": "Feature",
      "properties": {
        "@id": "way/1391125161",
        "building": "service",
        "power": "substation",
        "substation": "minor_distribution"
      },
      "geometry": {
        "type": "Polygon",
        "coordinates": [
          [
            [
              1.4354809,
              38.9193358
            ],
            [
              1.4354833,
              38.9193123
            ],
            [
              1.4355337,
              38.9193155
            ],
            [
              1.4355313,
              38.919339
            ],
            [
              1.4354809,
              38.9193358
            ]
          ]
        ]
      },
      "id": "way/1391125161"
    },
    {
      "type": "Feature",
      "properties": {
        "@id": "way/1391125163",
        "building": "service",
        "power": "substation",
        "substation": "minor_distribution"
      },
      "geometry": {
        "type": "Polygon",
        "coordinates": [
          [
            [
              1.4313809,
              38.9206628
            ],
            [
              1.4313618,
              38.9206443
            ],
            [
              1.4314015,
              38.9206194
            ],
            [
              1.4314207,
              38.9206379
            ],
            [
              1.4313809,
              38.9206628
            ]
          ]
        ]
      },
      "id": "way/1391125163"
    },
    {
      "type": "Feature",
      "properties": {
        "@id": "way/1391125164",
        "building": "service",
        "power": "substation",
        "substation": "minor_distribution"
      },
      "geometry": {
        "type": "Polygon",
        "coordinates": [
          [
            [
              1.4325683,
              38.9202722
            ],
            [
              1.432548,
              38.9202534
            ],
            [
              1.4325866,
              38.9202282
            ],
            [
              1.4326069,
              38.920247
            ],
            [
              1.4325683,
              38.9202722
            ]
          ]
        ]
      },
      "id": "way/1391125164"
    },
    {
      "type": "Feature",
      "properties": {
        "@id": "way/1391125165",
        "building": "service",
        "power": "substation",
        "substation": "minor_distribution"
      },
      "geometry": {
        "type": "Polygon",
        "coordinates": [
          [
            [
              1.4339128,
              38.9200602
            ],
            [
              1.4339169,
              38.9200359
            ],
            [
              1.4339645,
              38.9200408
            ],
            [
              1.4339603,
              38.9200651
            ],
            [
              1.4339128,
              38.9200602
            ]
          ]
        ]
      },
      "id": "way/1391125165"
    },
    {
      "type": "Feature",
      "properties": {
        "@id": "way/1391125166",
        "addr:city": "Eivissa",
        "addr:country": "ES",
        "addr:housenumber": "20",
        "addr:postcode": "07800",
        "addr:street": "Carrer de Cas Dominguets",
        "building": "service",
        "power": "substation",
        "substation": "minor_distribution"
      },
      "geometry": {
        "type": "Polygon",
        "coordinates": [
          [
            [
              1.4338899,
              38.9189753
            ],
            [
              1.4338475,
              38.9189632
            ],
            [
              1.4338785,
              38.9188974
            ],
            [
              1.4339209,
              38.9189095
            ],
            [
              1.4338899,
              38.9189753
            ]
          ]
        ]
      },
      "id": "way/1391125166"
    },
    {
      "type": "Feature",
      "properties": {
        "@id": "way/1392731708",
        "building": "service",
        "power": "substation",
        "substation": "minor_distribution"
      },
      "geometry": {
        "type": "Polygon",
        "coordinates": [
          [
            [
              1.5294953,
              38.987902
            ],
            [
              1.5294947,
              38.9878408
            ],
            [
              1.5295387,
              38.9878406
            ],
            [
              1.5295394,
              38.9879017
            ],
            [
              1.5294953,
              38.987902
            ]
          ]
        ]
      },
      "id": "way/1392731708"
    },
    {
      "type": "Feature",
      "properties": {
        "@id": "way/1392731710",
        "addr:city": "Santa Eulària des Riu",
        "addr:country": "ES",
        "addr:housenumber": "7",
        "addr:postcode": "07849",
        "addr:street": "Carrer d'Anglaterra",
        "addr:suburb": "Can Guasch",
        "building": "service",
        "power": "substation",
        "substation": "minor_distribution"
      },
      "geometry": {
        "type": "Polygon",
        "coordinates": [
          [
            [
              1.5302375,
              38.9869982
            ],
            [
              1.5302457,
              38.9869277
            ],
            [
              1.530286,
              38.9869305
            ],
            [
              1.5302777,
              38.987001
            ],
            [
              1.5302375,
              38.9869982
            ]
          ]
        ]
      },
      "id": "way/1392731710"
    },
    {
      "type": "Feature",
      "properties": {
        "@id": "way/1392754517",
        "building": "service",
        "power": "substation",
        "substation": "minor_distribution"
      },
      "geometry": {
        "type": "Polygon",
        "coordinates": [
          [
            [
              1.5312114,
              38.9873939
            ],
            [
              1.5311777,
              38.9873813
            ],
            [
              1.531212,
              38.9873257
            ],
            [
              1.5312458,
              38.9873383
            ],
            [
              1.5312114,
              38.9873939
            ]
          ]
        ]
      },
      "id": "way/1392754517"
    },
    {
      "type": "Feature",
      "properties": {
        "@id": "way/1393231421",
        "building": "service",
        "power": "substation",
        "substation": "minor_distribution"
      },
      "geometry": {
        "type": "Polygon",
        "coordinates": [
          [
            [
              1.5462117,
              38.9937141
            ],
            [
              1.5461016,
              38.9936897
            ],
            [
              1.5461109,
              38.9936643
            ],
            [
              1.546221,
              38.9936887
            ],
            [
              1.5462117,
              38.9937141
            ]
          ]
        ]
      },
      "id": "way/1393231421"
    },
    {
      "type": "Feature",
      "properties": {
        "@id": "way/1396838755",
        "location": "outdoor",
        "power": "substation"
      },
      "geometry": {
        "type": "Polygon",
        "coordinates": [
          [
            [
              3.0942821,
              39.8124724
            ],
            [
              3.0943988,
              39.8124497
            ],
            [
              3.0951418,
              39.8127845
            ],
            [
              3.0949447,
              39.8132316
            ],
            [
              3.0946697,
              39.8137076
            ],
            [
              3.0946268,
              39.8137076
            ],
            [
              3.0936585,
              39.8132996
            ],
            [
              3.0942821,
              39.8124724
            ]
          ]
        ]
      },
      "id": "way/1396838755"
    },
    {
      "type": "Feature",
      "properties": {
        "@id": "way/1396838756",
        "location": "outdoor",
        "power": "substation"
      },
      "geometry": {
        "type": "Polygon",
        "coordinates": [
          [
            [
              3.0936502,
              39.8138818
            ],
            [
              3.0938978,
              39.8136158
            ],
            [
              3.0944695,
              39.8139299
            ],
            [
              3.0942219,
              39.8141959
            ],
            [
              3.0936502,
              39.8138818
            ]
          ]
        ]
      },
      "id": "way/1396838756"
    },
    {
      "type": "Feature",
      "properties": {
        "@id": "way/1401992916",
        "addr:city": "S’Argamassa",
        "addr:country": "ES",
        "addr:housenumber": "63",
        "addr:postcode": "07849",
        "addr:street": "Avinguda de s'Argamassa",
        "building": "transformer_tower",
        "power": "substation",
        "substation": "minor_distribution"
      },
      "geometry": {
        "type": "Polygon",
        "coordinates": [
          [
            [
              1.5627452,
              38.9946577
            ],
            [
              1.5627164,
              38.9946401
            ],
            [
              1.5627487,
              38.9946081
            ],
            [
              1.5627775,
              38.9946257
            ],
            [
              1.5627452,
              38.9946577
            ]
          ]
        ]
      },
      "id": "way/1401992916"
    },
    {
      "type": "Feature",
      "properties": {
        "@id": "way/1401992920",
        "building": "service",
        "power": "substation",
        "substation": "minor_distribution"
      },
      "geometry": {
        "type": "Polygon",
        "coordinates": [
          [
            [
              1.5601218,
              38.9977905
            ],
            [
              1.5600626,
              38.9977629
            ],
            [
              1.5601374,
              38.9976659
            ],
            [
              1.5601967,
              38.9976934
            ],
            [
              1.5601218,
              38.9977905
            ]
          ]
        ]
      },
      "id": "way/1401992920"
    },
    {
      "type": "Feature",
      "properties": {
        "@id": "way/1408122529",
        "building": "service",
        "power": "substation",
        "substation": "minor_distribution"
      },
      "geometry": {
        "type": "Polygon",
        "coordinates": [
          [
            [
              1.5785634,
              39.0040133
            ],
            [
              1.5785302,
              39.0039956
            ],
            [
              1.5785737,
              39.0039462
            ],
            [
              1.5786069,
              39.0039639
            ],
            [
              1.5785634,
              39.0040133
            ]
          ]
        ]
      },
      "id": "way/1408122529"
    },
    {
      "type": "Feature",
      "properties": {
        "@id": "way/1409246636",
        "building": "service",
        "building:levels": "1",
        "power": "substation",
        "substation": "minor_distribution",
        "year_of_construction": "1985"
      },
      "geometry": {
        "type": "Polygon",
        "coordinates": [
          [
            [
              1.4482112,
              38.9139393
            ],
            [
              1.4481482,
              38.9139183
            ],
            [
              1.4481846,
              38.9138522
            ],
            [
              1.4482476,
              38.9138733
            ],
            [
              1.4482112,
              38.9139393
            ]
          ]
        ]
      },
      "id": "way/1409246636"
    },
    {
      "type": "Feature",
      "properties": {
        "@id": "way/1409500139",
        "building": "service",
        "building:levels": "1",
        "power": "substation",
        "substation": "minor_distribution"
      },
      "geometry": {
        "type": "Polygon",
        "coordinates": [
          [
            [
              1.4272231,
              38.9126209
            ],
            [
              1.427173,
              38.9126127
            ],
            [
              1.4271788,
              38.9125916
            ],
            [
              1.4272288,
              38.9125997
            ],
            [
              1.4272231,
              38.9126209
            ]
          ]
        ]
      },
      "id": "way/1409500139"
    },
    {
      "type": "Feature",
      "properties": {
        "@id": "way/1412795090",
        "building": "service",
        "power": "substation",
        "substation": "minor_distribution"
      },
      "geometry": {
        "type": "Polygon",
        "coordinates": [
          [
            [
              1.4021238,
              38.661218
            ],
            [
              1.4020776,
              38.6612029
            ],
            [
              1.402089,
              38.6611818
            ],
            [
              1.4021351,
              38.6611969
            ],
            [
              1.4021238,
              38.661218
            ]
          ]
        ]
      },
      "id": "way/1412795090"
    },
    {
      "type": "Feature",
      "properties": {
        "@id": "way/1412795091",
        "building": "service",
        "name": "De Can Andrauet",
        "power": "substation",
        "ref": "40121",
        "substation": "minor_distribution"
      },
      "geometry": {
        "type": "Polygon",
        "coordinates": [
          [
            [
              1.407446,
              38.6642807
            ],
            [
              1.4074211,
              38.6642467
            ],
            [
              1.4074465,
              38.6642354
            ],
            [
              1.4074714,
              38.6642693
            ],
            [
              1.407446,
              38.6642807
            ]
          ]
        ]
      },
      "id": "way/1412795091"
    },
    {
      "type": "Feature",
      "properties": {
        "@id": "way/1412795124",
        "building": "service",
        "name": "C.M.M Desaldora Ca Marí",
        "power": "substation",
        "ref": "102",
        "substation": "minor_distribution"
      },
      "geometry": {
        "type": "Polygon",
        "coordinates": [
          [
            [
              1.4632252,
              38.693199
            ],
            [
              1.4632144,
              38.6931393
            ],
            [
              1.4632533,
              38.693135
            ],
            [
              1.4632642,
              38.6931946
            ],
            [
              1.4632252,
              38.693199
            ]
          ]
        ]
      },
      "id": "way/1412795124"
    },
    {
      "type": "Feature",
      "properties": {
        "@id": "way/1412795141",
        "building": "service",
        "name": "Cala Enba",
        "power": "substation",
        "ref": "40090",
        "substation": "minor_distribution"
      },
      "geometry": {
        "type": "Polygon",
        "coordinates": [
          [
            [
              1.4722466,
              38.7036773
            ],
            [
              1.4722088,
              38.7036264
            ],
            [
              1.4722403,
              38.7036121
            ],
            [
              1.4722782,
              38.703663
            ],
            [
              1.4722466,
              38.7036773
            ]
          ]
        ]
      },
      "id": "way/1412795141"
    },
    {
      "type": "Feature",
      "properties": {
        "@id": "way/1413307649",
        "building": "transformer_tower",
        "power": "substation",
        "substation": "minor_distribution"
      },
      "geometry": {
        "type": "Polygon",
        "coordinates": [
          [
            [
              1.2264405,
              38.9165335
            ],
            [
              1.2264467,
              38.9165014
            ],
            [
              1.2265128,
              38.9165092
            ],
            [
              1.2265065,
              38.9165413
            ],
            [
              1.2264405,
              38.9165335
            ]
          ]
        ]
      },
      "id": "way/1413307649"
    },
    {
      "type": "Feature",
      "properties": {
        "@id": "way/1413779129",
        "building": "transformer_tower",
        "power": "substation",
        "substation": "minor_distribution"
      },
      "geometry": {
        "type": "Polygon",
        "coordinates": [
          [
            [
              1.2998912,
              38.9860836
            ],
            [
              1.2998578,
              38.9860417
            ],
            [
              1.2998915,
              38.9860255
            ],
            [
              1.2999248,
              38.9860674
            ],
            [
              1.2998912,
              38.9860836
            ]
          ]
        ]
      },
      "id": "way/1413779129"
    },
    {
      "type": "Feature",
      "properties": {
        "@id": "way/1413779130",
        "building": "service",
        "power": "substation",
        "substation": "minor_distribution"
      },
      "geometry": {
        "type": "Polygon",
        "coordinates": [
          [
            [
              1.2947375,
              38.988159
            ],
            [
              1.2947132,
              38.988143
            ],
            [
              1.2947611,
              38.988099
            ],
            [
              1.2947854,
              38.988115
            ],
            [
              1.2947375,
              38.988159
            ]
          ]
        ]
      },
      "id": "way/1413779130"
    },
    {
      "type": "Feature",
      "properties": {
        "@id": "way/1413779131",
        "building": "service",
        "power": "substation",
        "substation": "minor_distribution"
      },
      "geometry": {
        "type": "Polygon",
        "coordinates": [
          [
            [
              1.2931768,
              38.9897048
            ],
            [
              1.2931297,
              38.9896876
            ],
            [
              1.2931408,
              38.9896691
            ],
            [
              1.2931879,
              38.9896863
            ],
            [
              1.2931768,
              38.9897048
            ]
          ]
        ]
      },
      "id": "way/1413779131"
    },
    {
      "type": "Feature",
      "properties": {
        "@id": "way/1413779132",
        "building": "transformer_tower",
        "power": "substation",
        "substation": "minor_distribution"
      },
      "geometry": {
        "type": "Polygon",
        "coordinates": [
          [
            [
              1.2932799,
              38.9898837
            ],
            [
              1.2932438,
              38.9898693
            ],
            [
              1.2932611,
              38.9898432
            ],
            [
              1.2932971,
              38.9898575
            ],
            [
              1.2932799,
              38.9898837
            ]
          ]
        ]
      },
      "id": "way/1413779132"
    },
    {
      "type": "Feature",
      "properties": {
        "@id": "way/1413782066",
        "building": "transformer_tower",
        "power": "substation",
        "substation": "minor_distribution"
      },
      "geometry": {
        "type": "Polygon",
        "coordinates": [
          [
            [
              1.3043535,
              38.9866559
            ],
            [
              1.3043148,
              38.9866539
            ],
            [
              1.3043182,
              38.9866145
            ],
            [
              1.3043569,
              38.9866165
            ],
            [
              1.3043535,
              38.9866559
            ]
          ]
        ]
      },
      "id": "way/1413782066"
    },
    {
      "type": "Feature",
      "properties": {
        "@id": "way/1416126127",
        "building": "house",
        "power": "substation"
      },
      "geometry": {
        "type": "Polygon",
        "coordinates": [
          [
            [
              3.0241126,
              39.6226707
            ],
            [
              3.0241914,
              39.6224643
            ],
            [
              3.0243032,
              39.6224897
            ],
            [
              3.0242244,
              39.622696
            ],
            [
              3.0241126,
              39.6226707
            ]
          ]
        ]
      },
      "id": "way/1416126127"
    },
    {
      "type": "Feature",
      "properties": {
        "@id": "way/1418720334",
        "building": "yes",
        "power": "substation"
      },
      "geometry": {
        "type": "Polygon",
        "coordinates": [
          [
            [
              3.4611841,
              39.7121506
            ],
            [
              3.4611445,
              39.7121333
            ],
            [
              3.4611933,
              39.7120673
            ],
            [
              3.4612329,
              39.7120847
            ],
            [
              3.4611841,
              39.7121506
            ]
          ]
        ]
      },
      "id": "way/1418720334"
    },
    {
      "type": "Feature",
      "properties": {
        "@id": "node/1614487898",
        "power": "substation",
        "ref": "50083"
      },
      "geometry": {
        "type": "Point",
        "coordinates": [
          2.6084167,
          39.5882001
        ]
      },
      "id": "node/1614487898"
    },
    {
      "type": "Feature",
      "properties": {
        "@id": "node/2428846806",
        "power": "substation"
      },
      "geometry": {
        "type": "Point",
        "coordinates": [
          2.5869233,
          39.592678
        ]
      },
      "id": "node/2428846806"
    },
    {
      "type": "Feature",
      "properties": {
        "@id": "node/2428873856",
        "operator": "Gesa Endesa",
        "power": "substation",
        "ref": "12417",
        "source": "survey"
      },
      "geometry": {
        "type": "Point",
        "coordinates": [
          2.4641535,
          39.5277518
        ]
      },
      "id": "node/2428873856"
    },
    {
      "type": "Feature",
      "properties": {
        "@id": "node/2428873858",
        "power": "substation",
        "ref": "12168"
      },
      "geometry": {
        "type": "Point",
        "coordinates": [
          2.4713783,
          39.528162
        ]
      },
      "id": "node/2428873858"
    },
    {
      "type": "Feature",
      "properties": {
        "@id": "node/2435563174",
        "power": "substation",
        "ref": "50943"
      },
      "geometry": {
        "type": "Point",
        "coordinates": [
          2.6264371,
          39.5792506
        ]
      },
      "id": "node/2435563174"
    },
    {
      "type": "Feature",
      "properties": {
        "@id": "node/2435563193",
        "power": "substation",
        "ref": "50086"
      },
      "geometry": {
        "type": "Point",
        "coordinates": [
          2.6075007,
          39.5884741
        ]
      },
      "id": "node/2435563193"
    },
    {
      "type": "Feature",
      "properties": {
        "@id": "node/2438413138",
        "power": "substation",
        "ref": "12905"
      },
      "geometry": {
        "type": "Point",
        "coordinates": [
          2.596915,
          39.588374
        ]
      },
      "id": "node/2438413138"
    },
    {
      "type": "Feature",
      "properties": {
        "@id": "node/2438413207",
        "operator": "Gesa",
        "power": "substation",
        "ref": "17384"
      },
      "geometry": {
        "type": "Point",
        "coordinates": [
          2.5748676,
          39.5942956
        ]
      },
      "id": "node/2438413207"
    },
    {
      "type": "Feature",
      "properties": {
        "@id": "node/2440067858",
        "power": "substation",
        "ref": "12428"
      },
      "geometry": {
        "type": "Point",
        "coordinates": [
          2.5921207,
          39.5949884
        ]
      },
      "id": "node/2440067858"
    },
    {
      "type": "Feature",
      "properties": {
        "@id": "node/3593048155",
        "power": "substation"
      },
      "geometry": {
        "type": "Point",
        "coordinates": [
          4.2597339,
          39.9195245
        ]
      },
      "id": "node/3593048155"
    },
    {
      "type": "Feature",
      "properties": {
        "@id": "node/9018152330",
        "operator": "Endesa",
        "operator:wikidata": "Q1275336",
        "operator:wikipedia": "es:Endesa",
        "power": "substation",
        "ref": "12269",
        "substation": "minor_distribution"
      },
      "geometry": {
        "type": "Point",
        "coordinates": [
          2.4505041,
          39.5394959
        ]
      },
      "id": "node/9018152330"
    },
    {
      "type": "Feature",
      "properties": {
        "@id": "node/9908116934",
        "power": "substation"
      },
      "geometry": {
        "type": "Point",
        "coordinates": [
          3.383027,
          39.5982749
        ]
      },
      "id": "node/9908116934"
    },
    {
      "type": "Feature",
      "properties": {
        "@id": "node/9908118709",
        "power": "substation"
      },
      "geometry": {
        "type": "Point",
        "coordinates": [
          3.3815554,
          39.5955106
        ]
      },
      "id": "node/9908118709"
    },
    {
      "type": "Feature",
      "properties": {
        "@id": "node/9925203174",
        "power": "substation"
      },
      "geometry": {
        "type": "Point",
        "coordinates": [
          2.7415011,
          39.7834341
        ]
      },
      "id": "node/9925203174"
    },
    {
      "type": "Feature",
      "properties": {
        "@id": "node/9930371224",
        "power": "substation"
      },
      "geometry": {
        "type": "Point",
        "coordinates": [
          3.3842069,
          39.5967474
        ]
      },
      "id": "node/9930371224"
    },
    {
      "type": "Feature",
      "properties": {
        "@id": "node/9930372120",
        "power": "substation"
      },
      "geometry": {
        "type": "Point",
        "coordinates": [
          3.383045,
          39.5933295
        ]
      },
      "id": "node/9930372120"
    },
    {
      "type": "Feature",
      "properties": {
        "@id": "node/11233380524",
        "power": "substation"
      },
      "geometry": {
        "type": "Point",
        "coordinates": [
          2.7543112,
          39.4432213
        ]
      },
      "id": "node/11233380524"
    },
    {
      "type": "Feature",
      "properties": {
        "@id": "node/12222143084",
        "building": "service",
        "power": "substation",
        "substation": "industrial"
      },
      "geometry": {
        "type": "Point",
        "coordinates": [
          3.0874182,
          39.7661265
        ]
      },
      "id": "node/12222143084"
    }
  ]
}