{
  "type": "FeatureCollection",
  "generator": "overpass-turbo",
  "copyright": "The data included in this document is from www.openstreetmap.org. The data is made available under ODbL.",
  "timestamp": "2025-09-23T20:47:15Z",
  "features": [
    {
      "type": "Feature",
      "properties": {
        "@id": "relation/16607408",
        "building": "service",
        "power": "substation",
        "substation": "minor_distribution",
        "type": "multipolygon"
      },
      "geometry": {
        "type": "Polygon",
        "coordinates": [
          [
            [
              -13.8672862,
              28.4994612
            ],
            [
              -13.8672943,
              28.4994395
            ],
            [
              -13.8672496,
              28.4994266
            ],
            [
              -13.8672415,
              28.4994484
            ],
            [
              -13.8672862,
              28.4994612
            ]
          ]
        ]
      },
      "id": "relation/16607408"
    },
    {
      "type": "Feature",
      "properties": {
        "@id": "way/86101276",
        "power": "substation",
        "source": "GRAFCAN OrtoExpress Urbana 2009"
      },
      "geometry": {
        "type": "Polygon",
        "coordinates": [
          [
            [
              -16.4990212,
              28.4189338
            ],
            [
              -16.4991342,
              28.418839
            ],
            [
              -16.4990382,
              28.4187466
            ],
            [
              -16.4991326,
              28.4186686
            ],
            [
              -16.4990917,
              28.4186298
            ],
            [
              -16.4991953,
              28.4185547
            ],
            [
              -16.4989767,
              28.4183491
            ],
            [
              -16.4988827,
              28.4182381
            ],
            [
              -16.4988644,
              28.4182094
            ],
            [
              -16.4985087,
              28.4184036
            ],
            [
              -16.4985175,
              28.4184089
            ],
            [
              -16.498552,
              28.4184298
            ],
            [
              -16.498564,
              28.418452
            ],
            [
              -16.4985727,
              28.4184787
            ],
            [
              -16.4985755,
              28.4185056
            ],
            [
              -16.4985652,
              28.4185228
            ],
            [
              -16.4990212,
              28.4189338
            ]
          ]
        ]
      },
      "id": "way/86101276"
    },
    {
      "type": "Feature",
      "properties": {
        "@id": "way/86260125",
        "name": "Tacoronte",
        "power": "substation",
        "source": "GRAFCAN OrtoExpress Urbana 2009",
        "voltage": "66000"
      },
      "geometry": {
        "type": "Polygon",
        "coordinates": [
          [
            [
              -16.4149058,
              28.4747384
            ],
            [
              -16.4147878,
              28.4745261
            ],
            [
              -16.4143548,
              28.4745993
            ],
            [
              -16.4144158,
              28.4748519
            ],
            [
              -16.4144755,
              28.4749421
            ],
            [
              -16.4149058,
              28.4747384
            ]
          ]
        ]
      },
      "id": "way/86260125"
    },
    {
      "type": "Feature",
      "properties": {
        "@id": "way/87235700",
        "building": "industrial",
        "building:levels": "3",
        "power": "substation",
        "source": "GRAFCAN OrtoExpress Urbana 2009"
      },
      "geometry": {
        "type": "Polygon",
        "coordinates": [
          [
            [
              -16.3580798,
              28.3820038
            ],
            [
              -16.3577177,
              28.3824459
            ],
            [
              -16.3578317,
              28.3825181
            ],
            [
              -16.357923,
              28.3824061
            ],
            [
              -16.3583102,
              28.3819309
            ],
            [
              -16.3583894,
              28.3818337
            ],
            [
              -16.3584609,
              28.381746
            ],
            [
              -16.3583498,
              28.3816757
            ],
            [
              -16.3580798,
              28.3820038
            ]
          ]
        ]
      },
      "id": "way/87235700"
    },
    {
      "type": "Feature",
      "properties": {
        "@id": "way/87672582",
        "location": "outdoor",
        "power": "substation",
        "source": "GRAFCAN OrtoExpress Urbana 2009",
        "substation": "transition"
      },
      "geometry": {
        "type": "Polygon",
        "coordinates": [
          [
            [
              -16.7007119,
              28.3680977
            ],
            [
              -16.700592,
              28.3679699
            ],
            [
              -16.7006406,
              28.36794
            ],
            [
              -16.7005956,
              28.3678959
            ],
            [
              -16.7005459,
              28.3679236
            ],
            [
              -16.7004898,
              28.3678473
            ],
            [
              -16.7001011,
              28.3680711
            ],
            [
              -16.7003755,
              28.3683109
            ],
            [
              -16.7007119,
              28.3680977
            ]
          ]
        ]
      },
      "id": "way/87672582"
    },
    {
      "type": "Feature",
      "properties": {
        "@id": "way/91417357",
        "barrier": "wall",
        "name": "Substación de Arona",
        "power": "substation",
        "voltage": "66000"
      },
      "geometry": {
        "type": "Polygon",
        "coordinates": [
          [
            [
              -16.6432053,
              28.0500461
            ],
            [
              -16.6432258,
              28.0494136
            ],
            [
              -16.6426348,
              28.0494032
            ],
            [
              -16.642629,
              28.0501365
            ],
            [
              -16.6431321,
              28.0501029
            ],
            [
              -16.6432053,
              28.0500461
            ]
          ]
        ]
      },
      "id": "way/91417357"
    },
    {
      "type": "Feature",
      "properties": {
        "@id": "way/95745846",
        "power": "substation"
      },
      "geometry": {
        "type": "Polygon",
        "coordinates": [
          [
            [
              -14.245592,
              28.1596733
            ],
            [
              -14.2455972,
              28.1596393
            ],
            [
              -14.2455412,
              28.159627
            ],
            [
              -14.2455342,
              28.1596594
            ],
            [
              -14.245592,
              28.1596733
            ]
          ]
        ]
      },
      "id": "way/95745846"
    },
    {
      "type": "Feature",
      "properties": {
        "@id": "way/95745854",
        "power": "substation"
      },
      "geometry": {
        "type": "Polygon",
        "coordinates": [
          [
            [
              -14.2479986,
              28.1602266
            ],
            [
              -14.2480038,
              28.1601926
            ],
            [
              -14.247946,
              28.1601818
            ],
            [
              -14.2479408,
              28.1602158
            ],
            [
              -14.2479986,
              28.1602266
            ]
          ]
        ]
      },
      "id": "way/95745854"
    },
    {
      "type": "Feature",
      "properties": {
        "@id": "way/96099735",
        "power": "substation",
        "substation": "industrial"
      },
      "geometry": {
        "type": "Polygon",
        "coordinates": [
          [
            [
              -16.3734522,
              28.3378905
            ],
            [
              -16.3731081,
              28.3378769
            ],
            [
              -16.3730554,
              28.3386893
            ],
            [
              -16.3733932,
              28.3387028
            ],
            [
              -16.3734522,
              28.3378905
            ]
          ]
        ]
      },
      "id": "way/96099735"
    },
    {
      "type": "Feature",
      "properties": {
        "@id": "way/96722784",
        "name": "Geneto",
        "power": "substation",
        "source": "GRAFCAN OrtoExpress Urbana 2009",
        "voltage": "66000"
      },
      "geometry": {
        "type": "Polygon",
        "coordinates": [
          [
            [
              -16.3147376,
              28.458184
            ],
            [
              -16.3147468,
              28.4581379
            ],
            [
              -16.3147805,
              28.4581395
            ],
            [
              -16.3147805,
              28.4578969
            ],
            [
              -16.3143782,
              28.4577252
            ],
            [
              -16.314204,
              28.4576772
            ],
            [
              -16.314186,
              28.4577499
            ],
            [
              -16.314117,
              28.4577144
            ],
            [
              -16.3140221,
              28.4578973
            ],
            [
              -16.3142955,
              28.4580497
            ],
            [
              -16.31433,
              28.4579861
            ],
            [
              -16.3147376,
              28.458184
            ]
          ]
        ]
      },
      "id": "way/96722784"
    },
    {
      "type": "Feature",
      "properties": {
        "@id": "way/102675046",
        "name": "Chayofa",
        "power": "substation",
        "source": "GRAFCAN OrtoExpress Urbana 2009",
        "voltage": "66000"
      },
      "geometry": {
        "type": "Polygon",
        "coordinates": [
          [
            [
              -16.6995251,
              28.0705421
            ],
            [
              -16.6988376,
              28.0701536
            ],
            [
              -16.698571,
              28.0705211
            ],
            [
              -16.6990593,
              28.0707959
            ],
            [
              -16.6993781,
              28.0706222
            ],
            [
              -16.6995251,
              28.0705421
            ]
          ]
        ]
      },
      "id": "way/102675046"
    },
    {
      "type": "Feature",
      "properties": {
        "@id": "way/105923106",
        "landuse": "industrial",
        "location": "indoor",
        "name": "Los Vallitos",
        "power": "substation",
        "substation": "transmission",
        "voltage": "220000"
      },
      "geometry": {
        "type": "Polygon",
        "coordinates": [
          [
            [
              -16.7074727,
              28.0899186
            ],
            [
              -16.7065132,
              28.0894228
            ],
            [
              -16.706269,
              28.0897906
            ],
            [
              -16.7072284,
              28.0902864
            ],
            [
              -16.7074727,
              28.0899186
            ]
          ]
        ]
      },
      "id": "way/105923106"
    },
    {
      "type": "Feature",
      "properties": {
        "@id": "way/121753089",
        "power": "substation",
        "source": "GRAFCAN OrtoExpress Urbana 2009",
        "voltage": "66000"
      },
      "geometry": {
        "type": "Polygon",
        "coordinates": [
          [
            [
              -13.8774962,
              28.7138296
            ],
            [
              -13.8776616,
              28.7134987
            ],
            [
              -13.8771071,
              28.7132856
            ],
            [
              -13.8769417,
              28.7136165
            ],
            [
              -13.8774962,
              28.7138296
            ]
          ]
        ]
      },
      "id": "way/121753089"
    },
    {
      "type": "Feature",
      "properties": {
        "@id": "way/135758436",
        "power": "substation"
      },
      "geometry": {
        "type": "Polygon",
        "coordinates": [
          [
            [
              -17.3027612,
              28.1244029
            ],
            [
              -17.3027079,
              28.1243548
            ],
            [
              -17.3026157,
              28.1244344
            ],
            [
              -17.3026689,
              28.1244824
            ],
            [
              -17.3027612,
              28.1244029
            ]
          ]
        ]
      },
      "id": "way/135758436"
    },
    {
      "type": "Feature",
      "properties": {
        "@id": "way/137724959",
        "building": "service",
        "power": "substation"
      },
      "geometry": {
        "type": "Polygon",
        "coordinates": [
          [
            [
              -16.7331425,
              28.0920576
            ],
            [
              -16.7332244,
              28.0920423
            ],
            [
              -16.7332174,
              28.092013
            ],
            [
              -16.7331354,
              28.0920283
            ],
            [
              -16.7331425,
              28.0920576
            ]
          ]
        ]
      },
      "id": "way/137724959"
    },
    {
      "type": "Feature",
      "properties": {
        "@id": "way/137996317",
        "building": "service",
        "power": "substation"
      },
      "geometry": {
        "type": "Polygon",
        "coordinates": [
          [
            [
              -16.7260852,
              28.0875947
            ],
            [
              -16.7261492,
              28.0875848
            ],
            [
              -16.7261447,
              28.0875623
            ],
            [
              -16.7260808,
              28.0875721
            ],
            [
              -16.7260852,
              28.0875947
            ]
          ]
        ]
      },
      "id": "way/137996317"
    },
    {
      "type": "Feature",
      "properties": {
        "@id": "way/137996323",
        "building": "service",
        "power": "substation"
      },
      "geometry": {
        "type": "Polygon",
        "coordinates": [
          [
            [
              -16.7261826,
              28.0875784
            ],
            [
              -16.726229,
              28.0875713
            ],
            [
              -16.7262248,
              28.0875502
            ],
            [
              -16.7261785,
              28.0875574
            ],
            [
              -16.7261826,
              28.0875784
            ]
          ]
        ]
      },
      "id": "way/137996323"
    },
    {
      "type": "Feature",
      "properties": {
        "@id": "way/140419920",
        "building": "service",
        "power": "substation"
      },
      "geometry": {
        "type": "Polygon",
        "coordinates": [
          [
            [
              -16.7365765,
              28.0924139
            ],
            [
              -16.7365993,
              28.0923991
            ],
            [
              -16.7365716,
              28.0923657
            ],
            [
              -16.7365488,
              28.0923805
            ],
            [
              -16.7365765,
              28.0924139
            ]
          ]
        ]
      },
      "id": "way/140419920"
    },
    {
      "type": "Feature",
      "properties": {
        "@id": "way/140616304",
        "building": "yes",
        "location": "indoor",
        "power": "substation",
        "substation": "transmission",
        "voltage": "20000"
      },
      "geometry": {
        "type": "Polygon",
        "coordinates": [
          [
            [
              -16.7429274,
              28.1008513
            ],
            [
              -16.7429596,
              28.1008347
            ],
            [
              -16.7429903,
              28.1008191
            ],
            [
              -16.7429783,
              28.1008009
            ],
            [
              -16.7429665,
              28.100783
            ],
            [
              -16.7429378,
              28.1007976
            ],
            [
              -16.7429036,
              28.1008152
            ],
            [
              -16.7429134,
              28.10083
            ],
            [
              -16.7429274,
              28.1008513
            ]
          ]
        ]
      },
      "id": "way/140616304"
    },
    {
      "type": "Feature",
      "properties": {
        "@id": "way/143558281",
        "building": "service",
        "power": "substation"
      },
      "geometry": {
        "type": "Polygon",
        "coordinates": [
          [
            [
              -17.1834989,
              28.0989726
            ],
            [
              -17.1835261,
              28.0989541
            ],
            [
              -17.1834974,
              28.0989212
            ],
            [
              -17.1834702,
              28.0989397
            ],
            [
              -17.1834989,
              28.0989726
            ]
          ]
        ]
      },
      "id": "way/143558281"
    },
    {
      "type": "Feature",
      "properties": {
        "@id": "way/144125918",
        "building": "yes",
        "power": "substation"
      },
      "geometry": {
        "type": "Polygon",
        "coordinates": [
          [
            [
              -17.1815389,
              28.1770573
            ],
            [
              -17.1815337,
              28.1770235
            ],
            [
              -17.1814841,
              28.1770294
            ],
            [
              -17.1814892,
              28.1770632
            ],
            [
              -17.1815389,
              28.1770573
            ]
          ]
        ]
      },
      "id": "way/144125918"
    },
    {
      "type": "Feature",
      "properties": {
        "@id": "way/144374208",
        "building": "service",
        "power": "substation"
      },
      "geometry": {
        "type": "Polygon",
        "coordinates": [
          [
            [
              -17.2750597,
              28.1040602
            ],
            [
              -17.2750282,
              28.1040409
            ],
            [
              -17.275007,
              28.1040679
            ],
            [
              -17.2750385,
              28.1040872
            ],
            [
              -17.2750482,
              28.1040748
            ],
            [
              -17.2750597,
              28.1040602
            ]
          ]
        ]
      },
      "id": "way/144374208"
    },
    {
      "type": "Feature",
      "properties": {
        "@id": "way/150360571",
        "building": "yes",
        "power": "substation"
      },
      "geometry": {
        "type": "Polygon",
        "coordinates": [
          [
            [
              -17.9478162,
              27.7638059
            ],
            [
              -17.9477959,
              27.7637896
            ],
            [
              -17.947773,
              27.7637712
            ],
            [
              -17.947733,
              27.7638103
            ],
            [
              -17.9477576,
              27.76383
            ],
            [
              -17.9477761,
              27.7638449
            ],
            [
              -17.9477963,
              27.7638252
            ],
            [
              -17.9478162,
              27.7638059
            ]
          ]
        ]
      },
      "id": "way/150360571"
    },
    {
      "type": "Feature",
      "properties": {
        "@id": "way/150360591",
        "building": "transformer_tower",
        "building:levels": "1",
        "height": "6",
        "power": "substation",
        "substation": "minor_distribution"
      },
      "geometry": {
        "type": "Polygon",
        "coordinates": [
          [
            [
              -17.9472895,
              27.7475698
            ],
            [
              -17.947268,
              27.7475651
            ],
            [
              -17.94725,
              27.7475612
            ],
            [
              -17.9472407,
              27.7475946
            ],
            [
              -17.9472589,
              27.7475989
            ],
            [
              -17.9472803,
              27.7476032
            ],
            [
              -17.9472895,
              27.7475698
            ]
          ]
        ]
      },
      "id": "way/150360591"
    },
    {
      "type": "Feature",
      "properties": {
        "@id": "way/150360593",
        "building": "transformer_tower",
        "building:levels": "1",
        "height": "3",
        "power": "substation",
        "transformer": "minor_distribution"
      },
      "geometry": {
        "type": "Polygon",
        "coordinates": [
          [
            [
              -17.9466335,
              27.753913
            ],
            [
              -17.9466227,
              27.7538803
            ],
            [
              -17.9465997,
              27.7538863
            ],
            [
              -17.9465863,
              27.7538898
            ],
            [
              -17.9465971,
              27.7539224
            ],
            [
              -17.9466083,
              27.7539195
            ],
            [
              -17.9466335,
              27.753913
            ]
          ]
        ]
      },
      "id": "way/150360593"
    },
    {
      "type": "Feature",
      "properties": {
        "@id": "way/150678317",
        "building": "yes",
        "building:levels": "1",
        "height": "6",
        "power": "substation",
        "source": "GRAFCAN OrtoExpress Urbana 2009",
        "substation": "minor_distribution"
      },
      "geometry": {
        "type": "Polygon",
        "coordinates": [
          [
            [
              -18.0952985,
              27.7477256
            ],
            [
              -18.0952958,
              27.7477215
            ],
            [
              -18.0952812,
              27.7476997
            ],
            [
              -18.095252,
              27.7477151
            ],
            [
              -18.0952604,
              27.7477278
            ],
            [
              -18.0952692,
              27.7477411
            ],
            [
              -18.0952815,
              27.7477346
            ],
            [
              -18.0952985,
              27.7477256
            ]
          ]
        ]
      },
      "id": "way/150678317"
    },
    {
      "type": "Feature",
      "properties": {
        "@id": "way/150836763",
        "building": "yes",
        "building:levels": "1",
        "height": "3",
        "power": "substation",
        "substation": "minor_distribution"
      },
      "geometry": {
        "type": "Polygon",
        "coordinates": [
          [
            [
              -17.9932559,
              27.7912762
            ],
            [
              -17.9932438,
              27.7912678
            ],
            [
              -17.9932277,
              27.7912567
            ],
            [
              -17.9932064,
              27.791281
            ],
            [
              -17.9932208,
              27.7912909
            ],
            [
              -17.9932345,
              27.7913003
            ],
            [
              -17.9932559,
              27.7912762
            ]
          ]
        ]
      },
      "id": "way/150836763"
    },
    {
      "type": "Feature",
      "properties": {
        "@id": "way/151621714",
        "building": "service",
        "power": "substation"
      },
      "geometry": {
        "type": "Polygon",
        "coordinates": [
          [
            [
              -16.7358056,
              28.1682891
            ],
            [
              -16.7358555,
              28.1682838
            ],
            [
              -16.7358493,
              28.1682388
            ],
            [
              -16.7357994,
              28.1682442
            ],
            [
              -16.7358056,
              28.1682891
            ]
          ]
        ]
      },
      "id": "way/151621714"
    },
    {
      "type": "Feature",
      "properties": {
        "@id": "way/151621715",
        "building": "yes",
        "power": "substation"
      },
      "geometry": {
        "type": "Polygon",
        "coordinates": [
          [
            [
              -16.7432201,
              28.1741053
            ],
            [
              -16.7432324,
              28.1741353
            ],
            [
              -16.7432788,
              28.1741206
            ],
            [
              -16.7432666,
              28.1740905
            ],
            [
              -16.7432201,
              28.1741053
            ]
          ]
        ]
      },
      "id": "way/151621715"
    },
    {
      "type": "Feature",
      "properties": {
        "@id": "way/152412182",
        "building": "transformer_tower",
        "building:levels": "1",
        "height": "6",
        "power": "substation",
        "substation": "minor_distribution"
      },
      "geometry": {
        "type": "Polygon",
        "coordinates": [
          [
            [
              -16.7780342,
              28.2099066
            ],
            [
              -16.7780131,
              28.2098709
            ],
            [
              -16.7779729,
              28.2098894
            ],
            [
              -16.7779873,
              28.2099137
            ],
            [
              -16.777994,
              28.2099251
            ],
            [
              -16.7780342,
              28.2099066
            ]
          ]
        ]
      },
      "id": "way/152412182"
    },
    {
      "type": "Feature",
      "properties": {
        "@id": "way/154961688",
        "building": "yes",
        "power": "substation"
      },
      "geometry": {
        "type": "Polygon",
        "coordinates": [
          [
            [
              -16.326553,
              28.4180674
            ],
            [
              -16.3265926,
              28.4180963
            ],
            [
              -16.3266156,
              28.4180719
            ],
            [
              -16.326576,
              28.418043
            ],
            [
              -16.326553,
              28.4180674
            ]
          ]
        ]
      },
      "id": "way/154961688"
    },
    {
      "type": "Feature",
      "properties": {
        "@id": "way/154961689",
        "building": "industrial",
        "power": "substation"
      },
      "geometry": {
        "type": "Polygon",
        "coordinates": [
          [
            [
              -16.3282408,
              28.4178108
            ],
            [
              -16.3282595,
              28.4177911
            ],
            [
              -16.328212,
              28.4177563
            ],
            [
              -16.3281933,
              28.417776
            ],
            [
              -16.3282408,
              28.4178108
            ]
          ]
        ]
      },
      "id": "way/154961689"
    },
    {
      "type": "Feature",
      "properties": {
        "@id": "way/154998938",
        "building": "yes",
        "location": "indoor",
        "power": "substation",
        "substation": "converter"
      },
      "geometry": {
        "type": "Polygon",
        "coordinates": [
          [
            [
              -16.6206384,
              28.3935696
            ],
            [
              -16.6206394,
              28.3935334
            ],
            [
              -16.6206141,
              28.3935329
            ],
            [
              -16.6205929,
              28.3935324
            ],
            [
              -16.6205918,
              28.3935686
            ],
            [
              -16.6206384,
              28.3935696
            ]
          ]
        ]
      },
      "id": "way/154998938"
    },
    {
      "type": "Feature",
      "properties": {
        "@id": "way/167189564",
        "building": "yes",
        "power": "substation",
        "source": "GRAFCAN OrtoExpress Urbana 2009"
      },
      "geometry": {
        "type": "Polygon",
        "coordinates": [
          [
            [
              -16.4552514,
              28.4531559
            ],
            [
              -16.4550414,
              28.4532604
            ],
            [
              -16.4551299,
              28.4533998
            ],
            [
              -16.4553425,
              28.4532937
            ],
            [
              -16.4552514,
              28.4531559
            ]
          ]
        ]
      },
      "id": "way/167189564"
    },
    {
      "type": "Feature",
      "properties": {
        "@id": "way/170565304",
        "addr:housenumber": "1",
        "addr:postcode": "38190",
        "addr:street": "Calle Tajinaste",
        "building": "industrial",
        "building:levels": "3",
        "power": "substation"
      },
      "geometry": {
        "type": "Polygon",
        "coordinates": [
          [
            [
              -16.3294305,
              28.4074506
            ],
            [
              -16.3294266,
              28.4073019
            ],
            [
              -16.3293389,
              28.4073122
            ],
            [
              -16.3293477,
              28.4073831
            ],
            [
              -16.3293571,
              28.4074578
            ],
            [
              -16.3294305,
              28.4074506
            ]
          ]
        ]
      },
      "id": "way/170565304"
    },
    {
      "type": "Feature",
      "properties": {
        "@id": "way/172198907",
        "building": "yes",
        "power": "substation",
        "source": "GRAFCAN OrtoExpress Urbana"
      },
      "geometry": {
        "type": "Polygon",
        "coordinates": [
          [
            [
              -16.2048066,
              28.4989452
            ],
            [
              -16.2047433,
              28.4988519
            ],
            [
              -16.2044712,
              28.4989943
            ],
            [
              -16.2045345,
              28.4990876
            ],
            [
              -16.2046407,
              28.499032
            ],
            [
              -16.2047823,
              28.498958
            ],
            [
              -16.2048066,
              28.4989452
            ]
          ]
        ]
      },
      "id": "way/172198907"
    },
    {
      "type": "Feature",
      "properties": {
        "@id": "way/177146259",
        "power": "substation"
      },
      "geometry": {
        "type": "Polygon",
        "coordinates": [
          [
            [
              -16.3976024,
              28.31323
            ],
            [
              -16.3976855,
              28.3131321
            ],
            [
              -16.3977882,
              28.3130149
            ],
            [
              -16.3976719,
              28.312984
            ],
            [
              -16.3975806,
              28.312961
            ],
            [
              -16.3974461,
              28.3131256
            ],
            [
              -16.3974098,
              28.3131721
            ],
            [
              -16.3975461,
              28.3132119
            ],
            [
              -16.3976024,
              28.31323
            ]
          ]
        ]
      },
      "id": "way/177146259"
    },
    {
      "type": "Feature",
      "properties": {
        "@id": "way/180079848",
        "power": "substation"
      },
      "geometry": {
        "type": "Polygon",
        "coordinates": [
          [
            [
              -15.5767208,
              27.7720242
            ],
            [
              -15.57647,
              27.7718879
            ],
            [
              -15.57629,
              27.772147
            ],
            [
              -15.5765408,
              27.7722833
            ],
            [
              -15.5767208,
              27.7720242
            ]
          ]
        ]
      },
      "id": "way/180079848"
    },
    {
      "type": "Feature",
      "properties": {
        "@id": "way/180173289",
        "power": "substation"
      },
      "geometry": {
        "type": "Polygon",
        "coordinates": [
          [
            [
              -15.418574,
              27.8703746
            ],
            [
              -15.4186136,
              27.870325
            ],
            [
              -15.4185637,
              27.8702938
            ],
            [
              -15.4185241,
              27.8703434
            ],
            [
              -15.418574,
              27.8703746
            ]
          ]
        ]
      },
      "id": "way/180173289"
    },
    {
      "type": "Feature",
      "properties": {
        "@id": "way/180754741",
        "power": "substation"
      },
      "geometry": {
        "type": "Polygon",
        "coordinates": [
          [
            [
              -15.4163197,
              27.8732423
            ],
            [
              -15.4162967,
              27.8732225
            ],
            [
              -15.4162739,
              27.8732433
            ],
            [
              -15.4162968,
              27.873263
            ],
            [
              -15.4163197,
              27.8732423
            ]
          ]
        ]
      },
      "id": "way/180754741"
    },
    {
      "type": "Feature",
      "properties": {
        "@id": "way/190488750",
        "location": "indoor",
        "name": "Estacion Carrizal",
        "power": "substation",
        "substation": "distribution",
        "voltage": "66000"
      },
      "geometry": {
        "type": "Polygon",
        "coordinates": [
          [
            [
              -15.4231966,
              27.9145383
            ],
            [
              -15.4234008,
              27.9144944
            ],
            [
              -15.4236666,
              27.9143334
            ],
            [
              -15.4236617,
              27.9134487
            ],
            [
              -15.4235641,
              27.9134099
            ],
            [
              -15.4232075,
              27.9137085
            ],
            [
              -15.4231966,
              27.9145383
            ]
          ]
        ]
      },
      "id": "way/190488750"
    },
    {
      "type": "Feature",
      "properties": {
        "@id": "way/190507512",
        "location": "indoor",
        "power": "substation",
        "substation": "distribution"
      },
      "geometry": {
        "type": "Polygon",
        "coordinates": [
          [
            [
              -15.5438011,
              28.0088622
            ],
            [
              -15.5435044,
              28.0085187
            ],
            [
              -15.5430861,
              28.0088004
            ],
            [
              -15.5433828,
              28.0091439
            ],
            [
              -15.5438011,
              28.0088622
            ]
          ]
        ]
      },
      "id": "way/190507512"
    },
    {
      "type": "Feature",
      "properties": {
        "@id": "way/190597945",
        "building": "transformer_tower",
        "power": "substation",
        "substation": "minor_distribution"
      },
      "geometry": {
        "type": "Polygon",
        "coordinates": [
          [
            [
              -16.4288505,
              28.1969559
            ],
            [
              -16.4288134,
              28.1969271
            ],
            [
              -16.4288001,
              28.1969405
            ],
            [
              -16.4287913,
              28.1969493
            ],
            [
              -16.4287867,
              28.1969539
            ],
            [
              -16.4288055,
              28.1969686
            ],
            [
              -16.4288237,
              28.1969827
            ],
            [
              -16.4288505,
              28.1969559
            ]
          ]
        ]
      },
      "id": "way/190597945"
    },
    {
      "type": "Feature",
      "properties": {
        "@id": "way/190597947",
        "name": "Granadilla",
        "power": "substation",
        "substation": "industrial",
        "voltage": "220000"
      },
      "geometry": {
        "type": "Polygon",
        "coordinates": [
          [
            [
              -16.4963274,
              28.0861671
            ],
            [
              -16.4968611,
              28.085732
            ],
            [
              -16.4969018,
              28.085702
            ],
            [
              -16.4969274,
              28.0857301
            ],
            [
              -16.496994,
              28.0856871
            ],
            [
              -16.4969268,
              28.0855884
            ],
            [
              -16.4967394,
              28.085476
            ],
            [
              -16.4964775,
              28.0853079
            ],
            [
              -16.4960426,
              28.085138
            ],
            [
              -16.4959439,
              28.0852335
            ],
            [
              -16.4960063,
              28.0852877
            ],
            [
              -16.4958444,
              28.0854195
            ],
            [
              -16.4959325,
              28.0854916
            ],
            [
              -16.4957896,
              28.0856165
            ],
            [
              -16.4960497,
              28.0858631
            ],
            [
              -16.4959751,
              28.0859355
            ],
            [
              -16.4961534,
              28.0861245
            ],
            [
              -16.4963274,
              28.0861671
            ]
          ]
        ]
      },
      "id": "way/190597947"
    },
    {
      "type": "Feature",
      "properties": {
        "@id": "way/190702389",
        "barrier": "wall",
        "power": "substation",
        "substation": "distribution",
        "voltage": "66000"
      },
      "geometry": {
        "type": "Polygon",
        "coordinates": [
          [
            [
              -14.2839054,
              28.1219747
            ],
            [
              -14.2835444,
              28.1216599
            ],
            [
              -14.2831071,
              28.122048
            ],
            [
              -14.2834781,
              28.1223846
            ],
            [
              -14.2839054,
              28.1219747
            ]
          ]
        ]
      },
      "id": "way/190702389"
    },
    {
      "type": "Feature",
      "properties": {
        "@id": "way/190712939",
        "barrier": "wall",
        "location": "outdoor",
        "name": "Estacion de Gran Tarajal",
        "power": "substation",
        "substation": "distribution",
        "voltage": "66000"
      },
      "geometry": {
        "type": "Polygon",
        "coordinates": [
          [
            [
              -14.0199029,
              28.2334368
            ],
            [
              -14.0199624,
              28.2330786
            ],
            [
              -14.0194569,
              28.23301
            ],
            [
              -14.0193975,
              28.2333622
            ],
            [
              -14.0199029,
              28.2334368
            ]
          ]
        ]
      },
      "id": "way/190712939"
    },
    {
      "type": "Feature",
      "properties": {
        "@id": "way/190784053",
        "barrier": "wall",
        "location": "outdoor",
        "name": "Mácher",
        "power": "substation",
        "substation": "distribution",
        "voltage": "66000"
      },
      "geometry": {
        "type": "Polygon",
        "coordinates": [
          [
            [
              -13.6851167,
              28.951797
            ],
            [
              -13.6850922,
              28.9517637
            ],
            [
              -13.6850685,
              28.9517315
            ],
            [
              -13.6850946,
              28.9517068
            ],
            [
              -13.6851052,
              28.9516767
            ],
            [
              -13.6847851,
              28.95144
            ],
            [
              -13.684704,
              28.9514867
            ],
            [
              -13.6843424,
              28.9516949
            ],
            [
              -13.6841593,
              28.9518003
            ],
            [
              -13.6844402,
              28.9521807
            ],
            [
              -13.6851167,
              28.951797
            ]
          ]
        ]
      },
      "id": "way/190784053"
    },
    {
      "type": "Feature",
      "properties": {
        "@id": "way/202108352",
        "building": "yes",
        "power": "substation",
        "source": "GRAFCAN OrtoExpress Urbana 2011"
      },
      "geometry": {
        "type": "Polygon",
        "coordinates": [
          [
            [
              -16.2771826,
              28.5533457
            ],
            [
              -16.2772068,
              28.5533158
            ],
            [
              -16.2771721,
              28.553294
            ],
            [
              -16.2771621,
              28.5533063
            ],
            [
              -16.2771478,
              28.5533239
            ],
            [
              -16.2771826,
              28.5533457
            ]
          ]
        ]
      },
      "id": "way/202108352"
    },
    {
      "type": "Feature",
      "properties": {
        "@id": "way/206146695",
        "building": "yes",
        "power": "substation"
      },
      "geometry": {
        "type": "Polygon",
        "coordinates": [
          [
            [
              -16.4043964,
              28.4613681
            ],
            [
              -16.4043921,
              28.461324
            ],
            [
              -16.4043578,
              28.4613266
            ],
            [
              -16.4043419,
              28.4613278
            ],
            [
              -16.4043462,
              28.4613719
            ],
            [
              -16.4043964,
              28.4613681
            ]
          ]
        ]
      },
      "id": "way/206146695"
    },
    {
      "type": "Feature",
      "properties": {
        "@id": "way/206908492",
        "building": "transformer_tower",
        "building:levels": "1",
        "height": "6",
        "power": "substation",
        "substation": "minor_distribution"
      },
      "geometry": {
        "type": "Polygon",
        "coordinates": [
          [
            [
              -17.9738803,
              27.8103405
            ],
            [
              -17.9738787,
              27.8103342
            ],
            [
              -17.9738769,
              27.8103273
            ],
            [
              -17.9738731,
              27.8103124
            ],
            [
              -17.9738373,
              27.8103197
            ],
            [
              -17.9738446,
              27.8103477
            ],
            [
              -17.9738803,
              27.8103405
            ]
          ]
        ]
      },
      "id": "way/206908492"
    },
    {
      "type": "Feature",
      "properties": {
        "@id": "way/220406921",
        "building": "transformer_tower",
        "power": "substation"
      },
      "geometry": {
        "type": "Polygon",
        "coordinates": [
          [
            [
              -17.2802638,
              28.1105642
            ],
            [
              -17.2802568,
              28.1105296
            ],
            [
              -17.2802376,
              28.1105326
            ],
            [
              -17.2802172,
              28.1105359
            ],
            [
              -17.2802243,
              28.1105705
            ],
            [
              -17.2802331,
              28.1105691
            ],
            [
              -17.2802638,
              28.1105642
            ]
          ]
        ]
      },
      "id": "way/220406921"
    },
    {
      "type": "Feature",
      "properties": {
        "@id": "way/227598194",
        "building": "service",
        "power": "substation"
      },
      "geometry": {
        "type": "Polygon",
        "coordinates": [
          [
            [
              -17.2151384,
              28.0665524
            ],
            [
              -17.2151283,
              28.0665312
            ],
            [
              -17.2150829,
              28.0665481
            ],
            [
              -17.215093,
              28.0665693
            ],
            [
              -17.2151384,
              28.0665524
            ]
          ]
        ]
      },
      "id": "way/227598194"
    },
    {
      "type": "Feature",
      "properties": {
        "@id": "way/237584842",
        "building": "yes",
        "power": "substation"
      },
      "geometry": {
        "type": "Polygon",
        "coordinates": [
          [
            [
              -14.3351766,
              28.050478
            ],
            [
              -14.3351611,
              28.0504584
            ],
            [
              -14.3351232,
              28.0504817
            ],
            [
              -14.3351387,
              28.0505013
            ],
            [
              -14.3351766,
              28.050478
            ]
          ]
        ]
      },
      "id": "way/237584842"
    },
    {
      "type": "Feature",
      "properties": {
        "@id": "way/239428552",
        "building": "yes",
        "power": "substation"
      },
      "geometry": {
        "type": "Polygon",
        "coordinates": [
          [
            [
              -16.1570754,
              28.5288873
            ],
            [
              -16.1571092,
              28.528902
            ],
            [
              -16.1571177,
              28.5288869
            ],
            [
              -16.1571215,
              28.5288802
            ],
            [
              -16.1570877,
              28.5288655
            ],
            [
              -16.1570845,
              28.5288711
            ],
            [
              -16.1570754,
              28.5288873
            ]
          ]
        ]
      },
      "id": "way/239428552"
    },
    {
      "type": "Feature",
      "properties": {
        "@id": "way/245516728",
        "building": "yes",
        "power": "substation"
      },
      "geometry": {
        "type": "Polygon",
        "coordinates": [
          [
            [
              -17.9447367,
              28.7006894
            ],
            [
              -17.9447395,
              28.7006399
            ],
            [
              -17.9447136,
              28.7006388
            ],
            [
              -17.9446886,
              28.7006376
            ],
            [
              -17.9446858,
              28.7006872
            ],
            [
              -17.9447121,
              28.7006884
            ],
            [
              -17.9447367,
              28.7006894
            ]
          ]
        ]
      },
      "id": "way/245516728"
    },
    {
      "type": "Feature",
      "properties": {
        "@id": "way/249299195",
        "building": "transformer_tower",
        "power": "substation",
        "substation": "minor_distribution"
      },
      "geometry": {
        "type": "Polygon",
        "coordinates": [
          [
            [
              -17.9064314,
              28.6094971
            ],
            [
              -17.9063968,
              28.6095029
            ],
            [
              -17.9064037,
              28.6095347
            ],
            [
              -17.9064383,
              28.6095289
            ],
            [
              -17.9064314,
              28.6094971
            ]
          ]
        ]
      },
      "id": "way/249299195"
    },
    {
      "type": "Feature",
      "properties": {
        "@id": "way/249526555",
        "building": "yes",
        "power": "substation",
        "substation": "yes"
      },
      "geometry": {
        "type": "Polygon",
        "coordinates": [
          [
            [
              -17.9619312,
              28.7793774
            ],
            [
              -17.9619394,
              28.779339
            ],
            [
              -17.9619199,
              28.7793362
            ],
            [
              -17.9618995,
              28.7793325
            ],
            [
              -17.9618913,
              28.7793708
            ],
            [
              -17.9619087,
              28.7793737
            ],
            [
              -17.9619312,
              28.7793774
            ]
          ]
        ]
      },
      "id": "way/249526555"
    },
    {
      "type": "Feature",
      "properties": {
        "@id": "way/251668843",
        "building": "yes",
        "power": "substation"
      },
      "geometry": {
        "type": "Polygon",
        "coordinates": [
          [
            [
              -17.9790742,
              28.7648057
            ],
            [
              -17.9790493,
              28.7647784
            ],
            [
              -17.9790188,
              28.7647999
            ],
            [
              -17.9790437,
              28.7648271
            ],
            [
              -17.9790742,
              28.7648057
            ]
          ]
        ]
      },
      "id": "way/251668843"
    },
    {
      "type": "Feature",
      "properties": {
        "@id": "way/251730979",
        "barrier": "wall",
        "entrance": "main",
        "name": "Callejones",
        "power": "substation",
        "voltage": "66000"
      },
      "geometry": {
        "type": "Polygon",
        "coordinates": [
          [
            [
              -13.5995303,
              28.9889671
            ],
            [
              -13.5996499,
              28.989453
            ],
            [
              -13.6001184,
              28.9893646
            ],
            [
              -13.6000156,
              28.988947
            ],
            [
              -13.5999729,
              28.9889244
            ],
            [
              -13.5999162,
              28.9888944
            ],
            [
              -13.5995303,
              28.9889671
            ]
          ]
        ]
      },
      "id": "way/251730979"
    },
    {
      "type": "Feature",
      "properties": {
        "@id": "way/257684737",
        "building": "yes",
        "power": "substation"
      },
      "geometry": {
        "type": "Polygon",
        "coordinates": [
          [
            [
              -14.1401638,
              28.2622177
            ],
            [
              -14.1401403,
              28.2621948
            ],
            [
              -14.1401138,
              28.2622157
            ],
            [
              -14.1401373,
              28.2622387
            ],
            [
              -14.1401638,
              28.2622177
            ]
          ]
        ]
      },
      "id": "way/257684737"
    },
    {
      "type": "Feature",
      "properties": {
        "@id": "way/266566080",
        "building": "yes",
        "location": "indoor",
        "power": "substation"
      },
      "geometry": {
        "type": "Polygon",
        "coordinates": [
          [
            [
              -15.571872,
              28.0186342
            ],
            [
              -15.5718743,
              28.0186241
            ],
            [
              -15.5718811,
              28.0185943
            ],
            [
              -15.5718413,
              28.0185872
            ],
            [
              -15.5718348,
              28.0186154
            ],
            [
              -15.5718321,
              28.0186271
            ],
            [
              -15.5718492,
              28.0186301
            ],
            [
              -15.571872,
              28.0186342
            ]
          ]
        ]
      },
      "id": "way/266566080"
    },
    {
      "type": "Feature",
      "properties": {
        "@id": "way/288900720",
        "power": "substation",
        "substation": "minor_distribution"
      },
      "geometry": {
        "type": "Polygon",
        "coordinates": [
          [
            [
              -17.9150627,
              28.6698152
            ],
            [
              -17.9150919,
              28.6698284
            ],
            [
              -17.9150983,
              28.6698173
            ],
            [
              -17.9150692,
              28.6698042
            ],
            [
              -17.9150627,
              28.6698152
            ]
          ]
        ]
      },
      "id": "way/288900720"
    },
    {
      "type": "Feature",
      "properties": {
        "@id": "way/288988526",
        "building": "yes",
        "power": "substation"
      },
      "geometry": {
        "type": "Polygon",
        "coordinates": [
          [
            [
              -17.8791033,
              28.7611603
            ],
            [
              -17.879158,
              28.7609722
            ],
            [
              -17.8790974,
              28.7609586
            ],
            [
              -17.8790426,
              28.7611468
            ],
            [
              -17.8791033,
              28.7611603
            ]
          ]
        ]
      },
      "id": "way/288988526"
    },
    {
      "type": "Feature",
      "properties": {
        "@id": "way/291931388",
        "building": "yes",
        "power": "substation"
      },
      "geometry": {
        "type": "Polygon",
        "coordinates": [
          [
            [
              -17.7785852,
              28.658667
            ],
            [
              -17.7786438,
              28.658667
            ],
            [
              -17.7786438,
              28.6585585
            ],
            [
              -17.7786889,
              28.6585585
            ],
            [
              -17.7786889,
              28.6585189
            ],
            [
              -17.7785852,
              28.6585189
            ],
            [
              -17.7785852,
              28.6585363
            ],
            [
              -17.7785852,
              28.658667
            ]
          ]
        ]
      },
      "id": "way/291931388"
    },
    {
      "type": "Feature",
      "properties": {
        "@id": "way/300809579",
        "building": "yes",
        "building:levels": "2",
        "power": "substation",
        "source": "catastro",
        "source:date": "2014-01",
        "substation": "minor_distribution"
      },
      "geometry": {
        "type": "Polygon",
        "coordinates": [
          [
            [
              -16.4191549,
              28.3348249
            ],
            [
              -16.4191511,
              28.334804
            ],
            [
              -16.4191467,
              28.3347797
            ],
            [
              -16.4191435,
              28.3347802
            ],
            [
              -16.4190976,
              28.3347865
            ],
            [
              -16.419107,
              28.3348339
            ],
            [
              -16.4191549,
              28.3348249
            ]
          ]
        ]
      },
      "id": "way/300809579"
    },
    {
      "type": "Feature",
      "properties": {
        "@id": "way/301052500",
        "building": "yes",
        "building:levels": "2",
        "catastro:ref": "0955432CS6305S",
        "power": "substation",
        "source": "catastro",
        "source:date": "2014-01",
        "substation": "minor_distribution"
      },
      "geometry": {
        "type": "Polygon",
        "coordinates": [
          [
            [
              -16.4190991,
              28.3381062
            ],
            [
              -16.4190981,
              28.3380899
            ],
            [
              -16.4190972,
              28.3380737
            ],
            [
              -16.4190787,
              28.3380748
            ],
            [
              -16.4190641,
              28.3380756
            ],
            [
              -16.4190644,
              28.3380796
            ],
            [
              -16.419048,
              28.3380803
            ],
            [
              -16.419049,
              28.3381044
            ],
            [
              -16.4190661,
              28.3381039
            ],
            [
              -16.4190663,
              28.3381078
            ],
            [
              -16.4190991,
              28.3381062
            ]
          ]
        ]
      },
      "id": "way/301052500"
    },
    {
      "type": "Feature",
      "properties": {
        "@id": "way/301902324",
        "building": "residential",
        "building:levels": "1",
        "height": "6",
        "power": "substation",
        "substation": "minor_distribution"
      },
      "geometry": {
        "type": "Polygon",
        "coordinates": [
          [
            [
              -16.422844,
              28.3396181
            ],
            [
              -16.4228136,
              28.3396049
            ],
            [
              -16.4227925,
              28.3396425
            ],
            [
              -16.4228224,
              28.3396555
            ],
            [
              -16.422844,
              28.3396181
            ]
          ]
        ]
      },
      "id": "way/301902324"
    },
    {
      "type": "Feature",
      "properties": {
        "@id": "way/302244420",
        "building": "yes",
        "building:levels": "1",
        "power": "substation",
        "substation": "minor_distribution"
      },
      "geometry": {
        "type": "Polygon",
        "coordinates": [
          [
            [
              -16.3790217,
              28.3278628
            ],
            [
              -16.3790154,
              28.3278206
            ],
            [
              -16.3789918,
              28.3278235
            ],
            [
              -16.3789669,
              28.3278265
            ],
            [
              -16.3789725,
              28.3278679
            ],
            [
              -16.3790217,
              28.3278628
            ]
          ]
        ]
      },
      "id": "way/302244420"
    },
    {
      "type": "Feature",
      "properties": {
        "@id": "way/303847094",
        "building": "yes",
        "power": "substation",
        "substation": "minor_distribution"
      },
      "geometry": {
        "type": "Polygon",
        "coordinates": [
          [
            [
              -17.9750126,
              27.713884
            ],
            [
              -17.9750002,
              27.7138782
            ],
            [
              -17.9749796,
              27.7138684
            ],
            [
              -17.9749714,
              27.7138822
            ],
            [
              -17.9749611,
              27.7138995
            ],
            [
              -17.9749839,
              27.7139103
            ],
            [
              -17.974994,
              27.7139151
            ],
            [
              -17.9750126,
              27.713884
            ]
          ]
        ]
      },
      "id": "way/303847094"
    },
    {
      "type": "Feature",
      "properties": {
        "@id": "way/304247503",
        "building": "residential",
        "building:levels": "1",
        "height": "6",
        "power": "substation",
        "substation": "minor_distribution"
      },
      "geometry": {
        "type": "Polygon",
        "coordinates": [
          [
            [
              -17.9798896,
              27.7053818
            ],
            [
              -17.9798691,
              27.7053566
            ],
            [
              -17.9798386,
              27.705378
            ],
            [
              -17.9798603,
              27.7054024
            ],
            [
              -17.9798798,
              27.7053886
            ],
            [
              -17.9798896,
              27.7053818
            ]
          ]
        ]
      },
      "id": "way/304247503"
    },
    {
      "type": "Feature",
      "properties": {
        "@id": "way/304961317",
        "building": "transformer_tower",
        "building:levels": "1",
        "height": "6",
        "power": "substation",
        "substation": "minor_distribution"
      },
      "geometry": {
        "type": "Polygon",
        "coordinates": [
          [
            [
              -17.9817071,
              27.6433926
            ],
            [
              -17.981723,
              27.6433617
            ],
            [
              -17.9816923,
              27.6433493
            ],
            [
              -17.9816764,
              27.6433802
            ],
            [
              -17.9816918,
              27.6433864
            ],
            [
              -17.9817071,
              27.6433926
            ]
          ]
        ]
      },
      "id": "way/304961317"
    },
    {
      "type": "Feature",
      "properties": {
        "@id": "way/306577530",
        "building": "yes",
        "power": "substation"
      },
      "geometry": {
        "type": "Polygon",
        "coordinates": [
          [
            [
              -16.727764,
              28.0589054
            ],
            [
              -16.7279666,
              28.0589506
            ],
            [
              -16.7279834,
              28.058892
            ],
            [
              -16.7277807,
              28.0588468
            ],
            [
              -16.727764,
              28.0589054
            ]
          ]
        ]
      },
      "id": "way/306577530"
    },
    {
      "type": "Feature",
      "properties": {
        "@id": "way/306767840",
        "building": "yes",
        "building:levels": "1",
        "height": "6",
        "power": "substation",
        "substation": "minor_distribution"
      },
      "geometry": {
        "type": "Polygon",
        "coordinates": [
          [
            [
              -18.0375138,
              27.7532389
            ],
            [
              -18.0374812,
              27.7532387
            ],
            [
              -18.0374811,
              27.7532538
            ],
            [
              -18.037481,
              27.7532704
            ],
            [
              -18.0375135,
              27.7532706
            ],
            [
              -18.0375136,
              27.7532572
            ],
            [
              -18.0375138,
              27.7532389
            ]
          ]
        ]
      },
      "id": "way/306767840"
    },
    {
      "type": "Feature",
      "properties": {
        "@id": "way/307681686",
        "building": "yes",
        "building:levels": "1",
        "height": "6",
        "power": "substation",
        "roof:shape": "gabled",
        "substation": "minor_distribution"
      },
      "geometry": {
        "type": "Polygon",
        "coordinates": [
          [
            [
              -18.0044808,
              27.7639888
            ],
            [
              -18.0044499,
              27.7640034
            ],
            [
              -18.004466,
              27.7640301
            ],
            [
              -18.0044831,
              27.764022
            ],
            [
              -18.0044969,
              27.7640155
            ],
            [
              -18.0044808,
              27.7639888
            ]
          ]
        ]
      },
      "id": "way/307681686"
    },
    {
      "type": "Feature",
      "properties": {
        "@id": "way/307681704",
        "building": "yes",
        "building:levels": "1",
        "height": "6",
        "power": "substation",
        "substation": "minor_distribution"
      },
      "geometry": {
        "type": "Polygon",
        "coordinates": [
          [
            [
              -18.0060339,
              27.7640715
            ],
            [
              -18.0060317,
              27.7640439
            ],
            [
              -18.005999,
              27.764046
            ],
            [
              -18.0059995,
              27.7640522
            ],
            [
              -18.0060011,
              27.7640736
            ],
            [
              -18.0060231,
              27.7640722
            ],
            [
              -18.0060339,
              27.7640715
            ]
          ]
        ]
      },
      "id": "way/307681704"
    },
    {
      "type": "Feature",
      "properties": {
        "@id": "way/307724280",
        "building": "yes",
        "building:levels": "1",
        "height": "6",
        "power": "substation",
        "substation": "minor_distribution"
      },
      "geometry": {
        "type": "Polygon",
        "coordinates": [
          [
            [
              -17.9990945,
              27.7573634
            ],
            [
              -17.9990489,
              27.7573511
            ],
            [
              -17.9990377,
              27.7573837
            ],
            [
              -17.9990356,
              27.7573898
            ],
            [
              -17.9990533,
              27.7573946
            ],
            [
              -17.9990812,
              27.7574021
            ],
            [
              -17.9990945,
              27.7573634
            ]
          ]
        ]
      },
      "id": "way/307724280"
    },
    {
      "type": "Feature",
      "properties": {
        "@id": "way/307872217",
        "building": "yes",
        "building:levels": "1",
        "height": "6",
        "power": "substation",
        "substation": "minor_distribution"
      },
      "geometry": {
        "type": "Polygon",
        "coordinates": [
          [
            [
              -18.0050254,
              27.7588707
            ],
            [
              -18.0050584,
              27.7588426
            ],
            [
              -18.0050368,
              27.7588228
            ],
            [
              -18.0050039,
              27.758851
            ],
            [
              -18.0050254,
              27.7588707
            ]
          ]
        ]
      },
      "id": "way/307872217"
    },
    {
      "type": "Feature",
      "properties": {
        "@id": "way/307885281",
        "building": "yes",
        "building:levels": "1",
        "height": "3",
        "power": "substation",
        "roof:shape": "flat",
        "substation": "minor_distribution"
      },
      "geometry": {
        "type": "Polygon",
        "coordinates": [
          [
            [
              -18.0137686,
              27.756975
            ],
            [
              -18.0137146,
              27.7569676
            ],
            [
              -18.0137083,
              27.7570035
            ],
            [
              -18.0137624,
              27.7570108
            ],
            [
              -18.0137686,
              27.756975
            ]
          ]
        ]
      },
      "id": "way/307885281"
    },
    {
      "type": "Feature",
      "properties": {
        "@id": "way/308814580",
        "building": "transformer_tower",
        "power": "substation",
        "substation": "minor_distribution"
      },
      "geometry": {
        "type": "Polygon",
        "coordinates": [
          [
            [
              -13.8735406,
              28.4107286
            ],
            [
              -13.8735369,
              28.4107519
            ],
            [
              -13.8735628,
              28.4107551
            ],
            [
              -13.8735665,
              28.4107318
            ],
            [
              -13.8735406,
              28.4107286
            ]
          ]
        ]
      },
      "id": "way/308814580"
    },
    {
      "type": "Feature",
      "properties": {
        "@id": "way/308957718",
        "building": "yes",
        "man_made": "street_cabinet",
        "power": "substation",
        "street_cabinet": "power",
        "substation": "minor_distribution"
      },
      "geometry": {
        "type": "Polygon",
        "coordinates": [
          [
            [
              -14.1060626,
              28.3518645
            ],
            [
              -14.1060088,
              28.3518412
            ],
            [
              -14.1059899,
              28.3518752
            ],
            [
              -14.1060436,
              28.3518984
            ],
            [
              -14.1060626,
              28.3518645
            ]
          ]
        ]
      },
      "id": "way/308957718"
    },
    {
      "type": "Feature",
      "properties": {
        "@id": "way/308957727",
        "building": "transformer_tower",
        "power": "substation",
        "substation": "minor_distribution"
      },
      "geometry": {
        "type": "Polygon",
        "coordinates": [
          [
            [
              -14.0849946,
              28.358191
            ],
            [
              -14.0850331,
              28.3582016
            ],
            [
              -14.085045,
              28.3581684
            ],
            [
              -14.0850367,
              28.3581661
            ],
            [
              -14.0850064,
              28.3581578
            ],
            [
              -14.0850007,
              28.3581739
            ],
            [
              -14.0849946,
              28.358191
            ]
          ]
        ]
      },
      "id": "way/308957727"
    },
    {
      "type": "Feature",
      "properties": {
        "@id": "way/308983971",
        "building": "transformer_tower",
        "power": "substation",
        "substation": "minor_distribution"
      },
      "geometry": {
        "type": "Polygon",
        "coordinates": [
          [
            [
              -14.1022158,
              28.3528771
            ],
            [
              -14.1022079,
              28.3528624
            ],
            [
              -14.1022007,
              28.3528491
            ],
            [
              -14.1021668,
              28.3528632
            ],
            [
              -14.1021738,
              28.352877
            ],
            [
              -14.1021819,
              28.3528912
            ],
            [
              -14.1022158,
              28.3528771
            ]
          ]
        ]
      },
      "id": "way/308983971"
    },
    {
      "type": "Feature",
      "properties": {
        "@id": "way/310576554",
        "building": "yes",
        "power": "substation"
      },
      "geometry": {
        "type": "Polygon",
        "coordinates": [
          [
            [
              -16.7376564,
              28.0901475
            ],
            [
              -16.7376438,
              28.0901246
            ],
            [
              -16.7375792,
              28.0901523
            ],
            [
              -16.7375918,
              28.0901752
            ],
            [
              -16.7376564,
              28.0901475
            ]
          ]
        ]
      },
      "id": "way/310576554"
    },
    {
      "type": "Feature",
      "properties": {
        "@id": "way/311484352",
        "building": "transformer_tower",
        "building:levels": "1",
        "height": "6",
        "power": "substation",
        "roof:shape": "flat",
        "substation": "minor_distribution"
      },
      "geometry": {
        "type": "Polygon",
        "coordinates": [
          [
            [
              -18.0118767,
              27.7511858
            ],
            [
              -18.0118415,
              27.7511739
            ],
            [
              -18.0118336,
              27.7511922
            ],
            [
              -18.0118687,
              27.7512042
            ],
            [
              -18.0118767,
              27.7511858
            ]
          ]
        ]
      },
      "id": "way/311484352"
    },
    {
      "type": "Feature",
      "properties": {
        "@id": "way/311545294",
        "building": "transformer_tower",
        "building:levels": "1",
        "height": "6",
        "power": "substation",
        "roof:shape": "quadruple_saltbox",
        "substation": "minor_distribution"
      },
      "geometry": {
        "type": "Polygon",
        "coordinates": [
          [
            [
              -18.0168686,
              27.7535069
            ],
            [
              -18.0168316,
              27.7534981
            ],
            [
              -18.0168217,
              27.7535309
            ],
            [
              -18.0168587,
              27.7535397
            ],
            [
              -18.0168686,
              27.7535069
            ]
          ]
        ]
      },
      "id": "way/311545294"
    },
    {
      "type": "Feature",
      "properties": {
        "@id": "way/311668209",
        "building": "transformer_tower",
        "building:levels": "1",
        "height": "6",
        "power": "substation",
        "substation": "minor_distribution"
      },
      "geometry": {
        "type": "Polygon",
        "coordinates": [
          [
            [
              -18.0209321,
              27.7538309
            ],
            [
              -18.0209335,
              27.7538124
            ],
            [
              -18.0209346,
              27.753797
            ],
            [
              -18.0209064,
              27.7537954
            ],
            [
              -18.020897,
              27.7537948
            ],
            [
              -18.0208945,
              27.7538287
            ],
            [
              -18.0209039,
              27.7538293
            ],
            [
              -18.0209321,
              27.7538309
            ]
          ]
        ]
      },
      "id": "way/311668209"
    },
    {
      "type": "Feature",
      "properties": {
        "@id": "way/311773432",
        "power": "substation"
      },
      "geometry": {
        "type": "Polygon",
        "coordinates": [
          [
            [
              -16.3085601,
              28.5476571
            ],
            [
              -16.3085447,
              28.5476425
            ],
            [
              -16.3085284,
              28.5476558
            ],
            [
              -16.3085439,
              28.5476704
            ],
            [
              -16.3085601,
              28.5476571
            ]
          ]
        ]
      },
      "id": "way/311773432"
    },
    {
      "type": "Feature",
      "properties": {
        "@id": "way/312039282",
        "building": "transformer_tower",
        "building:levels": "1",
        "height": "6",
        "power": "substation",
        "substation": "minor_distribution"
      },
      "geometry": {
        "type": "Polygon",
        "coordinates": [
          [
            [
              -16.3982572,
              28.3582595
            ],
            [
              -16.3982403,
              28.3582523
            ],
            [
              -16.3982231,
              28.3582452
            ],
            [
              -16.3982073,
              28.3582743
            ],
            [
              -16.3982224,
              28.3582806
            ],
            [
              -16.3982414,
              28.3582886
            ],
            [
              -16.3982572,
              28.3582595
            ]
          ]
        ]
      },
      "id": "way/312039282"
    },
    {
      "type": "Feature",
      "properties": {
        "@id": "way/312039283",
        "building": "industrial",
        "building:levels": "1",
        "height": "6",
        "power": "substation",
        "substation": "minor_distribution"
      },
      "geometry": {
        "type": "Polygon",
        "coordinates": [
          [
            [
              -16.4008042,
              28.3503356
            ],
            [
              -16.4008232,
              28.3503111
            ],
            [
              -16.4008091,
              28.3503026
            ],
            [
              -16.4008034,
              28.3502991
            ],
            [
              -16.400795,
              28.3502941
            ],
            [
              -16.400776,
              28.3503186
            ],
            [
              -16.4007895,
              28.3503267
            ],
            [
              -16.4008042,
              28.3503356
            ]
          ]
        ]
      },
      "id": "way/312039283"
    },
    {
      "type": "Feature",
      "properties": {
        "@id": "way/312039284",
        "building": "transformer_tower",
        "building:levels": "1",
        "height": "6",
        "power": "substation",
        "substation": "minor_distribution"
      },
      "geometry": {
        "type": "Polygon",
        "coordinates": [
          [
            [
              -16.3952521,
              28.3644283
            ],
            [
              -16.395239,
              28.364418
            ],
            [
              -16.3952255,
              28.3644072
            ],
            [
              -16.395203,
              28.364429
            ],
            [
              -16.3952296,
              28.3644501
            ],
            [
              -16.3952391,
              28.3644409
            ],
            [
              -16.3952521,
              28.3644283
            ]
          ]
        ]
      },
      "id": "way/312039284"
    },
    {
      "type": "Feature",
      "properties": {
        "@id": "way/315077259",
        "building": "transformer_tower",
        "power": "substation",
        "substation": "minor_distribution"
      },
      "geometry": {
        "type": "Polygon",
        "coordinates": [
          [
            [
              -17.9636219,
              27.8123999
            ],
            [
              -17.9636137,
              27.8123835
            ],
            [
              -17.9636071,
              27.8123702
            ],
            [
              -17.9635714,
              27.8123842
            ],
            [
              -17.9635776,
              27.8123967
            ],
            [
              -17.9635862,
              27.8124138
            ],
            [
              -17.9636219,
              27.8123999
            ]
          ]
        ]
      },
      "id": "way/315077259"
    },
    {
      "type": "Feature",
      "properties": {
        "@id": "way/316100948",
        "building": "yes",
        "power": "substation"
      },
      "geometry": {
        "type": "Polygon",
        "coordinates": [
          [
            [
              -15.5667538,
              28.1443227
            ],
            [
              -15.5667485,
              28.144304
            ],
            [
              -15.5667439,
              28.1442879
            ],
            [
              -15.5667004,
              28.1442976
            ],
            [
              -15.5667103,
              28.1443324
            ],
            [
              -15.5667538,
              28.1443227
            ]
          ]
        ]
      },
      "id": "way/316100948"
    },
    {
      "type": "Feature",
      "properties": {
        "@id": "way/316345220",
        "building": "transformer_tower",
        "building:levels": "1",
        "height": "6",
        "power": "substation",
        "roof:shape": "flat",
        "substation": "minor_distribution"
      },
      "geometry": {
        "type": "Polygon",
        "coordinates": [
          [
            [
              -17.9464011,
              27.8197355
            ],
            [
              -17.9463649,
              27.8197165
            ],
            [
              -17.9463509,
              27.8197375
            ],
            [
              -17.9463442,
              27.8197476
            ],
            [
              -17.9463804,
              27.8197667
            ],
            [
              -17.9464011,
              27.8197355
            ]
          ]
        ]
      },
      "id": "way/316345220"
    },
    {
      "type": "Feature",
      "properties": {
        "@id": "way/316735490",
        "building": "transformer_tower",
        "height": "6",
        "power": "substation",
        "substation": "minor_distribution"
      },
      "geometry": {
        "type": "Polygon",
        "coordinates": [
          [
            [
              -17.9364833,
              27.8209652
            ],
            [
              -17.936451,
              27.8209435
            ],
            [
              -17.936427,
              27.8209714
            ],
            [
              -17.9364593,
              27.8209931
            ],
            [
              -17.9364833,
              27.8209652
            ]
          ]
        ]
      },
      "id": "way/316735490"
    },
    {
      "type": "Feature",
      "properties": {
        "@id": "way/316888748",
        "building": "transformer_tower",
        "power": "substation",
        "substation": "minor_distribution"
      },
      "geometry": {
        "type": "Polygon",
        "coordinates": [
          [
            [
              -17.9455211,
              27.8341763
            ],
            [
              -17.945549,
              27.8341419
            ],
            [
              -17.9455054,
              27.8341143
            ],
            [
              -17.9454775,
              27.8341487
            ],
            [
              -17.9455113,
              27.8341701
            ],
            [
              -17.9455211,
              27.8341763
            ]
          ]
        ]
      },
      "id": "way/316888748"
    },
    {
      "type": "Feature",
      "properties": {
        "@id": "way/317268502",
        "building": "transformer_tower",
        "height": "6",
        "power": "substation",
        "substation": "minor_distribution"
      },
      "geometry": {
        "type": "Polygon",
        "coordinates": [
          [
            [
              -17.9215976,
              27.8328197
            ],
            [
              -17.9215963,
              27.8327902
            ],
            [
              -17.9215782,
              27.8327909
            ],
            [
              -17.9215629,
              27.8327914
            ],
            [
              -17.9215642,
              27.8328208
            ],
            [
              -17.9215976,
              27.8328197
            ]
          ]
        ]
      },
      "id": "way/317268502"
    },
    {
      "type": "Feature",
      "properties": {
        "@id": "way/318355701",
        "building": "transformer_tower",
        "name": "Tamaduste",
        "power": "substation",
        "substation": "minor_distribution",
        "wikidata": "Q64506762"
      },
      "geometry": {
        "type": "Polygon",
        "coordinates": [
          [
            [
              -17.8973512,
              27.8224763
            ],
            [
              -17.8973446,
              27.8224545
            ],
            [
              -17.8973413,
              27.8224434
            ],
            [
              -17.8973221,
              27.8224479
            ],
            [
              -17.8973039,
              27.8224522
            ],
            [
              -17.8973113,
              27.8224771
            ],
            [
              -17.8973137,
              27.8224851
            ],
            [
              -17.897326,
              27.8224822
            ],
            [
              -17.8973512,
              27.8224763
            ]
          ]
        ]
      },
      "id": "way/318355701"
    },
    {
      "type": "Feature",
      "properties": {
        "@id": "way/318446857",
        "building": "transformer_tower",
        "building:levels": "1",
        "height": "6",
        "power": "substation",
        "substation": "minor_distribution"
      },
      "geometry": {
        "type": "Polygon",
        "coordinates": [
          [
            [
              -17.9119029,
              27.8130007
            ],
            [
              -17.9118805,
              27.8129668
            ],
            [
              -17.9118418,
              27.8129868
            ],
            [
              -17.9118642,
              27.8130207
            ],
            [
              -17.9119029,
              27.8130007
            ]
          ]
        ]
      },
      "id": "way/318446857"
    },
    {
      "type": "Feature",
      "properties": {
        "@id": "way/323760838",
        "location": "indoor",
        "power": "substation",
        "substation": "distribution",
        "voltage": "66000"
      },
      "geometry": {
        "type": "Polygon",
        "coordinates": [
          [
            [
              -13.800411,
              28.8688968
            ],
            [
              -13.800327,
              28.8683586
            ],
            [
              -13.7998279,
              28.8684183
            ],
            [
              -13.7999119,
              28.8689565
            ],
            [
              -13.800411,
              28.8688968
            ]
          ]
        ]
      },
      "id": "way/323760838"
    },
    {
      "type": "Feature",
      "properties": {
        "@id": "way/325022393",
        "building": "transformer_tower",
        "power": "substation",
        "substation": "minor_distribution"
      },
      "geometry": {
        "type": "Polygon",
        "coordinates": [
          [
            [
              -17.9134948,
              27.8080527
            ],
            [
              -17.9134591,
              27.8080401
            ],
            [
              -17.913445,
              27.8080729
            ],
            [
              -17.9134806,
              27.8080851
            ],
            [
              -17.9134877,
              27.8080691
            ],
            [
              -17.9134948,
              27.8080527
            ]
          ]
        ]
      },
      "id": "way/325022393"
    },
    {
      "type": "Feature",
      "properties": {
        "@id": "way/334657771",
        "building": "transformer_tower",
        "building:levels": "1",
        "height": "6",
        "name": "La Caleta",
        "power": "substation",
        "substation": "minor_distribution"
      },
      "geometry": {
        "type": "Polygon",
        "coordinates": [
          [
            [
              -17.8885386,
              27.8016768
            ],
            [
              -17.8885286,
              27.8016635
            ],
            [
              -17.8885187,
              27.8016503
            ],
            [
              -17.8884869,
              27.8016691
            ],
            [
              -17.8885068,
              27.8016955
            ],
            [
              -17.8885386,
              27.8016768
            ]
          ]
        ]
      },
      "id": "way/334657771"
    },
    {
      "type": "Feature",
      "properties": {
        "@id": "way/335041778",
        "building:part": "transformer_tower",
        "height": "6",
        "power": "substation",
        "substation": "minor_distribution"
      },
      "geometry": {
        "type": "Polygon",
        "coordinates": [
          [
            [
              -17.8953983,
              27.8166066
            ],
            [
              -17.895359,
              27.8166138
            ],
            [
              -17.8953669,
              27.8166477
            ],
            [
              -17.8954004,
              27.8166415
            ],
            [
              -17.8954062,
              27.8166405
            ],
            [
              -17.8953983,
              27.8166066
            ]
          ]
        ]
      },
      "id": "way/335041778"
    },
    {
      "type": "Feature",
      "properties": {
        "@id": "way/335041797",
        "building": "transformer_tower",
        "power": "substation",
        "substation": "minor_distribution"
      },
      "geometry": {
        "type": "Polygon",
        "coordinates": [
          [
            [
              -17.9028892,
              27.8063306
            ],
            [
              -17.9028868,
              27.8062946
            ],
            [
              -17.9028413,
              27.8062969
            ],
            [
              -17.9028437,
              27.806333
            ],
            [
              -17.9028892,
              27.8063306
            ]
          ]
        ]
      },
      "id": "way/335041797"
    },
    {
      "type": "Feature",
      "properties": {
        "@id": "way/335041815",
        "building": "yes",
        "power": "substation"
      },
      "geometry": {
        "type": "Polygon",
        "coordinates": [
          [
            [
              -17.9111027,
              27.8057091
            ],
            [
              -17.911099,
              27.8056842
            ],
            [
              -17.9110972,
              27.8056719
            ],
            [
              -17.9110947,
              27.8056554
            ],
            [
              -17.9110824,
              27.8056568
            ],
            [
              -17.9110717,
              27.805658
            ],
            [
              -17.9110634,
              27.805659
            ],
            [
              -17.9110038,
              27.805666
            ],
            [
              -17.9110085,
              27.8056975
            ],
            [
              -17.9110118,
              27.8057197
            ],
            [
              -17.9111027,
              27.8057091
            ]
          ]
        ]
      },
      "id": "way/335041815"
    },
    {
      "type": "Feature",
      "properties": {
        "@id": "way/344778017",
        "name": "Guajara",
        "power": "substation"
      },
      "geometry": {
        "type": "Polygon",
        "coordinates": [
          [
            [
              -16.2994008,
              28.4662533
            ],
            [
              -16.2992011,
              28.4660655
            ],
            [
              -16.2990825,
              28.4661099
            ],
            [
              -16.2990884,
              28.4661611
            ],
            [
              -16.2990597,
              28.4661646
            ],
            [
              -16.2990894,
              28.466295
            ],
            [
              -16.2991626,
              28.4662863
            ],
            [
              -16.2991705,
              28.4663054
            ],
            [
              -16.2994008,
              28.4662533
            ]
          ]
        ]
      },
      "id": "way/344778017"
    },
    {
      "type": "Feature",
      "properties": {
        "@id": "way/344778413",
        "power": "substation"
      },
      "geometry": {
        "type": "Polygon",
        "coordinates": [
          [
            [
              -16.2966939,
              28.4700485
            ],
            [
              -16.2967146,
              28.4699259
            ],
            [
              -16.2966464,
              28.4699242
            ],
            [
              -16.2966266,
              28.4699468
            ],
            [
              -16.2966207,
              28.470012
            ],
            [
              -16.2966316,
              28.4700363
            ],
            [
              -16.2966939,
              28.4700485
            ]
          ]
        ]
      },
      "id": "way/344778413"
    },
    {
      "type": "Feature",
      "properties": {
        "@id": "way/350179161",
        "building": "service",
        "building:levels": "1",
        "power": "substation",
        "substation": "minor_distribution"
      },
      "geometry": {
        "type": "Polygon",
        "coordinates": [
          [
            [
              -16.4927554,
              28.4283757
            ],
            [
              -16.4927357,
              28.4283298
            ],
            [
              -16.4926319,
              28.4283644
            ],
            [
              -16.4926516,
              28.4284102
            ],
            [
              -16.4927554,
              28.4283757
            ]
          ]
        ]
      },
      "id": "way/350179161"
    },
    {
      "type": "Feature",
      "properties": {
        "@id": "way/351001089",
        "building": "service",
        "building:levels": "1",
        "power": "substation",
        "substation": "minor_distribution"
      },
      "geometry": {
        "type": "Polygon",
        "coordinates": [
          [
            [
              -16.4966292,
              28.435011
            ],
            [
              -16.4965735,
              28.4350798
            ],
            [
              -16.4966029,
              28.4350983
            ],
            [
              -16.4966586,
              28.4350295
            ],
            [
              -16.4966292,
              28.435011
            ]
          ]
        ]
      },
      "id": "way/351001089"
    },
    {
      "type": "Feature",
      "properties": {
        "@id": "way/351001090",
        "building": "service",
        "building:levels": "1",
        "power": "substation",
        "substation": "minor_distribution"
      },
      "geometry": {
        "type": "Polygon",
        "coordinates": [
          [
            [
              -16.4929376,
              28.4341138
            ],
            [
              -16.4929376,
              28.4340194
            ],
            [
              -16.4928979,
              28.4340194
            ],
            [
              -16.4928979,
              28.4341138
            ],
            [
              -16.4929376,
              28.4341138
            ]
          ]
        ]
      },
      "id": "way/351001090"
    },
    {
      "type": "Feature",
      "properties": {
        "@id": "way/351001091",
        "building": "service",
        "building:levels": "1",
        "power": "substation",
        "substation": "minor_distribution"
      },
      "geometry": {
        "type": "Polygon",
        "coordinates": [
          [
            [
              -16.4897261,
              28.4299679
            ],
            [
              -16.4896438,
              28.4299133
            ],
            [
              -16.4896221,
              28.4299386
            ],
            [
              -16.4897044,
              28.4299932
            ],
            [
              -16.4897261,
              28.4299679
            ]
          ]
        ]
      },
      "id": "way/351001091"
    },
    {
      "type": "Feature",
      "properties": {
        "@id": "way/351470225",
        "building": "service",
        "building:levels": "1",
        "power": "substation",
        "substation": "minor_distribution"
      },
      "geometry": {
        "type": "Polygon",
        "coordinates": [
          [
            [
              -16.4947473,
              28.4311597
            ],
            [
              -16.4948302,
              28.4311332
            ],
            [
              -16.4948125,
              28.4310903
            ],
            [
              -16.4947296,
              28.4311168
            ],
            [
              -16.4947473,
              28.4311597
            ]
          ]
        ]
      },
      "id": "way/351470225"
    },
    {
      "type": "Feature",
      "properties": {
        "@id": "way/351617626",
        "building": "transformer_tower",
        "power": "substation",
        "substation": "minor_distribution"
      },
      "geometry": {
        "type": "Polygon",
        "coordinates": [
          [
            [
              -16.7963478,
              28.2350858
            ],
            [
              -16.796334,
              28.2350707
            ],
            [
              -16.7963213,
              28.2350568
            ],
            [
              -16.7962859,
              28.2350819
            ],
            [
              -16.7963124,
              28.235111
            ],
            [
              -16.7963478,
              28.2350858
            ]
          ]
        ]
      },
      "id": "way/351617626"
    },
    {
      "type": "Feature",
      "properties": {
        "@id": "way/352551403",
        "building": "yes",
        "frequency": "50",
        "location": "indoor",
        "power": "substation",
        "substation": "minor_distribution"
      },
      "geometry": {
        "type": "Polygon",
        "coordinates": [
          [
            [
              -16.3210978,
              28.4825032
            ],
            [
              -16.321097,
              28.4824528
            ],
            [
              -16.3210703,
              28.4824531
            ],
            [
              -16.3210711,
              28.4825036
            ],
            [
              -16.3210978,
              28.4825032
            ]
          ]
        ]
      },
      "id": "way/352551403"
    },
    {
      "type": "Feature",
      "properties": {
        "@id": "way/352551404",
        "building": "yes",
        "frequency": "50",
        "location": "indoor",
        "power": "substation",
        "substation": "minor_distribution"
      },
      "geometry": {
        "type": "Polygon",
        "coordinates": [
          [
            [
              -16.3212475,
              28.4829496
            ],
            [
              -16.3212916,
              28.4829506
            ],
            [
              -16.3212935,
              28.4828845
            ],
            [
              -16.3212493,
              28.4828836
            ],
            [
              -16.3212475,
              28.4829496
            ]
          ]
        ]
      },
      "id": "way/352551404"
    },
    {
      "type": "Feature",
      "properties": {
        "@id": "way/352755740",
        "building": "yes",
        "frequency": "50",
        "power": "substation",
        "substation": "minor_distribution"
      },
      "geometry": {
        "type": "Polygon",
        "coordinates": [
          [
            [
              -16.3202121,
              28.4815059
            ],
            [
              -16.3202067,
              28.48155
            ],
            [
              -16.3202784,
              28.4815568
            ],
            [
              -16.3202838,
              28.4815127
            ],
            [
              -16.3202121,
              28.4815059
            ]
          ]
        ]
      },
      "id": "way/352755740"
    },
    {
      "type": "Feature",
      "properties": {
        "@id": "way/352944547",
        "building": "industrial",
        "building:levels": "1",
        "power": "substation",
        "substation": "minor_distribution"
      },
      "geometry": {
        "type": "Polygon",
        "coordinates": [
          [
            [
              -16.3244593,
              28.4115596
            ],
            [
              -16.3244846,
              28.4115806
            ],
            [
              -16.3245103,
              28.4115566
            ],
            [
              -16.3244849,
              28.4115356
            ],
            [
              -16.3244593,
              28.4115596
            ]
          ]
        ]
      },
      "id": "way/352944547"
    },
    {
      "type": "Feature",
      "properties": {
        "@id": "way/353212381",
        "building": "transformer_tower",
        "power": "substation",
        "substation": "minor_distribution",
        "voltage": "20000"
      },
      "geometry": {
        "type": "Polygon",
        "coordinates": [
          [
            [
              -16.8006729,
              28.1792916
            ],
            [
              -16.8006502,
              28.1792497
            ],
            [
              -16.800604,
              28.1792691
            ],
            [
              -16.8006257,
              28.1793092
            ],
            [
              -16.8006729,
              28.1792916
            ]
          ]
        ]
      },
      "id": "way/353212381"
    },
    {
      "type": "Feature",
      "properties": {
        "@id": "way/353604843",
        "building": "yes",
        "power": "substation",
        "substation": "minor_distribution"
      },
      "geometry": {
        "type": "Polygon",
        "coordinates": [
          [
            [
              -16.7987976,
              28.1722741
            ],
            [
              -16.7987738,
              28.1722256
            ],
            [
              -16.7986385,
              28.1722789
            ],
            [
              -16.7986631,
              28.1723273
            ],
            [
              -16.7987976,
              28.1722741
            ]
          ]
        ]
      },
      "id": "way/353604843"
    },
    {
      "type": "Feature",
      "properties": {
        "@id": "way/353807496",
        "building": "yes",
        "frequency": "50",
        "power": "substation",
        "substation": "minor_distribution"
      },
      "geometry": {
        "type": "Polygon",
        "coordinates": [
          [
            [
              -16.321481,
              28.4785207
            ],
            [
              -16.3214823,
              28.4784904
            ],
            [
              -16.3214248,
              28.4784886
            ],
            [
              -16.3214236,
              28.4785189
            ],
            [
              -16.321481,
              28.4785207
            ]
          ]
        ]
      },
      "id": "way/353807496"
    },
    {
      "type": "Feature",
      "properties": {
        "@id": "way/353807497",
        "building": "yes",
        "frequency": "50",
        "power": "substation",
        "substation": "minor_distribution"
      },
      "geometry": {
        "type": "Polygon",
        "coordinates": [
          [
            [
              -16.3215282,
              28.4785014
            ],
            [
              -16.3215284,
              28.4784774
            ],
            [
              -16.3214871,
              28.4784772
            ],
            [
              -16.321487,
              28.4785011
            ],
            [
              -16.3215282,
              28.4785014
            ]
          ]
        ]
      },
      "id": "way/353807497"
    },
    {
      "type": "Feature",
      "properties": {
        "@id": "way/354045047",
        "building": "transformer_tower",
        "building:levels": "1",
        "height": "6",
        "power": "substation",
        "substation": "minor_distribution"
      },
      "geometry": {
        "type": "Polygon",
        "coordinates": [
          [
            [
              -16.781775,
              28.224803
            ],
            [
              -16.7817443,
              28.2247821
            ],
            [
              -16.7817335,
              28.2247944
            ],
            [
              -16.7817222,
              28.2248072
            ],
            [
              -16.7817528,
              28.2248286
            ],
            [
              -16.781775,
              28.224803
            ]
          ]
        ]
      },
      "id": "way/354045047"
    },
    {
      "type": "Feature",
      "properties": {
        "@id": "way/354524185",
        "building": "transformer_tower",
        "power": "substation",
        "substation": "minor_distribution"
      },
      "geometry": {
        "type": "Polygon",
        "coordinates": [
          [
            [
              -16.7554302,
              28.2039872
            ],
            [
              -16.7554213,
              28.2039684
            ],
            [
              -16.7554124,
              28.2039497
            ],
            [
              -16.7553686,
              28.2039659
            ],
            [
              -16.7553864,
              28.2040034
            ],
            [
              -16.7554302,
              28.2039872
            ]
          ]
        ]
      },
      "id": "way/354524185"
    },
    {
      "type": "Feature",
      "properties": {
        "@id": "way/354931449",
        "building": "transformer_tower",
        "power": "substation",
        "substation": "minor_distribution"
      },
      "geometry": {
        "type": "Polygon",
        "coordinates": [
          [
            [
              -16.3167063,
              28.4345649
            ],
            [
              -16.3167001,
              28.434528
            ],
            [
              -16.3166567,
              28.4345337
            ],
            [
              -16.3166595,
              28.4345498
            ],
            [
              -16.3166629,
              28.4345706
            ],
            [
              -16.3167063,
              28.4345649
            ]
          ]
        ]
      },
      "id": "way/354931449"
    },
    {
      "type": "Feature",
      "properties": {
        "@id": "way/356779253",
        "building": "yes",
        "power": "substation"
      },
      "geometry": {
        "type": "Polygon",
        "coordinates": [
          [
            [
              -16.5003271,
              28.4224372
            ],
            [
              -16.5003736,
              28.4224027
            ],
            [
              -16.5003463,
              28.4223743
            ],
            [
              -16.5002999,
              28.4224088
            ],
            [
              -16.5003271,
              28.4224372
            ]
          ]
        ]
      },
      "id": "way/356779253"
    },
    {
      "type": "Feature",
      "properties": {
        "@id": "way/356782929",
        "power": "substation"
      },
      "geometry": {
        "type": "Polygon",
        "coordinates": [
          [
            [
              -16.4991758,
              28.4227094
            ],
            [
              -16.4991249,
              28.4226699
            ],
            [
              -16.4991015,
              28.4226933
            ],
            [
              -16.4991524,
              28.4227328
            ],
            [
              -16.4991758,
              28.4227094
            ]
          ]
        ]
      },
      "id": "way/356782929"
    },
    {
      "type": "Feature",
      "properties": {
        "@id": "way/358320023",
        "building": "yes",
        "power": "substation",
        "voltage": "20000"
      },
      "geometry": {
        "type": "Polygon",
        "coordinates": [
          [
            [
              -13.8128481,
              28.9165829
            ],
            [
              -13.8128665,
              28.9165482
            ],
            [
              -13.812823,
              28.9165304
            ],
            [
              -13.8128045,
              28.9165651
            ],
            [
              -13.8128267,
              28.9165742
            ],
            [
              -13.8128481,
              28.9165829
            ]
          ]
        ]
      },
      "id": "way/358320023"
    },
    {
      "type": "Feature",
      "properties": {
        "@id": "way/358376553",
        "building": "yes",
        "power": "substation",
        "voltage": "20000"
      },
      "geometry": {
        "type": "Polygon",
        "coordinates": [
          [
            [
              -13.7351307,
              28.9085841
            ],
            [
              -13.7350861,
              28.908564
            ],
            [
              -13.7350653,
              28.9085992
            ],
            [
              -13.7351099,
              28.9086193
            ],
            [
              -13.7351307,
              28.9085841
            ]
          ]
        ]
      },
      "id": "way/358376553"
    },
    {
      "type": "Feature",
      "properties": {
        "@id": "way/358627459",
        "building": "yes",
        "power": "substation"
      },
      "geometry": {
        "type": "Polygon",
        "coordinates": [
          [
            [
              -13.7491322,
              28.929622
            ],
            [
              -13.7490986,
              28.9295966
            ],
            [
              -13.7490624,
              28.9296332
            ],
            [
              -13.749096,
              28.9296586
            ],
            [
              -13.7491322,
              28.929622
            ]
          ]
        ]
      },
      "id": "way/358627459"
    },
    {
      "type": "Feature",
      "properties": {
        "@id": "way/358705140",
        "building": "transformer_tower",
        "power": "substation",
        "substation": "minor_distribution"
      },
      "geometry": {
        "type": "Polygon",
        "coordinates": [
          [
            [
              -16.7634265,
              28.1859638
            ],
            [
              -16.7633978,
              28.1859325
            ],
            [
              -16.7633612,
              28.1859619
            ],
            [
              -16.7633547,
              28.185964
            ],
            [
              -16.7633832,
              28.1859951
            ],
            [
              -16.7634265,
              28.1859638
            ]
          ]
        ]
      },
      "id": "way/358705140"
    },
    {
      "type": "Feature",
      "properties": {
        "@id": "way/359397945",
        "power": "substation",
        "voltage": "20000"
      },
      "geometry": {
        "type": "Polygon",
        "coordinates": [
          [
            [
              -13.6872524,
              28.9232531
            ],
            [
              -13.6872051,
              28.923255
            ],
            [
              -13.687207,
              28.9232908
            ],
            [
              -13.6872299,
              28.9232899
            ],
            [
              -13.6872543,
              28.9232889
            ],
            [
              -13.6872524,
              28.9232531
            ]
          ]
        ]
      },
      "id": "way/359397945"
    },
    {
      "type": "Feature",
      "properties": {
        "@id": "way/359397946",
        "building": "service",
        "height": "6",
        "power": "substation",
        "voltage": "20000"
      },
      "geometry": {
        "type": "Polygon",
        "coordinates": [
          [
            [
              -13.6780464,
              28.9305016
            ],
            [
              -13.6780456,
              28.9304586
            ],
            [
              -13.6780248,
              28.9304589
            ],
            [
              -13.678007,
              28.9304591
            ],
            [
              -13.6780078,
              28.9305021
            ],
            [
              -13.6780464,
              28.9305016
            ]
          ]
        ]
      },
      "id": "way/359397946"
    },
    {
      "type": "Feature",
      "properties": {
        "@id": "way/359507324",
        "frequency": "50",
        "power": "substation",
        "substation": "minor_distribution"
      },
      "geometry": {
        "type": "Polygon",
        "coordinates": [
          [
            [
              -16.3265872,
              28.481538
            ],
            [
              -16.3265567,
              28.4815023
            ],
            [
              -16.3265283,
              28.481521
            ],
            [
              -16.3265588,
              28.4815568
            ],
            [
              -16.3265872,
              28.481538
            ]
          ]
        ]
      },
      "id": "way/359507324"
    },
    {
      "type": "Feature",
      "properties": {
        "@id": "way/359565364",
        "building": "yes",
        "power": "substation"
      },
      "geometry": {
        "type": "Polygon",
        "coordinates": [
          [
            [
              -13.6835774,
              28.950442
            ],
            [
              -13.6835347,
              28.9504095
            ],
            [
              -13.6834839,
              28.9504606
            ],
            [
              -13.6835267,
              28.9504931
            ],
            [
              -13.6835774,
              28.950442
            ]
          ]
        ]
      },
      "id": "way/359565364"
    },
    {
      "type": "Feature",
      "properties": {
        "@id": "way/359628369",
        "power": "substation",
        "voltage": "20000"
      },
      "geometry": {
        "type": "Polygon",
        "coordinates": [
          [
            [
              -13.6899678,
              28.9725076
            ],
            [
              -13.6899667,
              28.9724598
            ],
            [
              -13.6899272,
              28.9724605
            ],
            [
              -13.6899283,
              28.9725082
            ],
            [
              -13.6899678,
              28.9725076
            ]
          ]
        ]
      },
      "id": "way/359628369"
    },
    {
      "type": "Feature",
      "properties": {
        "@id": "way/359628370",
        "power": "substation",
        "voltage": "20000"
      },
      "geometry": {
        "type": "Polygon",
        "coordinates": [
          [
            [
              -13.6700043,
              28.9761118
            ],
            [
              -13.6699568,
              28.97609
            ],
            [
              -13.6699405,
              28.9761172
            ],
            [
              -13.669988,
              28.976139
            ],
            [
              -13.6700043,
              28.9761118
            ]
          ]
        ]
      },
      "id": "way/359628370"
    },
    {
      "type": "Feature",
      "properties": {
        "@id": "way/359628380",
        "building": "yes",
        "power": "substation",
        "voltage": "20000"
      },
      "geometry": {
        "type": "Polygon",
        "coordinates": [
          [
            [
              -13.6811816,
              28.9720852
            ],
            [
              -13.6811631,
              28.9720902
            ],
            [
              -13.6811442,
              28.9720953
            ],
            [
              -13.6811497,
              28.9721109
            ],
            [
              -13.6811567,
              28.9721305
            ],
            [
              -13.6811941,
              28.9721204
            ],
            [
              -13.681188,
              28.9721032
            ],
            [
              -13.6811816,
              28.9720852
            ]
          ]
        ]
      },
      "id": "way/359628380"
    },
    {
      "type": "Feature",
      "properties": {
        "@id": "way/359628381",
        "building": "yes",
        "power": "substation",
        "voltage": "20000"
      },
      "geometry": {
        "type": "Polygon",
        "coordinates": [
          [
            [
              -13.68992,
              28.9621602
            ],
            [
              -13.6899191,
              28.9621264
            ],
            [
              -13.6898805,
              28.9621272
            ],
            [
              -13.6898814,
              28.962161
            ],
            [
              -13.68992,
              28.9621602
            ]
          ]
        ]
      },
      "id": "way/359628381"
    },
    {
      "type": "Feature",
      "properties": {
        "@id": "way/360128609",
        "building": "yes",
        "power": "substation",
        "voltage": "20000"
      },
      "geometry": {
        "type": "Polygon",
        "coordinates": [
          [
            [
              -13.6212,
              28.9523401
            ],
            [
              -13.6211756,
              28.9522921
            ],
            [
              -13.6211321,
              28.9523091
            ],
            [
              -13.6211565,
              28.952357
            ],
            [
              -13.6212,
              28.9523401
            ]
          ]
        ]
      },
      "id": "way/360128609"
    },
    {
      "type": "Feature",
      "properties": {
        "@id": "way/360128610",
        "building": "yes",
        "power": "substation",
        "voltage": "20000"
      },
      "geometry": {
        "type": "Polygon",
        "coordinates": [
          [
            [
              -13.6363798,
              28.9300905
            ],
            [
              -13.6363254,
              28.9300683
            ],
            [
              -13.6363011,
              28.9301139
            ],
            [
              -13.6363555,
              28.9301361
            ],
            [
              -13.636366,
              28.9301164
            ],
            [
              -13.6363798,
              28.9300905
            ]
          ]
        ]
      },
      "id": "way/360128610"
    },
    {
      "type": "Feature",
      "properties": {
        "@id": "way/360892634",
        "building": "yes",
        "location": "indoor",
        "power": "substation",
        "substation": "transition"
      },
      "geometry": {
        "type": "Polygon",
        "coordinates": [
          [
            [
              -13.6736381,
              29.0692023
            ],
            [
              -13.6736292,
              29.0692229
            ],
            [
              -13.6736211,
              29.0692415
            ],
            [
              -13.6736601,
              29.0692544
            ],
            [
              -13.6736771,
              29.0692151
            ],
            [
              -13.6736381,
              29.0692023
            ]
          ]
        ]
      },
      "id": "way/360892634"
    },
    {
      "type": "Feature",
      "properties": {
        "@id": "way/361283706",
        "building": "yes",
        "power": "substation"
      },
      "geometry": {
        "type": "Polygon",
        "coordinates": [
          [
            [
              -13.6251078,
              29.1000233
            ],
            [
              -13.625076,
              29.0999955
            ],
            [
              -13.6250511,
              29.1000173
            ],
            [
              -13.6250828,
              29.1000451
            ],
            [
              -13.6251078,
              29.1000233
            ]
          ]
        ]
      },
      "id": "way/361283706"
    },
    {
      "type": "Feature",
      "properties": {
        "@id": "way/362022880",
        "location": "indoor",
        "power": "substation",
        "substation": "transition"
      },
      "geometry": {
        "type": "Polygon",
        "coordinates": [
          [
            [
              -13.6329931,
              29.0525837
            ],
            [
              -13.6329936,
              29.0525677
            ],
            [
              -13.6329941,
              29.0525457
            ],
            [
              -13.6329729,
              29.0525452
            ],
            [
              -13.6329309,
              29.0525444
            ],
            [
              -13.6329299,
              29.0525824
            ],
            [
              -13.6329931,
              29.0525837
            ]
          ]
        ]
      },
      "id": "way/362022880"
    },
    {
      "type": "Feature",
      "properties": {
        "@id": "way/362022881",
        "power": "substation"
      },
      "geometry": {
        "type": "Polygon",
        "coordinates": [
          [
            [
              -13.6456024,
              29.0502898
            ],
            [
              -13.6455298,
              29.0502477
            ],
            [
              -13.6454938,
              29.0502953
            ],
            [
              -13.6455664,
              29.0503373
            ],
            [
              -13.6456024,
              29.0502898
            ]
          ]
        ]
      },
      "id": "way/362022881"
    },
    {
      "type": "Feature",
      "properties": {
        "@id": "way/362054309",
        "building": "yes",
        "power": "substation"
      },
      "geometry": {
        "type": "Polygon",
        "coordinates": [
          [
            [
              -13.6292391,
              29.0174002
            ],
            [
              -13.629196,
              29.0173968
            ],
            [
              -13.6291921,
              29.0174349
            ],
            [
              -13.6292352,
              29.0174383
            ],
            [
              -13.6292391,
              29.0174002
            ]
          ]
        ]
      },
      "id": "way/362054309"
    },
    {
      "type": "Feature",
      "properties": {
        "@id": "way/362621706",
        "building": "yes",
        "power": "substation"
      },
      "geometry": {
        "type": "Polygon",
        "coordinates": [
          [
            [
              -13.6307298,
              29.0095421
            ],
            [
              -13.6307335,
              29.0094972
            ],
            [
              -13.6306939,
              29.0094947
            ],
            [
              -13.630692,
              29.0095176
            ],
            [
              -13.6306902,
              29.0095396
            ],
            [
              -13.6307298,
              29.0095421
            ]
          ]
        ]
      },
      "id": "way/362621706"
    },
    {
      "type": "Feature",
      "properties": {
        "@id": "way/362807021",
        "building": "yes",
        "power": "substation",
        "voltage": "20000"
      },
      "geometry": {
        "type": "Polygon",
        "coordinates": [
          [
            [
              -13.6070979,
              28.9948878
            ],
            [
              -13.6070583,
              28.9948604
            ],
            [
              -13.607029,
              28.9948927
            ],
            [
              -13.6070686,
              28.9949201
            ],
            [
              -13.6070979,
              28.9948878
            ]
          ]
        ]
      },
      "id": "way/362807021"
    },
    {
      "type": "Feature",
      "properties": {
        "@id": "way/362807022",
        "building": "yes",
        "power": "substation",
        "voltage": "20000"
      },
      "geometry": {
        "type": "Polygon",
        "coordinates": [
          [
            [
              -13.6004741,
              28.9944511
            ],
            [
              -13.6004569,
              28.9944305
            ],
            [
              -13.6004316,
              28.9944467
            ],
            [
              -13.6004488,
              28.9944672
            ],
            [
              -13.6004741,
              28.9944511
            ]
          ]
        ]
      },
      "id": "way/362807022"
    },
    {
      "type": "Feature",
      "properties": {
        "@id": "way/363523594",
        "building": "service",
        "building:levels": "1",
        "power": "substation",
        "substation": "minor_distribution"
      },
      "geometry": {
        "type": "Polygon",
        "coordinates": [
          [
            [
              -16.4876483,
              28.4267993
            ],
            [
              -16.4876652,
              28.4268396
            ],
            [
              -16.4877012,
              28.426828
            ],
            [
              -16.4877045,
              28.4268269
            ],
            [
              -16.4876876,
              28.4267866
            ],
            [
              -16.4876843,
              28.4267876
            ],
            [
              -16.4876483,
              28.4267993
            ]
          ]
        ]
      },
      "id": "way/363523594"
    },
    {
      "type": "Feature",
      "properties": {
        "@id": "way/364410481",
        "building": "transformer_tower",
        "power": "substation"
      },
      "geometry": {
        "type": "Polygon",
        "coordinates": [
          [
            [
              -16.8045138,
              28.3273302
            ],
            [
              -16.8045067,
              28.3272959
            ],
            [
              -16.8044892,
              28.3272987
            ],
            [
              -16.8044714,
              28.3273015
            ],
            [
              -16.8044745,
              28.3273165
            ],
            [
              -16.8044785,
              28.3273358
            ],
            [
              -16.8045138,
              28.3273302
            ]
          ]
        ]
      },
      "id": "way/364410481"
    },
    {
      "type": "Feature",
      "properties": {
        "@id": "way/365264019",
        "building": "yes",
        "power": "substation",
        "voltage": "20000"
      },
      "geometry": {
        "type": "Polygon",
        "coordinates": [
          [
            [
              -13.5313901,
              29.0553972
            ],
            [
              -13.5313731,
              29.0553659
            ],
            [
              -13.531354,
              29.0553736
            ],
            [
              -13.5313425,
              29.0553786
            ],
            [
              -13.5313595,
              29.0554099
            ],
            [
              -13.5313901,
              29.0553972
            ]
          ]
        ]
      },
      "id": "way/365264019"
    },
    {
      "type": "Feature",
      "properties": {
        "@id": "way/365303888",
        "building": "yes",
        "location": "indoor",
        "power": "substation",
        "substation": "transition",
        "voltage": "20000"
      },
      "geometry": {
        "type": "Polygon",
        "coordinates": [
          [
            [
              -13.5183723,
              29.0656229
            ],
            [
              -13.5183551,
              29.0656011
            ],
            [
              -13.5183448,
              29.0655881
            ],
            [
              -13.518311,
              29.0656084
            ],
            [
              -13.5183385,
              29.0656432
            ],
            [
              -13.5183572,
              29.0656319
            ],
            [
              -13.5183723,
              29.0656229
            ]
          ]
        ]
      },
      "id": "way/365303888"
    },
    {
      "type": "Feature",
      "properties": {
        "@id": "way/365820600",
        "building": "yes",
        "power": "substation"
      },
      "geometry": {
        "type": "Polygon",
        "coordinates": [
          [
            [
              -13.5190462,
              29.1243013
            ],
            [
              -13.5190344,
              29.1242602
            ],
            [
              -13.5189937,
              29.1242691
            ],
            [
              -13.5190054,
              29.1243102
            ],
            [
              -13.5190462,
              29.1243013
            ]
          ]
        ]
      },
      "id": "way/365820600"
    },
    {
      "type": "Feature",
      "properties": {
        "@id": "way/365820601",
        "building": "yes",
        "power": "substation",
        "voltage": "20000"
      },
      "geometry": {
        "type": "Polygon",
        "coordinates": [
          [
            [
              -13.5192056,
              29.1282555
            ],
            [
              -13.5191772,
              29.1282552
            ],
            [
              -13.519147,
              29.1282549
            ],
            [
              -13.5191459,
              29.1283155
            ],
            [
              -13.5191737,
              29.1283158
            ],
            [
              -13.5192045,
              29.128316
            ],
            [
              -13.5192056,
              29.1282555
            ]
          ]
        ]
      },
      "id": "way/365820601"
    },
    {
      "type": "Feature",
      "properties": {
        "@id": "way/366270846",
        "addr:housenumber": "10",
        "addr:street": "Calle La Majadita",
        "building": "yes",
        "power": "substation",
        "voltage": "20000"
      },
      "geometry": {
        "type": "Polygon",
        "coordinates": [
          [
            [
              -13.4949524,
              29.1810465
            ],
            [
              -13.4949075,
              29.181031
            ],
            [
              -13.4948929,
              29.1810632
            ],
            [
              -13.4949143,
              29.1810706
            ],
            [
              -13.4949378,
              29.1810787
            ],
            [
              -13.4949524,
              29.1810465
            ]
          ]
        ]
      },
      "id": "way/366270846"
    },
    {
      "type": "Feature",
      "properties": {
        "@id": "way/366312815",
        "building": "yes",
        "power": "substation",
        "voltage": "20000"
      },
      "geometry": {
        "type": "Polygon",
        "coordinates": [
          [
            [
              -13.4862117,
              29.1952242
            ],
            [
              -13.4861983,
              29.1951851
            ],
            [
              -13.4861551,
              29.1951964
            ],
            [
              -13.4861685,
              29.1952355
            ],
            [
              -13.4862117,
              29.1952242
            ]
          ]
        ]
      },
      "id": "way/366312815"
    },
    {
      "type": "Feature",
      "properties": {
        "@id": "way/366960460",
        "power": "substation"
      },
      "geometry": {
        "type": "Polygon",
        "coordinates": [
          [
            [
              -15.5811557,
              27.7722334
            ],
            [
              -15.5811108,
              27.7720305
            ],
            [
              -15.5806702,
              27.7721066
            ],
            [
              -15.5807151,
              27.7723103
            ],
            [
              -15.5811557,
              27.7722334
            ]
          ]
        ]
      },
      "id": "way/366960460"
    },
    {
      "type": "Feature",
      "properties": {
        "@id": "way/367016891",
        "building": "transformer_tower",
        "power": "substation",
        "substation": "minor_distribution"
      },
      "geometry": {
        "type": "Polygon",
        "coordinates": [
          [
            [
              -16.4848214,
              28.4302956
            ],
            [
              -16.4848358,
              28.4302801
            ],
            [
              -16.4848431,
              28.4302722
            ],
            [
              -16.4848142,
              28.4302515
            ],
            [
              -16.4847925,
              28.430275
            ],
            [
              -16.4848214,
              28.4302956
            ]
          ]
        ]
      },
      "id": "way/367016891"
    },
    {
      "type": "Feature",
      "properties": {
        "@id": "way/367947527",
        "name": "Santa Águeda",
        "power": "substation"
      },
      "geometry": {
        "type": "Polygon",
        "coordinates": [
          [
            [
              -15.6630814,
              27.769802
            ],
            [
              -15.663148,
              27.7689019
            ],
            [
              -15.6626352,
              27.7688725
            ],
            [
              -15.6625853,
              27.7696328
            ],
            [
              -15.6627682,
              27.7697898
            ],
            [
              -15.6630814,
              27.769802
            ]
          ]
        ]
      },
      "id": "way/367947527"
    },
    {
      "type": "Feature",
      "properties": {
        "@id": "way/368728535",
        "building:levels": "1",
        "building:part": "transformer_tower",
        "height": "6",
        "power": "substation",
        "substation": "minor_distribution"
      },
      "geometry": {
        "type": "Polygon",
        "coordinates": [
          [
            [
              -16.7785571,
              28.2148009
            ],
            [
              -16.7785867,
              28.2147769
            ],
            [
              -16.7785667,
              28.2147578
            ],
            [
              -16.7785371,
              28.2147817
            ],
            [
              -16.7785571,
              28.2148009
            ]
          ]
        ]
      },
      "id": "way/368728535"
    },
    {
      "type": "Feature",
      "properties": {
        "@id": "way/368895501",
        "building": "transformer_tower",
        "building:levels": "1",
        "height": "6",
        "power": "substation",
        "substation": "minor_distribution"
      },
      "geometry": {
        "type": "Polygon",
        "coordinates": [
          [
            [
              -16.7742176,
              28.2085621
            ],
            [
              -16.7741837,
              28.2085448
            ],
            [
              -16.77416,
              28.2085827
            ],
            [
              -16.7741946,
              28.2086
            ],
            [
              -16.7742176,
              28.2085621
            ]
          ]
        ]
      },
      "id": "way/368895501"
    },
    {
      "type": "Feature",
      "properties": {
        "@id": "way/369239647",
        "power": "substation"
      },
      "geometry": {
        "type": "Polygon",
        "coordinates": [
          [
            [
              -15.4782286,
              27.8490366
            ],
            [
              -15.4776526,
              27.8488405
            ],
            [
              -15.4774689,
              27.8492624
            ],
            [
              -15.4780449,
              27.8494585
            ],
            [
              -15.4782286,
              27.8490366
            ]
          ]
        ]
      },
      "id": "way/369239647"
    },
    {
      "type": "Feature",
      "properties": {
        "@id": "way/369406841",
        "power": "substation"
      },
      "geometry": {
        "type": "Polygon",
        "coordinates": [
          [
            [
              -17.8814454,
              28.6383359
            ],
            [
              -17.8814467,
              28.6382878
            ],
            [
              -17.8813711,
              28.6382878
            ],
            [
              -17.8813736,
              28.638337
            ],
            [
              -17.8814454,
              28.6383359
            ]
          ]
        ]
      },
      "id": "way/369406841"
    },
    {
      "type": "Feature",
      "properties": {
        "@id": "way/369548831",
        "building": "yes",
        "power": "substation"
      },
      "geometry": {
        "type": "Polygon",
        "coordinates": [
          [
            [
              -15.5675143,
              27.8489527
            ],
            [
              -15.5674975,
              27.8489143
            ],
            [
              -15.5674573,
              27.8489281
            ],
            [
              -15.5674742,
              27.8489665
            ],
            [
              -15.5675143,
              27.8489527
            ]
          ]
        ]
      },
      "id": "way/369548831"
    },
    {
      "type": "Feature",
      "properties": {
        "@id": "way/369548832",
        "building": "yes",
        "power": "substation"
      },
      "geometry": {
        "type": "Polygon",
        "coordinates": [
          [
            [
              -15.5626005,
              27.8816923
            ],
            [
              -15.5625842,
              27.8816575
            ],
            [
              -15.5625469,
              27.8816712
            ],
            [
              -15.5625632,
              27.8817059
            ],
            [
              -15.5626005,
              27.8816923
            ]
          ]
        ]
      },
      "id": "way/369548832"
    },
    {
      "type": "Feature",
      "properties": {
        "@id": "way/369673562",
        "building": "yes",
        "power": "substation"
      },
      "geometry": {
        "type": "Polygon",
        "coordinates": [
          [
            [
              -15.5538842,
              27.9323381
            ],
            [
              -15.5538611,
              27.9323006
            ],
            [
              -15.5538232,
              27.9323189
            ],
            [
              -15.5538464,
              27.9323564
            ],
            [
              -15.5538842,
              27.9323381
            ]
          ]
        ]
      },
      "id": "way/369673562"
    },
    {
      "type": "Feature",
      "properties": {
        "@id": "way/369699924",
        "building": "yes",
        "power": "substation"
      },
      "geometry": {
        "type": "Polygon",
        "coordinates": [
          [
            [
              -15.5506989,
              27.9264369
            ],
            [
              -15.5506596,
              27.9264378
            ],
            [
              -15.5506608,
              27.9264786
            ],
            [
              -15.5507001,
              27.9264777
            ],
            [
              -15.5506989,
              27.9264369
            ]
          ]
        ]
      },
      "id": "way/369699924"
    },
    {
      "type": "Feature",
      "properties": {
        "@id": "way/369699925",
        "building": "yes",
        "power": "substation"
      },
      "geometry": {
        "type": "Polygon",
        "coordinates": [
          [
            [
              -15.5520233,
              27.9185668
            ],
            [
              -15.5519895,
              27.918554
            ],
            [
              -15.5519722,
              27.9185896
            ],
            [
              -15.552006,
              27.9186024
            ],
            [
              -15.5520233,
              27.9185668
            ]
          ]
        ]
      },
      "id": "way/369699925"
    },
    {
      "type": "Feature",
      "properties": {
        "@id": "way/369963558",
        "building": "yes",
        "power": "substation"
      },
      "geometry": {
        "type": "Polygon",
        "coordinates": [
          [
            [
              -15.6124747,
              27.7923955
            ],
            [
              -15.6124487,
              27.7923704
            ],
            [
              -15.6124249,
              27.7923896
            ],
            [
              -15.6124509,
              27.7924147
            ],
            [
              -15.6124747,
              27.7923955
            ]
          ]
        ]
      },
      "id": "way/369963558"
    },
    {
      "type": "Feature",
      "properties": {
        "@id": "way/369963559",
        "building": "yes",
        "power": "substation"
      },
      "geometry": {
        "type": "Polygon",
        "coordinates": [
          [
            [
              -15.6118385,
              27.8142905
            ],
            [
              -15.6118449,
              27.8142602
            ],
            [
              -15.6118171,
              27.8142555
            ],
            [
              -15.6118135,
              27.8142722
            ],
            [
              -15.6118106,
              27.8142858
            ],
            [
              -15.6118385,
              27.8142905
            ]
          ]
        ]
      },
      "id": "way/369963559"
    },
    {
      "type": "Feature",
      "properties": {
        "@id": "way/370008498",
        "building": "yes",
        "power": "substation"
      },
      "geometry": {
        "type": "Polygon",
        "coordinates": [
          [
            [
              -15.5877424,
              27.8175973
            ],
            [
              -15.5877184,
              27.8175606
            ],
            [
              -15.5876775,
              27.8175815
            ],
            [
              -15.5877015,
              27.8176183
            ],
            [
              -15.5877424,
              27.8175973
            ]
          ]
        ]
      },
      "id": "way/370008498"
    },
    {
      "type": "Feature",
      "properties": {
        "@id": "way/370008501",
        "building": "yes",
        "power": "substation"
      },
      "geometry": {
        "type": "Polygon",
        "coordinates": [
          [
            [
              -15.5903617,
              27.7944847
            ],
            [
              -15.5903405,
              27.7944724
            ],
            [
              -15.5903278,
              27.7944897
            ],
            [
              -15.5903489,
              27.794502
            ],
            [
              -15.5903617,
              27.7944847
            ]
          ]
        ]
      },
      "id": "way/370008501"
    },
    {
      "type": "Feature",
      "properties": {
        "@id": "way/370318107",
        "building": "yes",
        "power": "substation"
      },
      "geometry": {
        "type": "Polygon",
        "coordinates": [
          [
            [
              -15.669991,
              27.7960096
            ],
            [
              -15.6699944,
              27.7959682
            ],
            [
              -15.6699538,
              27.7959656
            ],
            [
              -15.6699504,
              27.796007
            ],
            [
              -15.669991,
              27.7960096
            ]
          ]
        ]
      },
      "id": "way/370318107"
    },
    {
      "type": "Feature",
      "properties": {
        "@id": "way/370392134",
        "building": "yes",
        "power": "substation"
      },
      "geometry": {
        "type": "Polygon",
        "coordinates": [
          [
            [
              -15.6712013,
              27.7551235
            ],
            [
              -15.6711702,
              27.7551038
            ],
            [
              -15.6711422,
              27.7551384
            ],
            [
              -15.6711734,
              27.7551581
            ],
            [
              -15.6712013,
              27.7551235
            ]
          ]
        ]
      },
      "id": "way/370392134"
    },
    {
      "type": "Feature",
      "properties": {
        "@id": "way/375118074",
        "building": "yes",
        "building:levels": "1",
        "height": "3",
        "power": "substation"
      },
      "geometry": {
        "type": "Polygon",
        "coordinates": [
          [
            [
              -16.8177408,
              28.2683989
            ],
            [
              -16.8176968,
              28.2683784
            ],
            [
              -16.8176842,
              28.2684007
            ],
            [
              -16.8176757,
              28.2684156
            ],
            [
              -16.8177195,
              28.2684363
            ],
            [
              -16.8177408,
              28.2683989
            ]
          ]
        ]
      },
      "id": "way/375118074"
    },
    {
      "type": "Feature",
      "properties": {
        "@id": "way/375144415",
        "building": "transformer_tower",
        "building:levels": "1",
        "power": "substation",
        "substation": "minor_distribution"
      },
      "geometry": {
        "type": "Polygon",
        "coordinates": [
          [
            [
              -16.8116962,
              28.2863338
            ],
            [
              -16.8116753,
              28.2863277
            ],
            [
              -16.8116549,
              28.2863218
            ],
            [
              -16.8116409,
              28.2863593
            ],
            [
              -16.8116365,
              28.2863709
            ],
            [
              -16.8116535,
              28.2863759
            ],
            [
              -16.8116778,
              28.2863829
            ],
            [
              -16.8116962,
              28.2863338
            ]
          ]
        ]
      },
      "id": "way/375144415"
    },
    {
      "type": "Feature",
      "properties": {
        "@id": "way/375197593",
        "building": "transformer_tower",
        "power": "substation",
        "substation": "minor_distribution"
      },
      "geometry": {
        "type": "Polygon",
        "coordinates": [
          [
            [
              -16.80424,
              28.3073635
            ],
            [
              -16.8042308,
              28.3073518
            ],
            [
              -16.8042222,
              28.3073406
            ],
            [
              -16.8041962,
              28.3073563
            ],
            [
              -16.804214,
              28.3073792
            ],
            [
              -16.80424,
              28.3073635
            ]
          ]
        ]
      },
      "id": "way/375197593"
    },
    {
      "type": "Feature",
      "properties": {
        "@id": "way/375374634",
        "building": "warehouse",
        "building:levels": "1",
        "height": "3",
        "power": "substation"
      },
      "geometry": {
        "type": "Polygon",
        "coordinates": [
          [
            [
              -16.8420807,
              28.2454607
            ],
            [
              -16.842064,
              28.2454418
            ],
            [
              -16.842032,
              28.2454643
            ],
            [
              -16.8420487,
              28.245483
            ],
            [
              -16.8420807,
              28.2454607
            ]
          ]
        ]
      },
      "id": "way/375374634"
    },
    {
      "type": "Feature",
      "properties": {
        "@id": "way/375547430",
        "building": "yes",
        "power": "substation"
      },
      "geometry": {
        "type": "Polygon",
        "coordinates": [
          [
            [
              -15.7313215,
              27.9056399
            ],
            [
              -15.7312805,
              27.9056146
            ],
            [
              -15.7312545,
              27.9056476
            ],
            [
              -15.7312955,
              27.9056729
            ],
            [
              -15.7313215,
              27.9056399
            ]
          ]
        ]
      },
      "id": "way/375547430"
    },
    {
      "type": "Feature",
      "properties": {
        "@id": "way/376039904",
        "building": "yes",
        "power": "substation"
      },
      "geometry": {
        "type": "Polygon",
        "coordinates": [
          [
            [
              -15.7687653,
              27.9093034
            ],
            [
              -15.7687298,
              27.9092698
            ],
            [
              -15.7686918,
              27.9093011
            ],
            [
              -15.7687274,
              27.9093347
            ],
            [
              -15.7687653,
              27.9093034
            ]
          ]
        ]
      },
      "id": "way/376039904"
    },
    {
      "type": "Feature",
      "properties": {
        "@id": "way/376039905",
        "building": "yes",
        "power": "substation"
      },
      "geometry": {
        "type": "Polygon",
        "coordinates": [
          [
            [
              -15.7581497,
              27.9245214
            ],
            [
              -15.7580971,
              27.9245039
            ],
            [
              -15.7580789,
              27.924547
            ],
            [
              -15.7581315,
              27.9245644
            ],
            [
              -15.7581497,
              27.9245214
            ]
          ]
        ]
      },
      "id": "way/376039905"
    },
    {
      "type": "Feature",
      "properties": {
        "@id": "way/376039906",
        "building": "service",
        "building:levels": "2",
        "power": "substation",
        "ref": "C102146 ET1619SM",
        "roof:colour": "orange",
        "roof:material": "tiles",
        "roof:shape": "gabled"
      },
      "geometry": {
        "type": "Polygon",
        "coordinates": [
          [
            [
              -15.7984082,
              27.8759523
            ],
            [
              -15.7983689,
              27.8759689
            ],
            [
              -15.7983919,
              27.8760114
            ],
            [
              -15.7984312,
              27.8759948
            ],
            [
              -15.7984082,
              27.8759523
            ]
          ]
        ]
      },
      "id": "way/376039906"
    },
    {
      "type": "Feature",
      "properties": {
        "@id": "way/377467612",
        "building": "yes",
        "power": "substation"
      },
      "geometry": {
        "type": "Polygon",
        "coordinates": [
          [
            [
              -15.7739818,
              27.960428
            ],
            [
              -15.7739816,
              27.9603921
            ],
            [
              -15.7739477,
              27.9603923
            ],
            [
              -15.773948,
              27.9604282
            ],
            [
              -15.7739818,
              27.960428
            ]
          ]
        ]
      },
      "id": "way/377467612"
    },
    {
      "type": "Feature",
      "properties": {
        "@id": "way/377467613",
        "building": "yes",
        "power": "substation"
      },
      "geometry": {
        "type": "Polygon",
        "coordinates": [
          [
            [
              -15.7772152,
              27.9655864
            ],
            [
              -15.7772094,
              27.9655471
            ],
            [
              -15.7771763,
              27.9655509
            ],
            [
              -15.777182,
              27.9655902
            ],
            [
              -15.7772152,
              27.9655864
            ]
          ]
        ]
      },
      "id": "way/377467613"
    },
    {
      "type": "Feature",
      "properties": {
        "@id": "way/377467614",
        "building": "yes",
        "power": "substation"
      },
      "geometry": {
        "type": "Polygon",
        "coordinates": [
          [
            [
              -15.8141905,
              28.0006546
            ],
            [
              -15.8141636,
              28.0006295
            ],
            [
              -15.8141335,
              28.0006547
            ],
            [
              -15.8141603,
              28.0006798
            ],
            [
              -15.8141905,
              28.0006546
            ]
          ]
        ]
      },
      "id": "way/377467614"
    },
    {
      "type": "Feature",
      "properties": {
        "@id": "way/377467615",
        "building": "yes",
        "power": "substation"
      },
      "geometry": {
        "type": "Polygon",
        "coordinates": [
          [
            [
              -15.7742734,
              27.9564763
            ],
            [
              -15.7742401,
              27.9564523
            ],
            [
              -15.7742106,
              27.9564843
            ],
            [
              -15.7742439,
              27.9565083
            ],
            [
              -15.7742734,
              27.9564763
            ]
          ]
        ]
      },
      "id": "way/377467615"
    },
    {
      "type": "Feature",
      "properties": {
        "@id": "way/377467616",
        "building": "yes",
        "power": "substation"
      },
      "geometry": {
        "type": "Polygon",
        "coordinates": [
          [
            [
              -15.8012864,
              27.9937081
            ],
            [
              -15.8013217,
              27.99372
            ],
            [
              -15.8013386,
              27.993681
            ],
            [
              -15.8013033,
              27.9936691
            ],
            [
              -15.8012864,
              27.9937081
            ]
          ]
        ]
      },
      "id": "way/377467616"
    },
    {
      "type": "Feature",
      "properties": {
        "@id": "way/377467617",
        "building": "yes",
        "power": "substation"
      },
      "geometry": {
        "type": "Polygon",
        "coordinates": [
          [
            [
              -15.7787071,
              27.9749707
            ],
            [
              -15.7786788,
              27.9749949
            ],
            [
              -15.7786937,
              27.9750084
            ],
            [
              -15.7787126,
              27.9750256
            ],
            [
              -15.7787409,
              27.9750014
            ],
            [
              -15.7787071,
              27.9749707
            ]
          ]
        ]
      },
      "id": "way/377467617"
    },
    {
      "type": "Feature",
      "properties": {
        "@id": "way/377467618",
        "building": "yes",
        "power": "substation"
      },
      "geometry": {
        "type": "Polygon",
        "coordinates": [
          [
            [
              -15.7698177,
              27.9830793
            ],
            [
              -15.769803,
              27.983057
            ],
            [
              -15.7697939,
              27.983043
            ],
            [
              -15.7697548,
              27.9830631
            ],
            [
              -15.7697786,
              27.9830993
            ],
            [
              -15.7698177,
              27.9830793
            ]
          ]
        ]
      },
      "id": "way/377467618"
    },
    {
      "type": "Feature",
      "properties": {
        "@id": "way/377467619",
        "building": "yes",
        "power": "substation"
      },
      "geometry": {
        "type": "Polygon",
        "coordinates": [
          [
            [
              -15.8063892,
              27.9980246
            ],
            [
              -15.8063753,
              27.9980164
            ],
            [
              -15.8063568,
              27.9980054
            ],
            [
              -15.8063384,
              27.9980297
            ],
            [
              -15.8063708,
              27.9980488
            ],
            [
              -15.8063892,
              27.9980246
            ]
          ]
        ]
      },
      "id": "way/377467619"
    },
    {
      "type": "Feature",
      "properties": {
        "@id": "way/377467620",
        "building": "yes",
        "power": "substation"
      },
      "geometry": {
        "type": "Polygon",
        "coordinates": [
          [
            [
              -15.7798813,
              27.9853239
            ],
            [
              -15.7798909,
              27.9852723
            ],
            [
              -15.7798488,
              27.9852663
            ],
            [
              -15.7798446,
              27.9852887
            ],
            [
              -15.7798392,
              27.9853179
            ],
            [
              -15.7798608,
              27.985321
            ],
            [
              -15.7798813,
              27.9853239
            ]
          ]
        ]
      },
      "id": "way/377467620"
    },
    {
      "type": "Feature",
      "properties": {
        "@id": "way/377467621",
        "building": "yes",
        "power": "substation"
      },
      "geometry": {
        "type": "Polygon",
        "coordinates": [
          [
            [
              -15.7974177,
              27.9909107
            ],
            [
              -15.7974241,
              27.9908919
            ],
            [
              -15.7974294,
              27.9908763
            ],
            [
              -15.797406,
              27.9908701
            ],
            [
              -15.7973847,
              27.9908645
            ],
            [
              -15.797373,
              27.9908989
            ],
            [
              -15.7974177,
              27.9909107
            ]
          ]
        ]
      },
      "id": "way/377467621"
    },
    {
      "type": "Feature",
      "properties": {
        "@id": "way/377467623",
        "building": "yes",
        "power": "substation"
      },
      "geometry": {
        "type": "Polygon",
        "coordinates": [
          [
            [
              -15.811316,
              27.996826
            ],
            [
              -15.8112878,
              27.9967995
            ],
            [
              -15.8112743,
              27.9968106
            ],
            [
              -15.8112558,
              27.996826
            ],
            [
              -15.811284,
              27.9968525
            ],
            [
              -15.8112968,
              27.9968419
            ],
            [
              -15.811316,
              27.996826
            ]
          ]
        ]
      },
      "id": "way/377467623"
    },
    {
      "type": "Feature",
      "properties": {
        "@id": "way/377467625",
        "building": "yes",
        "power": "substation"
      },
      "geometry": {
        "type": "Polygon",
        "coordinates": [
          [
            [
              -15.7732214,
              27.9804621
            ],
            [
              -15.7732084,
              27.980453
            ],
            [
              -15.7731832,
              27.9804354
            ],
            [
              -15.7731504,
              27.980472
            ],
            [
              -15.773168,
              27.9804843
            ],
            [
              -15.7731885,
              27.9804987
            ],
            [
              -15.7732043,
              27.9804811
            ],
            [
              -15.7732214,
              27.9804621
            ]
          ]
        ]
      },
      "id": "way/377467625"
    },
    {
      "type": "Feature",
      "properties": {
        "@id": "way/378424122",
        "building": "yes",
        "power": "substation"
      },
      "geometry": {
        "type": "Polygon",
        "coordinates": [
          [
            [
              -15.7830272,
              27.9920255
            ],
            [
              -15.7829821,
              27.992016
            ],
            [
              -15.7829694,
              27.9920628
            ],
            [
              -15.7830146,
              27.9920723
            ],
            [
              -15.7830272,
              27.9920255
            ]
          ]
        ]
      },
      "id": "way/378424122"
    },
    {
      "type": "Feature",
      "properties": {
        "@id": "way/378424123",
        "building": "yes",
        "power": "substation"
      },
      "geometry": {
        "type": "Polygon",
        "coordinates": [
          [
            [
              -15.7792049,
              27.9940356
            ],
            [
              -15.7791975,
              27.9940029
            ],
            [
              -15.7791552,
              27.9940104
            ],
            [
              -15.7791626,
              27.994043
            ],
            [
              -15.7792049,
              27.9940356
            ]
          ]
        ]
      },
      "id": "way/378424123"
    },
    {
      "type": "Feature",
      "properties": {
        "@id": "way/381698273",
        "building": "yes",
        "power": "substation"
      },
      "geometry": {
        "type": "Polygon",
        "coordinates": [
          [
            [
              -15.6634905,
              27.9693002
            ],
            [
              -15.6634509,
              27.9693069
            ],
            [
              -15.6634601,
              27.9693489
            ],
            [
              -15.6634997,
              27.9693422
            ],
            [
              -15.6634905,
              27.9693002
            ]
          ]
        ]
      },
      "id": "way/381698273"
    },
    {
      "type": "Feature",
      "properties": {
        "@id": "way/381698274",
        "building": "yes",
        "power": "substation"
      },
      "geometry": {
        "type": "Polygon",
        "coordinates": [
          [
            [
              -15.6266748,
              27.9705565
            ],
            [
              -15.6266883,
              27.9705176
            ],
            [
              -15.626654,
              27.9705082
            ],
            [
              -15.6266404,
              27.9705472
            ],
            [
              -15.6266748,
              27.9705565
            ]
          ]
        ]
      },
      "id": "way/381698274"
    },
    {
      "type": "Feature",
      "properties": {
        "@id": "way/381698275",
        "building": "yes",
        "power": "substation"
      },
      "geometry": {
        "type": "Polygon",
        "coordinates": [
          [
            [
              -15.6453947,
              27.9569914
            ],
            [
              -15.6453549,
              27.9570025
            ],
            [
              -15.6453702,
              27.9570451
            ],
            [
              -15.64541,
              27.9570339
            ],
            [
              -15.6453947,
              27.9569914
            ]
          ]
        ]
      },
      "id": "way/381698275"
    },
    {
      "type": "Feature",
      "properties": {
        "@id": "way/381698276",
        "building": "yes",
        "power": "substation"
      },
      "geometry": {
        "type": "Polygon",
        "coordinates": [
          [
            [
              -15.6129348,
              27.984751
            ],
            [
              -15.6129491,
              27.9847138
            ],
            [
              -15.6129091,
              27.9847018
            ],
            [
              -15.6128948,
              27.984739
            ],
            [
              -15.6129348,
              27.984751
            ]
          ]
        ]
      },
      "id": "way/381698276"
    },
    {
      "type": "Feature",
      "properties": {
        "@id": "way/381698277",
        "building": "yes",
        "power": "substation"
      },
      "geometry": {
        "type": "Polygon",
        "coordinates": [
          [
            [
              -15.6087647,
              27.9578205
            ],
            [
              -15.6087659,
              27.9577991
            ],
            [
              -15.6087669,
              27.9577811
            ],
            [
              -15.6087361,
              27.9577798
            ],
            [
              -15.6087339,
              27.9578192
            ],
            [
              -15.6087647,
              27.9578205
            ]
          ]
        ]
      },
      "id": "way/381698277"
    },
    {
      "type": "Feature",
      "properties": {
        "@id": "way/381764393",
        "building": "yes",
        "power": "substation"
      },
      "geometry": {
        "type": "Polygon",
        "coordinates": [
          [
            [
              -15.6164301,
              28.0018124
            ],
            [
              -15.6163917,
              28.0018111
            ],
            [
              -15.61639,
              28.0018513
            ],
            [
              -15.6164284,
              28.0018526
            ],
            [
              -15.6164301,
              28.0018124
            ]
          ]
        ]
      },
      "id": "way/381764393"
    },
    {
      "type": "Feature",
      "properties": {
        "@id": "way/381764395",
        "building": "yes",
        "power": "substation"
      },
      "geometry": {
        "type": "Polygon",
        "coordinates": [
          [
            [
              -15.6001067,
              27.9778301
            ],
            [
              -15.6000963,
              27.9777876
            ],
            [
              -15.6000564,
              27.9777952
            ],
            [
              -15.6000668,
              27.9778377
            ],
            [
              -15.6001067,
              27.9778301
            ]
          ]
        ]
      },
      "id": "way/381764395"
    },
    {
      "type": "Feature",
      "properties": {
        "@id": "way/381764396",
        "building": "yes",
        "power": "substation"
      },
      "geometry": {
        "type": "Polygon",
        "coordinates": [
          [
            [
              -15.6175425,
              27.995662
            ],
            [
              -15.6175051,
              27.9956482
            ],
            [
              -15.617487,
              27.9956863
            ],
            [
              -15.6175245,
              27.9957001
            ],
            [
              -15.6175425,
              27.995662
            ]
          ]
        ]
      },
      "id": "way/381764396"
    },
    {
      "type": "Feature",
      "properties": {
        "@id": "way/381764398",
        "building": "yes",
        "power": "substation"
      },
      "geometry": {
        "type": "Polygon",
        "coordinates": [
          [
            [
              -15.6056144,
              27.9942313
            ],
            [
              -15.6055941,
              27.9942031
            ],
            [
              -15.6055714,
              27.9942158
            ],
            [
              -15.6055579,
              27.9942233
            ],
            [
              -15.6055781,
              27.9942516
            ],
            [
              -15.6056144,
              27.9942313
            ]
          ]
        ]
      },
      "id": "way/381764398"
    },
    {
      "type": "Feature",
      "properties": {
        "@id": "way/381764399",
        "building": "yes",
        "power": "substation"
      },
      "geometry": {
        "type": "Polygon",
        "coordinates": [
          [
            [
              -15.6022824,
              27.9875002
            ],
            [
              -15.6022705,
              27.9874654
            ],
            [
              -15.6022327,
              27.9874755
            ],
            [
              -15.6022446,
              27.9875103
            ],
            [
              -15.6022824,
              27.9875002
            ]
          ]
        ]
      },
      "id": "way/381764399"
    },
    {
      "type": "Feature",
      "properties": {
        "@id": "way/381971895",
        "building": "yes",
        "power": "substation"
      },
      "geometry": {
        "type": "Polygon",
        "coordinates": [
          [
            [
              -15.5997616,
              28.0075763
            ],
            [
              -15.5997164,
              28.0075925
            ],
            [
              -15.5997368,
              28.0076369
            ],
            [
              -15.599782,
              28.0076207
            ],
            [
              -15.5997616,
              28.0075763
            ]
          ]
        ]
      },
      "id": "way/381971895"
    },
    {
      "type": "Feature",
      "properties": {
        "@id": "way/383296826",
        "building": "yes",
        "power": "substation"
      },
      "geometry": {
        "type": "Polygon",
        "coordinates": [
          [
            [
              -15.7211263,
              27.979483
            ],
            [
              -15.7210721,
              27.9794648
            ],
            [
              -15.7210587,
              27.979496
            ],
            [
              -15.7211128,
              27.9795142
            ],
            [
              -15.7211263,
              27.979483
            ]
          ]
        ]
      },
      "id": "way/383296826"
    },
    {
      "type": "Feature",
      "properties": {
        "@id": "way/383447992",
        "building": "yes",
        "power": "substation"
      },
      "geometry": {
        "type": "Polygon",
        "coordinates": [
          [
            [
              -15.5337751,
              27.7755602
            ],
            [
              -15.5337881,
              27.775559
            ],
            [
              -15.5337987,
              27.7755522
            ],
            [
              -15.533804,
              27.7755416
            ],
            [
              -15.5338026,
              27.7755301
            ],
            [
              -15.5337949,
              27.7755207
            ],
            [
              -15.533783,
              27.775516
            ],
            [
              -15.53377,
              27.7755172
            ],
            [
              -15.5337594,
              27.775524
            ],
            [
              -15.5337541,
              27.7755346
            ],
            [
              -15.5337554,
              27.7755461
            ],
            [
              -15.5337631,
              27.7755555
            ],
            [
              -15.5337751,
              27.7755602
            ]
          ]
        ]
      },
      "id": "way/383447992"
    },
    {
      "type": "Feature",
      "properties": {
        "@id": "way/384987856",
        "building": "yes",
        "power": "substation"
      },
      "geometry": {
        "type": "Polygon",
        "coordinates": [
          [
            [
              -15.6489558,
              28.0292559
            ],
            [
              -15.6489157,
              28.0292373
            ],
            [
              -15.6488942,
              28.0292733
            ],
            [
              -15.6489343,
              28.0292919
            ],
            [
              -15.6489558,
              28.0292559
            ]
          ]
        ]
      },
      "id": "way/384987856"
    },
    {
      "type": "Feature",
      "properties": {
        "@id": "way/384987858",
        "building": "yes",
        "power": "substation"
      },
      "geometry": {
        "type": "Polygon",
        "coordinates": [
          [
            [
              -15.6751334,
              28.0420837
            ],
            [
              -15.6751236,
              28.0420416
            ],
            [
              -15.6750829,
              28.042049
            ],
            [
              -15.6750927,
              28.042091
            ],
            [
              -15.6751334,
              28.0420837
            ]
          ]
        ]
      },
      "id": "way/384987858"
    },
    {
      "type": "Feature",
      "properties": {
        "@id": "way/384987860",
        "building": "yes",
        "power": "substation"
      },
      "geometry": {
        "type": "Polygon",
        "coordinates": [
          [
            [
              -15.6708865,
              28.0436135
            ],
            [
              -15.6708421,
              28.0436116
            ],
            [
              -15.6708397,
              28.0436533
            ],
            [
              -15.6708842,
              28.0436553
            ],
            [
              -15.6708865,
              28.0436135
            ]
          ]
        ]
      },
      "id": "way/384987860"
    },
    {
      "type": "Feature",
      "properties": {
        "@id": "way/385112459",
        "building": "yes",
        "power": "substation"
      },
      "geometry": {
        "type": "Polygon",
        "coordinates": [
          [
            [
              -15.6358968,
              28.0266265
            ],
            [
              -15.6358576,
              28.0266158
            ],
            [
              -15.6358441,
              28.0266545
            ],
            [
              -15.6358834,
              28.0266651
            ],
            [
              -15.6358968,
              28.0266265
            ]
          ]
        ]
      },
      "id": "way/385112459"
    },
    {
      "type": "Feature",
      "properties": {
        "@id": "way/386478318",
        "building": "transformer_tower",
        "power": "substation"
      },
      "geometry": {
        "type": "Polygon",
        "coordinates": [
          [
            [
              -15.6721207,
              28.0809277
            ],
            [
              -15.6720909,
              28.0809094
            ],
            [
              -15.6720652,
              28.0809418
            ],
            [
              -15.672095,
              28.0809602
            ],
            [
              -15.6721207,
              28.0809277
            ]
          ]
        ]
      },
      "id": "way/386478318"
    },
    {
      "type": "Feature",
      "properties": {
        "@id": "way/386478320",
        "building": "transformer_tower",
        "power": "substation"
      },
      "geometry": {
        "type": "Polygon",
        "coordinates": [
          [
            [
              -15.6613135,
              28.0702669
            ],
            [
              -15.6612916,
              28.0702568
            ],
            [
              -15.6612682,
              28.070246
            ],
            [
              -15.6612437,
              28.0702874
            ],
            [
              -15.6612889,
              28.0703083
            ],
            [
              -15.6613135,
              28.0702669
            ]
          ]
        ]
      },
      "id": "way/386478320"
    },
    {
      "type": "Feature",
      "properties": {
        "@id": "way/386478322",
        "building": "transformer_tower",
        "power": "substation"
      },
      "geometry": {
        "type": "Polygon",
        "coordinates": [
          [
            [
              -15.6674992,
              28.076055
            ],
            [
              -15.667497,
              28.0760214
            ],
            [
              -15.6674615,
              28.0760232
            ],
            [
              -15.6674637,
              28.0760568
            ],
            [
              -15.6674992,
              28.076055
            ]
          ]
        ]
      },
      "id": "way/386478322"
    },
    {
      "type": "Feature",
      "properties": {
        "@id": "way/387191266",
        "building": "yes",
        "power": "substation"
      },
      "geometry": {
        "type": "Polygon",
        "coordinates": [
          [
            [
              -15.6958717,
              28.1221778
            ],
            [
              -15.6958412,
              28.1221956
            ],
            [
              -15.6958609,
              28.1222219
            ],
            [
              -15.6958914,
              28.1222041
            ],
            [
              -15.6958717,
              28.1221778
            ]
          ]
        ]
      },
      "id": "way/387191266"
    },
    {
      "type": "Feature",
      "properties": {
        "@id": "way/390586575",
        "building": "yes",
        "power": "substation"
      },
      "geometry": {
        "type": "Polygon",
        "coordinates": [
          [
            [
              -15.664426,
              28.1359349
            ],
            [
              -15.6643846,
              28.1359177
            ],
            [
              -15.6643656,
              28.1359532
            ],
            [
              -15.6644069,
              28.1359704
            ],
            [
              -15.664426,
              28.1359349
            ]
          ]
        ]
      },
      "id": "way/390586575"
    },
    {
      "type": "Feature",
      "properties": {
        "@id": "way/390859996",
        "building": "yes",
        "power": "substation"
      },
      "geometry": {
        "type": "Polygon",
        "coordinates": [
          [
            [
              -15.6642875,
              28.1135094
            ],
            [
              -15.6642722,
              28.1134649
            ],
            [
              -15.6642321,
              28.1134756
            ],
            [
              -15.6642473,
              28.1135201
            ],
            [
              -15.6642875,
              28.1135094
            ]
          ]
        ]
      },
      "id": "way/390859996"
    },
    {
      "type": "Feature",
      "properties": {
        "@id": "way/391385041",
        "building": "yes",
        "power": "substation"
      },
      "geometry": {
        "type": "Polygon",
        "coordinates": [
          [
            [
              -15.6477045,
              28.0769629
            ],
            [
              -15.6476877,
              28.0769193
            ],
            [
              -15.6476451,
              28.0769321
            ],
            [
              -15.647662,
              28.0769757
            ],
            [
              -15.6477045,
              28.0769629
            ]
          ]
        ]
      },
      "id": "way/391385041"
    },
    {
      "type": "Feature",
      "properties": {
        "@id": "way/391385042",
        "building": "yes",
        "power": "substation"
      },
      "geometry": {
        "type": "Polygon",
        "coordinates": [
          [
            [
              -15.6418085,
              28.0947779
            ],
            [
              -15.6417641,
              28.0947643
            ],
            [
              -15.6417482,
              28.0948044
            ],
            [
              -15.6417926,
              28.0948181
            ],
            [
              -15.6418085,
              28.0947779
            ]
          ]
        ]
      },
      "id": "way/391385042"
    },
    {
      "type": "Feature",
      "properties": {
        "@id": "way/391916382",
        "building": "yes",
        "power": "substation"
      },
      "geometry": {
        "type": "Polygon",
        "coordinates": [
          [
            [
              -15.6301458,
              28.0370517
            ],
            [
              -15.6301117,
              28.0370311
            ],
            [
              -15.6300884,
              28.0370612
            ],
            [
              -15.6301225,
              28.0370818
            ],
            [
              -15.6301458,
              28.0370517
            ]
          ]
        ]
      },
      "id": "way/391916382"
    },
    {
      "type": "Feature",
      "properties": {
        "@id": "way/391916383",
        "building": "yes",
        "power": "substation"
      },
      "geometry": {
        "type": "Polygon",
        "coordinates": [
          [
            [
              -15.6345239,
              28.0315409
            ],
            [
              -15.6344856,
              28.0315504
            ],
            [
              -15.6344981,
              28.0315894
            ],
            [
              -15.6345364,
              28.0315799
            ],
            [
              -15.6345239,
              28.0315409
            ]
          ]
        ]
      },
      "id": "way/391916383"
    },
    {
      "type": "Feature",
      "properties": {
        "@id": "way/391916384",
        "building": "yes",
        "power": "substation"
      },
      "geometry": {
        "type": "Polygon",
        "coordinates": [
          [
            [
              -15.6371285,
              28.0374115
            ],
            [
              -15.6371581,
              28.0373837
            ],
            [
              -15.6371304,
              28.0373607
            ],
            [
              -15.6371008,
              28.0373885
            ],
            [
              -15.6371285,
              28.0374115
            ]
          ]
        ]
      },
      "id": "way/391916384"
    },
    {
      "type": "Feature",
      "properties": {
        "@id": "way/391916385",
        "building": "yes",
        "power": "substation"
      },
      "geometry": {
        "type": "Polygon",
        "coordinates": [
          [
            [
              -15.6422515,
              28.0391105
            ],
            [
              -15.6422333,
              28.0390735
            ],
            [
              -15.6422052,
              28.0390843
            ],
            [
              -15.6422235,
              28.0391213
            ],
            [
              -15.6422515,
              28.0391105
            ]
          ]
        ]
      },
      "id": "way/391916385"
    },
    {
      "type": "Feature",
      "properties": {
        "@id": "way/391916386",
        "building": "yes",
        "power": "substation"
      },
      "geometry": {
        "type": "Polygon",
        "coordinates": [
          [
            [
              -15.651629,
              28.043104
            ],
            [
              -15.651604,
              28.0430764
            ],
            [
              -15.6515735,
              28.0430979
            ],
            [
              -15.6515984,
              28.0431255
            ],
            [
              -15.651629,
              28.043104
            ]
          ]
        ]
      },
      "id": "way/391916386"
    },
    {
      "type": "Feature",
      "properties": {
        "@id": "way/392262001",
        "building": "yes",
        "power": "substation"
      },
      "geometry": {
        "type": "Polygon",
        "coordinates": [
          [
            [
              -15.6132875,
              28.0603421
            ],
            [
              -15.6133135,
              28.0603074
            ],
            [
              -15.6132769,
              28.060286
            ],
            [
              -15.6132509,
              28.0603207
            ],
            [
              -15.6132875,
              28.0603421
            ]
          ]
        ]
      },
      "id": "way/392262001"
    },
    {
      "type": "Feature",
      "properties": {
        "@id": "way/392262002",
        "building": "yes",
        "power": "substation"
      },
      "geometry": {
        "type": "Polygon",
        "coordinates": [
          [
            [
              -15.6070346,
              28.058441
            ],
            [
              -15.6070277,
              28.0583995
            ],
            [
              -15.606987,
              28.0584048
            ],
            [
              -15.6069938,
              28.0584463
            ],
            [
              -15.6070346,
              28.058441
            ]
          ]
        ]
      },
      "id": "way/392262002"
    },
    {
      "type": "Feature",
      "properties": {
        "@id": "way/392262003",
        "building": "yes",
        "power": "substation"
      },
      "geometry": {
        "type": "Polygon",
        "coordinates": [
          [
            [
              -15.594259,
              28.0693424
            ],
            [
              -15.5942146,
              28.069352
            ],
            [
              -15.5942252,
              28.0693902
            ],
            [
              -15.5942696,
              28.0693807
            ],
            [
              -15.594259,
              28.0693424
            ]
          ]
        ]
      },
      "id": "way/392262003"
    },
    {
      "type": "Feature",
      "properties": {
        "@id": "way/392262004",
        "building": "yes",
        "power": "substation"
      },
      "geometry": {
        "type": "Polygon",
        "coordinates": [
          [
            [
              -15.6000563,
              28.0589106
            ],
            [
              -15.6000336,
              28.0588967
            ],
            [
              -15.6000151,
              28.0589202
            ],
            [
              -15.6000378,
              28.0589341
            ],
            [
              -15.6000563,
              28.0589106
            ]
          ]
        ]
      },
      "id": "way/392262004"
    },
    {
      "type": "Feature",
      "properties": {
        "@id": "way/392262005",
        "building": "yes",
        "power": "substation"
      },
      "geometry": {
        "type": "Polygon",
        "coordinates": [
          [
            [
              -15.5928006,
              28.0444755
            ],
            [
              -15.5927695,
              28.0444481
            ],
            [
              -15.5927342,
              28.0444793
            ],
            [
              -15.5927652,
              28.0445067
            ],
            [
              -15.5928006,
              28.0444755
            ]
          ]
        ]
      },
      "id": "way/392262005"
    },
    {
      "type": "Feature",
      "properties": {
        "@id": "way/392262006",
        "building": "yes",
        "power": "substation"
      },
      "geometry": {
        "type": "Polygon",
        "coordinates": [
          [
            [
              -15.6068555,
              28.0736557
            ],
            [
              -15.6068247,
              28.0736236
            ],
            [
              -15.6067915,
              28.0736483
            ],
            [
              -15.6068223,
              28.0736805
            ],
            [
              -15.6068555,
              28.0736557
            ]
          ]
        ]
      },
      "id": "way/392262006"
    },
    {
      "type": "Feature",
      "properties": {
        "@id": "way/392262007",
        "building": "yes",
        "power": "substation"
      },
      "geometry": {
        "type": "Polygon",
        "coordinates": [
          [
            [
              -15.5987027,
              28.0683503
            ],
            [
              -15.5986678,
              28.0683374
            ],
            [
              -15.5986514,
              28.0683718
            ],
            [
              -15.5986863,
              28.0683847
            ],
            [
              -15.5987027,
              28.0683503
            ]
          ]
        ]
      },
      "id": "way/392262007"
    },
    {
      "type": "Feature",
      "properties": {
        "@id": "way/392568939",
        "building": "yes",
        "power": "substation"
      },
      "geometry": {
        "type": "Polygon",
        "coordinates": [
          [
            [
              -15.6203877,
              28.0746779
            ],
            [
              -15.6203002,
              28.0746348
            ],
            [
              -15.6202653,
              28.0746902
            ],
            [
              -15.6203527,
              28.0747332
            ],
            [
              -15.6203877,
              28.0746779
            ]
          ]
        ]
      },
      "id": "way/392568939"
    },
    {
      "type": "Feature",
      "properties": {
        "@id": "way/392568940",
        "building": "yes",
        "power": "substation"
      },
      "geometry": {
        "type": "Polygon",
        "coordinates": [
          [
            [
              -15.619063,
              28.0740073
            ],
            [
              -15.6190257,
              28.0739827
            ],
            [
              -15.6189942,
              28.0740199
            ],
            [
              -15.6190315,
              28.0740445
            ],
            [
              -15.619063,
              28.0740073
            ]
          ]
        ]
      },
      "id": "way/392568940"
    },
    {
      "type": "Feature",
      "properties": {
        "@id": "way/392568941",
        "building": "yes",
        "power": "substation"
      },
      "geometry": {
        "type": "Polygon",
        "coordinates": [
          [
            [
              -15.6163335,
              28.0800118
            ],
            [
              -15.6162388,
              28.0799646
            ],
            [
              -15.6161985,
              28.0800277
            ],
            [
              -15.6162931,
              28.0800749
            ],
            [
              -15.6163335,
              28.0800118
            ]
          ]
        ]
      },
      "id": "way/392568941"
    },
    {
      "type": "Feature",
      "properties": {
        "@id": "way/392568942",
        "building": "yes",
        "power": "substation"
      },
      "geometry": {
        "type": "Polygon",
        "coordinates": [
          [
            [
              -15.630643,
              28.0793377
            ],
            [
              -15.6305014,
              28.0793326
            ],
            [
              -15.6304898,
              28.0794192
            ],
            [
              -15.6306227,
              28.079432
            ],
            [
              -15.630643,
              28.0793377
            ]
          ]
        ]
      },
      "id": "way/392568942"
    },
    {
      "type": "Feature",
      "properties": {
        "@id": "way/393401757",
        "building": "yes",
        "power": "substation"
      },
      "geometry": {
        "type": "Polygon",
        "coordinates": [
          [
            [
              -15.6244028,
              28.0812294
            ],
            [
              -15.6243612,
              28.0812123
            ],
            [
              -15.6243447,
              28.0812436
            ],
            [
              -15.6243862,
              28.0812607
            ],
            [
              -15.6244028,
              28.0812294
            ]
          ]
        ]
      },
      "id": "way/393401757"
    },
    {
      "type": "Feature",
      "properties": {
        "@id": "way/393401758",
        "building": "yes",
        "power": "substation"
      },
      "geometry": {
        "type": "Polygon",
        "coordinates": [
          [
            [
              -15.6249454,
              28.0742357
            ],
            [
              -15.6249082,
              28.0742084
            ],
            [
              -15.6248824,
              28.0742358
            ],
            [
              -15.6249196,
              28.0742631
            ],
            [
              -15.6249454,
              28.0742357
            ]
          ]
        ]
      },
      "id": "way/393401758"
    },
    {
      "type": "Feature",
      "properties": {
        "@id": "way/393461456",
        "building": "yes",
        "power": "substation"
      },
      "geometry": {
        "type": "Polygon",
        "coordinates": [
          [
            [
              -15.6119081,
              28.0883184
            ],
            [
              -15.6119113,
              28.0882769
            ],
            [
              -15.6118742,
              28.0882746
            ],
            [
              -15.611871,
              28.0883162
            ],
            [
              -15.6119081,
              28.0883184
            ]
          ]
        ]
      },
      "id": "way/393461456"
    },
    {
      "type": "Feature",
      "properties": {
        "@id": "way/393461457",
        "building": "yes",
        "power": "substation"
      },
      "geometry": {
        "type": "Polygon",
        "coordinates": [
          [
            [
              -15.6046294,
              28.1148766
            ],
            [
              -15.6046205,
              28.1148373
            ],
            [
              -15.604583,
              28.1148439
            ],
            [
              -15.6045919,
              28.1148832
            ],
            [
              -15.6046294,
              28.1148766
            ]
          ]
        ]
      },
      "id": "way/393461457"
    },
    {
      "type": "Feature",
      "properties": {
        "@id": "way/393461458",
        "building": "yes",
        "power": "substation"
      },
      "geometry": {
        "type": "Polygon",
        "coordinates": [
          [
            [
              -15.6064501,
              28.1035601
            ],
            [
              -15.6064069,
              28.1035422
            ],
            [
              -15.6063891,
              28.1035757
            ],
            [
              -15.6064323,
              28.1035935
            ],
            [
              -15.6064501,
              28.1035601
            ]
          ]
        ]
      },
      "id": "way/393461458"
    },
    {
      "type": "Feature",
      "properties": {
        "@id": "way/393461459",
        "building": "yes",
        "power": "substation"
      },
      "geometry": {
        "type": "Polygon",
        "coordinates": [
          [
            [
              -15.6190026,
              28.0843751
            ],
            [
              -15.6190018,
              28.0843373
            ],
            [
              -15.6189662,
              28.0843379
            ],
            [
              -15.618967,
              28.0843757
            ],
            [
              -15.6190026,
              28.0843751
            ]
          ]
        ]
      },
      "id": "way/393461459"
    },
    {
      "type": "Feature",
      "properties": {
        "@id": "way/394293291",
        "building": "yes",
        "power": "substation"
      },
      "geometry": {
        "type": "Polygon",
        "coordinates": [
          [
            [
              -15.6178764,
              28.1281009
            ],
            [
              -15.6178114,
              28.1279431
            ],
            [
              -15.6174877,
              28.1280467
            ],
            [
              -15.6175527,
              28.1282046
            ],
            [
              -15.6178764,
              28.1281009
            ]
          ]
        ]
      },
      "id": "way/394293291"
    },
    {
      "type": "Feature",
      "properties": {
        "@id": "way/394409302",
        "building": "yes",
        "power": "substation"
      },
      "geometry": {
        "type": "Polygon",
        "coordinates": [
          [
            [
              -15.6096025,
              28.1440533
            ],
            [
              -15.6095607,
              28.1440539
            ],
            [
              -15.6095613,
              28.1440942
            ],
            [
              -15.6096032,
              28.1440937
            ],
            [
              -15.6096025,
              28.1440533
            ]
          ]
        ]
      },
      "id": "way/394409302"
    },
    {
      "type": "Feature",
      "properties": {
        "@id": "way/394619661",
        "building": "yes",
        "power": "substation"
      },
      "geometry": {
        "type": "Polygon",
        "coordinates": [
          [
            [
              -15.5953642,
              28.143411
            ],
            [
              -15.5953609,
              28.1433948
            ],
            [
              -15.5953564,
              28.1433732
            ],
            [
              -15.595315,
              28.1433798
            ],
            [
              -15.5953192,
              28.1434001
            ],
            [
              -15.5953228,
              28.1434177
            ],
            [
              -15.5953642,
              28.143411
            ]
          ]
        ]
      },
      "id": "way/394619661"
    },
    {
      "type": "Feature",
      "properties": {
        "@id": "way/396859800",
        "building": "yes",
        "power": "substation"
      },
      "geometry": {
        "type": "Polygon",
        "coordinates": [
          [
            [
              -15.5810401,
              28.0936482
            ],
            [
              -15.5810094,
              28.0936269
            ],
            [
              -15.5809805,
              28.0936593
            ],
            [
              -15.5810111,
              28.0936806
            ],
            [
              -15.5810401,
              28.0936482
            ]
          ]
        ]
      },
      "id": "way/396859800"
    },
    {
      "type": "Feature",
      "properties": {
        "@id": "way/396859801",
        "building": "yes",
        "power": "substation"
      },
      "geometry": {
        "type": "Polygon",
        "coordinates": [
          [
            [
              -15.5774424,
              28.1002663
            ],
            [
              -15.5774016,
              28.1002603
            ],
            [
              -15.5773943,
              28.1002995
            ],
            [
              -15.5774352,
              28.1003054
            ],
            [
              -15.5774424,
              28.1002663
            ]
          ]
        ]
      },
      "id": "way/396859801"
    },
    {
      "type": "Feature",
      "properties": {
        "@id": "way/396859802",
        "building": "yes",
        "power": "substation"
      },
      "geometry": {
        "type": "Polygon",
        "coordinates": [
          [
            [
              -15.6017943,
              28.0760553
            ],
            [
              -15.6017682,
              28.0760307
            ],
            [
              -15.6017396,
              28.0760542
            ],
            [
              -15.6017656,
              28.0760789
            ],
            [
              -15.6017943,
              28.0760553
            ]
          ]
        ]
      },
      "id": "way/396859802"
    },
    {
      "type": "Feature",
      "properties": {
        "@id": "way/396859803",
        "building": "yes",
        "power": "substation"
      },
      "geometry": {
        "type": "Polygon",
        "coordinates": [
          [
            [
              -15.5825159,
              28.1080438
            ],
            [
              -15.5825284,
              28.1079964
            ],
            [
              -15.5824931,
              28.1079892
            ],
            [
              -15.5824806,
              28.1080366
            ],
            [
              -15.5825159,
              28.1080438
            ]
          ]
        ]
      },
      "id": "way/396859803"
    },
    {
      "type": "Feature",
      "properties": {
        "@id": "way/396859804",
        "building": "yes",
        "power": "substation"
      },
      "geometry": {
        "type": "Polygon",
        "coordinates": [
          [
            [
              -15.5769262,
              28.1106845
            ],
            [
              -15.5769156,
              28.1106494
            ],
            [
              -15.5768773,
              28.1106583
            ],
            [
              -15.5768878,
              28.1106935
            ],
            [
              -15.5769262,
              28.1106845
            ]
          ]
        ]
      },
      "id": "way/396859804"
    },
    {
      "type": "Feature",
      "properties": {
        "@id": "way/397063853",
        "building": "yes",
        "power": "substation"
      },
      "geometry": {
        "type": "Polygon",
        "coordinates": [
          [
            [
              -15.5653931,
              28.1265574
            ],
            [
              -15.5653528,
              28.1265302
            ],
            [
              -15.5653244,
              28.1265629
            ],
            [
              -15.5653647,
              28.1265901
            ],
            [
              -15.5653785,
              28.1265742
            ],
            [
              -15.5653931,
              28.1265574
            ]
          ]
        ]
      },
      "id": "way/397063853"
    },
    {
      "type": "Feature",
      "properties": {
        "@id": "way/397063856",
        "building": "yes",
        "power": "substation"
      },
      "geometry": {
        "type": "Polygon",
        "coordinates": [
          [
            [
              -15.5696195,
              28.1277421
            ],
            [
              -15.5695759,
              28.127732
            ],
            [
              -15.5695601,
              28.1277847
            ],
            [
              -15.5696036,
              28.1277949
            ],
            [
              -15.5696195,
              28.1277421
            ]
          ]
        ]
      },
      "id": "way/397063856"
    },
    {
      "type": "Feature",
      "properties": {
        "@id": "way/397131937",
        "building": "yes",
        "power": "substation"
      },
      "geometry": {
        "type": "Polygon",
        "coordinates": [
          [
            [
              -15.5726255,
              28.1425714
            ],
            [
              -15.5725795,
              28.1425603
            ],
            [
              -15.5725654,
              28.1426059
            ],
            [
              -15.5726115,
              28.1426169
            ],
            [
              -15.5726255,
              28.1425714
            ]
          ]
        ]
      },
      "id": "way/397131937"
    },
    {
      "type": "Feature",
      "properties": {
        "@id": "way/397212001",
        "building": "yes",
        "power": "substation"
      },
      "geometry": {
        "type": "Polygon",
        "coordinates": [
          [
            [
              -15.58564,
              28.1361467
            ],
            [
              -15.5856302,
              28.1361045
            ],
            [
              -15.5855809,
              28.1361133
            ],
            [
              -15.5855906,
              28.1361555
            ],
            [
              -15.5856118,
              28.1361517
            ],
            [
              -15.58564,
              28.1361467
            ]
          ]
        ]
      },
      "id": "way/397212001"
    },
    {
      "type": "Feature",
      "properties": {
        "@id": "way/397215565",
        "building": "yes",
        "power": "substation"
      },
      "geometry": {
        "type": "Polygon",
        "coordinates": [
          [
            [
              -15.5500658,
              28.1449019
            ],
            [
              -15.5500235,
              28.1449036
            ],
            [
              -15.5500253,
              28.1449361
            ],
            [
              -15.5500675,
              28.1449344
            ],
            [
              -15.5500658,
              28.1449019
            ]
          ]
        ]
      },
      "id": "way/397215565"
    },
    {
      "type": "Feature",
      "properties": {
        "@id": "way/397215566",
        "building": "yes",
        "power": "substation"
      },
      "geometry": {
        "type": "Polygon",
        "coordinates": [
          [
            [
              -15.5411094,
              28.1479396
            ],
            [
              -15.5410869,
              28.1479149
            ],
            [
              -15.5410602,
              28.1479338
            ],
            [
              -15.5410827,
              28.1479585
            ],
            [
              -15.5411094,
              28.1479396
            ]
          ]
        ]
      },
      "id": "way/397215566"
    },
    {
      "type": "Feature",
      "properties": {
        "@id": "way/397227083",
        "building": "yes",
        "power": "substation"
      },
      "geometry": {
        "type": "Polygon",
        "coordinates": [
          [
            [
              -15.5463442,
              28.1327811
            ],
            [
              -15.5463535,
              28.1327537
            ],
            [
              -15.546318,
              28.1327443
            ],
            [
              -15.5463087,
              28.1327717
            ],
            [
              -15.5463442,
              28.1327811
            ]
          ]
        ]
      },
      "id": "way/397227083"
    },
    {
      "type": "Feature",
      "properties": {
        "@id": "way/398727894",
        "building": "yes",
        "power": "substation"
      },
      "geometry": {
        "type": "Polygon",
        "coordinates": [
          [
            [
              -15.5691252,
              28.098558
            ],
            [
              -15.5690777,
              28.0985588
            ],
            [
              -15.5690787,
              28.0986025
            ],
            [
              -15.5691262,
              28.0986017
            ],
            [
              -15.5691252,
              28.098558
            ]
          ]
        ]
      },
      "id": "way/398727894"
    },
    {
      "type": "Feature",
      "properties": {
        "@id": "way/398727896",
        "building": "yes",
        "power": "substation"
      },
      "geometry": {
        "type": "Polygon",
        "coordinates": [
          [
            [
              -15.5679979,
              28.1097182
            ],
            [
              -15.5680023,
              28.1096805
            ],
            [
              -15.5679604,
              28.1096767
            ],
            [
              -15.567956,
              28.1097145
            ],
            [
              -15.5679979,
              28.1097182
            ]
          ]
        ]
      },
      "id": "way/398727896"
    },
    {
      "type": "Feature",
      "properties": {
        "@id": "way/398727897",
        "building": "yes",
        "power": "substation"
      },
      "geometry": {
        "type": "Polygon",
        "coordinates": [
          [
            [
              -15.5598806,
              28.1060511
            ],
            [
              -15.559896,
              28.1060077
            ],
            [
              -15.559851,
              28.1059953
            ],
            [
              -15.5598356,
              28.1060386
            ],
            [
              -15.5598806,
              28.1060511
            ]
          ]
        ]
      },
      "id": "way/398727897"
    },
    {
      "type": "Feature",
      "properties": {
        "@id": "way/398727898",
        "building": "yes",
        "power": "substation"
      },
      "geometry": {
        "type": "Polygon",
        "coordinates": [
          [
            [
              -15.556169,
              28.0993091
            ],
            [
              -15.5561193,
              28.0993037
            ],
            [
              -15.5561131,
              28.0993479
            ],
            [
              -15.5561628,
              28.0993533
            ],
            [
              -15.556169,
              28.0993091
            ]
          ]
        ]
      },
      "id": "way/398727898"
    },
    {
      "type": "Feature",
      "properties": {
        "@id": "way/399895765",
        "building": "yes",
        "power": "substation"
      },
      "geometry": {
        "type": "Polygon",
        "coordinates": [
          [
            [
              -15.5680359,
              28.0715901
            ],
            [
              -15.5680002,
              28.0715681
            ],
            [
              -15.5679761,
              28.0715985
            ],
            [
              -15.5680118,
              28.0716205
            ],
            [
              -15.5680359,
              28.0715901
            ]
          ]
        ]
      },
      "id": "way/399895765"
    },
    {
      "type": "Feature",
      "properties": {
        "@id": "way/399895766",
        "building": "yes",
        "power": "substation"
      },
      "geometry": {
        "type": "Polygon",
        "coordinates": [
          [
            [
              -15.5758612,
              28.0688811
            ],
            [
              -15.5758448,
              28.0688416
            ],
            [
              -15.5758036,
              28.0688549
            ],
            [
              -15.5758201,
              28.0688944
            ],
            [
              -15.5758612,
              28.0688811
            ]
          ]
        ]
      },
      "id": "way/399895766"
    },
    {
      "type": "Feature",
      "properties": {
        "@id": "way/399895767",
        "building": "yes",
        "power": "substation"
      },
      "geometry": {
        "type": "Polygon",
        "coordinates": [
          [
            [
              -15.5888346,
              28.0504838
            ],
            [
              -15.5887952,
              28.0504565
            ],
            [
              -15.588769,
              28.050486
            ],
            [
              -15.5888085,
              28.0505132
            ],
            [
              -15.5888346,
              28.0504838
            ]
          ]
        ]
      },
      "id": "way/399895767"
    },
    {
      "type": "Feature",
      "properties": {
        "@id": "way/399895768",
        "building": "yes",
        "power": "substation"
      },
      "geometry": {
        "type": "Polygon",
        "coordinates": [
          [
            [
              -15.5793506,
              28.058938
            ],
            [
              -15.5793139,
              28.0589141
            ],
            [
              -15.5792911,
              28.0589413
            ],
            [
              -15.5793277,
              28.0589653
            ],
            [
              -15.5793506,
              28.058938
            ]
          ]
        ]
      },
      "id": "way/399895768"
    },
    {
      "type": "Feature",
      "properties": {
        "@id": "way/399895769",
        "building": "yes",
        "power": "substation"
      },
      "geometry": {
        "type": "Polygon",
        "coordinates": [
          [
            [
              -15.5743822,
              28.0493344
            ],
            [
              -15.5743433,
              28.0493191
            ],
            [
              -15.5743255,
              28.0493543
            ],
            [
              -15.5743645,
              28.0493696
            ],
            [
              -15.5743822,
              28.0493344
            ]
          ]
        ]
      },
      "id": "way/399895769"
    },
    {
      "type": "Feature",
      "properties": {
        "@id": "way/399895770",
        "building": "yes",
        "power": "substation"
      },
      "geometry": {
        "type": "Polygon",
        "coordinates": [
          [
            [
              -15.5909465,
              28.0524637
            ],
            [
              -15.5909514,
              28.0524143
            ],
            [
              -15.5909074,
              28.0524109
            ],
            [
              -15.5909025,
              28.0524603
            ],
            [
              -15.5909465,
              28.0524637
            ]
          ]
        ]
      },
      "id": "way/399895770"
    },
    {
      "type": "Feature",
      "properties": {
        "@id": "way/399895771",
        "building": "yes",
        "power": "substation"
      },
      "geometry": {
        "type": "Polygon",
        "coordinates": [
          [
            [
              -15.5880322,
              28.0606819
            ],
            [
              -15.5880392,
              28.0606381
            ],
            [
              -15.5879951,
              28.0606326
            ],
            [
              -15.5879881,
              28.0606765
            ],
            [
              -15.5880322,
              28.0606819
            ]
          ]
        ]
      },
      "id": "way/399895771"
    },
    {
      "type": "Feature",
      "properties": {
        "@id": "way/399895772",
        "building": "yes",
        "power": "substation"
      },
      "geometry": {
        "type": "Polygon",
        "coordinates": [
          [
            [
              -15.5693986,
              28.0578619
            ],
            [
              -15.5693996,
              28.0578258
            ],
            [
              -15.569368,
              28.0578251
            ],
            [
              -15.569367,
              28.0578612
            ],
            [
              -15.5693986,
              28.0578619
            ]
          ]
        ]
      },
      "id": "way/399895772"
    },
    {
      "type": "Feature",
      "properties": {
        "@id": "way/401428877",
        "building": "yes",
        "power": "substation"
      },
      "geometry": {
        "type": "Polygon",
        "coordinates": [
          [
            [
              -15.5711832,
              28.0375597
            ],
            [
              -15.5711436,
              28.0375394
            ],
            [
              -15.5711244,
              28.0375686
            ],
            [
              -15.5711641,
              28.0375889
            ],
            [
              -15.5711832,
              28.0375597
            ]
          ]
        ]
      },
      "id": "way/401428877"
    },
    {
      "type": "Feature",
      "properties": {
        "@id": "way/402410262",
        "building": "yes",
        "power": "substation"
      },
      "geometry": {
        "type": "Polygon",
        "coordinates": [
          [
            [
              -15.5471247,
              28.049187
            ],
            [
              -15.5470953,
              28.0491523
            ],
            [
              -15.5470622,
              28.0491741
            ],
            [
              -15.5470916,
              28.0492088
            ],
            [
              -15.5471247,
              28.049187
            ]
          ]
        ]
      },
      "id": "way/402410262"
    },
    {
      "type": "Feature",
      "properties": {
        "@id": "way/402410265",
        "building": "yes",
        "power": "substation"
      },
      "geometry": {
        "type": "Polygon",
        "coordinates": [
          [
            [
              -15.5337576,
              28.0454294
            ],
            [
              -15.5337233,
              28.0453972
            ],
            [
              -15.5336964,
              28.0454195
            ],
            [
              -15.5337307,
              28.0454517
            ],
            [
              -15.5337576,
              28.0454294
            ]
          ]
        ]
      },
      "id": "way/402410265"
    },
    {
      "type": "Feature",
      "properties": {
        "@id": "way/402410266",
        "building": "yes",
        "power": "substation"
      },
      "geometry": {
        "type": "Polygon",
        "coordinates": [
          [
            [
              -15.5387374,
              28.0455532
            ],
            [
              -15.5387001,
              28.0455381
            ],
            [
              -15.5386815,
              28.045574
            ],
            [
              -15.5387188,
              28.0455891
            ],
            [
              -15.5387374,
              28.0455532
            ]
          ]
        ]
      },
      "id": "way/402410266"
    },
    {
      "type": "Feature",
      "properties": {
        "@id": "way/403258314",
        "building": "yes",
        "power": "substation"
      },
      "geometry": {
        "type": "Polygon",
        "coordinates": [
          [
            [
              -15.5381086,
              28.0764095
            ],
            [
              -15.5380641,
              28.0764218
            ],
            [
              -15.5380759,
              28.076455
            ],
            [
              -15.5381204,
              28.0764426
            ],
            [
              -15.5381086,
              28.0764095
            ]
          ]
        ]
      },
      "id": "way/403258314"
    },
    {
      "type": "Feature",
      "properties": {
        "@id": "way/403258315",
        "building": "yes",
        "power": "substation"
      },
      "geometry": {
        "type": "Polygon",
        "coordinates": [
          [
            [
              -15.5226263,
              28.0687725
            ],
            [
              -15.5225803,
              28.0687656
            ],
            [
              -15.5225715,
              28.0688107
            ],
            [
              -15.5226175,
              28.0688177
            ],
            [
              -15.5226263,
              28.0687725
            ]
          ]
        ]
      },
      "id": "way/403258315"
    },
    {
      "type": "Feature",
      "properties": {
        "@id": "way/403258316",
        "building": "yes",
        "power": "substation"
      },
      "geometry": {
        "type": "Polygon",
        "coordinates": [
          [
            [
              -15.5289425,
              28.0650131
            ],
            [
              -15.5289206,
              28.0649817
            ],
            [
              -15.5288885,
              28.0649992
            ],
            [
              -15.5289105,
              28.0650305
            ],
            [
              -15.5289425,
              28.0650131
            ]
          ]
        ]
      },
      "id": "way/403258316"
    },
    {
      "type": "Feature",
      "properties": {
        "@id": "way/403310113",
        "building": "yes",
        "power": "substation"
      },
      "geometry": {
        "type": "Polygon",
        "coordinates": [
          [
            [
              -15.5193003,
              28.0842499
            ],
            [
              -15.5192979,
              28.0842068
            ],
            [
              -15.5192507,
              28.0842088
            ],
            [
              -15.5192531,
              28.0842519
            ],
            [
              -15.5193003,
              28.0842499
            ]
          ]
        ]
      },
      "id": "way/403310113"
    },
    {
      "type": "Feature",
      "properties": {
        "@id": "way/403504436",
        "building": "yes",
        "power": "substation"
      },
      "geometry": {
        "type": "Polygon",
        "coordinates": [
          [
            [
              -15.5412113,
              28.0939599
            ],
            [
              -15.5411882,
              28.093943
            ],
            [
              -15.5411622,
              28.0939706
            ],
            [
              -15.5411853,
              28.0939875
            ],
            [
              -15.5412113,
              28.0939599
            ]
          ]
        ]
      },
      "id": "way/403504436"
    },
    {
      "type": "Feature",
      "properties": {
        "@id": "way/403813842",
        "building": "yes",
        "power": "substation"
      },
      "geometry": {
        "type": "Polygon",
        "coordinates": [
          [
            [
              -15.530015,
              28.0962877
            ],
            [
              -15.5299724,
              28.096266
            ],
            [
              -15.5299482,
              28.0963028
            ],
            [
              -15.5299909,
              28.0963246
            ],
            [
              -15.530015,
              28.0962877
            ]
          ]
        ]
      },
      "id": "way/403813842"
    },
    {
      "type": "Feature",
      "properties": {
        "@id": "way/404072018",
        "power": "substation"
      },
      "geometry": {
        "type": "Polygon",
        "coordinates": [
          [
            [
              -15.52945,
              28.0919241
            ],
            [
              -15.5294331,
              28.0919015
            ],
            [
              -15.5294085,
              28.0919159
            ],
            [
              -15.5294254,
              28.0919384
            ],
            [
              -15.52945,
              28.0919241
            ]
          ]
        ]
      },
      "id": "way/404072018"
    },
    {
      "type": "Feature",
      "properties": {
        "@id": "way/404072061",
        "building": "yes",
        "power": "substation"
      },
      "geometry": {
        "type": "Polygon",
        "coordinates": [
          [
            [
              -15.5325791,
              28.0950161
            ],
            [
              -15.5325374,
              28.0950079
            ],
            [
              -15.5325304,
              28.0950355
            ],
            [
              -15.5325722,
              28.0950438
            ],
            [
              -15.5325791,
              28.0950161
            ]
          ]
        ]
      },
      "id": "way/404072061"
    },
    {
      "type": "Feature",
      "properties": {
        "@id": "way/404072063",
        "building": "yes",
        "power": "substation"
      },
      "geometry": {
        "type": "Polygon",
        "coordinates": [
          [
            [
              -15.5400089,
              28.1119443
            ],
            [
              -15.5399831,
              28.1119284
            ],
            [
              -15.5399643,
              28.111952
            ],
            [
              -15.5399901,
              28.1119679
            ],
            [
              -15.5400089,
              28.1119443
            ]
          ]
        ]
      },
      "id": "way/404072063"
    },
    {
      "type": "Feature",
      "properties": {
        "@id": "way/404072065",
        "building": "yes",
        "power": "substation"
      },
      "geometry": {
        "type": "Polygon",
        "coordinates": [
          [
            [
              -15.5299042,
              28.0987771
            ],
            [
              -15.5296912,
              28.0983656
            ],
            [
              -15.5296086,
              28.0983989
            ],
            [
              -15.5298216,
              28.0988104
            ],
            [
              -15.5299042,
              28.0987771
            ]
          ]
        ]
      },
      "id": "way/404072065"
    },
    {
      "type": "Feature",
      "properties": {
        "@id": "way/404072067",
        "building": "yes",
        "power": "substation"
      },
      "geometry": {
        "type": "Polygon",
        "coordinates": [
          [
            [
              -15.5288259,
              28.0825991
            ],
            [
              -15.5288181,
              28.0825595
            ],
            [
              -15.5287868,
              28.0825643
            ],
            [
              -15.5287946,
              28.0826039
            ],
            [
              -15.5288259,
              28.0825991
            ]
          ]
        ]
      },
      "id": "way/404072067"
    },
    {
      "type": "Feature",
      "properties": {
        "@id": "way/404072069",
        "building": "yes",
        "power": "substation"
      },
      "geometry": {
        "type": "Polygon",
        "coordinates": [
          [
            [
              -15.5360958,
              28.0861673
            ],
            [
              -15.5361047,
              28.0861274
            ],
            [
              -15.5360671,
              28.0861208
            ],
            [
              -15.5360582,
              28.0861607
            ],
            [
              -15.5360958,
              28.0861673
            ]
          ]
        ]
      },
      "id": "way/404072069"
    },
    {
      "type": "Feature",
      "properties": {
        "@id": "way/404198196",
        "building": "yes",
        "power": "substation"
      },
      "geometry": {
        "type": "Polygon",
        "coordinates": [
          [
            [
              -15.5316768,
              28.1405656
            ],
            [
              -15.531643,
              28.1405368
            ],
            [
              -15.531608,
              28.1405688
            ],
            [
              -15.5316418,
              28.1405976
            ],
            [
              -15.5316768,
              28.1405656
            ]
          ]
        ]
      },
      "id": "way/404198196"
    },
    {
      "type": "Feature",
      "properties": {
        "@id": "way/404198197",
        "building": "yes",
        "power": "substation"
      },
      "geometry": {
        "type": "Polygon",
        "coordinates": [
          [
            [
              -15.5316484,
              28.1306921
            ],
            [
              -15.5316095,
              28.1306807
            ],
            [
              -15.5315989,
              28.1307086
            ],
            [
              -15.5316379,
              28.1307201
            ],
            [
              -15.5316484,
              28.1306921
            ]
          ]
        ]
      },
      "id": "way/404198197"
    },
    {
      "type": "Feature",
      "properties": {
        "@id": "way/404691277",
        "building": "yes",
        "power": "substation"
      },
      "geometry": {
        "type": "Polygon",
        "coordinates": [
          [
            [
              -15.5172225,
              28.1240507
            ],
            [
              -15.5171798,
              28.1240279
            ],
            [
              -15.5171548,
              28.1240644
            ],
            [
              -15.5171975,
              28.1240872
            ],
            [
              -15.5172225,
              28.1240507
            ]
          ]
        ]
      },
      "id": "way/404691277"
    },
    {
      "type": "Feature",
      "properties": {
        "@id": "way/404924898",
        "building": "yes",
        "power": "substation"
      },
      "geometry": {
        "type": "Polygon",
        "coordinates": [
          [
            [
              -15.5060219,
              28.1336114
            ],
            [
              -15.5060132,
              28.1335651
            ],
            [
              -15.5059705,
              28.1335713
            ],
            [
              -15.5059791,
              28.1336176
            ],
            [
              -15.5060219,
              28.1336114
            ]
          ]
        ]
      },
      "id": "way/404924898"
    },
    {
      "type": "Feature",
      "properties": {
        "@id": "way/404924900",
        "building": "yes",
        "power": "substation"
      },
      "geometry": {
        "type": "Polygon",
        "coordinates": [
          [
            [
              -15.5077057,
              28.1403442
            ],
            [
              -15.5076946,
              28.1403034
            ],
            [
              -15.5076558,
              28.1403116
            ],
            [
              -15.5076669,
              28.1403523
            ],
            [
              -15.5077057,
              28.1403442
            ]
          ]
        ]
      },
      "id": "way/404924900"
    },
    {
      "type": "Feature",
      "properties": {
        "@id": "way/405073404",
        "building": "yes",
        "power": "substation"
      },
      "geometry": {
        "type": "Polygon",
        "coordinates": [
          [
            [
              -15.5055055,
              28.1119603
            ],
            [
              -15.5054797,
              28.1119226
            ],
            [
              -15.5054383,
              28.1119446
            ],
            [
              -15.5054642,
              28.1119823
            ],
            [
              -15.5055055,
              28.1119603
            ]
          ]
        ]
      },
      "id": "way/405073404"
    },
    {
      "type": "Feature",
      "properties": {
        "@id": "way/405073405",
        "building": "yes",
        "power": "substation"
      },
      "geometry": {
        "type": "Polygon",
        "coordinates": [
          [
            [
              -15.4982228,
              28.1177408
            ],
            [
              -15.4981918,
              28.1177168
            ],
            [
              -15.4981663,
              28.1177424
            ],
            [
              -15.4981974,
              28.1177664
            ],
            [
              -15.4982228,
              28.1177408
            ]
          ]
        ]
      },
      "id": "way/405073405"
    },
    {
      "type": "Feature",
      "properties": {
        "@id": "way/405135615",
        "building": "yes",
        "power": "substation"
      },
      "geometry": {
        "type": "Polygon",
        "coordinates": [
          [
            [
              -15.5054053,
              28.1234484
            ],
            [
              -15.5053721,
              28.1234222
            ],
            [
              -15.5053389,
              28.1234549
            ],
            [
              -15.5053721,
              28.1234811
            ],
            [
              -15.5054053,
              28.1234484
            ]
          ]
        ]
      },
      "id": "way/405135615"
    },
    {
      "type": "Feature",
      "properties": {
        "@id": "way/405135616",
        "building": "yes",
        "power": "substation"
      },
      "geometry": {
        "type": "Polygon",
        "coordinates": [
          [
            [
              -15.4862704,
              28.1328288
            ],
            [
              -15.4862571,
              28.1327952
            ],
            [
              -15.4862212,
              28.1328063
            ],
            [
              -15.4862345,
              28.1328399
            ],
            [
              -15.4862704,
              28.1328288
            ]
          ]
        ]
      },
      "id": "way/405135616"
    },
    {
      "type": "Feature",
      "properties": {
        "@id": "way/405272340",
        "building": "yes",
        "power": "substation"
      },
      "geometry": {
        "type": "Polygon",
        "coordinates": [
          [
            [
              -15.5283899,
              28.126481
            ],
            [
              -15.5283528,
              28.1264605
            ],
            [
              -15.5283262,
              28.1264979
            ],
            [
              -15.5283633,
              28.1265185
            ],
            [
              -15.5283899,
              28.126481
            ]
          ]
        ]
      },
      "id": "way/405272340"
    },
    {
      "type": "Feature",
      "properties": {
        "@id": "way/405272341",
        "building": "yes",
        "power": "substation"
      },
      "geometry": {
        "type": "Polygon",
        "coordinates": [
          [
            [
              -15.5359085,
              28.1223904
            ],
            [
              -15.5358716,
              28.1223683
            ],
            [
              -15.5358421,
              28.1224067
            ],
            [
              -15.535879,
              28.1224288
            ],
            [
              -15.5359085,
              28.1223904
            ]
          ]
        ]
      },
      "id": "way/405272341"
    },
    {
      "type": "Feature",
      "properties": {
        "@id": "way/405272342",
        "building": "yes",
        "power": "substation"
      },
      "geometry": {
        "type": "Polygon",
        "coordinates": [
          [
            [
              -15.5098319,
              28.1298158
            ],
            [
              -15.5098105,
              28.1297752
            ],
            [
              -15.5097771,
              28.1297889
            ],
            [
              -15.5097985,
              28.1298295
            ],
            [
              -15.5098319,
              28.1298158
            ]
          ]
        ]
      },
      "id": "way/405272342"
    },
    {
      "type": "Feature",
      "properties": {
        "@id": "way/405272343",
        "building": "yes",
        "power": "substation"
      },
      "geometry": {
        "type": "Polygon",
        "coordinates": [
          [
            [
              -15.5358984,
              28.1303256
            ],
            [
              -15.5358659,
              28.1303132
            ],
            [
              -15.5358504,
              28.1303448
            ],
            [
              -15.5358829,
              28.1303572
            ],
            [
              -15.5358984,
              28.1303256
            ]
          ]
        ]
      },
      "id": "way/405272343"
    },
    {
      "type": "Feature",
      "properties": {
        "@id": "way/405272344",
        "building": "yes",
        "power": "substation"
      },
      "geometry": {
        "type": "Polygon",
        "coordinates": [
          [
            [
              -15.5178762,
              28.1443674
            ],
            [
              -15.5178356,
              28.144344
            ],
            [
              -15.5178131,
              28.1443742
            ],
            [
              -15.5178537,
              28.1443976
            ],
            [
              -15.5178762,
              28.1443674
            ]
          ]
        ]
      },
      "id": "way/405272344"
    },
    {
      "type": "Feature",
      "properties": {
        "@id": "way/405272345",
        "building": "yes",
        "power": "substation"
      },
      "geometry": {
        "type": "Polygon",
        "coordinates": [
          [
            [
              -15.5021591,
              28.1210101
            ],
            [
              -15.5021201,
              28.1210538
            ],
            [
              -15.5021648,
              28.1210847
            ],
            [
              -15.5022037,
              28.121041
            ],
            [
              -15.5021591,
              28.1210101
            ]
          ]
        ]
      },
      "id": "way/405272345"
    },
    {
      "type": "Feature",
      "properties": {
        "@id": "way/405272346",
        "building": "yes",
        "power": "substation"
      },
      "geometry": {
        "type": "Polygon",
        "coordinates": [
          [
            [
              -15.5163638,
              28.1374215
            ],
            [
              -15.5163496,
              28.1373908
            ],
            [
              -15.516322,
              28.1374007
            ],
            [
              -15.5163362,
              28.1374314
            ],
            [
              -15.5163638,
              28.1374215
            ]
          ]
        ]
      },
      "id": "way/405272346"
    },
    {
      "type": "Feature",
      "properties": {
        "@id": "way/405272347",
        "building": "yes",
        "power": "substation"
      },
      "geometry": {
        "type": "Polygon",
        "coordinates": [
          [
            [
              -15.5262225,
              28.1105278
            ],
            [
              -15.5261991,
              28.1105051
            ],
            [
              -15.526173,
              28.1105261
            ],
            [
              -15.5261964,
              28.1105488
            ],
            [
              -15.5262225,
              28.1105278
            ]
          ]
        ]
      },
      "id": "way/405272347"
    },
    {
      "type": "Feature",
      "properties": {
        "@id": "way/405272348",
        "building": "yes",
        "power": "substation"
      },
      "geometry": {
        "type": "Polygon",
        "coordinates": [
          [
            [
              -15.5018989,
              28.1173373
            ],
            [
              -15.501857,
              28.1173216
            ],
            [
              -15.5018406,
              28.1173556
            ],
            [
              -15.5018825,
              28.1173713
            ],
            [
              -15.5018989,
              28.1173373
            ]
          ]
        ]
      },
      "id": "way/405272348"
    },
    {
      "type": "Feature",
      "properties": {
        "@id": "way/405272349",
        "building": "yes",
        "power": "substation"
      },
      "geometry": {
        "type": "Polygon",
        "coordinates": [
          [
            [
              -15.5267057,
              28.1404367
            ],
            [
              -15.5266697,
              28.1404244
            ],
            [
              -15.5266542,
              28.1404595
            ],
            [
              -15.5266901,
              28.1404719
            ],
            [
              -15.5267057,
              28.1404367
            ]
          ]
        ]
      },
      "id": "way/405272349"
    },
    {
      "type": "Feature",
      "properties": {
        "@id": "way/405272350",
        "building": "yes",
        "power": "substation"
      },
      "geometry": {
        "type": "Polygon",
        "coordinates": [
          [
            [
              -15.4910738,
              28.1261917
            ],
            [
              -15.4910357,
              28.1261767
            ],
            [
              -15.4910213,
              28.126205
            ],
            [
              -15.4910595,
              28.1262201
            ],
            [
              -15.4910738,
              28.1261917
            ]
          ]
        ]
      },
      "id": "way/405272350"
    },
    {
      "type": "Feature",
      "properties": {
        "@id": "way/405272351",
        "building": "yes",
        "power": "substation"
      },
      "geometry": {
        "type": "Polygon",
        "coordinates": [
          [
            [
              -15.5263061,
              28.1439556
            ],
            [
              -15.5262734,
              28.1439433
            ],
            [
              -15.5262586,
              28.143974
            ],
            [
              -15.5262913,
              28.1439863
            ],
            [
              -15.5263061,
              28.1439556
            ]
          ]
        ]
      },
      "id": "way/405272351"
    },
    {
      "type": "Feature",
      "properties": {
        "@id": "way/405272352",
        "building": "yes",
        "power": "substation"
      },
      "geometry": {
        "type": "Polygon",
        "coordinates": [
          [
            [
              -15.4968181,
              28.1215114
            ],
            [
              -15.4967818,
              28.1215075
            ],
            [
              -15.496777,
              28.1215423
            ],
            [
              -15.4968133,
              28.1215462
            ],
            [
              -15.4968181,
              28.1215114
            ]
          ]
        ]
      },
      "id": "way/405272352"
    },
    {
      "type": "Feature",
      "properties": {
        "@id": "way/405272353",
        "building": "yes",
        "power": "substation"
      },
      "geometry": {
        "type": "Polygon",
        "coordinates": [
          [
            [
              -15.5066957,
              28.1138106
            ],
            [
              -15.506665,
              28.1137886
            ],
            [
              -15.5066419,
              28.1138138
            ],
            [
              -15.5066726,
              28.1138358
            ],
            [
              -15.5066957,
              28.1138106
            ]
          ]
        ]
      },
      "id": "way/405272353"
    },
    {
      "type": "Feature",
      "properties": {
        "@id": "way/405272354",
        "building": "yes",
        "power": "substation"
      },
      "geometry": {
        "type": "Polygon",
        "coordinates": [
          [
            [
              -15.5388783,
              28.1423912
            ],
            [
              -15.5388447,
              28.1423665
            ],
            [
              -15.5388164,
              28.1423963
            ],
            [
              -15.53885,
              28.1424211
            ],
            [
              -15.5388783,
              28.1423912
            ]
          ]
        ]
      },
      "id": "way/405272354"
    },
    {
      "type": "Feature",
      "properties": {
        "@id": "way/405272355",
        "building": "yes",
        "power": "substation"
      },
      "geometry": {
        "type": "Polygon",
        "coordinates": [
          [
            [
              -15.4874339,
              28.1263133
            ],
            [
              -15.4873988,
              28.1263207
            ],
            [
              -15.4874098,
              28.1263607
            ],
            [
              -15.4874449,
              28.1263533
            ],
            [
              -15.4874339,
              28.1263133
            ]
          ]
        ]
      },
      "id": "way/405272355"
    },
    {
      "type": "Feature",
      "properties": {
        "@id": "way/405272356",
        "building": "yes",
        "power": "substation"
      },
      "geometry": {
        "type": "Polygon",
        "coordinates": [
          [
            [
              -15.5354464,
              28.1185004
            ],
            [
              -15.535407,
              28.1185196
            ],
            [
              -15.535424,
              28.1185468
            ],
            [
              -15.5354635,
              28.1185276
            ],
            [
              -15.5354464,
              28.1185004
            ]
          ]
        ]
      },
      "id": "way/405272356"
    },
    {
      "type": "Feature",
      "properties": {
        "@id": "way/405272357",
        "building": "yes",
        "power": "substation"
      },
      "geometry": {
        "type": "Polygon",
        "coordinates": [
          [
            [
              -15.5322048,
              28.1512694
            ],
            [
              -15.5321732,
              28.1512449
            ],
            [
              -15.5321473,
              28.1512708
            ],
            [
              -15.532179,
              28.1512953
            ],
            [
              -15.5322048,
              28.1512694
            ]
          ]
        ]
      },
      "id": "way/405272357"
    },
    {
      "type": "Feature",
      "properties": {
        "@id": "way/405272358",
        "building": "yes",
        "power": "substation"
      },
      "geometry": {
        "type": "Polygon",
        "coordinates": [
          [
            [
              -15.5256047,
              28.1484026
            ],
            [
              -15.5255658,
              28.1484068
            ],
            [
              -15.5255703,
              28.1484393
            ],
            [
              -15.5256092,
              28.1484351
            ],
            [
              -15.5256047,
              28.1484026
            ]
          ]
        ]
      },
      "id": "way/405272358"
    },
    {
      "type": "Feature",
      "properties": {
        "@id": "way/405340022",
        "building": "yes",
        "power": "substation"
      },
      "geometry": {
        "type": "Polygon",
        "coordinates": [
          [
            [
              -15.5856454,
              28.0045728
            ],
            [
              -15.5856339,
              28.004545
            ],
            [
              -15.5856013,
              28.0045556
            ],
            [
              -15.5856128,
              28.0045833
            ],
            [
              -15.5856454,
              28.0045728
            ]
          ]
        ]
      },
      "id": "way/405340022"
    },
    {
      "type": "Feature",
      "properties": {
        "@id": "way/406381100",
        "building": "yes",
        "power": "substation"
      },
      "geometry": {
        "type": "Polygon",
        "coordinates": [
          [
            [
              -15.5377947,
              28.0274699
            ],
            [
              -15.5377525,
              28.0274656
            ],
            [
              -15.5377471,
              28.0275075
            ],
            [
              -15.5377892,
              28.0275118
            ],
            [
              -15.5377947,
              28.0274699
            ]
          ]
        ]
      },
      "id": "way/406381100"
    },
    {
      "type": "Feature",
      "properties": {
        "@id": "way/406381101",
        "building": "yes",
        "power": "substation"
      },
      "geometry": {
        "type": "Polygon",
        "coordinates": [
          [
            [
              -15.5495231,
              28.0219044
            ],
            [
              -15.5495017,
              28.021873
            ],
            [
              -15.5494669,
              28.0218915
            ],
            [
              -15.5494882,
              28.0219229
            ],
            [
              -15.5495231,
              28.0219044
            ]
          ]
        ]
      },
      "id": "way/406381101"
    },
    {
      "type": "Feature",
      "properties": {
        "@id": "way/406544690",
        "building": "yes",
        "power": "substation"
      },
      "geometry": {
        "type": "Polygon",
        "coordinates": [
          [
            [
              -15.5752467,
              28.0041501
            ],
            [
              -15.575223,
              28.0041089
            ],
            [
              -15.5751861,
              28.0041255
            ],
            [
              -15.5752098,
              28.0041667
            ],
            [
              -15.5752467,
              28.0041501
            ]
          ]
        ]
      },
      "id": "way/406544690"
    },
    {
      "type": "Feature",
      "properties": {
        "@id": "way/406582931",
        "building": "yes",
        "power": "substation"
      },
      "geometry": {
        "type": "Polygon",
        "coordinates": [
          [
            [
              -15.5383053,
              28.0157322
            ],
            [
              -15.5382746,
              28.0157026
            ],
            [
              -15.5382464,
              28.0157254
            ],
            [
              -15.5382771,
              28.0157551
            ],
            [
              -15.5383053,
              28.0157322
            ]
          ]
        ]
      },
      "id": "way/406582931"
    },
    {
      "type": "Feature",
      "properties": {
        "@id": "way/410872315",
        "building": "yes",
        "power": "substation"
      },
      "geometry": {
        "type": "Polygon",
        "coordinates": [
          [
            [
              -15.5454016,
              27.998984
            ],
            [
              -15.5453548,
              27.998993
            ],
            [
              -15.5453645,
              27.9990326
            ],
            [
              -15.5454114,
              27.9990236
            ],
            [
              -15.5454016,
              27.998984
            ]
          ]
        ]
      },
      "id": "way/410872315"
    },
    {
      "type": "Feature",
      "properties": {
        "@id": "way/410872316",
        "building": "yes",
        "power": "substation"
      },
      "geometry": {
        "type": "Polygon",
        "coordinates": [
          [
            [
              -15.5504166,
              27.9960449
            ],
            [
              -15.5503802,
              27.996055
            ],
            [
              -15.550393,
              27.9960909
            ],
            [
              -15.5504294,
              27.9960807
            ],
            [
              -15.5504166,
              27.9960449
            ]
          ]
        ]
      },
      "id": "way/410872316"
    },
    {
      "type": "Feature",
      "properties": {
        "@id": "way/410872317",
        "building": "yes",
        "power": "substation"
      },
      "geometry": {
        "type": "Polygon",
        "coordinates": [
          [
            [
              -15.548094,
              28.0300454
            ],
            [
              -15.5480603,
              28.0300081
            ],
            [
              -15.5480269,
              28.0300316
            ],
            [
              -15.5480605,
              28.0300689
            ],
            [
              -15.548094,
              28.0300454
            ]
          ]
        ]
      },
      "id": "way/410872317"
    },
    {
      "type": "Feature",
      "properties": {
        "@id": "way/410872318",
        "building": "yes",
        "power": "substation"
      },
      "geometry": {
        "type": "Polygon",
        "coordinates": [
          [
            [
              -15.552096,
              28.0037271
            ],
            [
              -15.5520656,
              28.0037421
            ],
            [
              -15.5520846,
              28.0037719
            ],
            [
              -15.5521149,
              28.0037569
            ],
            [
              -15.552096,
              28.0037271
            ]
          ]
        ]
      },
      "id": "way/410872318"
    },
    {
      "type": "Feature",
      "properties": {
        "@id": "way/410872319",
        "building": "yes",
        "power": "substation"
      },
      "geometry": {
        "type": "Polygon",
        "coordinates": [
          [
            [
              -15.5641796,
              28.0005572
            ],
            [
              -15.5641456,
              28.0005382
            ],
            [
              -15.5641228,
              28.00057
            ],
            [
              -15.5641568,
              28.000589
            ],
            [
              -15.5641796,
              28.0005572
            ]
          ]
        ]
      },
      "id": "way/410872319"
    },
    {
      "type": "Feature",
      "properties": {
        "@id": "way/410872320",
        "building": "yes",
        "power": "substation"
      },
      "geometry": {
        "type": "Polygon",
        "coordinates": [
          [
            [
              -15.5621461,
              28.0197777
            ],
            [
              -15.5621135,
              28.019785
            ],
            [
              -15.5621226,
              28.0198168
            ],
            [
              -15.5621552,
              28.0198096
            ],
            [
              -15.5621461,
              28.0197777
            ]
          ]
        ]
      },
      "id": "way/410872320"
    },
    {
      "type": "Feature",
      "properties": {
        "@id": "way/410872321",
        "building": "yes",
        "power": "substation"
      },
      "geometry": {
        "type": "Polygon",
        "coordinates": [
          [
            [
              -15.5360124,
              28.0092692
            ],
            [
              -15.5359913,
              28.009236
            ],
            [
              -15.5359532,
              28.0092548
            ],
            [
              -15.5359743,
              28.009288
            ],
            [
              -15.5360124,
              28.0092692
            ]
          ]
        ]
      },
      "id": "way/410872321"
    },
    {
      "type": "Feature",
      "properties": {
        "@id": "way/410872322",
        "building": "yes",
        "power": "substation"
      },
      "geometry": {
        "type": "Polygon",
        "coordinates": [
          [
            [
              -15.526484,
              28.0115696
            ],
            [
              -15.526469,
              28.0115342
            ],
            [
              -15.5264353,
              28.0115453
            ],
            [
              -15.5264503,
              28.0115807
            ],
            [
              -15.526484,
              28.0115696
            ]
          ]
        ]
      },
      "id": "way/410872322"
    },
    {
      "type": "Feature",
      "properties": {
        "@id": "way/410872323",
        "building": "yes",
        "power": "substation"
      },
      "geometry": {
        "type": "Polygon",
        "coordinates": [
          [
            [
              -15.5394724,
              28.0359024
            ],
            [
              -15.5394724,
              28.0358566
            ],
            [
              -15.5394217,
              28.0358566
            ],
            [
              -15.5394217,
              28.0359024
            ],
            [
              -15.5394724,
              28.0359024
            ]
          ]
        ]
      },
      "id": "way/410872323"
    },
    {
      "type": "Feature",
      "properties": {
        "@id": "way/410872324",
        "building": "yes",
        "power": "substation"
      },
      "geometry": {
        "type": "Polygon",
        "coordinates": [
          [
            [
              -15.5696308,
              27.9904178
            ],
            [
              -15.5696022,
              27.9903995
            ],
            [
              -15.5695787,
              27.9904281
            ],
            [
              -15.5696072,
              27.9904465
            ],
            [
              -15.5696308,
              27.9904178
            ]
          ]
        ]
      },
      "id": "way/410872324"
    },
    {
      "type": "Feature",
      "properties": {
        "@id": "way/410872325",
        "building": "yes",
        "power": "substation"
      },
      "geometry": {
        "type": "Polygon",
        "coordinates": [
          [
            [
              -15.5212522,
              28.0103962
            ],
            [
              -15.5212301,
              28.0103592
            ],
            [
              -15.5211855,
              28.0103799
            ],
            [
              -15.5212075,
              28.0104169
            ],
            [
              -15.5212522,
              28.0103962
            ]
          ]
        ]
      },
      "id": "way/410872325"
    },
    {
      "type": "Feature",
      "properties": {
        "@id": "way/410872326",
        "building": "yes",
        "power": "substation"
      },
      "geometry": {
        "type": "Polygon",
        "coordinates": [
          [
            [
              -15.5317868,
              28.0080107
            ],
            [
              -15.5318003,
              28.007975
            ],
            [
              -15.531756,
              28.007962
            ],
            [
              -15.5317425,
              28.0079977
            ],
            [
              -15.5317868,
              28.0080107
            ]
          ]
        ]
      },
      "id": "way/410872326"
    },
    {
      "type": "Feature",
      "properties": {
        "@id": "way/411370687",
        "building": "yes",
        "power": "substation"
      },
      "geometry": {
        "type": "Polygon",
        "coordinates": [
          [
            [
              -15.5252552,
              28.0371539
            ],
            [
              -15.5252403,
              28.0371077
            ],
            [
              -15.5251978,
              28.0371184
            ],
            [
              -15.5252126,
              28.0371645
            ],
            [
              -15.5252552,
              28.0371539
            ]
          ]
        ]
      },
      "id": "way/411370687"
    },
    {
      "type": "Feature",
      "properties": {
        "@id": "way/411370688",
        "building": "yes",
        "power": "substation"
      },
      "geometry": {
        "type": "Polygon",
        "coordinates": [
          [
            [
              -15.5103741,
              28.0388592
            ],
            [
              -15.5103726,
              28.0388267
            ],
            [
              -15.5103387,
              28.0388279
            ],
            [
              -15.5103402,
              28.0388605
            ],
            [
              -15.5103741,
              28.0388592
            ]
          ]
        ]
      },
      "id": "way/411370688"
    },
    {
      "type": "Feature",
      "properties": {
        "@id": "way/411370689",
        "building": "yes",
        "power": "substation"
      },
      "geometry": {
        "type": "Polygon",
        "coordinates": [
          [
            [
              -15.51776,
              28.0408623
            ],
            [
              -15.5177542,
              28.0408199
            ],
            [
              -15.5177146,
              28.0408241
            ],
            [
              -15.5177204,
              28.0408665
            ],
            [
              -15.51776,
              28.0408623
            ]
          ]
        ]
      },
      "id": "way/411370689"
    },
    {
      "type": "Feature",
      "properties": {
        "@id": "way/411602824",
        "building": "yes",
        "power": "substation"
      },
      "geometry": {
        "type": "Polygon",
        "coordinates": [
          [
            [
              -15.4972112,
              28.044722
            ],
            [
              -15.4971899,
              28.0446979
            ],
            [
              -15.4971631,
              28.0447164
            ],
            [
              -15.4971844,
              28.0447405
            ],
            [
              -15.4972112,
              28.044722
            ]
          ]
        ]
      },
      "id": "way/411602824"
    },
    {
      "type": "Feature",
      "properties": {
        "@id": "way/411753770",
        "building": "yes",
        "power": "substation"
      },
      "geometry": {
        "type": "Polygon",
        "coordinates": [
          [
            [
              -15.5276081,
              28.0338585
            ],
            [
              -15.5275729,
              28.0338147
            ],
            [
              -15.5275401,
              28.0338352
            ],
            [
              -15.5275754,
              28.033879
            ],
            [
              -15.5276081,
              28.0338585
            ]
          ]
        ]
      },
      "id": "way/411753770"
    },
    {
      "type": "Feature",
      "properties": {
        "@id": "way/414460913",
        "building": "yes",
        "power": "substation"
      },
      "geometry": {
        "type": "Polygon",
        "coordinates": [
          [
            [
              -15.511538,
              28.0224101
            ],
            [
              -15.5115221,
              28.0223733
            ],
            [
              -15.5114872,
              28.0223851
            ],
            [
              -15.5115031,
              28.0224218
            ],
            [
              -15.511538,
              28.0224101
            ]
          ]
        ]
      },
      "id": "way/414460913"
    },
    {
      "type": "Feature",
      "properties": {
        "@id": "way/414460914",
        "building": "yes",
        "power": "substation"
      },
      "geometry": {
        "type": "Polygon",
        "coordinates": [
          [
            [
              -15.517081,
              28.030094
            ],
            [
              -15.5170701,
              28.0300613
            ],
            [
              -15.5170436,
              28.0300681
            ],
            [
              -15.5170545,
              28.0301009
            ],
            [
              -15.517081,
              28.030094
            ]
          ]
        ]
      },
      "id": "way/414460914"
    },
    {
      "type": "Feature",
      "properties": {
        "@id": "way/414460916",
        "building": "yes",
        "power": "substation"
      },
      "geometry": {
        "type": "Polygon",
        "coordinates": [
          [
            [
              -15.5223028,
              28.0211459
            ],
            [
              -15.5222864,
              28.0211147
            ],
            [
              -15.5222571,
              28.0211266
            ],
            [
              -15.5222734,
              28.0211579
            ],
            [
              -15.5223028,
              28.0211459
            ]
          ]
        ]
      },
      "id": "way/414460916"
    },
    {
      "type": "Feature",
      "properties": {
        "@id": "way/414460918",
        "building": "yes",
        "power": "substation"
      },
      "geometry": {
        "type": "Polygon",
        "coordinates": [
          [
            [
              -15.5215126,
              28.0312556
            ],
            [
              -15.5214998,
              28.0312132
            ],
            [
              -15.5214651,
              28.0312213
            ],
            [
              -15.5214779,
              28.0312637
            ],
            [
              -15.5215126,
              28.0312556
            ]
          ]
        ]
      },
      "id": "way/414460918"
    },
    {
      "type": "Feature",
      "properties": {
        "@id": "way/414460920",
        "building": "yes",
        "power": "substation"
      },
      "geometry": {
        "type": "Polygon",
        "coordinates": [
          [
            [
              -15.5164736,
              28.0307639
            ],
            [
              -15.5164511,
              28.0307401
            ],
            [
              -15.516424,
              28.03076
            ],
            [
              -15.5164465,
              28.0307838
            ],
            [
              -15.5164736,
              28.0307639
            ]
          ]
        ]
      },
      "id": "way/414460920"
    },
    {
      "type": "Feature",
      "properties": {
        "@id": "way/414460921",
        "building": "yes",
        "power": "substation"
      },
      "geometry": {
        "type": "Polygon",
        "coordinates": [
          [
            [
              -15.4848662,
              28.0544333
            ],
            [
              -15.4848293,
              28.0544393
            ],
            [
              -15.484836,
              28.0544713
            ],
            [
              -15.4848729,
              28.0544653
            ],
            [
              -15.4848662,
              28.0544333
            ]
          ]
        ]
      },
      "id": "way/414460921"
    },
    {
      "type": "Feature",
      "properties": {
        "@id": "way/414460923",
        "building": "yes",
        "power": "substation"
      },
      "geometry": {
        "type": "Polygon",
        "coordinates": [
          [
            [
              -15.5082564,
              28.0344334
            ],
            [
              -15.5082501,
              28.0344048
            ],
            [
              -15.5082155,
              28.0344107
            ],
            [
              -15.5082218,
              28.0344393
            ],
            [
              -15.5082564,
              28.0344334
            ]
          ]
        ]
      },
      "id": "way/414460923"
    },
    {
      "type": "Feature",
      "properties": {
        "@id": "way/414460925",
        "building": "yes",
        "power": "substation"
      },
      "geometry": {
        "type": "Polygon",
        "coordinates": [
          [
            [
              -15.5158696,
              28.024588
            ],
            [
              -15.5158428,
              28.0245599
            ],
            [
              -15.5158117,
              28.0245829
            ],
            [
              -15.5158385,
              28.0246111
            ],
            [
              -15.5158696,
              28.024588
            ]
          ]
        ]
      },
      "id": "way/414460925"
    },
    {
      "type": "Feature",
      "properties": {
        "@id": "way/414460927",
        "building": "yes",
        "power": "substation"
      },
      "geometry": {
        "type": "Polygon",
        "coordinates": [
          [
            [
              -15.5308854,
              28.0374614
            ],
            [
              -15.5308619,
              28.0374297
            ],
            [
              -15.5308359,
              28.0374447
            ],
            [
              -15.5308594,
              28.0374764
            ],
            [
              -15.5308854,
              28.0374614
            ]
          ]
        ]
      },
      "id": "way/414460927"
    },
    {
      "type": "Feature",
      "properties": {
        "@id": "way/417160087",
        "building": "yes",
        "power": "substation"
      },
      "geometry": {
        "type": "Polygon",
        "coordinates": [
          [
            [
              -15.4728257,
              28.0307326
            ],
            [
              -15.4728,
              28.0306976
            ],
            [
              -15.4727538,
              28.030724
            ],
            [
              -15.4727796,
              28.030759
            ],
            [
              -15.4728257,
              28.0307326
            ]
          ]
        ]
      },
      "id": "way/417160087"
    },
    {
      "type": "Feature",
      "properties": {
        "@id": "way/417182778",
        "building": "yes",
        "power": "substation"
      },
      "geometry": {
        "type": "Polygon",
        "coordinates": [
          [
            [
              -15.5054396,
              28.0352429
            ],
            [
              -15.5054413,
              28.0352091
            ],
            [
              -15.5054074,
              28.0352077
            ],
            [
              -15.5054056,
              28.0352415
            ],
            [
              -15.5054396,
              28.0352429
            ]
          ]
        ]
      },
      "id": "way/417182778"
    },
    {
      "type": "Feature",
      "properties": {
        "@id": "way/417182782",
        "building": "yes",
        "power": "substation"
      },
      "geometry": {
        "type": "Polygon",
        "coordinates": [
          [
            [
              -15.4940304,
              28.029301
            ],
            [
              -15.4940443,
              28.0292617
            ],
            [
              -15.4940016,
              28.0292499
            ],
            [
              -15.4939877,
              28.0292892
            ],
            [
              -15.4940304,
              28.029301
            ]
          ]
        ]
      },
      "id": "way/417182782"
    },
    {
      "type": "Feature",
      "properties": {
        "@id": "way/417182784",
        "building": "yes",
        "power": "substation"
      },
      "geometry": {
        "type": "Polygon",
        "coordinates": [
          [
            [
              -15.5007235,
              28.0268314
            ],
            [
              -15.5006856,
              28.0268293
            ],
            [
              -15.500683,
              28.026866
            ],
            [
              -15.5007209,
              28.0268681
            ],
            [
              -15.5007235,
              28.0268314
            ]
          ]
        ]
      },
      "id": "way/417182784"
    },
    {
      "type": "Feature",
      "properties": {
        "@id": "way/417182786",
        "building": "yes",
        "power": "substation"
      },
      "geometry": {
        "type": "Polygon",
        "coordinates": [
          [
            [
              -15.5038004,
              28.020813
            ],
            [
              -15.5037573,
              28.0208227
            ],
            [
              -15.5037675,
              28.0208582
            ],
            [
              -15.5038106,
              28.0208485
            ],
            [
              -15.5038004,
              28.020813
            ]
          ]
        ]
      },
      "id": "way/417182786"
    },
    {
      "type": "Feature",
      "properties": {
        "@id": "way/417182789",
        "building": "yes",
        "power": "substation"
      },
      "geometry": {
        "type": "Polygon",
        "coordinates": [
          [
            [
              -15.5002705,
              28.0331169
            ],
            [
              -15.5002591,
              28.0330806
            ],
            [
              -15.5002264,
              28.0330886
            ],
            [
              -15.5002378,
              28.033125
            ],
            [
              -15.5002705,
              28.0331169
            ]
          ]
        ]
      },
      "id": "way/417182789"
    },
    {
      "type": "Feature",
      "properties": {
        "@id": "way/417182791",
        "building": "yes",
        "power": "substation"
      },
      "geometry": {
        "type": "Polygon",
        "coordinates": [
          [
            [
              -15.4906522,
              28.0311486
            ],
            [
              -15.4906534,
              28.0311158
            ],
            [
              -15.4906172,
              28.0311149
            ],
            [
              -15.490616,
              28.0311477
            ],
            [
              -15.4906522,
              28.0311486
            ]
          ]
        ]
      },
      "id": "way/417182791"
    },
    {
      "type": "Feature",
      "properties": {
        "@id": "way/417461566",
        "building": "yes",
        "power": "substation"
      },
      "geometry": {
        "type": "Polygon",
        "coordinates": [
          [
            [
              -15.4752743,
              28.0228803
            ],
            [
              -15.4752584,
              28.0228398
            ],
            [
              -15.4752155,
              28.0228529
            ],
            [
              -15.4752314,
              28.0228934
            ],
            [
              -15.4752743,
              28.0228803
            ]
          ]
        ]
      },
      "id": "way/417461566"
    },
    {
      "type": "Feature",
      "properties": {
        "@id": "way/417461569",
        "building": "yes",
        "power": "substation"
      },
      "geometry": {
        "type": "Polygon",
        "coordinates": [
          [
            [
              -15.4852242,
              28.0394107
            ],
            [
              -15.4852146,
              28.0393779
            ],
            [
              -15.4851763,
              28.0393867
            ],
            [
              -15.4851859,
              28.0394194
            ],
            [
              -15.4852242,
              28.0394107
            ]
          ]
        ]
      },
      "id": "way/417461569"
    },
    {
      "type": "Feature",
      "properties": {
        "@id": "way/417461575",
        "building": "yes",
        "power": "substation"
      },
      "geometry": {
        "type": "Polygon",
        "coordinates": [
          [
            [
              -15.4883186,
              28.0477394
            ],
            [
              -15.4882915,
              28.0477135
            ],
            [
              -15.4882611,
              28.0477384
            ],
            [
              -15.4882882,
              28.0477643
            ],
            [
              -15.4883186,
              28.0477394
            ]
          ]
        ]
      },
      "id": "way/417461575"
    },
    {
      "type": "Feature",
      "properties": {
        "@id": "way/417461579",
        "building": "yes",
        "power": "substation"
      },
      "geometry": {
        "type": "Polygon",
        "coordinates": [
          [
            [
              -15.4855145,
              28.044897
            ],
            [
              -15.4854826,
              28.0448528
            ],
            [
              -15.4853969,
              28.0449011
            ],
            [
              -15.4854288,
              28.0449452
            ],
            [
              -15.4855145,
              28.044897
            ]
          ]
        ]
      },
      "id": "way/417461579"
    },
    {
      "type": "Feature",
      "properties": {
        "@id": "way/418527286",
        "building": "yes",
        "power": "substation"
      },
      "geometry": {
        "type": "Polygon",
        "coordinates": [
          [
            [
              -15.503739,
              28.0596714
            ],
            [
              -15.5037601,
              28.059618
            ],
            [
              -15.5037051,
              28.0596012
            ],
            [
              -15.5036841,
              28.0596546
            ],
            [
              -15.503739,
              28.0596714
            ]
          ]
        ]
      },
      "id": "way/418527286"
    },
    {
      "type": "Feature",
      "properties": {
        "@id": "way/418527287",
        "building": "yes",
        "power": "substation"
      },
      "geometry": {
        "type": "Polygon",
        "coordinates": [
          [
            [
              -15.5027665,
              28.0537716
            ],
            [
              -15.5027181,
              28.0537837
            ],
            [
              -15.5027314,
              28.0538252
            ],
            [
              -15.5027799,
              28.0538131
            ],
            [
              -15.5027665,
              28.0537716
            ]
          ]
        ]
      },
      "id": "way/418527287"
    },
    {
      "type": "Feature",
      "properties": {
        "@id": "way/418527288",
        "building": "yes",
        "power": "substation"
      },
      "geometry": {
        "type": "Polygon",
        "coordinates": [
          [
            [
              -15.5006142,
              28.0652726
            ],
            [
              -15.5005806,
              28.065245
            ],
            [
              -15.5005494,
              28.0652747
            ],
            [
              -15.500583,
              28.0653022
            ],
            [
              -15.5006142,
              28.0652726
            ]
          ]
        ]
      },
      "id": "way/418527288"
    },
    {
      "type": "Feature",
      "properties": {
        "@id": "way/418631229",
        "building": "yes",
        "power": "substation"
      },
      "geometry": {
        "type": "Polygon",
        "coordinates": [
          [
            [
              -15.4954974,
              28.0727214
            ],
            [
              -15.4954654,
              28.0727093
            ],
            [
              -15.4954473,
              28.0727466
            ],
            [
              -15.4954793,
              28.0727587
            ],
            [
              -15.4954974,
              28.0727214
            ]
          ]
        ]
      },
      "id": "way/418631229"
    },
    {
      "type": "Feature",
      "properties": {
        "@id": "way/419249950",
        "building": "yes",
        "power": "substation"
      },
      "geometry": {
        "type": "Polygon",
        "coordinates": [
          [
            [
              -15.4985188,
              28.0942743
            ],
            [
              -15.4985131,
              28.0942258
            ],
            [
              -15.4984537,
              28.0942313
            ],
            [
              -15.4984594,
              28.0942797
            ],
            [
              -15.4985188,
              28.0942743
            ]
          ]
        ]
      },
      "id": "way/419249950"
    },
    {
      "type": "Feature",
      "properties": {
        "@id": "way/419742410",
        "building": "yes",
        "power": "substation"
      },
      "geometry": {
        "type": "Polygon",
        "coordinates": [
          [
            [
              -15.508773,
              28.0780209
            ],
            [
              -15.5087329,
              28.0779935
            ],
            [
              -15.508702,
              28.0780286
            ],
            [
              -15.5087422,
              28.078056
            ],
            [
              -15.508773,
              28.0780209
            ]
          ]
        ]
      },
      "id": "way/419742410"
    },
    {
      "type": "Feature",
      "properties": {
        "@id": "way/419742411",
        "building": "yes",
        "power": "substation"
      },
      "geometry": {
        "type": "Polygon",
        "coordinates": [
          [
            [
              -15.5107487,
              28.0575745
            ],
            [
              -15.5107042,
              28.0575451
            ],
            [
              -15.5106799,
              28.0575738
            ],
            [
              -15.5107243,
              28.0576032
            ],
            [
              -15.5107487,
              28.0575745
            ]
          ]
        ]
      },
      "id": "way/419742411"
    },
    {
      "type": "Feature",
      "properties": {
        "@id": "way/419742412",
        "building": "yes",
        "power": "substation"
      },
      "geometry": {
        "type": "Polygon",
        "coordinates": [
          [
            [
              -15.4869859,
              28.075014
            ],
            [
              -15.4869779,
              28.0749731
            ],
            [
              -15.486931,
              28.0749803
            ],
            [
              -15.4869391,
              28.0750212
            ],
            [
              -15.4869859,
              28.075014
            ]
          ]
        ]
      },
      "id": "way/419742412"
    },
    {
      "type": "Feature",
      "properties": {
        "@id": "way/420010040",
        "building": "yes",
        "power": "substation"
      },
      "geometry": {
        "type": "Polygon",
        "coordinates": [
          [
            [
              -15.4825252,
              28.0743847
            ],
            [
              -15.4824816,
              28.0743575
            ],
            [
              -15.4824544,
              28.0743915
            ],
            [
              -15.482498,
              28.0744187
            ],
            [
              -15.4825252,
              28.0743847
            ]
          ]
        ]
      },
      "id": "way/420010040"
    },
    {
      "type": "Feature",
      "properties": {
        "@id": "way/420727281",
        "building": "yes",
        "power": "substation"
      },
      "geometry": {
        "type": "Polygon",
        "coordinates": [
          [
            [
              -15.4708648,
              28.078339
            ],
            [
              -15.4708383,
              28.0783009
            ],
            [
              -15.4707994,
              28.0783219
            ],
            [
              -15.4708258,
              28.0783601
            ],
            [
              -15.4708648,
              28.078339
            ]
          ]
        ]
      },
      "id": "way/420727281"
    },
    {
      "type": "Feature",
      "properties": {
        "@id": "way/421012824",
        "frequency": "50",
        "power": "substation",
        "substation": "minor_distribution"
      },
      "geometry": {
        "type": "Polygon",
        "coordinates": [
          [
            [
              -16.2945208,
              28.4681031
            ],
            [
              -16.2945241,
              28.4680746
            ],
            [
              -16.2944845,
              28.468071
            ],
            [
              -16.2944811,
              28.4680995
            ],
            [
              -16.2945208,
              28.4681031
            ]
          ]
        ]
      },
      "id": "way/421012824"
    },
    {
      "type": "Feature",
      "properties": {
        "@id": "way/421313031",
        "frequency": "50",
        "power": "substation",
        "substation": "minor_distribution"
      },
      "geometry": {
        "type": "Polygon",
        "coordinates": [
          [
            [
              -16.503923,
              28.4199339
            ],
            [
              -16.503892,
              28.4199055
            ],
            [
              -16.5038749,
              28.41992
            ],
            [
              -16.5039059,
              28.4199484
            ],
            [
              -16.503923,
              28.4199339
            ]
          ]
        ]
      },
      "id": "way/421313031"
    },
    {
      "type": "Feature",
      "properties": {
        "@id": "way/421963510",
        "building": "yes",
        "power": "substation"
      },
      "geometry": {
        "type": "Polygon",
        "coordinates": [
          [
            [
              -15.4633699,
              28.0665524
            ],
            [
              -15.4633356,
              28.0665409
            ],
            [
              -15.463322,
              28.0665724
            ],
            [
              -15.4633563,
              28.0665839
            ],
            [
              -15.4633699,
              28.0665524
            ]
          ]
        ]
      },
      "id": "way/421963510"
    },
    {
      "type": "Feature",
      "properties": {
        "@id": "way/422423536",
        "building": "yes",
        "power": "substation"
      },
      "geometry": {
        "type": "Polygon",
        "coordinates": [
          [
            [
              -15.4477807,
              28.083995
            ],
            [
              -15.4477874,
              28.083932
            ],
            [
              -15.447726,
              28.0839269
            ],
            [
              -15.4477193,
              28.0839898
            ],
            [
              -15.4477807,
              28.083995
            ]
          ]
        ]
      },
      "id": "way/422423536"
    },
    {
      "type": "Feature",
      "properties": {
        "@id": "way/422429892",
        "building": "yes",
        "power": "substation"
      },
      "geometry": {
        "type": "Polygon",
        "coordinates": [
          [
            [
              -15.4843909,
              28.0729074
            ],
            [
              -15.4843435,
              28.0729335
            ],
            [
              -15.4843682,
              28.0729685
            ],
            [
              -15.4844157,
              28.0729423
            ],
            [
              -15.4843909,
              28.0729074
            ]
          ]
        ]
      },
      "id": "way/422429892"
    },
    {
      "type": "Feature",
      "properties": {
        "@id": "way/422671342",
        "building": "yes",
        "power": "substation"
      },
      "geometry": {
        "type": "Polygon",
        "coordinates": [
          [
            [
              -15.4821884,
              28.0588548
            ],
            [
              -15.4821545,
              28.0588186
            ],
            [
              -15.4821156,
              28.058847
            ],
            [
              -15.4821496,
              28.0588832
            ],
            [
              -15.4821884,
              28.0588548
            ]
          ]
        ]
      },
      "id": "way/422671342"
    },
    {
      "type": "Feature",
      "properties": {
        "@id": "way/422671343",
        "building": "yes",
        "power": "substation"
      },
      "geometry": {
        "type": "Polygon",
        "coordinates": [
          [
            [
              -15.472951,
              28.0808497
            ],
            [
              -15.4729427,
              28.0808191
            ],
            [
              -15.4729114,
              28.0808257
            ],
            [
              -15.4729196,
              28.0808563
            ],
            [
              -15.472951,
              28.0808497
            ]
          ]
        ]
      },
      "id": "way/422671343"
    },
    {
      "type": "Feature",
      "properties": {
        "@id": "way/422671344",
        "building": "yes",
        "power": "substation"
      },
      "geometry": {
        "type": "Polygon",
        "coordinates": [
          [
            [
              -15.4712412,
              28.0854819
            ],
            [
              -15.4712105,
              28.0854359
            ],
            [
              -15.4711526,
              28.085466
            ],
            [
              -15.4711833,
              28.085512
            ],
            [
              -15.4712412,
              28.0854819
            ]
          ]
        ]
      },
      "id": "way/422671344"
    },
    {
      "type": "Feature",
      "properties": {
        "@id": "way/422671345",
        "building": "yes",
        "power": "substation"
      },
      "geometry": {
        "type": "Polygon",
        "coordinates": [
          [
            [
              -15.4622123,
              28.0730295
            ],
            [
              -15.4621782,
              28.0730426
            ],
            [
              -15.4621954,
              28.0730774
            ],
            [
              -15.4622295,
              28.0730643
            ],
            [
              -15.4622123,
              28.0730295
            ]
          ]
        ]
      },
      "id": "way/422671345"
    },
    {
      "type": "Feature",
      "properties": {
        "@id": "way/422671346",
        "building": "yes",
        "power": "substation"
      },
      "geometry": {
        "type": "Polygon",
        "coordinates": [
          [
            [
              -15.4745336,
              28.0606807
            ],
            [
              -15.4745089,
              28.0606523
            ],
            [
              -15.4744713,
              28.0606777
            ],
            [
              -15.4744959,
              28.0607061
            ],
            [
              -15.4745336,
              28.0606807
            ]
          ]
        ]
      },
      "id": "way/422671346"
    },
    {
      "type": "Feature",
      "properties": {
        "@id": "way/422671347",
        "building": "yes",
        "power": "substation"
      },
      "geometry": {
        "type": "Polygon",
        "coordinates": [
          [
            [
              -15.4621444,
              28.0900773
            ],
            [
              -15.4621207,
              28.0900326
            ],
            [
              -15.462077,
              28.0900506
            ],
            [
              -15.4621007,
              28.0900953
            ],
            [
              -15.4621444,
              28.0900773
            ]
          ]
        ]
      },
      "id": "way/422671347"
    },
    {
      "type": "Feature",
      "properties": {
        "@id": "way/422919401",
        "building": "yes",
        "power": "substation"
      },
      "geometry": {
        "type": "Polygon",
        "coordinates": [
          [
            [
              -15.5021685,
              28.0961571
            ],
            [
              -15.502142,
              28.0961301
            ],
            [
              -15.5021067,
              28.0961571
            ],
            [
              -15.5021332,
              28.0961841
            ],
            [
              -15.5021685,
              28.0961571
            ]
          ]
        ]
      },
      "id": "way/422919401"
    },
    {
      "type": "Feature",
      "properties": {
        "@id": "way/422919402",
        "building": "yes",
        "power": "substation"
      },
      "geometry": {
        "type": "Polygon",
        "coordinates": [
          [
            [
              -15.4967367,
              28.1022889
            ],
            [
              -15.4966886,
              28.1023155
            ],
            [
              -15.4967211,
              28.1023612
            ],
            [
              -15.4967692,
              28.1023347
            ],
            [
              -15.4967367,
              28.1022889
            ]
          ]
        ]
      },
      "id": "way/422919402"
    },
    {
      "type": "Feature",
      "properties": {
        "@id": "way/424840716",
        "building": "transformer_tower",
        "power": "substation",
        "source": "GRAFCAN OrtoExpress Urbana",
        "substation": "minor_distribution",
        "utility": "power"
      },
      "geometry": {
        "type": "Polygon",
        "coordinates": [
          [
            [
              -16.5055437,
              28.4091545
            ],
            [
              -16.5055767,
              28.4091675
            ],
            [
              -16.5055901,
              28.4091411
            ],
            [
              -16.5055572,
              28.4091281
            ],
            [
              -16.5055437,
              28.4091545
            ]
          ]
        ]
      },
      "id": "way/424840716"
    },
    {
      "type": "Feature",
      "properties": {
        "@id": "way/425657265",
        "power": "substation"
      },
      "geometry": {
        "type": "Polygon",
        "coordinates": [
          [
            [
              -15.4366404,
              27.9880465
            ],
            [
              -15.436698,
              27.9885027
            ],
            [
              -15.436733,
              27.9886892
            ],
            [
              -15.4370097,
              27.988745
            ],
            [
              -15.4370148,
              27.9886647
            ],
            [
              -15.436921,
              27.9881168
            ],
            [
              -15.4368584,
              27.9881218
            ],
            [
              -15.4368544,
              27.9881009
            ],
            [
              -15.4366404,
              27.9880465
            ]
          ]
        ]
      },
      "id": "way/425657265"
    },
    {
      "type": "Feature",
      "properties": {
        "@id": "way/426019631",
        "building": "yes",
        "power": "substation"
      },
      "geometry": {
        "type": "Polygon",
        "coordinates": [
          [
            [
              -15.4488899,
              27.8099885
            ],
            [
              -15.44885,
              27.8099664
            ],
            [
              -15.4488402,
              27.8099802
            ],
            [
              -15.4488298,
              27.8099949
            ],
            [
              -15.4488697,
              27.810017
            ],
            [
              -15.4488786,
              27.8100044
            ],
            [
              -15.4488899,
              27.8099885
            ]
          ]
        ]
      },
      "id": "way/426019631"
    },
    {
      "type": "Feature",
      "properties": {
        "@id": "way/426459848",
        "building": "yes",
        "power": "substation"
      },
      "geometry": {
        "type": "Polygon",
        "coordinates": [
          [
            [
              -15.3841904,
              27.9476972
            ],
            [
              -15.384208,
              27.9476667
            ],
            [
              -15.3841748,
              27.9476518
            ],
            [
              -15.3841572,
              27.9476823
            ],
            [
              -15.3841904,
              27.9476972
            ]
          ]
        ]
      },
      "id": "way/426459848"
    },
    {
      "type": "Feature",
      "properties": {
        "@id": "way/427782011",
        "building": "yes",
        "power": "substation"
      },
      "geometry": {
        "type": "Polygon",
        "coordinates": [
          [
            [
              -15.4812361,
              28.1179539
            ],
            [
              -15.4811915,
              28.1179464
            ],
            [
              -15.4811831,
              28.1179851
            ],
            [
              -15.4812277,
              28.1179926
            ],
            [
              -15.4812361,
              28.1179539
            ]
          ]
        ]
      },
      "id": "way/427782011"
    },
    {
      "type": "Feature",
      "properties": {
        "@id": "way/428161468",
        "building": "yes",
        "power": "substation"
      },
      "geometry": {
        "type": "Polygon",
        "coordinates": [
          [
            [
              -15.4667957,
              28.1034321
            ],
            [
              -15.4667506,
              28.1034179
            ],
            [
              -15.4667337,
              28.1034594
            ],
            [
              -15.4667789,
              28.1034737
            ],
            [
              -15.4667957,
              28.1034321
            ]
          ]
        ]
      },
      "id": "way/428161468"
    },
    {
      "type": "Feature",
      "properties": {
        "@id": "way/428244481",
        "building": "yes",
        "power": "substation"
      },
      "geometry": {
        "type": "Polygon",
        "coordinates": [
          [
            [
              -15.4758403,
              28.1161458
            ],
            [
              -15.4757938,
              28.1161334
            ],
            [
              -15.4757793,
              28.1161757
            ],
            [
              -15.4758258,
              28.1161881
            ],
            [
              -15.4758403,
              28.1161458
            ]
          ]
        ]
      },
      "id": "way/428244481"
    },
    {
      "type": "Feature",
      "properties": {
        "@id": "way/428244482",
        "building": "yes",
        "power": "substation"
      },
      "geometry": {
        "type": "Polygon",
        "coordinates": [
          [
            [
              -15.4894053,
              28.1136541
            ],
            [
              -15.4893671,
              28.113641
            ],
            [
              -15.4893512,
              28.113677
            ],
            [
              -15.4893894,
              28.1136901
            ],
            [
              -15.4894053,
              28.1136541
            ]
          ]
        ]
      },
      "id": "way/428244482"
    },
    {
      "type": "Feature",
      "properties": {
        "@id": "way/428519686",
        "frequency": "50",
        "power": "substation",
        "ref": "C401308",
        "substation": "minor_distribution"
      },
      "geometry": {
        "type": "Polygon",
        "coordinates": [
          [
            [
              -16.5036853,
              28.416305
            ],
            [
              -16.5036695,
              28.4162824
            ],
            [
              -16.5036301,
              28.4163037
            ],
            [
              -16.5036459,
              28.4163263
            ],
            [
              -16.5036853,
              28.416305
            ]
          ]
        ]
      },
      "id": "way/428519686"
    },
    {
      "type": "Feature",
      "properties": {
        "@id": "way/429078996",
        "building": "yes",
        "power": "substation"
      },
      "geometry": {
        "type": "Polygon",
        "coordinates": [
          [
            [
              -15.4544707,
              28.1245733
            ],
            [
              -15.4544328,
              28.1245434
            ],
            [
              -15.4544003,
              28.1245753
            ],
            [
              -15.4544382,
              28.1246053
            ],
            [
              -15.4544707,
              28.1245733
            ]
          ]
        ]
      },
      "id": "way/429078996"
    },
    {
      "type": "Feature",
      "properties": {
        "@id": "way/429078997",
        "building": "yes",
        "power": "substation"
      },
      "geometry": {
        "type": "Polygon",
        "coordinates": [
          [
            [
              -15.4659828,
              28.1106522
            ],
            [
              -15.4659511,
              28.1106078
            ],
            [
              -15.4659071,
              28.1106322
            ],
            [
              -15.4659293,
              28.1106634
            ],
            [
              -15.4659387,
              28.1106766
            ],
            [
              -15.4659828,
              28.1106522
            ]
          ]
        ]
      },
      "id": "way/429078997"
    },
    {
      "type": "Feature",
      "properties": {
        "@id": "way/434792658",
        "building": "yes",
        "power": "substation"
      },
      "geometry": {
        "type": "Polygon",
        "coordinates": [
          [
            [
              -15.4393282,
              28.0939064
            ],
            [
              -15.4392017,
              28.0938647
            ],
            [
              -15.4391067,
              28.0940892
            ],
            [
              -15.4392332,
              28.0941309
            ],
            [
              -15.4393282,
              28.0939064
            ]
          ]
        ]
      },
      "id": "way/434792658"
    },
    {
      "type": "Feature",
      "properties": {
        "@id": "way/434792660",
        "building": "yes",
        "power": "substation"
      },
      "geometry": {
        "type": "Polygon",
        "coordinates": [
          [
            [
              -15.4324506,
              28.0858111
            ],
            [
              -15.4324265,
              28.0857772
            ],
            [
              -15.4323666,
              28.0858104
            ],
            [
              -15.4323906,
              28.0858443
            ],
            [
              -15.4324506,
              28.0858111
            ]
          ]
        ]
      },
      "id": "way/434792660"
    },
    {
      "type": "Feature",
      "properties": {
        "@id": "way/434924266",
        "power": "substation",
        "ref": "C403825"
      },
      "geometry": {
        "type": "Polygon",
        "coordinates": [
          [
            [
              -16.5717991,
              28.3985366
            ],
            [
              -16.5717991,
              28.3984993
            ],
            [
              -16.5717339,
              28.3984992
            ],
            [
              -16.5717338,
              28.3985365
            ],
            [
              -16.5717991,
              28.3985366
            ]
          ]
        ]
      },
      "id": "way/434924266"
    },
    {
      "type": "Feature",
      "properties": {
        "@id": "way/434981914",
        "building": "yes",
        "power": "substation"
      },
      "geometry": {
        "type": "Polygon",
        "coordinates": [
          [
            [
              -15.4236856,
              28.0725205
            ],
            [
              -15.4236325,
              28.0725133
            ],
            [
              -15.4236248,
              28.0725572
            ],
            [
              -15.4236779,
              28.0725644
            ],
            [
              -15.4236856,
              28.0725205
            ]
          ]
        ]
      },
      "id": "way/434981914"
    },
    {
      "type": "Feature",
      "properties": {
        "@id": "way/435267591",
        "building": "yes",
        "power": "substation"
      },
      "geometry": {
        "type": "Polygon",
        "coordinates": [
          [
            [
              -15.4512479,
              28.0571357
            ],
            [
              -15.4512425,
              28.057093
            ],
            [
              -15.4511935,
              28.0570978
            ],
            [
              -15.4511989,
              28.0571405
            ],
            [
              -15.4512479,
              28.0571357
            ]
          ]
        ]
      },
      "id": "way/435267591"
    },
    {
      "type": "Feature",
      "properties": {
        "@id": "way/435267592",
        "building": "yes",
        "power": "substation"
      },
      "geometry": {
        "type": "Polygon",
        "coordinates": [
          [
            [
              -15.434471,
              28.052846
            ],
            [
              -15.4344124,
              28.0528423
            ],
            [
              -15.4344085,
              28.0528909
            ],
            [
              -15.4344671,
              28.0528946
            ],
            [
              -15.434471,
              28.052846
            ]
          ]
        ]
      },
      "id": "way/435267592"
    },
    {
      "type": "Feature",
      "properties": {
        "@id": "way/435267593",
        "building": "yes",
        "power": "substation"
      },
      "geometry": {
        "type": "Polygon",
        "coordinates": [
          [
            [
              -15.4402385,
              28.0734577
            ],
            [
              -15.440065,
              28.073577
            ],
            [
              -15.4402262,
              28.0737595
            ],
            [
              -15.4403997,
              28.0736402
            ],
            [
              -15.4402385,
              28.0734577
            ]
          ]
        ]
      },
      "id": "way/435267593"
    },
    {
      "type": "Feature",
      "properties": {
        "@id": "way/435281615",
        "building": "yes",
        "power": "substation",
        "voltage": "20000"
      },
      "geometry": {
        "type": "Polygon",
        "coordinates": [
          [
            [
              -15.4173165,
              28.0485976
            ],
            [
              -15.4172782,
              28.048571
            ],
            [
              -15.4172497,
              28.048603
            ],
            [
              -15.417288,
              28.0486296
            ],
            [
              -15.4173165,
              28.0485976
            ]
          ]
        ]
      },
      "id": "way/435281615"
    },
    {
      "type": "Feature",
      "properties": {
        "@id": "way/435281616",
        "building": "yes",
        "power": "substation"
      },
      "geometry": {
        "type": "Polygon",
        "coordinates": [
          [
            [
              -15.4357772,
              28.0587541
            ],
            [
              -15.4357702,
              28.0587074
            ],
            [
              -15.4357178,
              28.0587135
            ],
            [
              -15.4357247,
              28.0587602
            ],
            [
              -15.4357772,
              28.0587541
            ]
          ]
        ]
      },
      "id": "way/435281616"
    },
    {
      "type": "Feature",
      "properties": {
        "@id": "way/435281618",
        "building": "yes",
        "power": "substation"
      },
      "geometry": {
        "type": "Polygon",
        "coordinates": [
          [
            [
              -15.4346284,
              28.0468189
            ],
            [
              -15.4345785,
              28.0468162
            ],
            [
              -15.4345756,
              28.0468599
            ],
            [
              -15.4346254,
              28.0468626
            ],
            [
              -15.4346284,
              28.0468189
            ]
          ]
        ]
      },
      "id": "way/435281618"
    },
    {
      "type": "Feature",
      "properties": {
        "@id": "way/435482358",
        "building": "yes",
        "power": "substation"
      },
      "geometry": {
        "type": "Polygon",
        "coordinates": [
          [
            [
              -15.4523595,
              28.025459
            ],
            [
              -15.4523536,
              28.0254166
            ],
            [
              -15.4522995,
              28.0254225
            ],
            [
              -15.4523053,
              28.0254648
            ],
            [
              -15.4523595,
              28.025459
            ]
          ]
        ]
      },
      "id": "way/435482358"
    },
    {
      "type": "Feature",
      "properties": {
        "@id": "way/435631042",
        "building": "yes",
        "power": "substation"
      },
      "geometry": {
        "type": "Polygon",
        "coordinates": [
          [
            [
              -15.4625967,
              28.0540256
            ],
            [
              -15.4625497,
              28.0539889
            ],
            [
              -15.4625148,
              28.0540238
            ],
            [
              -15.4625617,
              28.0540605
            ],
            [
              -15.4625967,
              28.0540256
            ]
          ]
        ]
      },
      "id": "way/435631042"
    },
    {
      "type": "Feature",
      "properties": {
        "@id": "way/435631043",
        "building": "yes",
        "power": "substation"
      },
      "geometry": {
        "type": "Polygon",
        "coordinates": [
          [
            [
              -15.4490437,
              28.043751
            ],
            [
              -15.449009,
              28.0437249
            ],
            [
              -15.448982,
              28.0437529
            ],
            [
              -15.4490168,
              28.043779
            ],
            [
              -15.4490437,
              28.043751
            ]
          ]
        ]
      },
      "id": "way/435631043"
    },
    {
      "type": "Feature",
      "properties": {
        "@id": "way/435631044",
        "building": "yes",
        "power": "substation"
      },
      "geometry": {
        "type": "Polygon",
        "coordinates": [
          [
            [
              -15.457465,
              28.0479752
            ],
            [
              -15.4574316,
              28.0480011
            ],
            [
              -15.4574583,
              28.0480279
            ],
            [
              -15.4574916,
              28.048002
            ],
            [
              -15.457465,
              28.0479752
            ]
          ]
        ]
      },
      "id": "way/435631044"
    },
    {
      "type": "Feature",
      "properties": {
        "@id": "way/435770004",
        "building": "yes",
        "power": "substation"
      },
      "geometry": {
        "type": "Polygon",
        "coordinates": [
          [
            [
              -15.4997147,
              27.9993914
            ],
            [
              -15.4996641,
              27.9993798
            ],
            [
              -15.4996504,
              27.9994264
            ],
            [
              -15.4997009,
              27.9994381
            ],
            [
              -15.4997147,
              27.9993914
            ]
          ]
        ]
      },
      "id": "way/435770004"
    },
    {
      "type": "Feature",
      "properties": {
        "@id": "way/435770005",
        "building": "yes",
        "power": "substation"
      },
      "geometry": {
        "type": "Polygon",
        "coordinates": [
          [
            [
              -15.5089959,
              27.995913
            ],
            [
              -15.5090103,
              27.9958697
            ],
            [
              -15.5089631,
              27.9958574
            ],
            [
              -15.5089487,
              27.9959007
            ],
            [
              -15.5089959,
              27.995913
            ]
          ]
        ]
      },
      "id": "way/435770005"
    },
    {
      "type": "Feature",
      "properties": {
        "@id": "way/435770006",
        "building": "yes",
        "power": "substation"
      },
      "geometry": {
        "type": "Polygon",
        "coordinates": [
          [
            [
              -15.4701864,
              28.0059793
            ],
            [
              -15.4701617,
              28.0059433
            ],
            [
              -15.4701231,
              28.005964
            ],
            [
              -15.4701478,
              28.006
            ],
            [
              -15.4701864,
              28.0059793
            ]
          ]
        ]
      },
      "id": "way/435770006"
    },
    {
      "type": "Feature",
      "properties": {
        "@id": "way/435822118",
        "building": "yes",
        "power": "substation"
      },
      "geometry": {
        "type": "Polygon",
        "coordinates": [
          [
            [
              -15.4638568,
              28.0064628
            ],
            [
              -15.4638497,
              28.006423
            ],
            [
              -15.4638042,
              28.0064293
            ],
            [
              -15.4638112,
              28.0064691
            ],
            [
              -15.4638568,
              28.0064628
            ]
          ]
        ]
      },
      "id": "way/435822118"
    },
    {
      "type": "Feature",
      "properties": {
        "@id": "way/436074409",
        "building": "yes",
        "power": "substation"
      },
      "geometry": {
        "type": "Polygon",
        "coordinates": [
          [
            [
              -15.4723226,
              27.9953744
            ],
            [
              -15.472279,
              27.995362
            ],
            [
              -15.4722646,
              27.9954013
            ],
            [
              -15.4723082,
              27.9954138
            ],
            [
              -15.4723226,
              27.9953744
            ]
          ]
        ]
      },
      "id": "way/436074409"
    },
    {
      "type": "Feature",
      "properties": {
        "@id": "way/436354859",
        "building": "yes",
        "power": "substation"
      },
      "geometry": {
        "type": "Polygon",
        "coordinates": [
          [
            [
              -15.5151837,
              27.9918696
            ],
            [
              -15.5151455,
              27.9918399
            ],
            [
              -15.5151172,
              27.9918684
            ],
            [
              -15.5151554,
              27.9918981
            ],
            [
              -15.5151837,
              27.9918696
            ]
          ]
        ]
      },
      "id": "way/436354859"
    },
    {
      "type": "Feature",
      "properties": {
        "@id": "way/436354860",
        "building": "yes",
        "power": "substation"
      },
      "geometry": {
        "type": "Polygon",
        "coordinates": [
          [
            [
              -15.4821923,
              28.0003624
            ],
            [
              -15.4821939,
              28.0003229
            ],
            [
              -15.4821547,
              28.0003217
            ],
            [
              -15.4821532,
              28.0003612
            ],
            [
              -15.4821923,
              28.0003624
            ]
          ]
        ]
      },
      "id": "way/436354860"
    },
    {
      "type": "Feature",
      "properties": {
        "@id": "way/436354861",
        "building": "yes",
        "power": "substation"
      },
      "geometry": {
        "type": "Polygon",
        "coordinates": [
          [
            [
              -15.4659485,
              28.0147064
            ],
            [
              -15.4659286,
              28.0146728
            ],
            [
              -15.4658984,
              28.0146867
            ],
            [
              -15.4659183,
              28.0147203
            ],
            [
              -15.4659485,
              28.0147064
            ]
          ]
        ]
      },
      "id": "way/436354861"
    },
    {
      "type": "Feature",
      "properties": {
        "@id": "way/436354862",
        "building": "yes",
        "power": "substation"
      },
      "geometry": {
        "type": "Polygon",
        "coordinates": [
          [
            [
              -15.4810317,
              27.9941449
            ],
            [
              -15.4809827,
              27.9941513
            ],
            [
              -15.4809883,
              27.9941847
            ],
            [
              -15.4810373,
              27.9941783
            ],
            [
              -15.4810317,
              27.9941449
            ]
          ]
        ]
      },
      "id": "way/436354862"
    },
    {
      "type": "Feature",
      "properties": {
        "@id": "way/436354863",
        "building": "yes",
        "power": "substation"
      },
      "geometry": {
        "type": "Polygon",
        "coordinates": [
          [
            [
              -15.4795798,
              28.0125574
            ],
            [
              -15.4795618,
              28.0125179
            ],
            [
              -15.4795183,
              28.0125334
            ],
            [
              -15.4795363,
              28.0125729
            ],
            [
              -15.4795798,
              28.0125574
            ]
          ]
        ]
      },
      "id": "way/436354863"
    },
    {
      "type": "Feature",
      "properties": {
        "@id": "way/436677966",
        "building": "yes",
        "power": "substation"
      },
      "geometry": {
        "type": "Polygon",
        "coordinates": [
          [
            [
              -15.4711518,
              27.9795016
            ],
            [
              -15.4711255,
              27.9794665
            ],
            [
              -15.4710894,
              27.9794876
            ],
            [
              -15.4711157,
              27.9795226
            ],
            [
              -15.4711518,
              27.9795016
            ]
          ]
        ]
      },
      "id": "way/436677966"
    },
    {
      "type": "Feature",
      "properties": {
        "@id": "way/436691401",
        "building": "yes",
        "power": "substation"
      },
      "geometry": {
        "type": "Polygon",
        "coordinates": [
          [
            [
              -15.4987036,
              27.9903934
            ],
            [
              -15.498667,
              27.990386
            ],
            [
              -15.4986573,
              27.9904239
            ],
            [
              -15.4986939,
              27.9904312
            ],
            [
              -15.4987036,
              27.9903934
            ]
          ]
        ]
      },
      "id": "way/436691401"
    },
    {
      "type": "Feature",
      "properties": {
        "@id": "way/436691402",
        "building": "yes",
        "power": "substation"
      },
      "geometry": {
        "type": "Polygon",
        "coordinates": [
          [
            [
              -15.5096931,
              27.9864556
            ],
            [
              -15.5096853,
              27.9864099
            ],
            [
              -15.5096349,
              27.9864166
            ],
            [
              -15.5096427,
              27.9864622
            ],
            [
              -15.5096931,
              27.9864556
            ]
          ]
        ]
      },
      "id": "way/436691402"
    },
    {
      "type": "Feature",
      "properties": {
        "@id": "way/436691403",
        "building": "yes",
        "power": "substation"
      },
      "geometry": {
        "type": "Polygon",
        "coordinates": [
          [
            [
              -15.5000493,
              27.9864193
            ],
            [
              -15.5000503,
              27.9863874
            ],
            [
              -15.5000196,
              27.9863867
            ],
            [
              -15.5000187,
              27.9864186
            ],
            [
              -15.5000493,
              27.9864193
            ]
          ]
        ]
      },
      "id": "way/436691403"
    },
    {
      "type": "Feature",
      "properties": {
        "@id": "way/436691404",
        "building": "yes",
        "power": "substation"
      },
      "geometry": {
        "type": "Polygon",
        "coordinates": [
          [
            [
              -15.5305338,
              27.9811104
            ],
            [
              -15.5305396,
              27.9810657
            ],
            [
              -15.5304962,
              27.9810613
            ],
            [
              -15.5304904,
              27.9811059
            ],
            [
              -15.5305338,
              27.9811104
            ]
          ]
        ]
      },
      "id": "way/436691404"
    },
    {
      "type": "Feature",
      "properties": {
        "@id": "way/437742530",
        "building": "yes",
        "power": "substation"
      },
      "geometry": {
        "type": "Polygon",
        "coordinates": [
          [
            [
              -15.4412776,
              28.0120827
            ],
            [
              -15.4412706,
              28.0120423
            ],
            [
              -15.4412149,
              28.0120499
            ],
            [
              -15.441222,
              28.0120903
            ],
            [
              -15.4412776,
              28.0120827
            ]
          ]
        ]
      },
      "id": "way/437742530"
    },
    {
      "type": "Feature",
      "properties": {
        "@id": "way/437742532",
        "building": "yes",
        "power": "substation"
      },
      "geometry": {
        "type": "Polygon",
        "coordinates": [
          [
            [
              -15.4527973,
              28.0168775
            ],
            [
              -15.4527659,
              28.0168537
            ],
            [
              -15.45274,
              28.0168802
            ],
            [
              -15.4527714,
              28.016904
            ],
            [
              -15.4527973,
              28.0168775
            ]
          ]
        ]
      },
      "id": "way/437742532"
    },
    {
      "type": "Feature",
      "properties": {
        "@id": "way/437965864",
        "power": "substation"
      },
      "geometry": {
        "type": "Polygon",
        "coordinates": [
          [
            [
              -15.4638039,
              27.8158204
            ],
            [
              -15.463769,
              27.815797
            ],
            [
              -15.4637555,
              27.8158127
            ],
            [
              -15.4637394,
              27.8158314
            ],
            [
              -15.4637742,
              27.8158549
            ],
            [
              -15.4638039,
              27.8158204
            ]
          ]
        ]
      },
      "id": "way/437965864"
    },
    {
      "type": "Feature",
      "properties": {
        "@id": "way/437965866",
        "power": "substation"
      },
      "geometry": {
        "type": "Polygon",
        "coordinates": [
          [
            [
              -15.4541347,
              27.8126084
            ],
            [
              -15.4541073,
              27.8125858
            ],
            [
              -15.4540941,
              27.8125982
            ],
            [
              -15.4540819,
              27.8126098
            ],
            [
              -15.4541094,
              27.8126325
            ],
            [
              -15.4541203,
              27.8126221
            ],
            [
              -15.4541347,
              27.8126084
            ]
          ]
        ]
      },
      "id": "way/437965866"
    },
    {
      "type": "Feature",
      "properties": {
        "@id": "way/437986535",
        "power": "substation"
      },
      "geometry": {
        "type": "Polygon",
        "coordinates": [
          [
            [
              -15.3993903,
              27.8928482
            ],
            [
              -15.3993473,
              27.8928429
            ],
            [
              -15.3993413,
              27.8928804
            ],
            [
              -15.3993843,
              27.8928858
            ],
            [
              -15.3993903,
              27.8928482
            ]
          ]
        ]
      },
      "id": "way/437986535"
    },
    {
      "type": "Feature",
      "properties": {
        "@id": "way/438037616",
        "power": "substation"
      },
      "geometry": {
        "type": "Polygon",
        "coordinates": [
          [
            [
              -15.4532186,
              27.8339247
            ],
            [
              -15.4531844,
              27.8338907
            ],
            [
              -15.4531539,
              27.8339146
            ],
            [
              -15.4531881,
              27.8339487
            ],
            [
              -15.4531992,
              27.83394
            ],
            [
              -15.4532186,
              27.8339247
            ]
          ]
        ]
      },
      "id": "way/438037616"
    },
    {
      "type": "Feature",
      "properties": {
        "@id": "way/438253151",
        "building": "yes",
        "power": "substation"
      },
      "geometry": {
        "type": "Polygon",
        "coordinates": [
          [
            [
              -15.454426,
              27.9936247
            ],
            [
              -15.4543883,
              27.9936329
            ],
            [
              -15.4543978,
              27.9936671
            ],
            [
              -15.4544355,
              27.993659
            ],
            [
              -15.454426,
              27.9936247
            ]
          ]
        ]
      },
      "id": "way/438253151"
    },
    {
      "type": "Feature",
      "properties": {
        "@id": "way/438267515",
        "building": "yes",
        "power": "substation"
      },
      "geometry": {
        "type": "Polygon",
        "coordinates": [
          [
            [
              -15.4249113,
              28.0004048
            ],
            [
              -15.4248546,
              28.0003938
            ],
            [
              -15.4248426,
              28.0004418
            ],
            [
              -15.4248992,
              28.0004528
            ],
            [
              -15.4249113,
              28.0004048
            ]
          ]
        ]
      },
      "id": "way/438267515"
    },
    {
      "type": "Feature",
      "properties": {
        "@id": "way/438506601",
        "building": "yes",
        "power": "substation"
      },
      "geometry": {
        "type": "Polygon",
        "coordinates": [
          [
            [
              -15.3951481,
              28.0103104
            ],
            [
              -15.3951435,
              28.0102754
            ],
            [
              -15.3951062,
              28.0102793
            ],
            [
              -15.3951109,
              28.0103142
            ],
            [
              -15.3951481,
              28.0103104
            ]
          ]
        ]
      },
      "id": "way/438506601"
    },
    {
      "type": "Feature",
      "properties": {
        "@id": "way/439665699",
        "building": "yes",
        "power": "substation"
      },
      "geometry": {
        "type": "Polygon",
        "coordinates": [
          [
            [
              -15.4185033,
              28.0278867
            ],
            [
              -15.4184712,
              28.0278524
            ],
            [
              -15.4184083,
              28.0278984
            ],
            [
              -15.4184404,
              28.0279327
            ],
            [
              -15.4185033,
              28.0278867
            ]
          ]
        ]
      },
      "id": "way/439665699"
    },
    {
      "type": "Feature",
      "properties": {
        "@id": "way/439665700",
        "building": "yes",
        "power": "substation"
      },
      "geometry": {
        "type": "Polygon",
        "coordinates": [
          [
            [
              -15.4172807,
              28.0254913
            ],
            [
              -15.4172412,
              28.0254953
            ],
            [
              -15.4172455,
              28.0255289
            ],
            [
              -15.4172851,
              28.0255249
            ],
            [
              -15.4172807,
              28.0254913
            ]
          ]
        ]
      },
      "id": "way/439665700"
    },
    {
      "type": "Feature",
      "properties": {
        "@id": "way/439665701",
        "building": "yes",
        "power": "substation"
      },
      "geometry": {
        "type": "Polygon",
        "coordinates": [
          [
            [
              -15.3995797,
              28.0102126
            ],
            [
              -15.3995972,
              28.0101796
            ],
            [
              -15.3995629,
              28.0101654
            ],
            [
              -15.3995453,
              28.0101984
            ],
            [
              -15.3995797,
              28.0102126
            ]
          ]
        ]
      },
      "id": "way/439665701"
    },
    {
      "type": "Feature",
      "properties": {
        "@id": "way/439667455",
        "building": "yes",
        "power": "substation"
      },
      "geometry": {
        "type": "Polygon",
        "coordinates": [
          [
            [
              -15.4330402,
              28.0108814
            ],
            [
              -15.4330627,
              28.0108526
            ],
            [
              -15.4330311,
              28.0108334
            ],
            [
              -15.4330086,
              28.0108622
            ],
            [
              -15.4330402,
              28.0108814
            ]
          ]
        ]
      },
      "id": "way/439667455"
    },
    {
      "type": "Feature",
      "properties": {
        "@id": "way/439667456",
        "building": "yes",
        "power": "substation"
      },
      "geometry": {
        "type": "Polygon",
        "coordinates": [
          [
            [
              -15.4163108,
              28.0179952
            ],
            [
              -15.4162922,
              28.0179716
            ],
            [
              -15.4162646,
              28.0179886
            ],
            [
              -15.4162833,
              28.0180122
            ],
            [
              -15.4163108,
              28.0179952
            ]
          ]
        ]
      },
      "id": "way/439667456"
    },
    {
      "type": "Feature",
      "properties": {
        "@id": "way/439667457",
        "building": "yes",
        "power": "substation"
      },
      "geometry": {
        "type": "Polygon",
        "coordinates": [
          [
            [
              -15.4200191,
              28.0304931
            ],
            [
              -15.4200197,
              28.0302291
            ],
            [
              -15.4198553,
              28.0302288
            ],
            [
              -15.4198547,
              28.0304928
            ],
            [
              -15.4200191,
              28.0304931
            ]
          ]
        ]
      },
      "id": "way/439667457"
    },
    {
      "type": "Feature",
      "properties": {
        "@id": "way/439756930",
        "building": "yes",
        "power": "substation"
      },
      "geometry": {
        "type": "Polygon",
        "coordinates": [
          [
            [
              -15.418294,
              28.0105872
            ],
            [
              -15.4183074,
              28.0105541
            ],
            [
              -15.4182771,
              28.0105445
            ],
            [
              -15.4182636,
              28.0105775
            ],
            [
              -15.418294,
              28.0105872
            ]
          ]
        ]
      },
      "id": "way/439756930"
    },
    {
      "type": "Feature",
      "properties": {
        "@id": "way/439756931",
        "building": "yes",
        "power": "substation"
      },
      "geometry": {
        "type": "Polygon",
        "coordinates": [
          [
            [
              -15.4135943,
              28.0069181
            ],
            [
              -15.4135528,
              28.0069167
            ],
            [
              -15.4135508,
              28.0069614
            ],
            [
              -15.4135923,
              28.0069628
            ],
            [
              -15.4135943,
              28.0069181
            ]
          ]
        ]
      },
      "id": "way/439756931"
    },
    {
      "type": "Feature",
      "properties": {
        "@id": "way/439756932",
        "building": "yes",
        "power": "substation"
      },
      "geometry": {
        "type": "Polygon",
        "coordinates": [
          [
            [
              -15.4569157,
              28.0103263
            ],
            [
              -15.4569024,
              28.0102802
            ],
            [
              -15.4568553,
              28.0102908
            ],
            [
              -15.4568686,
              28.0103369
            ],
            [
              -15.4569157,
              28.0103263
            ]
          ]
        ]
      },
      "id": "way/439756932"
    },
    {
      "type": "Feature",
      "properties": {
        "@id": "way/439756933",
        "building": "yes",
        "power": "substation"
      },
      "geometry": {
        "type": "Polygon",
        "coordinates": [
          [
            [
              -15.4207995,
              28.0042885
            ],
            [
              -15.4207625,
              28.0042906
            ],
            [
              -15.4207655,
              28.0043298
            ],
            [
              -15.4208024,
              28.0043277
            ],
            [
              -15.4207995,
              28.0042885
            ]
          ]
        ]
      },
      "id": "way/439756933"
    },
    {
      "type": "Feature",
      "properties": {
        "@id": "way/439756934",
        "building": "yes",
        "power": "substation"
      },
      "geometry": {
        "type": "Polygon",
        "coordinates": [
          [
            [
              -15.3906695,
              28.0162383
            ],
            [
              -15.390646,
              28.016211
            ],
            [
              -15.3906173,
              28.0162302
            ],
            [
              -15.3906408,
              28.0162575
            ],
            [
              -15.3906695,
              28.0162383
            ]
          ]
        ]
      },
      "id": "way/439756934"
    },
    {
      "type": "Feature",
      "properties": {
        "@id": "way/439756935",
        "building": "yes",
        "power": "substation"
      },
      "geometry": {
        "type": "Polygon",
        "coordinates": [
          [
            [
              -15.4251804,
              28.0104502
            ],
            [
              -15.4251521,
              28.0104193
            ],
            [
              -15.4251292,
              28.0104358
            ],
            [
              -15.4251576,
              28.0104666
            ],
            [
              -15.4251804,
              28.0104502
            ]
          ]
        ]
      },
      "id": "way/439756935"
    },
    {
      "type": "Feature",
      "properties": {
        "@id": "way/440387880",
        "building": "yes",
        "power": "substation"
      },
      "geometry": {
        "type": "Polygon",
        "coordinates": [
          [
            [
              -15.3926881,
              27.9992144
            ],
            [
              -15.3926498,
              27.9992082
            ],
            [
              -15.3926417,
              27.9992473
            ],
            [
              -15.39268,
              27.9992535
            ],
            [
              -15.3926881,
              27.9992144
            ]
          ]
        ]
      },
      "id": "way/440387880"
    },
    {
      "type": "Feature",
      "properties": {
        "@id": "way/440387881",
        "building": "yes",
        "power": "substation"
      },
      "geometry": {
        "type": "Polygon",
        "coordinates": [
          [
            [
              -15.3905243,
              28.0016955
            ],
            [
              -15.3904865,
              28.0016779
            ],
            [
              -15.3904698,
              28.001706
            ],
            [
              -15.3905076,
              28.0017235
            ],
            [
              -15.3905243,
              28.0016955
            ]
          ]
        ]
      },
      "id": "way/440387881"
    },
    {
      "type": "Feature",
      "properties": {
        "@id": "way/440387882",
        "building": "yes",
        "power": "substation"
      },
      "geometry": {
        "type": "Polygon",
        "coordinates": [
          [
            [
              -15.4141135,
              27.9873838
            ],
            [
              -15.414081,
              27.9873645
            ],
            [
              -15.4140641,
              27.9873865
            ],
            [
              -15.4140967,
              27.9874058
            ],
            [
              -15.4141135,
              27.9873838
            ]
          ]
        ]
      },
      "id": "way/440387882"
    },
    {
      "type": "Feature",
      "properties": {
        "@id": "way/441777206",
        "building": "yes",
        "power": "substation"
      },
      "geometry": {
        "type": "Polygon",
        "coordinates": [
          [
            [
              -15.4755736,
              27.967026
            ],
            [
              -15.4755444,
              27.9669883
            ],
            [
              -15.4755022,
              27.9670138
            ],
            [
              -15.4755314,
              27.9670515
            ],
            [
              -15.4755736,
              27.967026
            ]
          ]
        ]
      },
      "id": "way/441777206"
    },
    {
      "type": "Feature",
      "properties": {
        "@id": "way/441777207",
        "building": "yes",
        "power": "substation"
      },
      "geometry": {
        "type": "Polygon",
        "coordinates": [
          [
            [
              -15.5115817,
              27.9552262
            ],
            [
              -15.511613,
              27.9551966
            ],
            [
              -15.5115728,
              27.955163
            ],
            [
              -15.511546,
              27.9551946
            ],
            [
              -15.5115817,
              27.9552262
            ]
          ]
        ]
      },
      "id": "way/441777207"
    },
    {
      "type": "Feature",
      "properties": {
        "@id": "way/442073689",
        "building": "yes",
        "power": "substation"
      },
      "geometry": {
        "type": "Polygon",
        "coordinates": [
          [
            [
              -15.481582,
              27.9677968
            ],
            [
              -15.4815532,
              27.9677693
            ],
            [
              -15.4815245,
              27.9677928
            ],
            [
              -15.4815532,
              27.9678202
            ],
            [
              -15.481582,
              27.9677968
            ]
          ]
        ]
      },
      "id": "way/442073689"
    },
    {
      "type": "Feature",
      "properties": {
        "@id": "way/443170443",
        "building": "yes",
        "power": "substation"
      },
      "geometry": {
        "type": "Polygon",
        "coordinates": [
          [
            [
              -15.4630704,
              27.9791358
            ],
            [
              -15.4630873,
              27.9790921
            ],
            [
              -15.463048,
              27.9790803
            ],
            [
              -15.4630312,
              27.979124
            ],
            [
              -15.4630704,
              27.9791358
            ]
          ]
        ]
      },
      "id": "way/443170443"
    },
    {
      "type": "Feature",
      "properties": {
        "@id": "way/447155831",
        "building": "yes",
        "power": "substation"
      },
      "geometry": {
        "type": "Polygon",
        "coordinates": [
          [
            [
              -15.3975962,
              27.9907454
            ],
            [
              -15.3975561,
              27.9907553
            ],
            [
              -15.3975698,
              27.9907985
            ],
            [
              -15.3976099,
              27.9907886
            ],
            [
              -15.3975962,
              27.9907454
            ]
          ]
        ]
      },
      "id": "way/447155831"
    },
    {
      "type": "Feature",
      "properties": {
        "@id": "way/447155832",
        "building": "yes",
        "power": "substation"
      },
      "geometry": {
        "type": "Polygon",
        "coordinates": [
          [
            [
              -15.3941089,
              27.9725642
            ],
            [
              -15.3941035,
              27.9725146
            ],
            [
              -15.3940126,
              27.9725221
            ],
            [
              -15.3940178,
              27.9725717
            ],
            [
              -15.3941089,
              27.9725642
            ]
          ]
        ]
      },
      "id": "way/447155832"
    },
    {
      "type": "Feature",
      "properties": {
        "@id": "way/447248716",
        "building": "yes",
        "power": "substation"
      },
      "geometry": {
        "type": "Polygon",
        "coordinates": [
          [
            [
              -15.3991062,
              27.9369206
            ],
            [
              -15.3991058,
              27.9368848
            ],
            [
              -15.3990713,
              27.9368851
            ],
            [
              -15.3990716,
              27.9369209
            ],
            [
              -15.3991062,
              27.9369206
            ]
          ]
        ]
      },
      "id": "way/447248716"
    },
    {
      "type": "Feature",
      "properties": {
        "@id": "way/447248717",
        "building": "yes",
        "power": "substation"
      },
      "geometry": {
        "type": "Polygon",
        "coordinates": [
          [
            [
              -15.4047486,
              27.9389929
            ],
            [
              -15.4047448,
              27.9389565
            ],
            [
              -15.4047083,
              27.9389595
            ],
            [
              -15.4047122,
              27.9389959
            ],
            [
              -15.4047486,
              27.9389929
            ]
          ]
        ]
      },
      "id": "way/447248717"
    },
    {
      "type": "Feature",
      "properties": {
        "@id": "way/447248718",
        "building": "yes",
        "power": "substation"
      },
      "geometry": {
        "type": "Polygon",
        "coordinates": [
          [
            [
              -15.3959196,
              27.9410893
            ],
            [
              -15.3959263,
              27.9410485
            ],
            [
              -15.3958761,
              27.941042
            ],
            [
              -15.3958694,
              27.9410829
            ],
            [
              -15.3959196,
              27.9410893
            ]
          ]
        ]
      },
      "id": "way/447248718"
    },
    {
      "type": "Feature",
      "properties": {
        "@id": "way/448349515",
        "building": "yes",
        "power": "substation"
      },
      "geometry": {
        "type": "Polygon",
        "coordinates": [
          [
            [
              -15.5376941,
              27.9530997
            ],
            [
              -15.5376474,
              27.9531152
            ],
            [
              -15.5376642,
              27.9531546
            ],
            [
              -15.5377108,
              27.9531392
            ],
            [
              -15.5376941,
              27.9530997
            ]
          ]
        ]
      },
      "id": "way/448349515"
    },
    {
      "type": "Feature",
      "properties": {
        "@id": "way/448349516",
        "building": "yes",
        "power": "substation"
      },
      "geometry": {
        "type": "Polygon",
        "coordinates": [
          [
            [
              -15.4705275,
              27.94517
            ],
            [
              -15.4704924,
              27.9451452
            ],
            [
              -15.4704707,
              27.9451692
            ],
            [
              -15.4705059,
              27.9451939
            ],
            [
              -15.4705275,
              27.94517
            ]
          ]
        ]
      },
      "id": "way/448349516"
    },
    {
      "type": "Feature",
      "properties": {
        "@id": "way/449049302",
        "building": "yes",
        "power": "substation"
      },
      "geometry": {
        "type": "Polygon",
        "coordinates": [
          [
            [
              -15.44603,
              27.9246321
            ],
            [
              -15.445981,
              27.9246305
            ],
            [
              -15.4459792,
              27.9246728
            ],
            [
              -15.4460282,
              27.9246744
            ],
            [
              -15.44603,
              27.9246321
            ]
          ]
        ]
      },
      "id": "way/449049302"
    },
    {
      "type": "Feature",
      "properties": {
        "@id": "way/449051737",
        "building": "yes",
        "power": "substation"
      },
      "geometry": {
        "type": "Polygon",
        "coordinates": [
          [
            [
              -15.4398171,
              27.9121826
            ],
            [
              -15.4398327,
              27.9121473
            ],
            [
              -15.4397941,
              27.9121339
            ],
            [
              -15.4397785,
              27.9121693
            ],
            [
              -15.4398171,
              27.9121826
            ]
          ]
        ]
      },
      "id": "way/449051737"
    },
    {
      "type": "Feature",
      "properties": {
        "@id": "way/449218613",
        "building": "yes",
        "power": "substation"
      },
      "geometry": {
        "type": "Polygon",
        "coordinates": [
          [
            [
              -15.4025944,
              27.9329747
            ],
            [
              -15.4025528,
              27.9329643
            ],
            [
              -15.4025418,
              27.9329987
            ],
            [
              -15.4025834,
              27.933009
            ],
            [
              -15.4025944,
              27.9329747
            ]
          ]
        ]
      },
      "id": "way/449218613"
    },
    {
      "type": "Feature",
      "properties": {
        "@id": "way/449508569",
        "building": "yes",
        "power": "substation"
      },
      "geometry": {
        "type": "Polygon",
        "coordinates": [
          [
            [
              -15.4184356,
              27.9155675
            ],
            [
              -15.4184072,
              27.9155533
            ],
            [
              -15.4183941,
              27.9155738
            ],
            [
              -15.4184226,
              27.915588
            ],
            [
              -15.4184356,
              27.9155675
            ]
          ]
        ]
      },
      "id": "way/449508569"
    },
    {
      "type": "Feature",
      "properties": {
        "@id": "way/449559381",
        "building": "yes",
        "power": "substation"
      },
      "geometry": {
        "type": "Polygon",
        "coordinates": [
          [
            [
              -15.4082816,
              27.9247178
            ],
            [
              -15.4082405,
              27.9247253
            ],
            [
              -15.4082489,
              27.9247613
            ],
            [
              -15.40829,
              27.9247538
            ],
            [
              -15.4082816,
              27.9247178
            ]
          ]
        ]
      },
      "id": "way/449559381"
    },
    {
      "type": "Feature",
      "properties": {
        "@id": "way/450352634",
        "building": "yes",
        "power": "substation"
      },
      "geometry": {
        "type": "Polygon",
        "coordinates": [
          [
            [
              -15.468447,
              27.8922741
            ],
            [
              -15.468433,
              27.8922319
            ],
            [
              -15.468399,
              27.8922407
            ],
            [
              -15.468413,
              27.8922829
            ],
            [
              -15.468447,
              27.8922741
            ]
          ]
        ]
      },
      "id": "way/450352634"
    },
    {
      "type": "Feature",
      "properties": {
        "@id": "way/452275116",
        "building": "yes",
        "power": "substation"
      },
      "geometry": {
        "type": "Polygon",
        "coordinates": [
          [
            [
              -15.4175395,
              27.9072887
            ],
            [
              -15.4175125,
              27.9072587
            ],
            [
              -15.4174774,
              27.9072834
            ],
            [
              -15.4175045,
              27.9073134
            ],
            [
              -15.4175395,
              27.9072887
            ]
          ]
        ]
      },
      "id": "way/452275116"
    },
    {
      "type": "Feature",
      "properties": {
        "@id": "way/452290338",
        "building": "yes",
        "power": "substation"
      },
      "geometry": {
        "type": "Polygon",
        "coordinates": [
          [
            [
              -15.4366692,
              27.8628096
            ],
            [
              -15.436652,
              27.862766
            ],
            [
              -15.4366183,
              27.8627764
            ],
            [
              -15.4366355,
              27.86282
            ],
            [
              -15.4366692,
              27.8628096
            ]
          ]
        ]
      },
      "id": "way/452290338"
    },
    {
      "type": "Feature",
      "properties": {
        "@id": "way/452290343",
        "building": "yes",
        "power": "substation"
      },
      "geometry": {
        "type": "Polygon",
        "coordinates": [
          [
            [
              -15.4418305,
              27.8833854
            ],
            [
              -15.4417985,
              27.8833642
            ],
            [
              -15.4417745,
              27.8833924
            ],
            [
              -15.4418065,
              27.8834137
            ],
            [
              -15.4418305,
              27.8833854
            ]
          ]
        ]
      },
      "id": "way/452290343"
    },
    {
      "type": "Feature",
      "properties": {
        "@id": "way/452290344",
        "building": "yes",
        "power": "substation"
      },
      "geometry": {
        "type": "Polygon",
        "coordinates": [
          [
            [
              -15.4092591,
              27.9040305
            ],
            [
              -15.4092181,
              27.9040187
            ],
            [
              -15.4092054,
              27.9040533
            ],
            [
              -15.4092463,
              27.904065
            ],
            [
              -15.4092591,
              27.9040305
            ]
          ]
        ]
      },
      "id": "way/452290344"
    },
    {
      "type": "Feature",
      "properties": {
        "@id": "way/452438178",
        "building": "yes",
        "power": "substation"
      },
      "geometry": {
        "type": "Polygon",
        "coordinates": [
          [
            [
              -16.8465311,
              28.3443414
            ],
            [
              -16.8465198,
              28.3443318
            ],
            [
              -16.8465097,
              28.3443264
            ],
            [
              -16.8464846,
              28.3443495
            ],
            [
              -16.8465041,
              28.3443662
            ],
            [
              -16.8465311,
              28.3443414
            ]
          ]
        ]
      },
      "id": "way/452438178"
    },
    {
      "type": "Feature",
      "properties": {
        "@id": "way/452905721",
        "building": "yes",
        "power": "substation"
      },
      "geometry": {
        "type": "Polygon",
        "coordinates": [
          [
            [
              -15.4011025,
              27.8953194
            ],
            [
              -15.4010734,
              27.8952964
            ],
            [
              -15.4010442,
              27.8953254
            ],
            [
              -15.4010734,
              27.8953483
            ],
            [
              -15.4011025,
              27.8953194
            ]
          ]
        ]
      },
      "id": "way/452905721"
    },
    {
      "type": "Feature",
      "properties": {
        "@id": "way/453479390",
        "power": "substation"
      },
      "geometry": {
        "type": "Polygon",
        "coordinates": [
          [
            [
              -16.8525468,
              28.3693656
            ],
            [
              -16.8525458,
              28.3693313
            ],
            [
              -16.8525228,
              28.3693318
            ],
            [
              -16.8525074,
              28.3693322
            ],
            [
              -16.8525084,
              28.3693665
            ],
            [
              -16.8525468,
              28.3693656
            ]
          ]
        ]
      },
      "id": "way/453479390"
    },
    {
      "type": "Feature",
      "properties": {
        "@id": "way/453481527",
        "power": "substation"
      },
      "geometry": {
        "type": "Polygon",
        "coordinates": [
          [
            [
              -16.8542696,
              28.3670602
            ],
            [
              -16.8542473,
              28.3670415
            ],
            [
              -16.8541678,
              28.3671153
            ],
            [
              -16.8542001,
              28.3671307
            ],
            [
              -16.8542696,
              28.3670602
            ]
          ]
        ]
      },
      "id": "way/453481527"
    },
    {
      "type": "Feature",
      "properties": {
        "@id": "way/454545785",
        "building": "yes",
        "power": "substation"
      },
      "geometry": {
        "type": "Polygon",
        "coordinates": [
          [
            [
              -15.5388021,
              27.9123543
            ],
            [
              -15.5387617,
              27.9123377
            ],
            [
              -15.5387413,
              27.9123766
            ],
            [
              -15.5387817,
              27.9123932
            ],
            [
              -15.5388021,
              27.9123543
            ]
          ]
        ]
      },
      "id": "way/454545785"
    },
    {
      "type": "Feature",
      "properties": {
        "@id": "way/455408104",
        "building": "transformer_tower",
        "power": "substation"
      },
      "geometry": {
        "type": "Polygon",
        "coordinates": [
          [
            [
              -16.8133505,
              28.3670701
            ],
            [
              -16.813334,
              28.3670307
            ],
            [
              -16.8133111,
              28.3670388
            ],
            [
              -16.8132883,
              28.3670468
            ],
            [
              -16.813306,
              28.3670861
            ],
            [
              -16.8133472,
              28.3670705
            ],
            [
              -16.8133505,
              28.3670701
            ]
          ]
        ]
      },
      "id": "way/455408104"
    },
    {
      "type": "Feature",
      "properties": {
        "@id": "way/459467068",
        "building": "yes",
        "building:levels": "1",
        "height": "3",
        "power": "substation"
      },
      "geometry": {
        "type": "Polygon",
        "coordinates": [
          [
            [
              -16.7658157,
              28.3711639
            ],
            [
              -16.765861,
              28.3711489
            ],
            [
              -16.7658465,
              28.3711149
            ],
            [
              -16.7658277,
              28.3711211
            ],
            [
              -16.7658227,
              28.3711226
            ],
            [
              -16.7658012,
              28.3711298
            ],
            [
              -16.7658157,
              28.3711639
            ]
          ]
        ]
      },
      "id": "way/459467068"
    },
    {
      "type": "Feature",
      "properties": {
        "@id": "way/460150893",
        "building": "transformer_tower",
        "power": "substation",
        "substation": "minor_distribution"
      },
      "geometry": {
        "type": "Polygon",
        "coordinates": [
          [
            [
              -16.8704109,
              28.3680158
            ],
            [
              -16.87039,
              28.3679765
            ],
            [
              -16.870364,
              28.3679873
            ],
            [
              -16.870347,
              28.3679942
            ],
            [
              -16.870368,
              28.3680335
            ],
            [
              -16.8704109,
              28.3680158
            ]
          ]
        ]
      },
      "id": "way/460150893"
    },
    {
      "type": "Feature",
      "properties": {
        "@id": "way/461678361",
        "building": "yes",
        "power": "substation"
      },
      "geometry": {
        "type": "Polygon",
        "coordinates": [
          [
            [
              -15.4658171,
              27.8543039
            ],
            [
              -15.4657797,
              27.8542847
            ],
            [
              -15.4657581,
              27.8543176
            ],
            [
              -15.4657954,
              27.8543368
            ],
            [
              -15.4658171,
              27.8543039
            ]
          ]
        ]
      },
      "id": "way/461678361"
    },
    {
      "type": "Feature",
      "properties": {
        "@id": "way/461678364",
        "building": "yes",
        "power": "substation"
      },
      "geometry": {
        "type": "Polygon",
        "coordinates": [
          [
            [
              -15.4719122,
              27.8525101
            ],
            [
              -15.4718723,
              27.8525132
            ],
            [
              -15.4718764,
              27.8525541
            ],
            [
              -15.4719162,
              27.852551
            ],
            [
              -15.4719122,
              27.8525101
            ]
          ]
        ]
      },
      "id": "way/461678364"
    },
    {
      "type": "Feature",
      "properties": {
        "@id": "way/461938116",
        "building": "transformer_tower",
        "power": "substation"
      },
      "geometry": {
        "type": "Polygon",
        "coordinates": [
          [
            [
              -16.8462935,
              28.3815327
            ],
            [
              -16.8463424,
              28.3815327
            ],
            [
              -16.8463424,
              28.3815138
            ],
            [
              -16.8463424,
              28.3814914
            ],
            [
              -16.846317,
              28.3814914
            ],
            [
              -16.8462935,
              28.3814914
            ],
            [
              -16.8462935,
              28.3815327
            ]
          ]
        ]
      },
      "id": "way/461938116"
    },
    {
      "type": "Feature",
      "properties": {
        "@id": "way/462566340",
        "building": "transformer_tower",
        "power": "substation"
      },
      "geometry": {
        "type": "Polygon",
        "coordinates": [
          [
            [
              -16.816516,
              28.3649186
            ],
            [
              -16.8165112,
              28.3649041
            ],
            [
              -16.8165056,
              28.3648872
            ],
            [
              -16.8164689,
              28.3648966
            ],
            [
              -16.8164727,
              28.364908
            ],
            [
              -16.8164792,
              28.364928
            ],
            [
              -16.8165003,
              28.3649226
            ],
            [
              -16.816516,
              28.3649186
            ]
          ]
        ]
      },
      "id": "way/462566340"
    },
    {
      "type": "Feature",
      "properties": {
        "@id": "way/462627134",
        "building": "transformer_tower",
        "power": "substation"
      },
      "geometry": {
        "type": "Polygon",
        "coordinates": [
          [
            [
              -16.8272634,
              28.3789081
            ],
            [
              -16.8272488,
              28.3788896
            ],
            [
              -16.8272345,
              28.3788717
            ],
            [
              -16.8271938,
              28.3788967
            ],
            [
              -16.8272227,
              28.3789332
            ],
            [
              -16.8272634,
              28.3789081
            ]
          ]
        ]
      },
      "id": "way/462627134"
    },
    {
      "type": "Feature",
      "properties": {
        "@id": "way/462627240",
        "building": "transformer_tower",
        "power": "substation"
      },
      "geometry": {
        "type": "Polygon",
        "coordinates": [
          [
            [
              -16.8397776,
              28.3686115
            ],
            [
              -16.8397672,
              28.3685715
            ],
            [
              -16.8397198,
              28.3685807
            ],
            [
              -16.8397298,
              28.3686208
            ],
            [
              -16.8397529,
              28.3686163
            ],
            [
              -16.8397776,
              28.3686115
            ]
          ]
        ]
      },
      "id": "way/462627240"
    },
    {
      "type": "Feature",
      "properties": {
        "@id": "way/463217127",
        "building": "transformer_tower",
        "building:levels": "1",
        "power": "substation"
      },
      "geometry": {
        "type": "Polygon",
        "coordinates": [
          [
            [
              -16.8215018,
              28.3676034
            ],
            [
              -16.8214527,
              28.3676027
            ],
            [
              -16.8214518,
              28.36765
            ],
            [
              -16.821501,
              28.3676506
            ],
            [
              -16.8215018,
              28.3676034
            ]
          ]
        ]
      },
      "id": "way/463217127"
    },
    {
      "type": "Feature",
      "properties": {
        "@id": "way/463217178",
        "building": "transformer_tower",
        "power": "substation"
      },
      "geometry": {
        "type": "Polygon",
        "coordinates": [
          [
            [
              -16.8299931,
              28.3695894
            ],
            [
              -16.8299913,
              28.3695532
            ],
            [
              -16.8299504,
              28.3695549
            ],
            [
              -16.8299523,
              28.369591
            ],
            [
              -16.8299931,
              28.3695894
            ]
          ]
        ]
      },
      "id": "way/463217178"
    },
    {
      "type": "Feature",
      "properties": {
        "@id": "way/465180536",
        "building": "transformer_tower",
        "power": "substation"
      },
      "geometry": {
        "type": "Polygon",
        "coordinates": [
          [
            [
              -16.8037518,
              28.355031
            ],
            [
              -16.8037483,
              28.355006
            ],
            [
              -16.8037215,
              28.3550089
            ],
            [
              -16.8037251,
              28.3550339
            ],
            [
              -16.8037411,
              28.3550322
            ],
            [
              -16.8037518,
              28.355031
            ]
          ]
        ]
      },
      "id": "way/465180536"
    },
    {
      "type": "Feature",
      "properties": {
        "@id": "way/466680587",
        "building": "transformer_tower",
        "power": "substation"
      },
      "geometry": {
        "type": "Polygon",
        "coordinates": [
          [
            [
              -16.7899187,
              28.3408812
            ],
            [
              -16.7899133,
              28.3408508
            ],
            [
              -16.7898796,
              28.3408555
            ],
            [
              -16.7898826,
              28.3408719
            ],
            [
              -16.789885,
              28.3408858
            ],
            [
              -16.7899187,
              28.3408812
            ]
          ]
        ]
      },
      "id": "way/466680587"
    },
    {
      "type": "Feature",
      "properties": {
        "@id": "way/466921282",
        "building": "transformer_tower",
        "power": "substation"
      },
      "geometry": {
        "type": "Polygon",
        "coordinates": [
          [
            [
              -16.7876342,
              28.3498527
            ],
            [
              -16.7876106,
              28.3498481
            ],
            [
              -16.7875939,
              28.3498449
            ],
            [
              -16.7875883,
              28.3498673
            ],
            [
              -16.7875842,
              28.3498838
            ],
            [
              -16.7876098,
              28.3498888
            ],
            [
              -16.7876244,
              28.3498917
            ],
            [
              -16.7876342,
              28.3498527
            ]
          ]
        ]
      },
      "id": "way/466921282"
    },
    {
      "type": "Feature",
      "properties": {
        "@id": "way/467520671",
        "building": "transformer_tower",
        "power": "substation"
      },
      "geometry": {
        "type": "Polygon",
        "coordinates": [
          [
            [
              -16.782112,
              28.3517573
            ],
            [
              -16.7821139,
              28.3517379
            ],
            [
              -16.7821159,
              28.3517178
            ],
            [
              -16.7820657,
              28.3517139
            ],
            [
              -16.7820618,
              28.3517534
            ],
            [
              -16.782112,
              28.3517573
            ]
          ]
        ]
      },
      "id": "way/467520671"
    },
    {
      "type": "Feature",
      "properties": {
        "@id": "way/467802544",
        "building": "transformer_tower",
        "power": "substation"
      },
      "geometry": {
        "type": "Polygon",
        "coordinates": [
          [
            [
              -16.7659058,
              28.3623278
            ],
            [
              -16.7659012,
              28.3623087
            ],
            [
              -16.7658964,
              28.3622886
            ],
            [
              -16.7658563,
              28.3622961
            ],
            [
              -16.7658657,
              28.3623353
            ],
            [
              -16.7658861,
              28.3623314
            ],
            [
              -16.7659058,
              28.3623278
            ]
          ]
        ]
      },
      "id": "way/467802544"
    },
    {
      "type": "Feature",
      "properties": {
        "@id": "way/467825387",
        "building": "transformer_tower",
        "power": "substation"
      },
      "geometry": {
        "type": "Polygon",
        "coordinates": [
          [
            [
              -16.7732605,
              28.3651889
            ],
            [
              -16.7732287,
              28.3651638
            ],
            [
              -16.7732005,
              28.3651915
            ],
            [
              -16.7732163,
              28.365204
            ],
            [
              -16.7732323,
              28.3652166
            ],
            [
              -16.7732605,
              28.3651889
            ]
          ]
        ]
      },
      "id": "way/467825387"
    },
    {
      "type": "Feature",
      "properties": {
        "@id": "way/467830003",
        "building": "transformer_tower",
        "location": "indoor",
        "power": "substation",
        "substation": "converter"
      },
      "geometry": {
        "type": "Polygon",
        "coordinates": [
          [
            [
              -16.7741678,
              28.3582405
            ],
            [
              -16.7741379,
              28.3582242
            ],
            [
              -16.7741273,
              28.3582392
            ],
            [
              -16.7741175,
              28.3582533
            ],
            [
              -16.7741328,
              28.3582616
            ],
            [
              -16.7741474,
              28.3582696
            ],
            [
              -16.7741577,
              28.3582549
            ],
            [
              -16.7741678,
              28.3582405
            ]
          ]
        ]
      },
      "id": "way/467830003"
    },
    {
      "type": "Feature",
      "properties": {
        "@id": "way/468333956",
        "building": "transformer_tower",
        "power": "substation"
      },
      "geometry": {
        "type": "Polygon",
        "coordinates": [
          [
            [
              -16.7934785,
              28.3707232
            ],
            [
              -16.7934778,
              28.3706848
            ],
            [
              -16.7934346,
              28.370684
            ],
            [
              -16.7934354,
              28.3707225
            ],
            [
              -16.7934573,
              28.3707229
            ],
            [
              -16.7934785,
              28.3707232
            ]
          ]
        ]
      },
      "id": "way/468333956"
    },
    {
      "type": "Feature",
      "properties": {
        "@id": "way/468448434",
        "building": "transformer_tower",
        "power": "substation"
      },
      "geometry": {
        "type": "Polygon",
        "coordinates": [
          [
            [
              -16.7816998,
              28.3733366
            ],
            [
              -16.7816684,
              28.3733098
            ],
            [
              -16.7816396,
              28.3733359
            ],
            [
              -16.781671,
              28.3733627
            ],
            [
              -16.7816998,
              28.3733366
            ]
          ]
        ]
      },
      "id": "way/468448434"
    },
    {
      "type": "Feature",
      "properties": {
        "@id": "way/469068337",
        "building": "yes",
        "power": "substation"
      },
      "geometry": {
        "type": "Polygon",
        "coordinates": [
          [
            [
              -16.7720486,
              28.3707376
            ],
            [
              -16.772045,
              28.3706951
            ],
            [
              -16.7719962,
              28.3706983
            ],
            [
              -16.7719998,
              28.3707408
            ],
            [
              -16.7720486,
              28.3707376
            ]
          ]
        ]
      },
      "id": "way/469068337"
    },
    {
      "type": "Feature",
      "properties": {
        "@id": "way/470202198",
        "building": "transformer_tower",
        "power": "substation"
      },
      "geometry": {
        "type": "Polygon",
        "coordinates": [
          [
            [
              -16.7396564,
              28.3747021
            ],
            [
              -16.7396411,
              28.3747021
            ],
            [
              -16.7396252,
              28.3747021
            ],
            [
              -16.7396252,
              28.3747275
            ],
            [
              -16.7396564,
              28.3747275
            ],
            [
              -16.7396564,
              28.3747021
            ]
          ]
        ]
      },
      "id": "way/470202198"
    },
    {
      "type": "Feature",
      "properties": {
        "@id": "way/476118585",
        "location": "indoor",
        "power": "substation",
        "substation": "transition"
      },
      "geometry": {
        "type": "Polygon",
        "coordinates": [
          [
            [
              -13.6660919,
              29.0551354
            ],
            [
              -13.6660788,
              29.0550777
            ],
            [
              -13.6659717,
              29.0550972
            ],
            [
              -13.6659847,
              29.0551549
            ],
            [
              -13.6660919,
              29.0551354
            ]
          ]
        ]
      },
      "id": "way/476118585"
    },
    {
      "type": "Feature",
      "properties": {
        "@id": "way/477042506",
        "building": "service",
        "building:levels": "1",
        "power": "substation",
        "substation": "minor_distribution"
      },
      "geometry": {
        "type": "Polygon",
        "coordinates": [
          [
            [
              -16.48895,
              28.4272332
            ],
            [
              -16.4890164,
              28.4272007
            ],
            [
              -16.4890058,
              28.4271841
            ],
            [
              -16.4889395,
              28.4272166
            ],
            [
              -16.48895,
              28.4272332
            ]
          ]
        ]
      },
      "id": "way/477042506"
    },
    {
      "type": "Feature",
      "properties": {
        "@id": "way/477711545",
        "building": "service",
        "building:levels": "1",
        "power": "substation",
        "substation": "minor_distribution"
      },
      "geometry": {
        "type": "Polygon",
        "coordinates": [
          [
            [
              -16.4888789,
              28.4272673
            ],
            [
              -16.4889357,
              28.4272409
            ],
            [
              -16.4889256,
              28.4272241
            ],
            [
              -16.4888688,
              28.4272505
            ],
            [
              -16.4888789,
              28.4272673
            ]
          ]
        ]
      },
      "id": "way/477711545"
    },
    {
      "type": "Feature",
      "properties": {
        "@id": "way/485549832",
        "building": "transformer_tower",
        "location": "indoor",
        "power": "substation",
        "substation": "converter"
      },
      "geometry": {
        "type": "Polygon",
        "coordinates": [
          [
            [
              -16.6284366,
              28.3934259
            ],
            [
              -16.6284435,
              28.3934071
            ],
            [
              -16.6284502,
              28.3933889
            ],
            [
              -16.6284106,
              28.3933777
            ],
            [
              -16.628397,
              28.3934147
            ],
            [
              -16.6284366,
              28.3934259
            ]
          ]
        ]
      },
      "id": "way/485549832"
    },
    {
      "type": "Feature",
      "properties": {
        "@id": "way/488944520",
        "building": "transformer_tower",
        "power": "substation"
      },
      "geometry": {
        "type": "Polygon",
        "coordinates": [
          [
            [
              -16.7799499,
              28.1872416
            ],
            [
              -16.779912,
              28.1872186
            ],
            [
              -16.7799,
              28.187234
            ],
            [
              -16.7798884,
              28.1872488
            ],
            [
              -16.7799263,
              28.1872718
            ],
            [
              -16.7799499,
              28.1872416
            ]
          ]
        ]
      },
      "id": "way/488944520"
    },
    {
      "type": "Feature",
      "properties": {
        "@id": "way/488945249",
        "building": "transformer_tower",
        "power": "substation"
      },
      "geometry": {
        "type": "Polygon",
        "coordinates": [
          [
            [
              -16.6394382,
              28.0702818
            ],
            [
              -16.6394116,
              28.0702462
            ],
            [
              -16.6393882,
              28.0702599
            ],
            [
              -16.6393678,
              28.0702718
            ],
            [
              -16.6393944,
              28.0703073
            ],
            [
              -16.6394382,
              28.0702818
            ]
          ]
        ]
      },
      "id": "way/488945249"
    },
    {
      "type": "Feature",
      "properties": {
        "@id": "way/490664479",
        "building": "transformer_tower",
        "power": "substation",
        "substation": "minor_distribution",
        "utility": "power",
        "voltage": "10000;400"
      },
      "geometry": {
        "type": "Polygon",
        "coordinates": [
          [
            [
              -16.806243,
              28.2240822
            ],
            [
              -16.8062195,
              28.224038
            ],
            [
              -16.8061565,
              28.224064
            ],
            [
              -16.8061671,
              28.224084
            ],
            [
              -16.8061799,
              28.2241082
            ],
            [
              -16.806243,
              28.2240822
            ]
          ]
        ]
      },
      "id": "way/490664479"
    },
    {
      "type": "Feature",
      "properties": {
        "@id": "way/491830394",
        "building": "transformer_tower",
        "power": "substation",
        "source": "GRAFCAN OrtoExpress Urbana"
      },
      "geometry": {
        "type": "Polygon",
        "coordinates": [
          [
            [
              -16.6849387,
              28.0760364
            ],
            [
              -16.6849463,
              28.0760048
            ],
            [
              -16.6849487,
              28.0759948
            ],
            [
              -16.6849027,
              28.0759862
            ],
            [
              -16.6848927,
              28.0760278
            ],
            [
              -16.6849161,
              28.0760322
            ],
            [
              -16.6849387,
              28.0760364
            ]
          ]
        ]
      },
      "id": "way/491830394"
    },
    {
      "type": "Feature",
      "properties": {
        "@id": "way/492391395",
        "building": "transformer_tower",
        "power": "substation"
      },
      "geometry": {
        "type": "Polygon",
        "coordinates": [
          [
            [
              -16.3605859,
              28.5141875
            ],
            [
              -16.3605779,
              28.5141729
            ],
            [
              -16.3605704,
              28.5141591
            ],
            [
              -16.3605402,
              28.5141717
            ],
            [
              -16.3605557,
              28.5142002
            ],
            [
              -16.3605859,
              28.5141875
            ]
          ]
        ]
      },
      "id": "way/492391395"
    },
    {
      "type": "Feature",
      "properties": {
        "@id": "way/492391400",
        "building": "transformer_tower",
        "power": "substation"
      },
      "geometry": {
        "type": "Polygon",
        "coordinates": [
          [
            [
              -16.3586726,
              28.5118396
            ],
            [
              -16.3586738,
              28.5118211
            ],
            [
              -16.3586749,
              28.5118028
            ],
            [
              -16.3586298,
              28.5118006
            ],
            [
              -16.3586275,
              28.5118374
            ],
            [
              -16.3586726,
              28.5118396
            ]
          ]
        ]
      },
      "id": "way/492391400"
    },
    {
      "type": "Feature",
      "properties": {
        "@id": "way/492443627",
        "building": "transformer_tower",
        "power": "substation"
      },
      "geometry": {
        "type": "Polygon",
        "coordinates": [
          [
            [
              -16.6832564,
              28.0661708
            ],
            [
              -16.683246,
              28.0661284
            ],
            [
              -16.6832058,
              28.0661361
            ],
            [
              -16.6832162,
              28.0661785
            ],
            [
              -16.6832564,
              28.0661708
            ]
          ]
        ]
      },
      "id": "way/492443627"
    },
    {
      "type": "Feature",
      "properties": {
        "@id": "way/492518102",
        "building": "transformer_tower",
        "power": "substation"
      },
      "geometry": {
        "type": "Polygon",
        "coordinates": [
          [
            [
              -16.4030097,
              28.3213769
            ],
            [
              -16.4029965,
              28.3213602
            ],
            [
              -16.4029841,
              28.3213445
            ],
            [
              -16.4029513,
              28.3213646
            ],
            [
              -16.4029768,
              28.321397
            ],
            [
              -16.4030097,
              28.3213769
            ]
          ]
        ]
      },
      "id": "way/492518102"
    },
    {
      "type": "Feature",
      "properties": {
        "@id": "way/492574513",
        "building": "transformer_tower",
        "power": "substation",
        "source": "GRAFCAN OrtoExpress Urbana"
      },
      "geometry": {
        "type": "Polygon",
        "coordinates": [
          [
            [
              -16.3671629,
              28.5292996
            ],
            [
              -16.3671465,
              28.5292565
            ],
            [
              -16.3671036,
              28.5292692
            ],
            [
              -16.367111,
              28.5292883
            ],
            [
              -16.3671201,
              28.5293123
            ],
            [
              -16.3671629,
              28.5292996
            ]
          ]
        ]
      },
      "id": "way/492574513"
    },
    {
      "type": "Feature",
      "properties": {
        "@id": "way/492574524",
        "building:part": "transformer_tower",
        "power": "substation"
      },
      "geometry": {
        "type": "Polygon",
        "coordinates": [
          [
            [
              -16.3647614,
              28.5381136
            ],
            [
              -16.3647433,
              28.5380718
            ],
            [
              -16.3646985,
              28.5380867
            ],
            [
              -16.3647166,
              28.5381286
            ],
            [
              -16.3647614,
              28.5381136
            ]
          ]
        ]
      },
      "id": "way/492574524"
    },
    {
      "type": "Feature",
      "properties": {
        "@id": "way/492589568",
        "building": "transformer_tower",
        "power": "substation"
      },
      "geometry": {
        "type": "Polygon",
        "coordinates": [
          [
            [
              -16.7714765,
              28.1561374
            ],
            [
              -16.771482,
              28.1560838
            ],
            [
              -16.7714371,
              28.1560802
            ],
            [
              -16.7714316,
              28.1561338
            ],
            [
              -16.7714531,
              28.1561355
            ],
            [
              -16.7714765,
              28.1561374
            ]
          ]
        ]
      },
      "id": "way/492589568"
    },
    {
      "type": "Feature",
      "properties": {
        "@id": "way/492591190",
        "building": "transformer_tower",
        "power": "substation"
      },
      "geometry": {
        "type": "Polygon",
        "coordinates": [
          [
            [
              -16.7799485,
              28.1766788
            ],
            [
              -16.7799443,
              28.17664
            ],
            [
              -16.7799005,
              28.1766437
            ],
            [
              -16.7799026,
              28.176663
            ],
            [
              -16.7799048,
              28.1766825
            ],
            [
              -16.7799485,
              28.1766788
            ]
          ]
        ]
      },
      "id": "way/492591190"
    },
    {
      "type": "Feature",
      "properties": {
        "@id": "way/492877610",
        "building": "transformer_tower",
        "power": "substation"
      },
      "geometry": {
        "type": "Polygon",
        "coordinates": [
          [
            [
              -16.4027146,
              28.3268556
            ],
            [
              -16.402707,
              28.3268473
            ],
            [
              -16.4026969,
              28.3268365
            ],
            [
              -16.4026885,
              28.3268425
            ],
            [
              -16.4026798,
              28.3268331
            ],
            [
              -16.4026647,
              28.3268439
            ],
            [
              -16.4026912,
              28.3268724
            ],
            [
              -16.4027146,
              28.3268556
            ]
          ]
        ]
      },
      "id": "way/492877610"
    },
    {
      "type": "Feature",
      "properties": {
        "@id": "way/492877618",
        "building": "transformer_tower",
        "power": "substation"
      },
      "geometry": {
        "type": "Polygon",
        "coordinates": [
          [
            [
              -16.405289,
              28.3283852
            ],
            [
              -16.4053272,
              28.328397
            ],
            [
              -16.4053413,
              28.3283617
            ],
            [
              -16.4053031,
              28.3283499
            ],
            [
              -16.4052951,
              28.32837
            ],
            [
              -16.405289,
              28.3283852
            ]
          ]
        ]
      },
      "id": "way/492877618"
    },
    {
      "type": "Feature",
      "properties": {
        "@id": "way/492877658",
        "building": "transformer_tower",
        "power": "substation"
      },
      "geometry": {
        "type": "Polygon",
        "coordinates": [
          [
            [
              -16.4165047,
              28.3425377
            ],
            [
              -16.4164938,
              28.3425337
            ],
            [
              -16.4165057,
              28.3425089
            ],
            [
              -16.4164709,
              28.342496
            ],
            [
              -16.41645,
              28.3425397
            ],
            [
              -16.4164396,
              28.3425616
            ],
            [
              -16.4164852,
              28.3425784
            ],
            [
              -16.4165047,
              28.3425377
            ]
          ]
        ]
      },
      "id": "way/492877658"
    },
    {
      "type": "Feature",
      "properties": {
        "@id": "way/494678024",
        "building": "yes",
        "power": "substation"
      },
      "geometry": {
        "type": "Polygon",
        "coordinates": [
          [
            [
              -16.6478177,
              28.0944071
            ],
            [
              -16.6478368,
              28.094419
            ],
            [
              -16.6478572,
              28.0944319
            ],
            [
              -16.6478863,
              28.0943958
            ],
            [
              -16.6478468,
              28.094371
            ],
            [
              -16.6478177,
              28.0944071
            ]
          ]
        ]
      },
      "id": "way/494678024"
    },
    {
      "type": "Feature",
      "properties": {
        "@id": "way/494680862",
        "building": "transformer_tower",
        "power": "substation"
      },
      "geometry": {
        "type": "Polygon",
        "coordinates": [
          [
            [
              -16.6762069,
              28.0231172
            ],
            [
              -16.676206,
              28.0230731
            ],
            [
              -16.6761477,
              28.023074
            ],
            [
              -16.6761481,
              28.0230965
            ],
            [
              -16.6761486,
              28.0231181
            ],
            [
              -16.6762069,
              28.0231172
            ]
          ]
        ]
      },
      "id": "way/494680862"
    },
    {
      "type": "Feature",
      "properties": {
        "@id": "way/494732467",
        "building": "transformer_tower",
        "power": "substation"
      },
      "geometry": {
        "type": "Polygon",
        "coordinates": [
          [
            [
              -16.2795255,
              28.4817421
            ],
            [
              -16.2794974,
              28.4817092
            ],
            [
              -16.2794641,
              28.4817313
            ],
            [
              -16.2794921,
              28.4817641
            ],
            [
              -16.2795255,
              28.4817421
            ]
          ]
        ]
      },
      "id": "way/494732467"
    },
    {
      "type": "Feature",
      "properties": {
        "@id": "way/494928776",
        "building": "transformer_tower",
        "power": "substation"
      },
      "geometry": {
        "type": "Polygon",
        "coordinates": [
          [
            [
              -16.6611188,
              28.0784911
            ],
            [
              -16.6611565,
              28.0784716
            ],
            [
              -16.661135,
              28.0784394
            ],
            [
              -16.6610973,
              28.0784589
            ],
            [
              -16.6611075,
              28.0784742
            ],
            [
              -16.6611188,
              28.0784911
            ]
          ]
        ]
      },
      "id": "way/494928776"
    },
    {
      "type": "Feature",
      "properties": {
        "@id": "way/495181444",
        "building:part": "transformer_tower",
        "power": "substation"
      },
      "geometry": {
        "type": "Polygon",
        "coordinates": [
          [
            [
              -16.5682771,
              28.0896319
            ],
            [
              -16.5682304,
              28.0896123
            ],
            [
              -16.56821,
              28.0896499
            ],
            [
              -16.5682568,
              28.0896696
            ],
            [
              -16.5682771,
              28.0896319
            ]
          ]
        ]
      },
      "id": "way/495181444"
    },
    {
      "type": "Feature",
      "properties": {
        "@id": "way/495448874",
        "building": "transformer_tower",
        "power": "substation",
        "voltage": "20000"
      },
      "geometry": {
        "type": "Polygon",
        "coordinates": [
          [
            [
              -16.7313316,
              28.0982751
            ],
            [
              -16.7313308,
              28.0982343
            ],
            [
              -16.7312785,
              28.0982352
            ],
            [
              -16.7312793,
              28.098276
            ],
            [
              -16.731306,
              28.0982756
            ],
            [
              -16.7313316,
              28.0982751
            ]
          ]
        ]
      },
      "id": "way/495448874"
    },
    {
      "type": "Feature",
      "properties": {
        "@id": "way/495658723",
        "building": "transformer_tower",
        "power": "substation"
      },
      "geometry": {
        "type": "Polygon",
        "coordinates": [
          [
            [
              -16.3950944,
              28.3373214
            ],
            [
              -16.39507,
              28.3372901
            ],
            [
              -16.3950333,
              28.3373122
            ],
            [
              -16.3950577,
              28.3373435
            ],
            [
              -16.3950944,
              28.3373214
            ]
          ]
        ]
      },
      "id": "way/495658723"
    },
    {
      "type": "Feature",
      "properties": {
        "@id": "way/495659985",
        "building:part": "transformer_tower",
        "power": "substation"
      },
      "geometry": {
        "type": "Polygon",
        "coordinates": [
          [
            [
              -16.3891816,
              28.348752
            ],
            [
              -16.3891753,
              28.348794
            ],
            [
              -16.3892186,
              28.348799
            ],
            [
              -16.3892217,
              28.3487781
            ],
            [
              -16.3892249,
              28.348757
            ],
            [
              -16.3891816,
              28.348752
            ]
          ]
        ]
      },
      "id": "way/495659985"
    },
    {
      "type": "Feature",
      "properties": {
        "@id": "way/495691285",
        "building": "transformer_tower",
        "power": "substation"
      },
      "geometry": {
        "type": "Polygon",
        "coordinates": [
          [
            [
              -16.5141695,
              28.3669077
            ],
            [
              -16.5141683,
              28.3668689
            ],
            [
              -16.5141213,
              28.3668701
            ],
            [
              -16.5141226,
              28.3669089
            ],
            [
              -16.5141695,
              28.3669077
            ]
          ]
        ]
      },
      "id": "way/495691285"
    },
    {
      "type": "Feature",
      "properties": {
        "@id": "way/495698371",
        "building:part": "transformer_tower",
        "power": "substation"
      },
      "geometry": {
        "type": "Polygon",
        "coordinates": [
          [
            [
              -16.602644,
              28.0839331
            ],
            [
              -16.6025935,
              28.0839256
            ],
            [
              -16.6025844,
              28.0839734
            ],
            [
              -16.60261,
              28.0839772
            ],
            [
              -16.6026349,
              28.0839809
            ],
            [
              -16.602644,
              28.0839331
            ]
          ]
        ]
      },
      "id": "way/495698371"
    },
    {
      "type": "Feature",
      "properties": {
        "@id": "way/506427013",
        "building": "service",
        "building:levels": "1",
        "height": "1.4",
        "power": "substation"
      },
      "geometry": {
        "type": "Polygon",
        "coordinates": [
          [
            [
              -14.3327121,
              28.0617351
            ],
            [
              -14.3326913,
              28.0617262
            ],
            [
              -14.3326796,
              28.0617477
            ],
            [
              -14.3327003,
              28.0617566
            ],
            [
              -14.3327121,
              28.0617351
            ]
          ]
        ]
      },
      "id": "way/506427013"
    },
    {
      "type": "Feature",
      "properties": {
        "@id": "way/533762697",
        "building": "yes",
        "power": "substation"
      },
      "geometry": {
        "type": "Polygon",
        "coordinates": [
          [
            [
              -17.1676688,
              28.1728446
            ],
            [
              -17.1676233,
              28.1728432
            ],
            [
              -17.1676225,
              28.1728653
            ],
            [
              -17.167668,
              28.1728666
            ],
            [
              -17.1676688,
              28.1728446
            ]
          ]
        ]
      },
      "id": "way/533762697"
    },
    {
      "type": "Feature",
      "properties": {
        "@id": "way/541584589",
        "building": "service",
        "power": "substation",
        "substation": "minor_distribution"
      },
      "geometry": {
        "type": "Polygon",
        "coordinates": [
          [
            [
              -16.5374048,
              28.4075336
            ],
            [
              -16.5373708,
              28.4075076
            ],
            [
              -16.5373304,
              28.4075484
            ],
            [
              -16.5373644,
              28.4075744
            ],
            [
              -16.5374048,
              28.4075336
            ]
          ]
        ]
      },
      "id": "way/541584589"
    },
    {
      "type": "Feature",
      "properties": {
        "@id": "way/542832976",
        "building": "yes",
        "power": "substation"
      },
      "geometry": {
        "type": "Polygon",
        "coordinates": [
          [
            [
              -17.9671641,
              28.7568579
            ],
            [
              -17.9671434,
              28.7568245
            ],
            [
              -17.9671245,
              28.7568336
            ],
            [
              -17.967106,
              28.7568424
            ],
            [
              -17.9671267,
              28.7568758
            ],
            [
              -17.9671445,
              28.7568673
            ],
            [
              -17.9671641,
              28.7568579
            ]
          ]
        ]
      },
      "id": "way/542832976"
    },
    {
      "type": "Feature",
      "properties": {
        "@id": "way/547493319",
        "building": "yes",
        "location": "indoor",
        "power": "substation",
        "substation": "converter"
      },
      "geometry": {
        "type": "Polygon",
        "coordinates": [
          [
            [
              -16.6684471,
              28.3637754
            ],
            [
              -16.6684283,
              28.3637418
            ],
            [
              -16.6683919,
              28.3637575
            ],
            [
              -16.6684106,
              28.3637911
            ],
            [
              -16.6684471,
              28.3637754
            ]
          ]
        ]
      },
      "id": "way/547493319"
    },
    {
      "type": "Feature",
      "properties": {
        "@id": "way/548852008",
        "building": "yes",
        "location": "indoor",
        "power": "substation",
        "substation": "converter"
      },
      "geometry": {
        "type": "Polygon",
        "coordinates": [
          [
            [
              -16.6385566,
              28.3936862
            ],
            [
              -16.6385561,
              28.3936627
            ],
            [
              -16.6385239,
              28.3936633
            ],
            [
              -16.6385244,
              28.3936868
            ],
            [
              -16.6385566,
              28.3936862
            ]
          ]
        ]
      },
      "id": "way/548852008"
    },
    {
      "type": "Feature",
      "properties": {
        "@id": "way/549379687",
        "building": "yes",
        "location": "indoor",
        "power": "substation",
        "substation": "converter"
      },
      "geometry": {
        "type": "Polygon",
        "coordinates": [
          [
            [
              -16.5914697,
              28.3814967
            ],
            [
              -16.5915093,
              28.3814837
            ],
            [
              -16.5914964,
              28.3814533
            ],
            [
              -16.5914764,
              28.3814601
            ],
            [
              -16.5914568,
              28.3814663
            ],
            [
              -16.5914697,
              28.3814967
            ]
          ]
        ]
      },
      "id": "way/549379687"
    },
    {
      "type": "Feature",
      "properties": {
        "@id": "way/549379689",
        "building": "yes",
        "location": "indoor",
        "power": "substation",
        "substation": "converter"
      },
      "geometry": {
        "type": "Polygon",
        "coordinates": [
          [
            [
              -16.5817192,
              28.3880296
            ],
            [
              -16.5817234,
              28.3879357
            ],
            [
              -16.5816631,
              28.3879336
            ],
            [
              -16.5816589,
              28.3880276
            ],
            [
              -16.5817192,
              28.3880296
            ]
          ]
        ]
      },
      "id": "way/549379689"
    },
    {
      "type": "Feature",
      "properties": {
        "@id": "way/549379701",
        "building": "yes",
        "location": "indoor",
        "power": "substation",
        "substation": "converter"
      },
      "geometry": {
        "type": "Polygon",
        "coordinates": [
          [
            [
              -16.5953301,
              28.3816961
            ],
            [
              -16.5953576,
              28.381669
            ],
            [
              -16.5953444,
              28.3816587
            ],
            [
              -16.59532,
              28.3816396
            ],
            [
              -16.5952925,
              28.3816666
            ],
            [
              -16.5953301,
              28.3816961
            ]
          ]
        ]
      },
      "id": "way/549379701"
    },
    {
      "type": "Feature",
      "properties": {
        "@id": "way/554101772",
        "building": "transformer_tower",
        "building:levels": "1",
        "power": "substation",
        "substation": "minor_distribution"
      },
      "geometry": {
        "type": "Polygon",
        "coordinates": [
          [
            [
              -16.3690226,
              28.4393612
            ],
            [
              -16.3690165,
              28.4394019
            ],
            [
              -16.3690627,
              28.4394072
            ],
            [
              -16.3690656,
              28.439388
            ],
            [
              -16.3690688,
              28.4393665
            ],
            [
              -16.3690226,
              28.4393612
            ]
          ]
        ]
      },
      "id": "way/554101772"
    },
    {
      "type": "Feature",
      "properties": {
        "@id": "way/556504553",
        "location": "indoor",
        "power": "substation",
        "substation": "converter"
      },
      "geometry": {
        "type": "Polygon",
        "coordinates": [
          [
            [
              -16.6413027,
              28.3892642
            ],
            [
              -16.6413052,
              28.3892371
            ],
            [
              -16.6412602,
              28.3892338
            ],
            [
              -16.6412577,
              28.389261
            ],
            [
              -16.6413027,
              28.3892642
            ]
          ]
        ]
      },
      "id": "way/556504553"
    },
    {
      "type": "Feature",
      "properties": {
        "@id": "way/558201444",
        "building": "transformer_tower",
        "building:levels": "1",
        "power": "substation",
        "substation": "minor_distribution"
      },
      "geometry": {
        "type": "Polygon",
        "coordinates": [
          [
            [
              -16.3682976,
              28.4503397
            ],
            [
              -16.368286,
              28.4503393
            ],
            [
              -16.3682696,
              28.4503389
            ],
            [
              -16.3682551,
              28.4503385
            ],
            [
              -16.3682538,
              28.4503752
            ],
            [
              -16.3682963,
              28.4503764
            ],
            [
              -16.3682976,
              28.4503397
            ]
          ]
        ]
      },
      "id": "way/558201444"
    },
    {
      "type": "Feature",
      "properties": {
        "@id": "way/560135128",
        "building": "yes",
        "location": "indoor",
        "power": "substation",
        "substation": "converter"
      },
      "geometry": {
        "type": "Polygon",
        "coordinates": [
          [
            [
              -16.6568734,
              28.3906034
            ],
            [
              -16.6569074,
              28.3906076
            ],
            [
              -16.6569121,
              28.3905781
            ],
            [
              -16.6568781,
              28.3905739
            ],
            [
              -16.6568734,
              28.3906034
            ]
          ]
        ]
      },
      "id": "way/560135128"
    },
    {
      "type": "Feature",
      "properties": {
        "@id": "way/562603095",
        "building": "yes",
        "power": "substation"
      },
      "geometry": {
        "type": "Polygon",
        "coordinates": [
          [
            [
              -16.834905,
              28.2276325
            ],
            [
              -16.8348751,
              28.2275975
            ],
            [
              -16.8348324,
              28.2276258
            ],
            [
              -16.8348622,
              28.2276608
            ],
            [
              -16.834905,
              28.2276325
            ]
          ]
        ]
      },
      "id": "way/562603095"
    },
    {
      "type": "Feature",
      "properties": {
        "@id": "way/563131876",
        "power": "substation"
      },
      "geometry": {
        "type": "Polygon",
        "coordinates": [
          [
            [
              -16.7015611,
              28.3799687
            ],
            [
              -16.7015463,
              28.3799537
            ],
            [
              -16.7015329,
              28.3799399
            ],
            [
              -16.7014993,
              28.3799652
            ],
            [
              -16.7015275,
              28.3799941
            ],
            [
              -16.7015611,
              28.3799687
            ]
          ]
        ]
      },
      "id": "way/563131876"
    },
    {
      "type": "Feature",
      "properties": {
        "@id": "way/586702403",
        "building": "yes",
        "power": "substation"
      },
      "geometry": {
        "type": "Polygon",
        "coordinates": [
          [
            [
              -16.2398804,
              28.5538243
            ],
            [
              -16.2398856,
              28.5537974
            ],
            [
              -16.2398898,
              28.553776
            ],
            [
              -16.239874,
              28.5537736
            ],
            [
              -16.239838,
              28.5537682
            ],
            [
              -16.2398332,
              28.5537926
            ],
            [
              -16.2398286,
              28.5538164
            ],
            [
              -16.2398804,
              28.5538243
            ]
          ]
        ]
      },
      "id": "way/586702403"
    },
    {
      "type": "Feature",
      "properties": {
        "@id": "way/589092342",
        "power": "substation"
      },
      "geometry": {
        "type": "Polygon",
        "coordinates": [
          [
            [
              -15.424091,
              28.1024579
            ],
            [
              -15.4240771,
              28.1024389
            ],
            [
              -15.4240207,
              28.1024945
            ],
            [
              -15.4240342,
              28.1025064
            ],
            [
              -15.424091,
              28.1024579
            ]
          ]
        ]
      },
      "id": "way/589092342"
    },
    {
      "type": "Feature",
      "properties": {
        "@id": "way/596846998",
        "building": "industrial",
        "building:levels": "1",
        "power": "substation",
        "substation": "minor_distribution"
      },
      "geometry": {
        "type": "Polygon",
        "coordinates": [
          [
            [
              -16.3237292,
              28.4258985
            ],
            [
              -16.3237321,
              28.4258683
            ],
            [
              -16.3236954,
              28.4258656
            ],
            [
              -16.3236925,
              28.4258958
            ],
            [
              -16.3237292,
              28.4258985
            ]
          ]
        ]
      },
      "id": "way/596846998"
    },
    {
      "type": "Feature",
      "properties": {
        "@id": "way/604059717",
        "building": "yes",
        "power": "substation"
      },
      "geometry": {
        "type": "Polygon",
        "coordinates": [
          [
            [
              -16.837141,
              28.2258175
            ],
            [
              -16.8370298,
              28.2256557
            ],
            [
              -16.836993,
              28.2256754
            ],
            [
              -16.8371042,
              28.2258371
            ],
            [
              -16.837141,
              28.2258175
            ]
          ]
        ]
      },
      "id": "way/604059717"
    },
    {
      "type": "Feature",
      "properties": {
        "@id": "way/624676075",
        "power": "substation"
      },
      "geometry": {
        "type": "Polygon",
        "coordinates": [
          [
            [
              -17.942896,
              28.680316
            ],
            [
              -17.9428801,
              28.6802761
            ],
            [
              -17.9428351,
              28.6802898
            ],
            [
              -17.9428509,
              28.6803297
            ],
            [
              -17.9428828,
              28.68032
            ],
            [
              -17.942896,
              28.680316
            ]
          ]
        ]
      },
      "id": "way/624676075"
    },
    {
      "type": "Feature",
      "properties": {
        "@id": "way/727109401",
        "building": "yes",
        "power": "substation"
      },
      "geometry": {
        "type": "Polygon",
        "coordinates": [
          [
            [
              -16.3477679,
              28.5515082
            ],
            [
              -16.3477405,
              28.5514867
            ],
            [
              -16.3477281,
              28.5514989
            ],
            [
              -16.3477139,
              28.5515127
            ],
            [
              -16.3477414,
              28.5515343
            ],
            [
              -16.3477679,
              28.5515082
            ]
          ]
        ]
      },
      "id": "way/727109401"
    },
    {
      "type": "Feature",
      "properties": {
        "@id": "way/729370469",
        "power": "substation"
      },
      "geometry": {
        "type": "Polygon",
        "coordinates": [
          [
            [
              -16.1877478,
              28.573508
            ],
            [
              -16.187735,
              28.5734699
            ],
            [
              -16.1876901,
              28.5734816
            ],
            [
              -16.1877029,
              28.5735197
            ],
            [
              -16.1877478,
              28.573508
            ]
          ]
        ]
      },
      "id": "way/729370469"
    },
    {
      "type": "Feature",
      "properties": {
        "@id": "way/752059955",
        "power": "substation"
      },
      "geometry": {
        "type": "Polygon",
        "coordinates": [
          [
            [
              -17.1923807,
              28.0335809
            ],
            [
              -17.1923643,
              28.0335545
            ],
            [
              -17.1923331,
              28.0335695
            ],
            [
              -17.1923414,
              28.0335828
            ],
            [
              -17.1923495,
              28.0335959
            ],
            [
              -17.1923807,
              28.0335809
            ]
          ]
        ]
      },
      "id": "way/752059955"
    },
    {
      "type": "Feature",
      "properties": {
        "@id": "way/758367027",
        "power": "substation"
      },
      "geometry": {
        "type": "Polygon",
        "coordinates": [
          [
            [
              -17.9160141,
              28.664538
            ],
            [
              -17.9160134,
              28.6643745
            ],
            [
              -17.9158606,
              28.664375
            ],
            [
              -17.9158614,
              28.6645385
            ],
            [
              -17.9160141,
              28.664538
            ]
          ]
        ]
      },
      "id": "way/758367027"
    },
    {
      "type": "Feature",
      "properties": {
        "@id": "way/758367047",
        "building": "yes",
        "power": "substation"
      },
      "geometry": {
        "type": "Polygon",
        "coordinates": [
          [
            [
              -17.9389143,
              28.6580238
            ],
            [
              -17.9389023,
              28.6579961
            ],
            [
              -17.9388817,
              28.6580031
            ],
            [
              -17.9388688,
              28.6580074
            ],
            [
              -17.9388758,
              28.6580235
            ],
            [
              -17.9388808,
              28.658035
            ],
            [
              -17.9388998,
              28.6580287
            ],
            [
              -17.9389143,
              28.6580238
            ]
          ]
        ]
      },
      "id": "way/758367047"
    },
    {
      "type": "Feature",
      "properties": {
        "@id": "way/758367051",
        "building": "yes",
        "power": "substation"
      },
      "geometry": {
        "type": "Polygon",
        "coordinates": [
          [
            [
              -17.9390939,
              28.6473753
            ],
            [
              -17.9390911,
              28.6473233
            ],
            [
              -17.9390525,
              28.6473249
            ],
            [
              -17.9390227,
              28.6473261
            ],
            [
              -17.9390255,
              28.6473781
            ],
            [
              -17.9390606,
              28.6473767
            ],
            [
              -17.9390939,
              28.6473753
            ]
          ]
        ]
      },
      "id": "way/758367051"
    },
    {
      "type": "Feature",
      "properties": {
        "@id": "way/769099522",
        "building": "service",
        "building:levels": "1",
        "power": "substation",
        "substation": "minor_distribution"
      },
      "geometry": {
        "type": "Polygon",
        "coordinates": [
          [
            [
              -16.536924,
              28.4077547
            ],
            [
              -16.5369096,
              28.4077243
            ],
            [
              -16.5368265,
              28.4077547
            ],
            [
              -16.5368409,
              28.4077851
            ],
            [
              -16.536924,
              28.4077547
            ]
          ]
        ]
      },
      "id": "way/769099522"
    },
    {
      "type": "Feature",
      "properties": {
        "@id": "way/771621915",
        "building": "industrial",
        "building:levels": "1",
        "power": "substation"
      },
      "geometry": {
        "type": "Polygon",
        "coordinates": [
          [
            [
              -16.3152886,
              28.4295303
            ],
            [
              -16.3152704,
              28.4295025
            ],
            [
              -16.3152388,
              28.4295188
            ],
            [
              -16.315257,
              28.4295465
            ],
            [
              -16.3152886,
              28.4295303
            ]
          ]
        ]
      },
      "id": "way/771621915"
    },
    {
      "type": "Feature",
      "properties": {
        "@id": "way/814872400",
        "building": "yes",
        "building:levels": "1",
        "height": "6",
        "power": "substation",
        "ref": "C700014",
        "substation": "minor_distribution"
      },
      "geometry": {
        "type": "Polygon",
        "coordinates": [
          [
            [
              -17.9591251,
              27.7148523
            ],
            [
              -17.9591205,
              27.7148186
            ],
            [
              -17.959102,
              27.7148206
            ],
            [
              -17.9590846,
              27.7148224
            ],
            [
              -17.9590891,
              27.714856
            ],
            [
              -17.9591251,
              27.7148523
            ]
          ]
        ]
      },
      "id": "way/814872400"
    },
    {
      "type": "Feature",
      "properties": {
        "@id": "way/814872401",
        "building": "transformer_tower",
        "building:levels": "1",
        "height": "6",
        "power": "substation",
        "roof:shape": "flat",
        "substation": "minor_distribution"
      },
      "geometry": {
        "type": "Polygon",
        "coordinates": [
          [
            [
              -18.0208347,
              27.7669872
            ],
            [
              -18.0208547,
              27.7669701
            ],
            [
              -18.0208626,
              27.7669634
            ],
            [
              -18.0208355,
              27.7669385
            ],
            [
              -18.0208078,
              27.7669622
            ],
            [
              -18.0208197,
              27.7669731
            ],
            [
              -18.0208347,
              27.7669872
            ]
          ]
        ]
      },
      "id": "way/814872401"
    },
    {
      "type": "Feature",
      "properties": {
        "@id": "way/842664619",
        "building": "industrial",
        "building:levels": "1",
        "power": "substation"
      },
      "geometry": {
        "type": "Polygon",
        "coordinates": [
          [
            [
              -16.3983116,
              28.3311219
            ],
            [
              -16.3982746,
              28.3311022
            ],
            [
              -16.3982543,
              28.3311332
            ],
            [
              -16.3982902,
              28.3311526
            ],
            [
              -16.3983116,
              28.3311219
            ]
          ]
        ]
      },
      "id": "way/842664619"
    },
    {
      "type": "Feature",
      "properties": {
        "@id": "way/844074815",
        "building": "yes",
        "power": "substation"
      },
      "geometry": {
        "type": "Polygon",
        "coordinates": [
          [
            [
              -14.1066507,
              28.2348466
            ],
            [
              -14.1066356,
              28.2348472
            ],
            [
              -14.1066034,
              28.2348486
            ],
            [
              -14.1066049,
              28.2348763
            ],
            [
              -14.1066055,
              28.2348891
            ],
            [
              -14.1066416,
              28.2348876
            ],
            [
              -14.1066529,
              28.2348871
            ],
            [
              -14.1066515,
              28.2348623
            ],
            [
              -14.1066507,
              28.2348466
            ]
          ]
        ]
      },
      "id": "way/844074815"
    },
    {
      "type": "Feature",
      "properties": {
        "@id": "way/845140610",
        "building": "yes",
        "power": "substation"
      },
      "geometry": {
        "type": "Polygon",
        "coordinates": [
          [
            [
              -17.2405197,
              28.0857991
            ],
            [
              -17.2405197,
              28.0857675
            ],
            [
              -17.2404957,
              28.0857675
            ],
            [
              -17.2404798,
              28.0857675
            ],
            [
              -17.2404798,
              28.0857991
            ],
            [
              -17.2405197,
              28.0857991
            ]
          ]
        ]
      },
      "id": "way/845140610"
    },
    {
      "type": "Feature",
      "properties": {
        "@id": "way/849524146",
        "power": "substation"
      },
      "geometry": {
        "type": "Polygon",
        "coordinates": [
          [
            [
              -16.6906729,
              28.3847909
            ],
            [
              -16.690657,
              28.384799
            ],
            [
              -16.690643,
              28.3848062
            ],
            [
              -16.6906503,
              28.3848172
            ],
            [
              -16.6906636,
              28.3848374
            ],
            [
              -16.6906935,
              28.3848221
            ],
            [
              -16.6906729,
              28.3847909
            ]
          ]
        ]
      },
      "id": "way/849524146"
    },
    {
      "type": "Feature",
      "properties": {
        "@id": "way/849524149",
        "power": "substation"
      },
      "geometry": {
        "type": "Polygon",
        "coordinates": [
          [
            [
              -16.6945786,
              28.3820666
            ],
            [
              -16.6946195,
              28.3820371
            ],
            [
              -16.6945861,
              28.3820013
            ],
            [
              -16.6945452,
              28.3820308
            ],
            [
              -16.6945571,
              28.3820435
            ],
            [
              -16.6945786,
              28.3820666
            ]
          ]
        ]
      },
      "id": "way/849524149"
    },
    {
      "type": "Feature",
      "properties": {
        "@id": "way/868236580",
        "building": "yes",
        "power": "substation",
        "ref": "C 401232",
        "substation": "yes"
      },
      "geometry": {
        "type": "Polygon",
        "coordinates": [
          [
            [
              -16.2648915,
              28.5554304
            ],
            [
              -16.2648535,
              28.5554479
            ],
            [
              -16.264874,
              28.5554822
            ],
            [
              -16.2649119,
              28.5554648
            ],
            [
              -16.2648915,
              28.5554304
            ]
          ]
        ]
      },
      "id": "way/868236580"
    },
    {
      "type": "Feature",
      "properties": {
        "@id": "way/871724096",
        "name": "Subestación de Puerto del Rosario",
        "power": "substation",
        "voltage": "132000"
      },
      "geometry": {
        "type": "Polygon",
        "coordinates": [
          [
            [
              -13.8728313,
              28.5212238
            ],
            [
              -13.8730514,
              28.5206657
            ],
            [
              -13.8719789,
              28.5203392
            ],
            [
              -13.8717588,
              28.5208975
            ],
            [
              -13.8728313,
              28.5212238
            ]
          ]
        ]
      },
      "id": "way/871724096"
    },
    {
      "type": "Feature",
      "properties": {
        "@id": "way/885474875",
        "building": "service",
        "power": "substation"
      },
      "geometry": {
        "type": "Polygon",
        "coordinates": [
          [
            [
              -16.6841853,
              28.0919395
            ],
            [
              -16.6841741,
              28.0919081
            ],
            [
              -16.6841558,
              28.0919131
            ],
            [
              -16.6841399,
              28.0919175
            ],
            [
              -16.6841511,
              28.091949
            ],
            [
              -16.6841679,
              28.0919443
            ],
            [
              -16.6841853,
              28.0919395
            ]
          ]
        ]
      },
      "id": "way/885474875"
    },
    {
      "type": "Feature",
      "properties": {
        "@id": "way/885474876",
        "building": "service",
        "power": "substation"
      },
      "geometry": {
        "type": "Polygon",
        "coordinates": [
          [
            [
              -16.7625648,
              28.1296893
            ],
            [
              -16.7625409,
              28.1296579
            ],
            [
              -16.762503,
              28.1296804
            ],
            [
              -16.7625155,
              28.1296967
            ],
            [
              -16.7625269,
              28.1297117
            ],
            [
              -16.7625648,
              28.1296893
            ]
          ]
        ]
      },
      "id": "way/885474876"
    },
    {
      "type": "Feature",
      "properties": {
        "@id": "way/885474877",
        "building": "service",
        "power": "substation"
      },
      "geometry": {
        "type": "Polygon",
        "coordinates": [
          [
            [
              -16.7650207,
              28.1494358
            ],
            [
              -16.7649959,
              28.1494122
            ],
            [
              -16.7649711,
              28.1494324
            ],
            [
              -16.7649959,
              28.149456
            ],
            [
              -16.7650083,
              28.1494459
            ],
            [
              -16.7650207,
              28.1494358
            ]
          ]
        ]
      },
      "id": "way/885474877"
    },
    {
      "type": "Feature",
      "properties": {
        "@id": "way/885474878",
        "building": "service",
        "power": "substation"
      },
      "geometry": {
        "type": "Polygon",
        "coordinates": [
          [
            [
              -16.7673341,
              28.1644079
            ],
            [
              -16.7673389,
              28.1643611
            ],
            [
              -16.7672424,
              28.1643534
            ],
            [
              -16.7672397,
              28.1643791
            ],
            [
              -16.7672376,
              28.1644002
            ],
            [
              -16.7673341,
              28.1644079
            ]
          ]
        ]
      },
      "id": "way/885474878"
    },
    {
      "type": "Feature",
      "properties": {
        "@id": "way/885474879",
        "building": "service",
        "power": "substation"
      },
      "geometry": {
        "type": "Polygon",
        "coordinates": [
          [
            [
              -16.7282765,
              28.1538458
            ],
            [
              -16.7282307,
              28.1538518
            ],
            [
              -16.7282388,
              28.1538991
            ],
            [
              -16.728261,
              28.1538962
            ],
            [
              -16.7282845,
              28.1538931
            ],
            [
              -16.7282765,
              28.1538458
            ]
          ]
        ]
      },
      "id": "way/885474879"
    },
    {
      "type": "Feature",
      "properties": {
        "@id": "way/885474880",
        "building": "service",
        "power": "substation"
      },
      "geometry": {
        "type": "Polygon",
        "coordinates": [
          [
            [
              -16.7903844,
              28.2264835
            ],
            [
              -16.7903637,
              28.226496
            ],
            [
              -16.7903434,
              28.2265083
            ],
            [
              -16.7903697,
              28.2265419
            ],
            [
              -16.7904106,
              28.226517
            ],
            [
              -16.7903844,
              28.2264835
            ]
          ]
        ]
      },
      "id": "way/885474880"
    },
    {
      "type": "Feature",
      "properties": {
        "@id": "way/885474881",
        "building": "transformer_tower",
        "power": "substation",
        "substation": "minor_distribution",
        "utility": "power"
      },
      "geometry": {
        "type": "Polygon",
        "coordinates": [
          [
            [
              -16.8286622,
              28.2422131
            ],
            [
              -16.8286505,
              28.2421952
            ],
            [
              -16.8286384,
              28.2421764
            ],
            [
              -16.8285945,
              28.2421986
            ],
            [
              -16.8286183,
              28.2422352
            ],
            [
              -16.8286622,
              28.2422131
            ]
          ]
        ]
      },
      "id": "way/885474881"
    },
    {
      "type": "Feature",
      "properties": {
        "@id": "way/885474882",
        "building": "transformer_tower",
        "power": "substation",
        "substation": "minor_distribution",
        "utility": "power"
      },
      "geometry": {
        "type": "Polygon",
        "coordinates": [
          [
            [
              -16.8281817,
              28.2479583
            ],
            [
              -16.8281597,
              28.2479465
            ],
            [
              -16.8281391,
              28.2479356
            ],
            [
              -16.8281141,
              28.2479719
            ],
            [
              -16.8281357,
              28.2479835
            ],
            [
              -16.8281567,
              28.2479947
            ],
            [
              -16.8281817,
              28.2479583
            ]
          ]
        ]
      },
      "id": "way/885474882"
    },
    {
      "type": "Feature",
      "properties": {
        "@id": "way/885474883",
        "building": "transformer_tower",
        "power": "substation",
        "substation": "minor_distribution",
        "utility": "power"
      },
      "geometry": {
        "type": "Polygon",
        "coordinates": [
          [
            [
              -16.8256804,
              28.2571194
            ],
            [
              -16.8256383,
              28.2570906
            ],
            [
              -16.8256056,
              28.2571277
            ],
            [
              -16.8256477,
              28.2571565
            ],
            [
              -16.8256627,
              28.2571396
            ],
            [
              -16.8256804,
              28.2571194
            ]
          ]
        ]
      },
      "id": "way/885474883"
    },
    {
      "type": "Feature",
      "properties": {
        "@id": "way/885474884",
        "building": "service",
        "power": "substation"
      },
      "geometry": {
        "type": "Polygon",
        "coordinates": [
          [
            [
              -16.671018,
              28.3589911
            ],
            [
              -16.6709834,
              28.3590002
            ],
            [
              -16.6709974,
              28.3590419
            ],
            [
              -16.6710146,
              28.3590374
            ],
            [
              -16.671032,
              28.3590328
            ],
            [
              -16.671018,
              28.3589911
            ]
          ]
        ]
      },
      "id": "way/885474884"
    },
    {
      "type": "Feature",
      "properties": {
        "@id": "way/885474885",
        "building": "service",
        "power": "substation"
      },
      "geometry": {
        "type": "Polygon",
        "coordinates": [
          [
            [
              -16.7059775,
              28.3672049
            ],
            [
              -16.7059135,
              28.3672176
            ],
            [
              -16.7059357,
              28.3673043
            ],
            [
              -16.7059996,
              28.3672917
            ],
            [
              -16.7059888,
              28.3672491
            ],
            [
              -16.7059775,
              28.3672049
            ]
          ]
        ]
      },
      "id": "way/885474885"
    },
    {
      "type": "Feature",
      "properties": {
        "@id": "way/885474886",
        "building": "service",
        "power": "substation"
      },
      "geometry": {
        "type": "Polygon",
        "coordinates": [
          [
            [
              -16.6751922,
              28.3855213
            ],
            [
              -16.675155,
              28.3854826
            ],
            [
              -16.6751201,
              28.3855086
            ],
            [
              -16.675139,
              28.3855282
            ],
            [
              -16.6751573,
              28.3855473
            ],
            [
              -16.6751922,
              28.3855213
            ]
          ]
        ]
      },
      "id": "way/885474886"
    },
    {
      "type": "Feature",
      "properties": {
        "@id": "way/885474887",
        "building": "service",
        "power": "substation"
      },
      "geometry": {
        "type": "Polygon",
        "coordinates": [
          [
            [
              -17.9444262,
              28.6717463
            ],
            [
              -17.9444134,
              28.6717238
            ],
            [
              -17.944396,
              28.6717315
            ],
            [
              -17.9443792,
              28.6717388
            ],
            [
              -17.944392,
              28.6717613
            ],
            [
              -17.9444262,
              28.6717463
            ]
          ]
        ]
      },
      "id": "way/885474887"
    },
    {
      "type": "Feature",
      "properties": {
        "@id": "way/937076109",
        "building": "transformer_tower",
        "building:levels": "1",
        "power": "substation",
        "substation": "minor_distribution"
      },
      "geometry": {
        "type": "Polygon",
        "coordinates": [
          [
            [
              -16.4079574,
              28.2792544
            ],
            [
              -16.4079437,
              28.2792469
            ],
            [
              -16.4079306,
              28.2792396
            ],
            [
              -16.4079108,
              28.2792675
            ],
            [
              -16.4079233,
              28.2792743
            ],
            [
              -16.4079377,
              28.2792822
            ],
            [
              -16.4079574,
              28.2792544
            ]
          ]
        ]
      },
      "id": "way/937076109"
    },
    {
      "type": "Feature",
      "properties": {
        "@id": "way/941751136",
        "building": "transformer_tower",
        "power": "substation",
        "substation": "minor_distribution"
      },
      "geometry": {
        "type": "Polygon",
        "coordinates": [
          [
            [
              -16.4283642,
              28.2562409
            ],
            [
              -16.4283819,
              28.2562162
            ],
            [
              -16.4283667,
              28.2562077
            ],
            [
              -16.4283526,
              28.2561999
            ],
            [
              -16.4283349,
              28.2562245
            ],
            [
              -16.4283489,
              28.2562324
            ],
            [
              -16.4283642,
              28.2562409
            ]
          ]
        ]
      },
      "id": "way/941751136"
    },
    {
      "type": "Feature",
      "properties": {
        "@id": "way/941751262",
        "building": "transformer_tower",
        "power": "substation",
        "substation": "minor_distribution"
      },
      "geometry": {
        "type": "Polygon",
        "coordinates": [
          [
            [
              -16.42656,
              28.2582775
            ],
            [
              -16.4265371,
              28.2583057
            ],
            [
              -16.4265511,
              28.2583145
            ],
            [
              -16.4265654,
              28.2583235
            ],
            [
              -16.4265883,
              28.2582953
            ],
            [
              -16.4265738,
              28.2582862
            ],
            [
              -16.42656,
              28.2582775
            ]
          ]
        ]
      },
      "id": "way/941751262"
    },
    {
      "type": "Feature",
      "properties": {
        "@id": "way/951206039",
        "building": "transformer_tower",
        "building:levels": "1",
        "power": "substation",
        "substation": "minor_distribution"
      },
      "geometry": {
        "type": "Polygon",
        "coordinates": [
          [
            [
              -16.4446389,
              28.2381884
            ],
            [
              -16.4446032,
              28.238189
            ],
            [
              -16.4446039,
              28.2382206
            ],
            [
              -16.4446216,
              28.2382203
            ],
            [
              -16.4446396,
              28.23822
            ],
            [
              -16.4446389,
              28.2381884
            ]
          ]
        ]
      },
      "id": "way/951206039"
    },
    {
      "type": "Feature",
      "properties": {
        "@id": "way/952104936",
        "building": "transformer_tower",
        "building:levels": "1",
        "power": "substation",
        "substation": "minor_distribution"
      },
      "geometry": {
        "type": "Polygon",
        "coordinates": [
          [
            [
              -16.4167019,
              28.2221689
            ],
            [
              -16.4166834,
              28.2221368
            ],
            [
              -16.416647,
              28.222153
            ],
            [
              -16.4166562,
              28.2221691
            ],
            [
              -16.4166654,
              28.2221851
            ],
            [
              -16.4166837,
              28.222177
            ],
            [
              -16.4167019,
              28.2221689
            ]
          ]
        ]
      },
      "id": "way/952104936"
    },
    {
      "type": "Feature",
      "properties": {
        "@id": "way/953459316",
        "building": "transformer_tower",
        "building:levels": "1",
        "power": "substation",
        "substation": "minor_distribution"
      },
      "geometry": {
        "type": "Polygon",
        "coordinates": [
          [
            [
              -16.4554072,
              28.2061394
            ],
            [
              -16.4553983,
              28.2061578
            ],
            [
              -16.4553894,
              28.2061767
            ],
            [
              -16.4554316,
              28.2061926
            ],
            [
              -16.4554495,
              28.2061552
            ],
            [
              -16.4554072,
              28.2061394
            ]
          ]
        ]
      },
      "id": "way/953459316"
    },
    {
      "type": "Feature",
      "properties": {
        "@id": "way/954758717",
        "power": "substation",
        "substation": "transmission",
        "voltage": "220000"
      },
      "geometry": {
        "type": "Polygon",
        "coordinates": [
          [
            [
              -16.4382465,
              28.1741574
            ],
            [
              -16.4384262,
              28.1737294
            ],
            [
              -16.4375398,
              28.1734528
            ],
            [
              -16.4374419,
              28.1736987
            ],
            [
              -16.437639,
              28.173973
            ],
            [
              -16.4382465,
              28.1741574
            ]
          ]
        ]
      },
      "id": "way/954758717"
    },
    {
      "type": "Feature",
      "properties": {
        "@id": "way/956006628",
        "building": "transformer_tower",
        "building:levels": "1",
        "power": "substation",
        "substation": "minor_distribution"
      },
      "geometry": {
        "type": "Polygon",
        "coordinates": [
          [
            [
              -16.4779695,
              28.1819672
            ],
            [
              -16.477961,
              28.1819808
            ],
            [
              -16.4779525,
              28.1819945
            ],
            [
              -16.4779835,
              28.1820095
            ],
            [
              -16.4780003,
              28.1819821
            ],
            [
              -16.477995,
              28.1819681
            ],
            [
              -16.4779695,
              28.1819672
            ]
          ]
        ]
      },
      "id": "way/956006628"
    },
    {
      "type": "Feature",
      "properties": {
        "@id": "way/956006629",
        "building": "transformer_tower",
        "building:levels": "1",
        "power": "substation"
      },
      "geometry": {
        "type": "Polygon",
        "coordinates": [
          [
            [
              -16.4540932,
              28.1803978
            ],
            [
              -16.4540928,
              28.1803618
            ],
            [
              -16.454073,
              28.180362
            ],
            [
              -16.4540519,
              28.1803622
            ],
            [
              -16.4540524,
              28.1803983
            ],
            [
              -16.4540932,
              28.1803978
            ]
          ]
        ]
      },
      "id": "way/956006629"
    },
    {
      "type": "Feature",
      "properties": {
        "@id": "way/959059585",
        "building": "transformer_tower",
        "power": "substation",
        "substation": "minor_distribution"
      },
      "geometry": {
        "type": "Polygon",
        "coordinates": [
          [
            [
              -16.6708147,
              28.0252233
            ],
            [
              -16.6708126,
              28.0251829
            ],
            [
              -16.6707892,
              28.0251839
            ],
            [
              -16.6707675,
              28.0251847
            ],
            [
              -16.6707695,
              28.0252251
            ],
            [
              -16.6708147,
              28.0252233
            ]
          ]
        ]
      },
      "id": "way/959059585"
    },
    {
      "type": "Feature",
      "properties": {
        "@id": "way/959059944",
        "building": "service",
        "power": "substation",
        "substation": "minor_distribution"
      },
      "geometry": {
        "type": "Polygon",
        "coordinates": [
          [
            [
              -16.6919768,
              28.0244184
            ],
            [
              -16.6919667,
              28.0243911
            ],
            [
              -16.6918936,
              28.0244122
            ],
            [
              -16.6919037,
              28.0244394
            ],
            [
              -16.6919768,
              28.0244184
            ]
          ]
        ]
      },
      "id": "way/959059944"
    },
    {
      "type": "Feature",
      "properties": {
        "@id": "way/961863157",
        "building": "transformer_tower",
        "power": "substation",
        "substation": "minor_distribution"
      },
      "geometry": {
        "type": "Polygon",
        "coordinates": [
          [
            [
              -16.6077748,
              28.080465
            ],
            [
              -16.6077897,
              28.080432
            ],
            [
              -16.6077701,
              28.0804251
            ],
            [
              -16.60775,
              28.080418
            ],
            [
              -16.6077351,
              28.080451
            ],
            [
              -16.6077748,
              28.080465
            ]
          ]
        ]
      },
      "id": "way/961863157"
    },
    {
      "type": "Feature",
      "properties": {
        "@id": "way/961864555",
        "building": "transformer_tower",
        "power": "substation",
        "substation": "minor_distribution"
      },
      "geometry": {
        "type": "Polygon",
        "coordinates": [
          [
            [
              -16.6813076,
              28.0795757
            ],
            [
              -16.6813101,
              28.0795412
            ],
            [
              -16.6812716,
              28.0795391
            ],
            [
              -16.6812692,
              28.0795736
            ],
            [
              -16.6812897,
              28.0795747
            ],
            [
              -16.6813076,
              28.0795757
            ]
          ]
        ]
      },
      "id": "way/961864555"
    },
    {
      "type": "Feature",
      "properties": {
        "@id": "way/961879247",
        "building": "transformer_tower",
        "power": "substation",
        "substation": "minor_distribution"
      },
      "geometry": {
        "type": "Polygon",
        "coordinates": [
          [
            [
              -16.6775979,
              28.051562
            ],
            [
              -16.6776131,
              28.0515191
            ],
            [
              -16.6775659,
              28.0515061
            ],
            [
              -16.6775582,
              28.0515275
            ],
            [
              -16.6775507,
              28.0515489
            ],
            [
              -16.6775979,
              28.051562
            ]
          ]
        ]
      },
      "id": "way/961879247"
    },
    {
      "type": "Feature",
      "properties": {
        "@id": "way/967568518",
        "building": "transformer_tower",
        "building:levels": "1",
        "power": "substation",
        "substation": "minor_distribution"
      },
      "geometry": {
        "type": "Polygon",
        "coordinates": [
          [
            [
              -16.4838566,
              28.1810076
            ],
            [
              -16.4838514,
              28.1810367
            ],
            [
              -16.4838878,
              28.1810417
            ],
            [
              -16.483893,
              28.1810126
            ],
            [
              -16.4838566,
              28.1810076
            ]
          ]
        ]
      },
      "id": "way/967568518"
    },
    {
      "type": "Feature",
      "properties": {
        "@id": "way/970346434",
        "building": "transformer_tower",
        "building:levels": "1",
        "power": "substation",
        "substation": "minor_distribution"
      },
      "geometry": {
        "type": "Polygon",
        "coordinates": [
          [
            [
              -16.500736,
              28.1667901
            ],
            [
              -16.5007704,
              28.166803
            ],
            [
              -16.5007835,
              28.1667757
            ],
            [
              -16.500749,
              28.1667629
            ],
            [
              -16.500736,
              28.1667901
            ]
          ]
        ]
      },
      "id": "way/970346434"
    },
    {
      "type": "Feature",
      "properties": {
        "@id": "way/972788774",
        "building": "transformer_tower",
        "power": "substation",
        "substation": "minor_distribution"
      },
      "geometry": {
        "type": "Polygon",
        "coordinates": [
          [
            [
              -16.2919501,
              28.4530651
            ],
            [
              -16.291953,
              28.453046
            ],
            [
              -16.2919564,
              28.4530241
            ],
            [
              -16.2919045,
              28.453018
            ],
            [
              -16.2918983,
              28.453059
            ],
            [
              -16.2919501,
              28.4530651
            ]
          ]
        ]
      },
      "id": "way/972788774"
    },
    {
      "type": "Feature",
      "properties": {
        "@id": "way/987371657",
        "power": "substation"
      },
      "geometry": {
        "type": "Polygon",
        "coordinates": [
          [
            [
              -17.9218111,
              28.617171
            ],
            [
              -17.9218011,
              28.617137
            ],
            [
              -17.9217604,
              28.6171462
            ],
            [
              -17.9217703,
              28.6171803
            ],
            [
              -17.9218111,
              28.617171
            ]
          ]
        ]
      },
      "id": "way/987371657"
    },
    {
      "type": "Feature",
      "properties": {
        "@id": "way/987814586",
        "building": "transformer_tower",
        "building:levels": "1",
        "power": "substation",
        "substation": "minor_distribution"
      },
      "geometry": {
        "type": "Polygon",
        "coordinates": [
          [
            [
              -17.9218344,
              28.6090302
            ],
            [
              -17.921801,
              28.6089857
            ],
            [
              -17.9217674,
              28.6090052
            ],
            [
              -17.9218008,
              28.6090497
            ],
            [
              -17.9218344,
              28.6090302
            ]
          ]
        ]
      },
      "id": "way/987814586"
    },
    {
      "type": "Feature",
      "properties": {
        "@id": "way/995021420",
        "building": "yes",
        "power": "substation"
      },
      "geometry": {
        "type": "Polygon",
        "coordinates": [
          [
            [
              -17.9086696,
              28.6321912
            ],
            [
              -17.9086625,
              28.6321692
            ],
            [
              -17.9086526,
              28.6321717
            ],
            [
              -17.9086396,
              28.6321749
            ],
            [
              -17.9086467,
              28.6321969
            ],
            [
              -17.9086596,
              28.6321937
            ],
            [
              -17.9086696,
              28.6321912
            ]
          ]
        ]
      },
      "id": "way/995021420"
    },
    {
      "type": "Feature",
      "properties": {
        "@id": "way/996690462",
        "building": "transformer_tower",
        "building:levels": "1",
        "power": "substation",
        "substation": "minor_distribution"
      },
      "geometry": {
        "type": "Polygon",
        "coordinates": [
          [
            [
              -17.8966221,
              28.6371438
            ],
            [
              -17.8966192,
              28.6371712
            ],
            [
              -17.8966535,
              28.6371739
            ],
            [
              -17.8966563,
              28.6371465
            ],
            [
              -17.8966221,
              28.6371438
            ]
          ]
        ]
      },
      "id": "way/996690462"
    },
    {
      "type": "Feature",
      "properties": {
        "@id": "way/1001810812",
        "building": "yes",
        "power": "substation"
      },
      "geometry": {
        "type": "Polygon",
        "coordinates": [
          [
            [
              -16.6475696,
              28.387585
            ],
            [
              -16.647562,
              28.387553
            ],
            [
              -16.6475366,
              28.3875577
            ],
            [
              -16.6475171,
              28.3875613
            ],
            [
              -16.6475248,
              28.3875933
            ],
            [
              -16.6475451,
              28.3875896
            ],
            [
              -16.6475696,
              28.387585
            ]
          ]
        ]
      },
      "id": "way/1001810812"
    },
    {
      "type": "Feature",
      "properties": {
        "@id": "way/1016519360",
        "power": "substation"
      },
      "geometry": {
        "type": "Polygon",
        "coordinates": [
          [
            [
              -15.3805851,
              27.9627505
            ],
            [
              -15.3806095,
              27.9627393
            ],
            [
              -15.3805975,
              27.9627188
            ],
            [
              -15.3805731,
              27.96273
            ],
            [
              -15.3805851,
              27.9627505
            ]
          ]
        ]
      },
      "id": "way/1016519360"
    },
    {
      "type": "Feature",
      "properties": {
        "@id": "way/1038075947",
        "power": "substation"
      },
      "geometry": {
        "type": "Polygon",
        "coordinates": [
          [
            [
              -15.4177629,
              28.0986839
            ],
            [
              -15.4177492,
              28.0986559
            ],
            [
              -15.4177128,
              28.0986698
            ],
            [
              -15.4177265,
              28.0986978
            ],
            [
              -15.4177629,
              28.0986839
            ]
          ]
        ]
      },
      "id": "way/1038075947"
    },
    {
      "type": "Feature",
      "properties": {
        "@id": "way/1048983020",
        "barrier": "wall",
        "power": "substation",
        "voltage": "132000"
      },
      "geometry": {
        "type": "Polygon",
        "coordinates": [
          [
            [
              -13.8799233,
              28.7489662
            ],
            [
              -13.879978,
              28.7479933
            ],
            [
              -13.879267,
              28.7479626
            ],
            [
              -13.8792122,
              28.7489354
            ],
            [
              -13.8798483,
              28.7489629
            ],
            [
              -13.8799233,
              28.7489662
            ]
          ]
        ]
      },
      "id": "way/1048983020"
    },
    {
      "type": "Feature",
      "properties": {
        "@id": "way/1113564926",
        "building": "service",
        "location": "indoor",
        "power": "substation",
        "ref": "C 403874"
      },
      "geometry": {
        "type": "Polygon",
        "coordinates": [
          [
            [
              -16.6120266,
              28.0532488
            ],
            [
              -16.6120443,
              28.0532241
            ],
            [
              -16.6120241,
              28.0532128
            ],
            [
              -16.6120064,
              28.0532375
            ],
            [
              -16.6120266,
              28.0532488
            ]
          ]
        ]
      },
      "id": "way/1113564926"
    },
    {
      "type": "Feature",
      "properties": {
        "@id": "way/1129362622",
        "location": "outdoor",
        "power": "substation",
        "substation": "transmission",
        "voltage": "132000"
      },
      "geometry": {
        "type": "Polygon",
        "coordinates": [
          [
            [
              -13.8002235,
              28.8697352
            ],
            [
              -13.800191,
              28.8691033
            ],
            [
              -13.7991291,
              28.8691451
            ],
            [
              -13.7991628,
              28.869779
            ],
            [
              -13.8002235,
              28.8697352
            ]
          ]
        ]
      },
      "id": "way/1129362622"
    },
    {
      "type": "Feature",
      "properties": {
        "@id": "way/1134581775",
        "not:operator:wikidata": "Q1551220",
        "operator": "Red Electrica De Espana",
        "power": "substation",
        "substation": "transmission",
        "voltage": "220000"
      },
      "geometry": {
        "type": "Polygon",
        "coordinates": [
          [
            [
              -16.4457523,
              28.1615656
            ],
            [
              -16.4463872,
              28.1606016
            ],
            [
              -16.4458301,
              28.1603165
            ],
            [
              -16.4453097,
              28.1611069
            ],
            [
              -16.4457523,
              28.1615656
            ]
          ]
        ]
      },
      "id": "way/1134581775"
    },
    {
      "type": "Feature",
      "properties": {
        "@id": "way/1134581776",
        "operator": "Red Eléctrica de España",
        "operator:short": "REE",
        "operator:wikidata": "Q1551220",
        "operator:wikipedia": "es:Red Eléctrica de España",
        "power": "substation",
        "voltage": "66000"
      },
      "geometry": {
        "type": "Polygon",
        "coordinates": [
          [
            [
              -16.4450601,
              28.160654
            ],
            [
              -16.4454353,
              28.160841
            ],
            [
              -16.4457721,
              28.1603155
            ],
            [
              -16.4453968,
              28.1601285
            ],
            [
              -16.4450601,
              28.160654
            ]
          ]
        ]
      },
      "id": "way/1134581776"
    },
    {
      "type": "Feature",
      "properties": {
        "@id": "way/1135297742",
        "power": "substation",
        "substation": "transmission",
        "voltage": "220000"
      },
      "geometry": {
        "type": "Polygon",
        "coordinates": [
          [
            [
              -16.4371709,
              28.1721339
            ],
            [
              -16.437118,
              28.1723131
            ],
            [
              -16.4372593,
              28.1723427
            ],
            [
              -16.437238,
              28.1724197
            ],
            [
              -16.4372979,
              28.1724332
            ],
            [
              -16.4372959,
              28.1724475
            ],
            [
              -16.4373376,
              28.172495
            ],
            [
              -16.4373244,
              28.1725479
            ],
            [
              -16.4373396,
              28.1725685
            ],
            [
              -16.4373823,
              28.1725765
            ],
            [
              -16.4373752,
              28.1726106
            ],
            [
              -16.4375185,
              28.1726446
            ],
            [
              -16.4376516,
              28.1721877
            ],
            [
              -16.4373264,
              28.1721169
            ],
            [
              -16.4373162,
              28.1721626
            ],
            [
              -16.4371709,
              28.1721339
            ]
          ]
        ]
      },
      "id": "way/1135297742"
    },
    {
      "type": "Feature",
      "properties": {
        "@id": "way/1135303300",
        "name": "Los Caletillas",
        "power": "substation",
        "substation": "transmission",
        "voltage": "220000"
      },
      "geometry": {
        "type": "Polygon",
        "coordinates": [
          [
            [
              -16.3606228,
              28.3833827
            ],
            [
              -16.3601206,
              28.3836253
            ],
            [
              -16.3600944,
              28.383689
            ],
            [
              -16.3600944,
              28.3837121
            ],
            [
              -16.3602623,
              28.3839194
            ],
            [
              -16.3602854,
              28.3839357
            ],
            [
              -16.3603209,
              28.3839438
            ],
            [
              -16.3603717,
              28.3839411
            ],
            [
              -16.3604164,
              28.3839262
            ],
            [
              -16.3607568,
              28.3835359
            ],
            [
              -16.3607122,
              28.383525
            ],
            [
              -16.3606228,
              28.3833827
            ]
          ]
        ]
      },
      "id": "way/1135303300"
    },
    {
      "type": "Feature",
      "properties": {
        "@id": "way/1135319863",
        "name": "Buenos Aires",
        "power": "substation",
        "voltage": "220000"
      },
      "geometry": {
        "type": "Polygon",
        "coordinates": [
          [
            [
              -16.268759,
              28.45427
            ],
            [
              -16.2682756,
              28.4552213
            ],
            [
              -16.2683701,
              28.4552749
            ],
            [
              -16.2684576,
              28.4551436
            ],
            [
              -16.2685101,
              28.4551681
            ],
            [
              -16.268506,
              28.4551864
            ],
            [
              -16.2685091,
              28.455206
            ],
            [
              -16.2685147,
              28.4552208
            ],
            [
              -16.2685269,
              28.4552311
            ],
            [
              -16.2685442,
              28.4552342
            ],
            [
              -16.2685533,
              28.4552288
            ],
            [
              -16.2685744,
              28.4552386
            ],
            [
              -16.2685811,
              28.4552539
            ],
            [
              -16.2686019,
              28.4552615
            ],
            [
              -16.2686341,
              28.455258
            ],
            [
              -16.268665,
              28.4552333
            ],
            [
              -16.2686993,
              28.4551564
            ],
            [
              -16.2687661,
              28.4551883
            ],
            [
              -16.2687895,
              28.4551296
            ],
            [
              -16.268826,
              28.4551046
            ],
            [
              -16.2690859,
              28.4549689
            ],
            [
              -16.2692295,
              28.4548771
            ],
            [
              -16.2692738,
              28.4547967
            ],
            [
              -16.2694511,
              28.4546844
            ],
            [
              -16.2694999,
              28.4545873
            ],
            [
              -16.2692164,
              28.4544728
            ],
            [
              -16.2692265,
              28.4544514
            ],
            [
              -16.268759,
              28.45427
            ]
          ]
        ]
      },
      "id": "way/1135319863"
    },
    {
      "type": "Feature",
      "properties": {
        "@id": "way/1135319869",
        "name": "Dique del Este",
        "power": "substation",
        "substation": "yes",
        "voltage": "66000"
      },
      "geometry": {
        "type": "Polygon",
        "coordinates": [
          [
            [
              -16.2043638,
              28.4990015
            ],
            [
              -16.2045319,
              28.499269
            ],
            [
              -16.2051018,
              28.4989735
            ],
            [
              -16.2049266,
              28.4987122
            ],
            [
              -16.2043638,
              28.4990015
            ]
          ]
        ]
      },
      "id": "way/1135319869"
    },
    {
      "type": "Feature",
      "properties": {
        "@id": "way/1135319870",
        "name": "Manuel Cruz",
        "power": "substation",
        "voltage": "66000"
      },
      "geometry": {
        "type": "Polygon",
        "coordinates": [
          [
            [
              -16.2746826,
              28.474471
            ],
            [
              -16.2751303,
              28.4743434
            ],
            [
              -16.2748525,
              28.474205
            ],
            [
              -16.2748083,
              28.4742128
            ],
            [
              -16.2746826,
              28.474471
            ]
          ]
        ]
      },
      "id": "way/1135319870"
    },
    {
      "type": "Feature",
      "properties": {
        "@id": "way/1135319873",
        "name": "Cuesta de la Villa",
        "power": "substation",
        "voltage": "66000"
      },
      "geometry": {
        "type": "Polygon",
        "coordinates": [
          [
            [
              -16.4990212,
              28.4189338
            ],
            [
              -16.4991342,
              28.418839
            ],
            [
              -16.4990382,
              28.4187466
            ],
            [
              -16.4991326,
              28.4186686
            ],
            [
              -16.4990917,
              28.4186298
            ],
            [
              -16.4991953,
              28.4185547
            ],
            [
              -16.4989767,
              28.4183491
            ],
            [
              -16.4988827,
              28.4182381
            ],
            [
              -16.4988644,
              28.4182094
            ],
            [
              -16.4985175,
              28.4184089
            ],
            [
              -16.498552,
              28.4184298
            ],
            [
              -16.498564,
              28.418452
            ],
            [
              -16.4985727,
              28.4184787
            ],
            [
              -16.4985755,
              28.4185056
            ],
            [
              -16.4985652,
              28.4185228
            ],
            [
              -16.4990212,
              28.4189338
            ]
          ]
        ]
      },
      "id": "way/1135319873"
    },
    {
      "type": "Feature",
      "properties": {
        "@id": "way/1136009660",
        "power": "substation"
      },
      "geometry": {
        "type": "Polygon",
        "coordinates": [
          [
            [
              -15.4254912,
              28.0631597
            ],
            [
              -15.4254849,
              28.0631283
            ],
            [
              -15.4254355,
              28.0631361
            ],
            [
              -15.4254418,
              28.0631674
            ],
            [
              -15.4254638,
              28.063164
            ],
            [
              -15.4254912,
              28.0631597
            ]
          ]
        ]
      },
      "id": "way/1136009660"
    },
    {
      "type": "Feature",
      "properties": {
        "@id": "way/1136009661",
        "power": "substation"
      },
      "geometry": {
        "type": "Polygon",
        "coordinates": [
          [
            [
              -15.4250914,
              28.0989697
            ],
            [
              -15.4251093,
              28.0989904
            ],
            [
              -15.4251336,
              28.0989741
            ],
            [
              -15.4251157,
              28.0989534
            ],
            [
              -15.4250914,
              28.0989697
            ]
          ]
        ]
      },
      "id": "way/1136009661"
    },
    {
      "type": "Feature",
      "properties": {
        "@id": "way/1136791882",
        "building": "yes",
        "power": "substation"
      },
      "geometry": {
        "type": "Polygon",
        "coordinates": [
          [
            [
              -17.9831466,
              27.7073406
            ],
            [
              -17.9831433,
              27.7072908
            ],
            [
              -17.9831077,
              27.7072927
            ],
            [
              -17.9831106,
              27.7073357
            ],
            [
              -17.9831111,
              27.7073425
            ],
            [
              -17.9831357,
              27.7073412
            ],
            [
              -17.9831466,
              27.7073406
            ]
          ]
        ]
      },
      "id": "way/1136791882"
    },
    {
      "type": "Feature",
      "properties": {
        "@id": "way/1136835480",
        "building": "yes",
        "power": "substation"
      },
      "geometry": {
        "type": "Polygon",
        "coordinates": [
          [
            [
              -17.9961633,
              27.785855
            ],
            [
              -17.9961606,
              27.785835
            ],
            [
              -17.9961592,
              27.7858241
            ],
            [
              -17.996102,
              27.7858301
            ],
            [
              -17.9961061,
              27.785861
            ],
            [
              -17.9961633,
              27.785855
            ]
          ]
        ]
      },
      "id": "way/1136835480"
    },
    {
      "type": "Feature",
      "properties": {
        "@id": "way/1152868555",
        "power": "substation"
      },
      "geometry": {
        "type": "Polygon",
        "coordinates": [
          [
            [
              -16.5918602,
              28.1332431
            ],
            [
              -16.5918374,
              28.133204
            ],
            [
              -16.591793,
              28.133224
            ],
            [
              -16.5918158,
              28.1332632
            ],
            [
              -16.5918602,
              28.1332431
            ]
          ]
        ]
      },
      "id": "way/1152868555"
    },
    {
      "type": "Feature",
      "properties": {
        "@id": "way/1155336587",
        "power": "substation"
      },
      "geometry": {
        "type": "Polygon",
        "coordinates": [
          [
            [
              -17.7626688,
              28.8013388
            ],
            [
              -17.762698,
              28.8013354
            ],
            [
              -17.7626947,
              28.8013134
            ],
            [
              -17.7626655,
              28.8013168
            ],
            [
              -17.7626688,
              28.8013388
            ]
          ]
        ]
      },
      "id": "way/1155336587"
    },
    {
      "type": "Feature",
      "properties": {
        "@id": "way/1190672073",
        "building": "industrial",
        "building:levels": "1",
        "power": "substation",
        "roof:material": "roof_tiles",
        "roof:orientation": "along",
        "roof:shape": "gabled"
      },
      "geometry": {
        "type": "Polygon",
        "coordinates": [
          [
            [
              -15.6959599,
              28.0998498
            ],
            [
              -15.695928,
              28.099872
            ],
            [
              -15.6959505,
              28.0998972
            ],
            [
              -15.6959825,
              28.099875
            ],
            [
              -15.6959599,
              28.0998498
            ]
          ]
        ]
      },
      "id": "way/1190672073"
    },
    {
      "type": "Feature",
      "properties": {
        "@id": "way/1190687460",
        "building": "industrial",
        "building:levels": "2",
        "power": "substation",
        "roof:material": "roof_tiles",
        "roof:orientation": "along",
        "roof:shape": "gabled"
      },
      "geometry": {
        "type": "Polygon",
        "coordinates": [
          [
            [
              -15.6987585,
              28.1001921
            ],
            [
              -15.6987151,
              28.1002068
            ],
            [
              -15.6987303,
              28.1002482
            ],
            [
              -15.698775,
              28.1002345
            ],
            [
              -15.6987585,
              28.1001921
            ]
          ]
        ]
      },
      "id": "way/1190687460"
    },
    {
      "type": "Feature",
      "properties": {
        "@id": "way/1214565221",
        "building": "yes",
        "power": "substation",
        "substation": "minor_distribution"
      },
      "geometry": {
        "type": "Polygon",
        "coordinates": [
          [
            [
              -15.4529176,
              28.0974926
            ],
            [
              -15.4529762,
              28.0975091
            ],
            [
              -15.4529911,
              28.0974678
            ],
            [
              -15.4529325,
              28.0974514
            ],
            [
              -15.4529273,
              28.0974656
            ],
            [
              -15.4529176,
              28.0974926
            ]
          ]
        ]
      },
      "id": "way/1214565221"
    },
    {
      "type": "Feature",
      "properties": {
        "@id": "way/1214576070",
        "building": "yes",
        "power": "substation",
        "substation": "minor_distribution"
      },
      "geometry": {
        "type": "Polygon",
        "coordinates": [
          [
            [
              -15.4563393,
              28.1041524
            ],
            [
              -15.4563342,
              28.1041318
            ],
            [
              -15.4562852,
              28.1041412
            ],
            [
              -15.4562903,
              28.1041618
            ],
            [
              -15.4563393,
              28.1041524
            ]
          ]
        ]
      },
      "id": "way/1214576070"
    },
    {
      "type": "Feature",
      "properties": {
        "@id": "way/1214576071",
        "building": "yes",
        "power": "substation",
        "substation": "minor_distribution"
      },
      "geometry": {
        "type": "Polygon",
        "coordinates": [
          [
            [
              -15.4562625,
              28.1041676
            ],
            [
              -15.4562576,
              28.1041483
            ],
            [
              -15.4562087,
              28.1041578
            ],
            [
              -15.4562135,
              28.104177
            ],
            [
              -15.4562625,
              28.1041676
            ]
          ]
        ]
      },
      "id": "way/1214576071"
    },
    {
      "type": "Feature",
      "properties": {
        "@id": "way/1234156237",
        "power": "substation",
        "voltage": "20000"
      },
      "geometry": {
        "type": "Polygon",
        "coordinates": [
          [
            [
              -13.4969864,
              29.1557951
            ],
            [
              -13.4970293,
              29.1558033
            ],
            [
              -13.4970451,
              29.1557405
            ],
            [
              -13.4970012,
              29.1557321
            ],
            [
              -13.4969864,
              29.1557951
            ]
          ]
        ]
      },
      "id": "way/1234156237"
    },
    {
      "type": "Feature",
      "properties": {
        "@id": "way/1234156240",
        "power": "substation",
        "voltage": "20000"
      },
      "geometry": {
        "type": "Polygon",
        "coordinates": [
          [
            [
              -13.4675774,
              29.0987985
            ],
            [
              -13.4675358,
              29.0987834
            ],
            [
              -13.4675114,
              29.0988252
            ],
            [
              -13.4675541,
              29.0988421
            ],
            [
              -13.4675774,
              29.0987985
            ]
          ]
        ]
      },
      "id": "way/1234156240"
    },
    {
      "type": "Feature",
      "properties": {
        "@id": "way/1238591516",
        "building": "service",
        "building:levels": "1",
        "power": "substation",
        "roof:colour": "#8a6c64",
        "roof:shape": "flat",
        "substation": "minor_distribution"
      },
      "geometry": {
        "type": "Polygon",
        "coordinates": [
          [
            [
              -15.3794824,
              28.0096669
            ],
            [
              -15.3795367,
              28.0096819
            ],
            [
              -15.3795495,
              28.0096461
            ],
            [
              -15.3795441,
              28.0096447
            ],
            [
              -15.3794951,
              28.0096311
            ],
            [
              -15.3794838,
              28.009663
            ],
            [
              -15.3794824,
              28.0096669
            ]
          ]
        ]
      },
      "id": "way/1238591516"
    },
    {
      "type": "Feature",
      "properties": {
        "@id": "way/1240148243",
        "power": "substation",
        "source": "GRAFCAN OrtoExpress Urbana"
      },
      "geometry": {
        "type": "Polygon",
        "coordinates": [
          [
            [
              -16.5557416,
              28.114028
            ],
            [
              -16.5557942,
              28.1140468
            ],
            [
              -16.5558131,
              28.1140057
            ],
            [
              -16.5557605,
              28.113987
            ],
            [
              -16.5557416,
              28.114028
            ]
          ]
        ]
      },
      "id": "way/1240148243"
    },
    {
      "type": "Feature",
      "properties": {
        "@id": "way/1249177630",
        "name": "Sabinal",
        "power": "substation",
        "substation": "yes",
        "voltage": "220000"
      },
      "geometry": {
        "type": "Polygon",
        "coordinates": [
          [
            [
              -15.4186587,
              28.044339
            ],
            [
              -15.4185246,
              28.0445059
            ],
            [
              -15.4185286,
              28.0449013
            ],
            [
              -15.419639,
              28.0449013
            ],
            [
              -15.4196363,
              28.0444953
            ],
            [
              -15.4193104,
              28.0443367
            ],
            [
              -15.4186587,
              28.044339
            ]
          ]
        ]
      },
      "id": "way/1249177630"
    },
    {
      "type": "Feature",
      "properties": {
        "@id": "way/1249344296",
        "power": "substation",
        "voltage": "20000"
      },
      "geometry": {
        "type": "Polygon",
        "coordinates": [
          [
            [
              -16.767895,
              28.126837
            ],
            [
              -16.7678419,
              28.1268941
            ],
            [
              -16.7678827,
              28.1269185
            ],
            [
              -16.7679328,
              28.1268608
            ],
            [
              -16.767895,
              28.126837
            ]
          ]
        ]
      },
      "id": "way/1249344296"
    },
    {
      "type": "Feature",
      "properties": {
        "@id": "way/1249344301",
        "power": "substation",
        "voltage": "20000"
      },
      "geometry": {
        "type": "Polygon",
        "coordinates": [
          [
            [
              -16.7914214,
              28.1546725
            ],
            [
              -16.7913758,
              28.1546848
            ],
            [
              -16.7913934,
              28.1547342
            ],
            [
              -16.7914389,
              28.1547208
            ],
            [
              -16.7914214,
              28.1546725
            ]
          ]
        ]
      },
      "id": "way/1249344301"
    },
    {
      "type": "Feature",
      "properties": {
        "@id": "way/1249344303",
        "power": "substation",
        "voltage": "20000"
      },
      "geometry": {
        "type": "Polygon",
        "coordinates": [
          [
            [
              -16.8033676,
              28.1838709
            ],
            [
              -16.8033454,
              28.1838318
            ],
            [
              -16.8032993,
              28.1838531
            ],
            [
              -16.8033238,
              28.1838899
            ],
            [
              -16.8033676,
              28.1838709
            ]
          ]
        ]
      },
      "id": "way/1249344303"
    },
    {
      "type": "Feature",
      "properties": {
        "@id": "way/1249926107",
        "power": "substation"
      },
      "geometry": {
        "type": "Polygon",
        "coordinates": [
          [
            [
              -16.6362756,
              28.1577523
            ],
            [
              -16.6362687,
              28.1577199
            ],
            [
              -16.6362319,
              28.1577264
            ],
            [
              -16.6362403,
              28.1577588
            ],
            [
              -16.6362756,
              28.1577523
            ]
          ]
        ]
      },
      "id": "way/1249926107"
    },
    {
      "type": "Feature",
      "properties": {
        "@id": "way/1263477484",
        "power": "substation"
      },
      "geometry": {
        "type": "Polygon",
        "coordinates": [
          [
            [
              -17.927641,
              28.808149
            ],
            [
              -17.9276155,
              28.8081106
            ],
            [
              -17.9275748,
              28.8081314
            ],
            [
              -17.9275856,
              28.8081477
            ],
            [
              -17.9276004,
              28.8081698
            ],
            [
              -17.9276207,
              28.8081594
            ],
            [
              -17.927641,
              28.808149
            ]
          ]
        ]
      },
      "id": "way/1263477484"
    },
    {
      "type": "Feature",
      "properties": {
        "@id": "way/1265919122",
        "power": "substation"
      },
      "geometry": {
        "type": "Polygon",
        "coordinates": [
          [
            [
              -13.890814,
              28.5227066
            ],
            [
              -13.890471,
              28.5224749
            ],
            [
              -13.8901114,
              28.5228858
            ],
            [
              -13.8904544,
              28.5231175
            ],
            [
              -13.890814,
              28.5227066
            ]
          ]
        ]
      },
      "id": "way/1265919122"
    },
    {
      "type": "Feature",
      "properties": {
        "@id": "way/1285842911",
        "building": "service",
        "power": "substation",
        "substation": "minor_distribution"
      },
      "geometry": {
        "type": "Polygon",
        "coordinates": [
          [
            [
              -16.4441643,
              28.141605
            ],
            [
              -16.4441553,
              28.1415756
            ],
            [
              -16.4441341,
              28.1415807
            ],
            [
              -16.4441432,
              28.1416101
            ],
            [
              -16.4441643,
              28.141605
            ]
          ]
        ]
      },
      "id": "way/1285842911"
    },
    {
      "type": "Feature",
      "properties": {
        "@id": "way/1286224067",
        "barrier": "wall",
        "name": "Tias",
        "operator": "Red Electrica",
        "power": "substation",
        "substation": "distribution",
        "voltage": "132000"
      },
      "geometry": {
        "type": "Polygon",
        "coordinates": [
          [
            [
              -13.6842354,
              28.9521616
            ],
            [
              -13.6838828,
              28.9516835
            ],
            [
              -13.6836166,
              28.9516875
            ],
            [
              -13.6834275,
              28.9517979
            ],
            [
              -13.6833898,
              28.9517513
            ],
            [
              -13.6833481,
              28.9516998
            ],
            [
              -13.6828998,
              28.9519613
            ],
            [
              -13.6832897,
              28.9524823
            ],
            [
              -13.6832337,
              28.9525191
            ],
            [
              -13.6833504,
              28.9526724
            ],
            [
              -13.6842354,
              28.9521616
            ]
          ]
        ]
      },
      "id": "way/1286224067"
    },
    {
      "type": "Feature",
      "properties": {
        "@id": "way/1286224068",
        "barrier": "wall",
        "power": "substation"
      },
      "geometry": {
        "type": "Polygon",
        "coordinates": [
          [
            [
              -13.6843424,
              28.9516949
            ],
            [
              -13.684704,
              28.9514867
            ],
            [
              -13.6844873,
              28.9513297
            ],
            [
              -13.6842485,
              28.9515697
            ],
            [
              -13.6843424,
              28.9516949
            ]
          ]
        ]
      },
      "id": "way/1286224068"
    },
    {
      "type": "Feature",
      "properties": {
        "@id": "way/1286779532",
        "building": "service",
        "frequency": "50",
        "location": "indoor",
        "operator": "Iberdrola",
        "operator:wikidata": "Q1437502",
        "power": "substation",
        "substation": "minor_distribution",
        "voltage": "20000;400"
      },
      "geometry": {
        "type": "Polygon",
        "coordinates": [
          [
            [
              -13.861783,
              28.8785708
            ],
            [
              -13.8617609,
              28.8785678
            ],
            [
              -13.8617522,
              28.8786169
            ],
            [
              -13.8617743,
              28.8786199
            ],
            [
              -13.861783,
              28.8785708
            ]
          ]
        ]
      },
      "id": "way/1286779532"
    },
    {
      "type": "Feature",
      "properties": {
        "@id": "way/1286779533",
        "building": "service",
        "frequency": "50",
        "location": "indoor",
        "operator": "Iberdrola",
        "operator:wikidata": "Q1437502",
        "power": "substation",
        "ref": "C300801",
        "substation": "minor_distribution",
        "voltage": "20000;400"
      },
      "geometry": {
        "type": "Polygon",
        "coordinates": [
          [
            [
              -13.8667838,
              28.8602826
            ],
            [
              -13.8667393,
              28.8603196
            ],
            [
              -13.8667553,
              28.8603343
            ],
            [
              -13.8667998,
              28.8602974
            ],
            [
              -13.8667838,
              28.8602826
            ]
          ]
        ]
      },
      "id": "way/1286779533"
    },
    {
      "type": "Feature",
      "properties": {
        "@id": "way/1291670582",
        "building": "yes",
        "power": "substation"
      },
      "geometry": {
        "type": "Polygon",
        "coordinates": [
          [
            [
              -16.1558091,
              28.5244516
            ],
            [
              -16.1557669,
              28.5244579
            ],
            [
              -16.1557751,
              28.524495
            ],
            [
              -16.1558008,
              28.5244911
            ],
            [
              -16.1558168,
              28.5244887
            ],
            [
              -16.1558091,
              28.5244516
            ]
          ]
        ]
      },
      "id": "way/1291670582"
    },
    {
      "type": "Feature",
      "properties": {
        "@id": "way/1303573466",
        "building": "yes",
        "building:levels": "1",
        "power": "substation"
      },
      "geometry": {
        "type": "Polygon",
        "coordinates": [
          [
            [
              -15.4445735,
              28.1108064
            ],
            [
              -15.4445498,
              28.1107577
            ],
            [
              -15.444461,
              28.1107927
            ],
            [
              -15.444484,
              28.1108392
            ],
            [
              -15.4445735,
              28.1108064
            ]
          ]
        ]
      },
      "id": "way/1303573466"
    },
    {
      "type": "Feature",
      "properties": {
        "@id": "way/1318493376",
        "building": "service",
        "location": "indoor",
        "power": "substation",
        "ref": "C 402040"
      },
      "geometry": {
        "type": "Polygon",
        "coordinates": [
          [
            [
              -16.615624,
              28.0491786
            ],
            [
              -16.6156234,
              28.0492124
            ],
            [
              -16.6156869,
              28.0492132
            ],
            [
              -16.6156874,
              28.0491794
            ],
            [
              -16.615624,
              28.0491786
            ]
          ]
        ]
      },
      "id": "way/1318493376"
    },
    {
      "type": "Feature",
      "properties": {
        "@id": "way/1318493377",
        "building": "service",
        "location": "indoor",
        "power": "substation"
      },
      "geometry": {
        "type": "Polygon",
        "coordinates": [
          [
            [
              -16.6216359,
              28.0461461
            ],
            [
              -16.6216088,
              28.0461497
            ],
            [
              -16.6216164,
              28.0461943
            ],
            [
              -16.6216435,
              28.0461907
            ],
            [
              -16.6216359,
              28.0461461
            ]
          ]
        ]
      },
      "id": "way/1318493377"
    },
    {
      "type": "Feature",
      "properties": {
        "@id": "way/1318493378",
        "building": "service",
        "location": "indoor",
        "power": "substation",
        "ref": "C 402039"
      },
      "geometry": {
        "type": "Polygon",
        "coordinates": [
          [
            [
              -16.6230907,
              28.0482643
            ],
            [
              -16.6230986,
              28.0482976
            ],
            [
              -16.6231607,
              28.0482862
            ],
            [
              -16.6231526,
              28.048253
            ],
            [
              -16.6230907,
              28.0482643
            ]
          ]
        ]
      },
      "id": "way/1318493378"
    },
    {
      "type": "Feature",
      "properties": {
        "@id": "way/1318493379",
        "building": "service",
        "location": "indoor",
        "power": "substation"
      },
      "geometry": {
        "type": "Polygon",
        "coordinates": [
          [
            [
              -16.6136152,
              28.0491839
            ],
            [
              -16.6135667,
              28.0491833
            ],
            [
              -16.613566,
              28.0492334
            ],
            [
              -16.6136145,
              28.049234
            ],
            [
              -16.6136152,
              28.0491839
            ]
          ]
        ]
      },
      "id": "way/1318493379"
    },
    {
      "type": "Feature",
      "properties": {
        "@id": "way/1318493380",
        "building": "service",
        "location": "indoor",
        "power": "substation"
      },
      "geometry": {
        "type": "Polygon",
        "coordinates": [
          [
            [
              -16.6202764,
              28.0552059
            ],
            [
              -16.6203014,
              28.0552001
            ],
            [
              -16.6202959,
              28.0551827
            ],
            [
              -16.6203076,
              28.05518
            ],
            [
              -16.6203007,
              28.0551569
            ],
            [
              -16.6202888,
              28.0551597
            ],
            [
              -16.6202843,
              28.0551447
            ],
            [
              -16.6202599,
              28.0551504
            ],
            [
              -16.6202764,
              28.0552059
            ]
          ]
        ]
      },
      "id": "way/1318493380"
    },
    {
      "type": "Feature",
      "properties": {
        "@id": "way/1318493381",
        "building": "service",
        "location": "indoor",
        "power": "substation"
      },
      "geometry": {
        "type": "Polygon",
        "coordinates": [
          [
            [
              -16.612707,
              28.0564137
            ],
            [
              -16.6126841,
              28.0564184
            ],
            [
              -16.6126953,
              28.0564602
            ],
            [
              -16.6127181,
              28.0564555
            ],
            [
              -16.612707,
              28.0564137
            ]
          ]
        ]
      },
      "id": "way/1318493381"
    },
    {
      "type": "Feature",
      "properties": {
        "@id": "way/1318493383",
        "building": "service",
        "location": "indoor",
        "power": "substation",
        "ref": "C 402034"
      },
      "geometry": {
        "type": "Polygon",
        "coordinates": [
          [
            [
              -16.6198478,
              28.0488063
            ],
            [
              -16.6198559,
              28.0488393
            ],
            [
              -16.6199179,
              28.0488277
            ],
            [
              -16.6199097,
              28.0487947
            ],
            [
              -16.6198478,
              28.0488063
            ]
          ]
        ]
      },
      "id": "way/1318493383"
    },
    {
      "type": "Feature",
      "properties": {
        "@id": "way/1318493384",
        "building": "service",
        "location": "indoor",
        "power": "substation"
      },
      "geometry": {
        "type": "Polygon",
        "coordinates": [
          [
            [
              -16.6163322,
              28.0561873
            ],
            [
              -16.6163521,
              28.0561825
            ],
            [
              -16.6163381,
              28.0561374
            ],
            [
              -16.6163182,
              28.0561422
            ],
            [
              -16.6163322,
              28.0561873
            ]
          ]
        ]
      },
      "id": "way/1318493384"
    },
    {
      "type": "Feature",
      "properties": {
        "@id": "way/1318493385",
        "building": "service",
        "location": "indoor",
        "power": "substation",
        "ref": "1440"
      },
      "geometry": {
        "type": "Polygon",
        "coordinates": [
          [
            [
              -16.6213384,
              28.0549342
            ],
            [
              -16.6213461,
              28.054957
            ],
            [
              -16.6214028,
              28.0549419
            ],
            [
              -16.621395,
              28.0549191
            ],
            [
              -16.6213384,
              28.0549342
            ]
          ]
        ]
      },
      "id": "way/1318493385"
    },
    {
      "type": "Feature",
      "properties": {
        "@id": "way/1319203415",
        "building": "service",
        "location": "indoor",
        "power": "substation",
        "substation": "minor_distribution"
      },
      "geometry": {
        "type": "Polygon",
        "coordinates": [
          [
            [
              -16.7763459,
              28.1214353
            ],
            [
              -16.7763758,
              28.1214242
            ],
            [
              -16.7763429,
              28.121355
            ],
            [
              -16.7763129,
              28.1213661
            ],
            [
              -16.7763459,
              28.1214353
            ]
          ]
        ]
      },
      "id": "way/1319203415"
    },
    {
      "type": "Feature",
      "properties": {
        "@id": "way/1319203437",
        "location": "indoor",
        "power": "substation",
        "substation": "minor_distribution"
      },
      "geometry": {
        "type": "Polygon",
        "coordinates": [
          [
            [
              -16.7768322,
              28.1250085
            ],
            [
              -16.7768038,
              28.1250103
            ],
            [
              -16.7768054,
              28.1250289
            ],
            [
              -16.7768337,
              28.125027
            ],
            [
              -16.7768322,
              28.1250085
            ]
          ]
        ]
      },
      "id": "way/1319203437"
    },
    {
      "type": "Feature",
      "properties": {
        "@id": "way/1319203463",
        "building": "yes",
        "location": "indoor",
        "power": "substation",
        "ref": "C 402656"
      },
      "geometry": {
        "type": "Polygon",
        "coordinates": [
          [
            [
              -16.7743449,
              28.1204605
            ],
            [
              -16.7743724,
              28.1204911
            ],
            [
              -16.7743898,
              28.1204788
            ],
            [
              -16.7743624,
              28.1204482
            ],
            [
              -16.7743449,
              28.1204605
            ]
          ]
        ]
      },
      "id": "way/1319203463"
    },
    {
      "type": "Feature",
      "properties": {
        "@id": "way/1319203479",
        "building": "yes",
        "location": "indoor",
        "power": "substation",
        "ref": "3220",
        "substation": "minor_distribution"
      },
      "geometry": {
        "type": "Polygon",
        "coordinates": [
          [
            [
              -16.7757899,
              28.1246151
            ],
            [
              -16.7757802,
              28.1245898
            ],
            [
              -16.7757201,
              28.1246075
            ],
            [
              -16.7757297,
              28.1246328
            ],
            [
              -16.7757899,
              28.1246151
            ]
          ]
        ]
      },
      "id": "way/1319203479"
    },
    {
      "type": "Feature",
      "properties": {
        "@id": "way/1338360789",
        "name": "El Rosario",
        "power": "substation",
        "voltage": "220000"
      },
      "geometry": {
        "type": "Polygon",
        "coordinates": [
          [
            [
              -16.341253,
              28.4507051
            ],
            [
              -16.3411435,
              28.4501778
            ],
            [
              -16.3400313,
              28.4503567
            ],
            [
              -16.3401189,
              28.4507224
            ],
            [
              -16.3401605,
              28.4507169
            ],
            [
              -16.340195,
              28.4508795
            ],
            [
              -16.341253,
              28.4507051
            ]
          ]
        ]
      },
      "id": "way/1338360789"
    },
    {
      "type": "Feature",
      "properties": {
        "@id": "way/1350504430",
        "power": "substation"
      },
      "geometry": {
        "type": "Polygon",
        "coordinates": [
          [
            [
              -17.7647103,
              28.7047557
            ],
            [
              -17.7646884,
              28.7047364
            ],
            [
              -17.7646619,
              28.7047594
            ],
            [
              -17.7646837,
              28.7047787
            ],
            [
              -17.7646974,
              28.7047669
            ],
            [
              -17.7647103,
              28.7047557
            ]
          ]
        ]
      },
      "id": "way/1350504430"
    },
    {
      "type": "Feature",
      "properties": {
        "@id": "way/1354514667",
        "power": "substation"
      },
      "geometry": {
        "type": "Polygon",
        "coordinates": [
          [
            [
              -17.7699141,
              28.7002281
            ],
            [
              -17.7698713,
              28.7002647
            ],
            [
              -17.7699146,
              28.7003037
            ],
            [
              -17.7699574,
              28.7002671
            ],
            [
              -17.7699141,
              28.7002281
            ]
          ]
        ]
      },
      "id": "way/1354514667"
    },
    {
      "type": "Feature",
      "properties": {
        "@id": "way/1360095338",
        "power": "substation"
      },
      "geometry": {
        "type": "Polygon",
        "coordinates": [
          [
            [
              -13.5416689,
              28.9758691
            ],
            [
              -13.5416234,
              28.9758649
            ],
            [
              -13.5416193,
              28.9758986
            ],
            [
              -13.5416321,
              28.9758998
            ],
            [
              -13.5416649,
              28.9759028
            ],
            [
              -13.5416663,
              28.975891
            ],
            [
              -13.5416689,
              28.9758691
            ]
          ]
        ]
      },
      "id": "way/1360095338"
    },
    {
      "type": "Feature",
      "properties": {
        "@id": "way/1360100378",
        "power": "substation"
      },
      "geometry": {
        "type": "Polygon",
        "coordinates": [
          [
            [
              -13.6938647,
              28.9577297
            ],
            [
              -13.6938602,
              28.9577173
            ],
            [
              -13.6938535,
              28.9576989
            ],
            [
              -13.693808,
              28.9577117
            ],
            [
              -13.6938121,
              28.9577228
            ],
            [
              -13.6938193,
              28.9577424
            ],
            [
              -13.6938647,
              28.9577297
            ]
          ]
        ]
      },
      "id": "way/1360100378"
    },
    {
      "type": "Feature",
      "properties": {
        "@id": "way/1360958798",
        "building": "yes",
        "power": "substation"
      },
      "geometry": {
        "type": "Polygon",
        "coordinates": [
          [
            [
              -14.0266614,
              28.4254407
            ],
            [
              -14.0266738,
              28.4254116
            ],
            [
              -14.0266523,
              28.4254046
            ],
            [
              -14.026633,
              28.4253982
            ],
            [
              -14.0266206,
              28.4254273
            ],
            [
              -14.0266425,
              28.4254345
            ],
            [
              -14.0266614,
              28.4254407
            ]
          ]
        ]
      },
      "id": "way/1360958798"
    },
    {
      "type": "Feature",
      "properties": {
        "@id": "way/1360967712",
        "building": "yes",
        "power": "substation"
      },
      "geometry": {
        "type": "Polygon",
        "coordinates": [
          [
            [
              -13.843196,
              28.709403
            ],
            [
              -13.8431959,
              28.7093898
            ],
            [
              -13.8431957,
              28.7093732
            ],
            [
              -13.8431449,
              28.7093736
            ],
            [
              -13.8431452,
              28.7094034
            ],
            [
              -13.843196,
              28.709403
            ]
          ]
        ]
      },
      "id": "way/1360967712"
    },
    {
      "type": "Feature",
      "properties": {
        "@id": "way/1361144292",
        "building": "yes",
        "power": "substation"
      },
      "geometry": {
        "type": "Polygon",
        "coordinates": [
          [
            [
              -16.7573348,
              28.3409543
            ],
            [
              -16.7573285,
              28.3409221
            ],
            [
              -16.7572915,
              28.3409278
            ],
            [
              -16.7572978,
              28.34096
            ],
            [
              -16.7573348,
              28.3409543
            ]
          ]
        ]
      },
      "id": "way/1361144292"
    },
    {
      "type": "Feature",
      "properties": {
        "@id": "way/1361724121",
        "building": "yes",
        "power": "substation"
      },
      "geometry": {
        "type": "Polygon",
        "coordinates": [
          [
            [
              -13.7699472,
              28.9551284
            ],
            [
              -13.7699805,
              28.9551014
            ],
            [
              -13.7699566,
              28.9550788
            ],
            [
              -13.7699399,
              28.9550924
            ],
            [
              -13.7699233,
              28.9551058
            ],
            [
              -13.7699472,
              28.9551284
            ]
          ]
        ]
      },
      "id": "way/1361724121"
    },
    {
      "type": "Feature",
      "properties": {
        "@id": "way/1361724122",
        "building": "yes",
        "power": "substation"
      },
      "geometry": {
        "type": "Polygon",
        "coordinates": [
          [
            [
              -13.7653898,
              28.9531997
            ],
            [
              -13.7653955,
              28.9531464
            ],
            [
              -13.7653579,
              28.9531433
            ],
            [
              -13.7653522,
              28.9531966
            ],
            [
              -13.7653898,
              28.9531997
            ]
          ]
        ]
      },
      "id": "way/1361724122"
    },
    {
      "type": "Feature",
      "properties": {
        "@id": "way/1361735467",
        "building": "yes",
        "power": "substation"
      },
      "geometry": {
        "type": "Polygon",
        "coordinates": [
          [
            [
              -14.0111261,
              28.3773535
            ],
            [
              -14.0111276,
              28.3773215
            ],
            [
              -14.0111231,
              28.3773213
            ],
            [
              -14.0110938,
              28.3773202
            ],
            [
              -14.0110923,
              28.3773523
            ],
            [
              -14.01111,
              28.3773529
            ],
            [
              -14.0111261,
              28.3773535
            ]
          ]
        ]
      },
      "id": "way/1361735467"
    },
    {
      "type": "Feature",
      "properties": {
        "@id": "way/1361735469",
        "building": "yes",
        "power": "substation"
      },
      "geometry": {
        "type": "Polygon",
        "coordinates": [
          [
            [
              -14.0295175,
              28.3726422
            ],
            [
              -14.0295411,
              28.3726216
            ],
            [
              -14.0295291,
              28.3726109
            ],
            [
              -14.029517,
              28.3726002
            ],
            [
              -14.0294933,
              28.3726208
            ],
            [
              -14.029506,
              28.3726321
            ],
            [
              -14.0295175,
              28.3726422
            ]
          ]
        ]
      },
      "id": "way/1361735469"
    },
    {
      "type": "Feature",
      "properties": {
        "@id": "way/1361742539",
        "building": "yes",
        "power": "substation"
      },
      "geometry": {
        "type": "Polygon",
        "coordinates": [
          [
            [
              -13.8713265,
              28.4011283
            ],
            [
              -13.871356,
              28.4010995
            ],
            [
              -13.871336,
              28.4010837
            ],
            [
              -13.8713066,
              28.4011125
            ],
            [
              -13.8713265,
              28.4011283
            ]
          ]
        ]
      },
      "id": "way/1361742539"
    },
    {
      "type": "Feature",
      "properties": {
        "@id": "way/1361899402",
        "building": "yes",
        "power": "substation"
      },
      "geometry": {
        "type": "Polygon",
        "coordinates": [
          [
            [
              -14.0306938,
              28.4766233
            ],
            [
              -14.0307084,
              28.4765928
            ],
            [
              -14.0306747,
              28.4765803
            ],
            [
              -14.0306679,
              28.4765944
            ],
            [
              -14.03066,
              28.4766108
            ],
            [
              -14.0306938,
              28.4766233
            ]
          ]
        ]
      },
      "id": "way/1361899402"
    },
    {
      "type": "Feature",
      "properties": {
        "@id": "way/1361900965",
        "building": "yes",
        "power": "substation"
      },
      "geometry": {
        "type": "Polygon",
        "coordinates": [
          [
            [
              -13.9768949,
              28.5812721
            ],
            [
              -13.9768879,
              28.5812238
            ],
            [
              -13.9768472,
              28.5812283
            ],
            [
              -13.9768507,
              28.5812524
            ],
            [
              -13.9768542,
              28.5812767
            ],
            [
              -13.9768949,
              28.5812721
            ]
          ]
        ]
      },
      "id": "way/1361900965"
    },
    {
      "type": "Feature",
      "properties": {
        "@id": "way/1361996817",
        "building": "yes",
        "power": "substation"
      },
      "geometry": {
        "type": "Polygon",
        "coordinates": [
          [
            [
              -17.7786271,
              28.6378662
            ],
            [
              -17.7786425,
              28.6378512
            ],
            [
              -17.7786547,
              28.6378392
            ],
            [
              -17.7786187,
              28.6378109
            ],
            [
              -17.7786058,
              28.6378235
            ],
            [
              -17.7785911,
              28.6378379
            ],
            [
              -17.7786081,
              28.6378512
            ],
            [
              -17.7786271,
              28.6378662
            ]
          ]
        ]
      },
      "id": "way/1361996817"
    },
    {
      "type": "Feature",
      "properties": {
        "@id": "way/1361996822",
        "building": "yes",
        "power": "substation"
      },
      "geometry": {
        "type": "Polygon",
        "coordinates": [
          [
            [
              -17.7823404,
              28.6438677
            ],
            [
              -17.782323,
              28.6438273
            ],
            [
              -17.7823004,
              28.6438362
            ],
            [
              -17.7822802,
              28.6438442
            ],
            [
              -17.782289,
              28.6438629
            ],
            [
              -17.7822981,
              28.6438826
            ],
            [
              -17.7823187,
              28.6438754
            ],
            [
              -17.7823404,
              28.6438677
            ]
          ]
        ]
      },
      "id": "way/1361996822"
    },
    {
      "type": "Feature",
      "properties": {
        "@id": "way/1362012077",
        "building": "yes",
        "power": "substation"
      },
      "geometry": {
        "type": "Polygon",
        "coordinates": [
          [
            [
              -17.813417,
              28.5371029
            ],
            [
              -17.8134338,
              28.5370717
            ],
            [
              -17.8134207,
              28.5370663
            ],
            [
              -17.8134033,
              28.537059
            ],
            [
              -17.8133865,
              28.5370902
            ],
            [
              -17.813417,
              28.5371029
            ]
          ]
        ]
      },
      "id": "way/1362012077"
    },
    {
      "type": "Feature",
      "properties": {
        "@id": "way/1362017521",
        "building": "yes",
        "power": "substation"
      },
      "geometry": {
        "type": "Polygon",
        "coordinates": [
          [
            [
              -17.7781529,
              28.629
            ],
            [
              -17.778158,
              28.6289668
            ],
            [
              -17.7781411,
              28.6289648
            ],
            [
              -17.7781214,
              28.6289625
            ],
            [
              -17.7781163,
              28.6289957
            ],
            [
              -17.7781334,
              28.6289977
            ],
            [
              -17.7781529,
              28.629
            ]
          ]
        ]
      },
      "id": "way/1362017521"
    },
    {
      "type": "Feature",
      "properties": {
        "@id": "way/1362017522",
        "building": "yes",
        "power": "substation"
      },
      "geometry": {
        "type": "Polygon",
        "coordinates": [
          [
            [
              -17.7778242,
              28.6077048
            ],
            [
              -17.777839,
              28.607701
            ],
            [
              -17.7778613,
              28.6076952
            ],
            [
              -17.7778512,
              28.607665
            ],
            [
              -17.7778141,
              28.6076746
            ],
            [
              -17.7778242,
              28.6077048
            ]
          ]
        ]
      },
      "id": "way/1362017522"
    },
    {
      "type": "Feature",
      "properties": {
        "@id": "way/1364312076",
        "building": "yes",
        "power": "substation"
      },
      "geometry": {
        "type": "Polygon",
        "coordinates": [
          [
            [
              -16.702811,
              28.3614046
            ],
            [
              -16.7028291,
              28.3613985
            ],
            [
              -16.7028521,
              28.3613908
            ],
            [
              -16.7028313,
              28.3613429
            ],
            [
              -16.7027902,
              28.3613567
            ],
            [
              -16.702811,
              28.3614046
            ]
          ]
        ]
      },
      "id": "way/1364312076"
    },
    {
      "type": "Feature",
      "properties": {
        "@id": "way/1364728591",
        "building": "yes",
        "power": "substation"
      },
      "geometry": {
        "type": "Polygon",
        "coordinates": [
          [
            [
              -16.5521577,
              28.3966133
            ],
            [
              -16.5521592,
              28.3965667
            ],
            [
              -16.5521304,
              28.396566
            ],
            [
              -16.5521089,
              28.3965654
            ],
            [
              -16.5521074,
              28.396612
            ],
            [
              -16.5521577,
              28.3966133
            ]
          ]
        ]
      },
      "id": "way/1364728591"
    },
    {
      "type": "Feature",
      "properties": {
        "@id": "way/1364778582",
        "building": "yes",
        "power": "substation",
        "source": "GRAFCAN OrtoExpress Urbana"
      },
      "geometry": {
        "type": "Polygon",
        "coordinates": [
          [
            [
              -16.715249,
              28.3700152
            ],
            [
              -16.7152306,
              28.3699909
            ],
            [
              -16.7151989,
              28.3700096
            ],
            [
              -16.7152173,
              28.3700338
            ],
            [
              -16.7152349,
              28.3700235
            ],
            [
              -16.715249,
              28.3700152
            ]
          ]
        ]
      },
      "id": "way/1364778582"
    },
    {
      "type": "Feature",
      "properties": {
        "@id": "way/1364778583",
        "building": "transformer_tower",
        "power": "substation",
        "substation": "minor_distribution",
        "utility": "power"
      },
      "geometry": {
        "type": "Polygon",
        "coordinates": [
          [
            [
              -16.7154496,
              28.3772162
            ],
            [
              -16.7154064,
              28.3771912
            ],
            [
              -16.7153809,
              28.3772253
            ],
            [
              -16.7154241,
              28.3772503
            ],
            [
              -16.7154496,
              28.3772162
            ]
          ]
        ]
      },
      "id": "way/1364778583"
    },
    {
      "type": "Feature",
      "properties": {
        "@id": "way/1365779775",
        "building": "yes",
        "power": "substation"
      },
      "geometry": {
        "type": "Polygon",
        "coordinates": [
          [
            [
              -16.5165036,
              28.3987883
            ],
            [
              -16.5164972,
              28.3987558
            ],
            [
              -16.5164561,
              28.398762
            ],
            [
              -16.5164596,
              28.3987799
            ],
            [
              -16.5164625,
              28.3987946
            ],
            [
              -16.5165036,
              28.3987883
            ]
          ]
        ]
      },
      "id": "way/1365779775"
    },
    {
      "type": "Feature",
      "properties": {
        "@id": "way/1365997312",
        "building": "yes",
        "power": "substation"
      },
      "geometry": {
        "type": "Polygon",
        "coordinates": [
          [
            [
              -16.648612,
              28.3923435
            ],
            [
              -16.6486014,
              28.3923296
            ],
            [
              -16.6485897,
              28.3923142
            ],
            [
              -16.6485786,
              28.3923208
            ],
            [
              -16.64856,
              28.3923318
            ],
            [
              -16.6485823,
              28.3923611
            ],
            [
              -16.648612,
              28.3923435
            ]
          ]
        ]
      },
      "id": "way/1365997312"
    },
    {
      "type": "Feature",
      "properties": {
        "@id": "way/1366000022",
        "building": "yes",
        "power": "substation"
      },
      "geometry": {
        "type": "Polygon",
        "coordinates": [
          [
            [
              -16.4403395,
              28.4748796
            ],
            [
              -16.4403792,
              28.4748629
            ],
            [
              -16.4403612,
              28.47483
            ],
            [
              -16.4403215,
              28.4748467
            ],
            [
              -16.4403297,
              28.4748616
            ],
            [
              -16.4403395,
              28.4748796
            ]
          ]
        ]
      },
      "id": "way/1366000022"
    },
    {
      "type": "Feature",
      "properties": {
        "@id": "way/1366228052",
        "building": "yes",
        "power": "substation"
      },
      "geometry": {
        "type": "Polygon",
        "coordinates": [
          [
            [
              -16.5000218,
              28.3839593
            ],
            [
              -16.5000046,
              28.3839207
            ],
            [
              -16.4999602,
              28.3839359
            ],
            [
              -16.4999686,
              28.3839548
            ],
            [
              -16.4999774,
              28.3839746
            ],
            [
              -16.5000218,
              28.3839593
            ]
          ]
        ]
      },
      "id": "way/1366228052"
    },
    {
      "type": "Feature",
      "properties": {
        "@id": "way/1366663592",
        "building": "yes",
        "power": "substation"
      },
      "geometry": {
        "type": "Polygon",
        "coordinates": [
          [
            [
              -13.9215986,
              28.5446394
            ],
            [
              -13.9216,
              28.5446093
            ],
            [
              -13.9215688,
              28.5446082
            ],
            [
              -13.9215506,
              28.5446076
            ],
            [
              -13.9215493,
              28.5446377
            ],
            [
              -13.9215986,
              28.5446394
            ]
          ]
        ]
      },
      "id": "way/1366663592"
    },
    {
      "type": "Feature",
      "properties": {
        "@id": "way/1366955166",
        "building": "yes",
        "power": "substation"
      },
      "geometry": {
        "type": "Polygon",
        "coordinates": [
          [
            [
              -13.8957884,
              28.4968637
            ],
            [
              -13.8958068,
              28.496851
            ],
            [
              -13.8958203,
              28.4968417
            ],
            [
              -13.8957946,
              28.4968129
            ],
            [
              -13.8957627,
              28.4968349
            ],
            [
              -13.8957884,
              28.4968637
            ]
          ]
        ]
      },
      "id": "way/1366955166"
    },
    {
      "type": "Feature",
      "properties": {
        "@id": "way/1366990932",
        "barrier": "wall",
        "power": "substation",
        "substation": "distribution"
      },
      "geometry": {
        "type": "Polygon",
        "coordinates": [
          [
            [
              -14.2842247,
              28.1227203
            ],
            [
              -14.2847126,
              28.1222777
            ],
            [
              -14.284199,
              28.1218333
            ],
            [
              -14.2837101,
              28.122273
            ],
            [
              -14.2842247,
              28.1227203
            ]
          ]
        ]
      },
      "id": "way/1366990932"
    },
    {
      "type": "Feature",
      "properties": {
        "@id": "way/1367029208",
        "building": "yes",
        "power": "substation"
      },
      "geometry": {
        "type": "Polygon",
        "coordinates": [
          [
            [
              -14.0759241,
              28.2044558
            ],
            [
              -14.0759242,
              28.2044232
            ],
            [
              -14.0758822,
              28.2044231
            ],
            [
              -14.075882,
              28.2044557
            ],
            [
              -14.0759006,
              28.2044557
            ],
            [
              -14.0759241,
              28.2044558
            ]
          ]
        ]
      },
      "id": "way/1367029208"
    },
    {
      "type": "Feature",
      "properties": {
        "@id": "way/1367108754",
        "building": "yes",
        "power": "substation"
      },
      "geometry": {
        "type": "Polygon",
        "coordinates": [
          [
            [
              -16.5282268,
              28.3827457
            ],
            [
              -16.5282072,
              28.3827271
            ],
            [
              -16.5281967,
              28.3827357
            ],
            [
              -16.5281855,
              28.3827448
            ],
            [
              -16.5282051,
              28.3827634
            ],
            [
              -16.5282268,
              28.3827457
            ]
          ]
        ]
      },
      "id": "way/1367108754"
    },
    {
      "type": "Feature",
      "properties": {
        "@id": "way/1367351370",
        "building": "yes",
        "power": "substation"
      },
      "geometry": {
        "type": "Polygon",
        "coordinates": [
          [
            [
              -14.0093875,
              28.4083932
            ],
            [
              -14.0094155,
              28.4083745
            ],
            [
              -14.0094077,
              28.4083654
            ],
            [
              -14.009395,
              28.4083506
            ],
            [
              -14.009367,
              28.4083693
            ],
            [
              -14.0093875,
              28.4083932
            ]
          ]
        ]
      },
      "id": "way/1367351370"
    },
    {
      "type": "Feature",
      "properties": {
        "@id": "way/1368471038",
        "building": "yes",
        "power": "substation"
      },
      "geometry": {
        "type": "Polygon",
        "coordinates": [
          [
            [
              -16.6721506,
              28.3889859
            ],
            [
              -16.6721151,
              28.3889974
            ],
            [
              -16.6721293,
              28.3890317
            ],
            [
              -16.6721649,
              28.3890202
            ],
            [
              -16.6721506,
              28.3889859
            ]
          ]
        ]
      },
      "id": "way/1368471038"
    },
    {
      "type": "Feature",
      "properties": {
        "@id": "way/1369164295",
        "building": "yes",
        "power": "substation"
      },
      "geometry": {
        "type": "Polygon",
        "coordinates": [
          [
            [
              -16.4087479,
              28.325264
            ],
            [
              -16.4087601,
              28.3252387
            ],
            [
              -16.4087379,
              28.3252303
            ],
            [
              -16.4087256,
              28.3252557
            ],
            [
              -16.4087479,
              28.325264
            ]
          ]
        ]
      },
      "id": "way/1369164295"
    },
    {
      "type": "Feature",
      "properties": {
        "@id": "way/1369185620",
        "building": "yes",
        "power": "substation"
      },
      "geometry": {
        "type": "Polygon",
        "coordinates": [
          [
            [
              -16.4597263,
              28.4417334
            ],
            [
              -16.4597181,
              28.441679
            ],
            [
              -16.4596944,
              28.4416818
            ],
            [
              -16.4597027,
              28.4417362
            ],
            [
              -16.4597263,
              28.4417334
            ]
          ]
        ]
      },
      "id": "way/1369185620"
    },
    {
      "type": "Feature",
      "properties": {
        "@id": "way/1369240046",
        "building": "yes",
        "power": "substation"
      },
      "geometry": {
        "type": "Polygon",
        "coordinates": [
          [
            [
              -16.5490205,
              28.3522148
            ],
            [
              -16.54904,
              28.3521871
            ],
            [
              -16.5490201,
              28.3521763
            ],
            [
              -16.5490006,
              28.3522039
            ],
            [
              -16.5490205,
              28.3522148
            ]
          ]
        ]
      },
      "id": "way/1369240046"
    },
    {
      "type": "Feature",
      "properties": {
        "@id": "way/1369325648",
        "building": "yes",
        "power": "substation"
      },
      "geometry": {
        "type": "Polygon",
        "coordinates": [
          [
            [
              -16.5339764,
              28.3822332
            ],
            [
              -16.5339696,
              28.3822
            ],
            [
              -16.533929,
              28.3822065
            ],
            [
              -16.5339324,
              28.3822231
            ],
            [
              -16.5339358,
              28.3822396
            ],
            [
              -16.5339764,
              28.3822332
            ]
          ]
        ]
      },
      "id": "way/1369325648"
    },
    {
      "type": "Feature",
      "properties": {
        "@id": "way/1370010415",
        "building": "yes",
        "power": "substation"
      },
      "geometry": {
        "type": "Polygon",
        "coordinates": [
          [
            [
              -16.729555,
              28.3415773
            ],
            [
              -16.7295401,
              28.341548
            ],
            [
              -16.729516,
              28.3415575
            ],
            [
              -16.7295051,
              28.3415618
            ],
            [
              -16.7295201,
              28.3415912
            ],
            [
              -16.7295385,
              28.3415839
            ],
            [
              -16.729555,
              28.3415773
            ]
          ]
        ]
      },
      "id": "way/1370010415"
    },
    {
      "type": "Feature",
      "properties": {
        "@id": "way/1370257546",
        "building": "yes",
        "power": "substation"
      },
      "geometry": {
        "type": "Polygon",
        "coordinates": [
          [
            [
              -16.3508,
              28.5276475
            ],
            [
              -16.3508137,
              28.527636
            ],
            [
              -16.3508353,
              28.5276178
            ],
            [
              -16.3508039,
              28.527589
            ],
            [
              -16.3507686,
              28.5276187
            ],
            [
              -16.3508,
              28.5276475
            ]
          ]
        ]
      },
      "id": "way/1370257546"
    },
    {
      "type": "Feature",
      "properties": {
        "@id": "way/1370643580",
        "building": "yes",
        "power": "substation"
      },
      "geometry": {
        "type": "Polygon",
        "coordinates": [
          [
            [
              -16.3905363,
              28.2928665
            ],
            [
              -16.3904996,
              28.2928397
            ],
            [
              -16.3904671,
              28.2928741
            ],
            [
              -16.3905038,
              28.292901
            ],
            [
              -16.3905363,
              28.2928665
            ]
          ]
        ]
      },
      "id": "way/1370643580"
    },
    {
      "type": "Feature",
      "properties": {
        "@id": "way/1370656416",
        "building": "yes",
        "power": "substation"
      },
      "geometry": {
        "type": "Polygon",
        "coordinates": [
          [
            [
              -16.3911542,
              28.2989219
            ],
            [
              -16.3911811,
              28.2989406
            ],
            [
              -16.3912076,
              28.298911
            ],
            [
              -16.3911807,
              28.2988923
            ],
            [
              -16.3911542,
              28.2989219
            ]
          ]
        ]
      },
      "id": "way/1370656416"
    },
    {
      "type": "Feature",
      "properties": {
        "@id": "way/1370920591",
        "building": "yes",
        "power": "substation"
      },
      "geometry": {
        "type": "Polygon",
        "coordinates": [
          [
            [
              -16.7548882,
              28.1399394
            ],
            [
              -16.7549325,
              28.1399186
            ],
            [
              -16.7549138,
              28.1398876
            ],
            [
              -16.7549054,
              28.1398915
            ],
            [
              -16.7548694,
              28.1399085
            ],
            [
              -16.7548882,
              28.1399394
            ]
          ]
        ]
      },
      "id": "way/1370920591"
    },
    {
      "type": "Feature",
      "properties": {
        "@id": "way/1371326023",
        "building": "industrial",
        "power": "substation",
        "ref": "C401528"
      },
      "geometry": {
        "type": "Polygon",
        "coordinates": [
          [
            [
              -16.8210603,
              28.263689
            ],
            [
              -16.8210291,
              28.2636592
            ],
            [
              -16.8210096,
              28.263675
            ],
            [
              -16.8210408,
              28.2637048
            ],
            [
              -16.8210603,
              28.263689
            ]
          ]
        ]
      },
      "id": "way/1371326023"
    },
    {
      "type": "Feature",
      "properties": {
        "@id": "way/1371326025",
        "power": "substation"
      },
      "geometry": {
        "type": "Polygon",
        "coordinates": [
          [
            [
              -16.7119196,
              28.3728269
            ],
            [
              -16.7119367,
              28.3727723
            ],
            [
              -16.711895,
              28.3727622
            ],
            [
              -16.7118778,
              28.3728167
            ],
            [
              -16.7119196,
              28.3728269
            ]
          ]
        ]
      },
      "id": "way/1371326025"
    },
    {
      "type": "Feature",
      "properties": {
        "@id": "way/1371326028",
        "power": "substation",
        "ref": "C401693"
      },
      "geometry": {
        "type": "Polygon",
        "coordinates": [
          [
            [
              -16.7059247,
              28.3716656
            ],
            [
              -16.7059237,
              28.3716392
            ],
            [
              -16.7058977,
              28.3716386
            ],
            [
              -16.7058986,
              28.3716664
            ],
            [
              -16.7059247,
              28.3716656
            ]
          ]
        ]
      },
      "id": "way/1371326028"
    },
    {
      "type": "Feature",
      "properties": {
        "@id": "way/1371326034",
        "building": "transformer_tower",
        "power": "substation",
        "substation": "minor_distribution",
        "utility": "power"
      },
      "geometry": {
        "type": "Polygon",
        "coordinates": [
          [
            [
              -16.2891838,
              28.478436
            ],
            [
              -16.2891768,
              28.4784242
            ],
            [
              -16.2891692,
              28.4784114
            ],
            [
              -16.2891297,
              28.4784294
            ],
            [
              -16.2891444,
              28.4784541
            ],
            [
              -16.2891838,
              28.478436
            ]
          ]
        ]
      },
      "id": "way/1371326034"
    },
    {
      "type": "Feature",
      "properties": {
        "@id": "way/1371326035",
        "building": "transformer_tower",
        "power": "substation",
        "substation": "minor_distribution",
        "utility": "power"
      },
      "geometry": {
        "type": "Polygon",
        "coordinates": [
          [
            [
              -16.2902572,
              28.4794978
            ],
            [
              -16.2902724,
              28.4794877
            ],
            [
              -16.2902856,
              28.479479
            ],
            [
              -16.2902629,
              28.4794526
            ],
            [
              -16.2902345,
              28.4794714
            ],
            [
              -16.2902457,
              28.4794844
            ],
            [
              -16.2902572,
              28.4794978
            ]
          ]
        ]
      },
      "id": "way/1371326035"
    },
    {
      "type": "Feature",
      "properties": {
        "@id": "way/1371355884",
        "power": "substation"
      },
      "geometry": {
        "type": "Polygon",
        "coordinates": [
          [
            [
              -15.3872547,
              27.9861091
            ],
            [
              -15.3871926,
              27.9859984
            ],
            [
              -15.3871445,
              27.9860194
            ],
            [
              -15.3872066,
              27.9861301
            ],
            [
              -15.3872547,
              27.9861091
            ]
          ]
        ]
      },
      "id": "way/1371355884"
    },
    {
      "type": "Feature",
      "properties": {
        "@id": "way/1374486334",
        "building": "yes",
        "power": "substation"
      },
      "geometry": {
        "type": "Polygon",
        "coordinates": [
          [
            [
              -17.126493,
              28.1073581
            ],
            [
              -17.12648,
              28.107347
            ],
            [
              -17.1264653,
              28.1073343
            ],
            [
              -17.1264534,
              28.107345
            ],
            [
              -17.1264424,
              28.107355
            ],
            [
              -17.1264701,
              28.1073788
            ],
            [
              -17.126493,
              28.1073581
            ]
          ]
        ]
      },
      "id": "way/1374486334"
    },
    {
      "type": "Feature",
      "properties": {
        "@id": "way/1374717114",
        "power": "substation"
      },
      "geometry": {
        "type": "Polygon",
        "coordinates": [
          [
            [
              -13.5145003,
              29.0040028
            ],
            [
              -13.5144728,
              29.0039752
            ],
            [
              -13.5144321,
              29.0040062
            ],
            [
              -13.5144595,
              29.0040338
            ],
            [
              -13.5145003,
              29.0040028
            ]
          ]
        ]
      },
      "id": "way/1374717114"
    },
    {
      "type": "Feature",
      "properties": {
        "@id": "way/1374951938",
        "building": "yes",
        "power": "substation"
      },
      "geometry": {
        "type": "Polygon",
        "coordinates": [
          [
            [
              -17.9071771,
              28.5882468
            ],
            [
              -17.9071319,
              28.588158
            ],
            [
              -17.9071065,
              28.588168
            ],
            [
              -17.907086,
              28.588176
            ],
            [
              -17.9070983,
              28.5882
            ],
            [
              -17.9071313,
              28.5882648
            ],
            [
              -17.907155,
              28.5882554
            ],
            [
              -17.9071771,
              28.5882468
            ]
          ]
        ]
      },
      "id": "way/1374951938"
    },
    {
      "type": "Feature",
      "properties": {
        "@id": "way/1377446144",
        "building": "yes",
        "power": "substation"
      },
      "geometry": {
        "type": "Polygon",
        "coordinates": [
          [
            [
              -15.5564462,
              28.1453843
            ],
            [
              -15.5564441,
              28.1453455
            ],
            [
              -15.5563973,
              28.1453476
            ],
            [
              -15.5563995,
              28.1453864
            ],
            [
              -15.5564462,
              28.1453843
            ]
          ]
        ]
      },
      "id": "way/1377446144"
    },
    {
      "type": "Feature",
      "properties": {
        "@id": "way/1379345136",
        "building": "yes",
        "power": "substation"
      },
      "geometry": {
        "type": "Polygon",
        "coordinates": [
          [
            [
              -16.3681041,
              28.3714666
            ],
            [
              -16.368105,
              28.3714304
            ],
            [
              -16.3680672,
              28.3714297
            ],
            [
              -16.3680663,
              28.3714658
            ],
            [
              -16.3681041,
              28.3714666
            ]
          ]
        ]
      },
      "id": "way/1379345136"
    },
    {
      "type": "Feature",
      "properties": {
        "@id": "way/1387855195",
        "building": "yes",
        "power": "substation"
      },
      "geometry": {
        "type": "Polygon",
        "coordinates": [
          [
            [
              -16.6532982,
              28.0302789
            ],
            [
              -16.6532953,
              28.0302346
            ],
            [
              -16.6532565,
              28.0302366
            ],
            [
              -16.6532434,
              28.0302373
            ],
            [
              -16.6532464,
              28.0302816
            ],
            [
              -16.6532982,
              28.0302789
            ]
          ]
        ]
      },
      "id": "way/1387855195"
    },
    {
      "type": "Feature",
      "properties": {
        "@id": "way/1387855196",
        "building": "yes",
        "power": "substation"
      },
      "geometry": {
        "type": "Polygon",
        "coordinates": [
          [
            [
              -16.6583557,
              28.0280326
            ],
            [
              -16.6583523,
              28.0279874
            ],
            [
              -16.6582983,
              28.0279906
            ],
            [
              -16.6583018,
              28.0280358
            ],
            [
              -16.6583208,
              28.0280347
            ],
            [
              -16.6583557,
              28.0280326
            ]
          ]
        ]
      },
      "id": "way/1387855196"
    },
    {
      "type": "Feature",
      "properties": {
        "@id": "way/1390210913",
        "building": "yes",
        "power": "substation"
      },
      "geometry": {
        "type": "Polygon",
        "coordinates": [
          [
            [
              -13.5446696,
              28.9852514
            ],
            [
              -13.5446663,
              28.9852201
            ],
            [
              -13.5446457,
              28.9852217
            ],
            [
              -13.544622,
              28.9852236
            ],
            [
              -13.5446253,
              28.985255
            ],
            [
              -13.5446696,
              28.9852514
            ]
          ]
        ]
      },
      "id": "way/1390210913"
    },
    {
      "type": "Feature",
      "properties": {
        "@id": "way/1409736514",
        "building": "transformer_tower",
        "power": "substation"
      },
      "geometry": {
        "type": "Polygon",
        "coordinates": [
          [
            [
              -17.910843,
              28.5888665
            ],
            [
              -17.9108215,
              28.5888734
            ],
            [
              -17.9108309,
              28.5888958
            ],
            [
              -17.9108524,
              28.5888888
            ],
            [
              -17.910843,
              28.5888665
            ]
          ]
        ]
      },
      "id": "way/1409736514"
    },
    {
      "type": "Feature",
      "properties": {
        "@id": "way/1415458137",
        "building": "service",
        "power": "substation",
        "substation": "minor_distribution"
      },
      "geometry": {
        "type": "Polygon",
        "coordinates": [
          [
            [
              -15.4563511,
              28.0964232
            ],
            [
              -15.4562898,
              28.0964018
            ],
            [
              -15.4562813,
              28.0964207
            ],
            [
              -15.4563426,
              28.0964421
            ],
            [
              -15.4563511,
              28.0964232
            ]
          ]
        ]
      },
      "id": "way/1415458137"
    },
    {
      "type": "Feature",
      "properties": {
        "@id": "way/1425238102",
        "building": "transformer_tower",
        "power": "substation"
      },
      "geometry": {
        "type": "Polygon",
        "coordinates": [
          [
            [
              -17.9348055,
              28.6408521
            ],
            [
              -17.9347719,
              28.6408496
            ],
            [
              -17.9347685,
              28.6408833
            ],
            [
              -17.9348021,
              28.6408858
            ],
            [
              -17.9348055,
              28.6408521
            ]
          ]
        ]
      },
      "id": "way/1425238102"
    },
    {
      "type": "Feature",
      "properties": {
        "@id": "node/252666030",
        "power": "substation"
      },
      "geometry": {
        "type": "Point",
        "coordinates": [
          -16.5087153,
          28.3027034
        ]
      },
      "id": "node/252666030"
    },
    {
      "type": "Feature",
      "properties": {
        "@id": "node/412144061",
        "power": "substation"
      },
      "geometry": {
        "type": "Point",
        "coordinates": [
          -14.3423466,
          28.0490042
        ]
      },
      "id": "node/412144061"
    },
    {
      "type": "Feature",
      "properties": {
        "@id": "node/1271095327",
        "power": "substation"
      },
      "geometry": {
        "type": "Point",
        "coordinates": [
          -16.5322286,
          28.388433
        ]
      },
      "id": "node/1271095327"
    },
    {
      "type": "Feature",
      "properties": {
        "@id": "node/1280357084",
        "power": "substation"
      },
      "geometry": {
        "type": "Point",
        "coordinates": [
          -16.8247222,
          28.1994763
        ]
      },
      "id": "node/1280357084"
    },
    {
      "type": "Feature",
      "properties": {
        "@id": "node/1293332911",
        "power": "substation"
      },
      "geometry": {
        "type": "Point",
        "coordinates": [
          -16.49736,
          28.4283365
        ]
      },
      "id": "node/1293332911"
    },
    {
      "type": "Feature",
      "properties": {
        "@id": "node/1504847236",
        "power": "substation",
        "source": "survey"
      },
      "geometry": {
        "type": "Point",
        "coordinates": [
          -14.2167698,
          28.1693278
        ]
      },
      "id": "node/1504847236"
    },
    {
      "type": "Feature",
      "properties": {
        "@id": "node/1504847252",
        "power": "substation",
        "source": "survey"
      },
      "geometry": {
        "type": "Point",
        "coordinates": [
          -14.2107963,
          28.1728168
        ]
      },
      "id": "node/1504847252"
    },
    {
      "type": "Feature",
      "properties": {
        "@id": "node/1581780873",
        "power": "substation"
      },
      "geometry": {
        "type": "Point",
        "coordinates": [
          -17.1891139,
          28.1660238
        ]
      },
      "id": "node/1581780873"
    },
    {
      "type": "Feature",
      "properties": {
        "@id": "node/1777184110",
        "power": "substation"
      },
      "geometry": {
        "type": "Point",
        "coordinates": [
          -16.5112236,
          28.4168585
        ]
      },
      "id": "node/1777184110"
    },
    {
      "type": "Feature",
      "properties": {
        "@id": "node/1777208761",
        "power": "substation"
      },
      "geometry": {
        "type": "Point",
        "coordinates": [
          -16.3951659,
          28.4823703
        ]
      },
      "id": "node/1777208761"
    },
    {
      "type": "Feature",
      "properties": {
        "@id": "node/1824443890",
        "power": "substation"
      },
      "geometry": {
        "type": "Point",
        "coordinates": [
          -16.5952109,
          28.376103
        ]
      },
      "id": "node/1824443890"
    },
    {
      "type": "Feature",
      "properties": {
        "@id": "node/1824444019",
        "power": "substation",
        "source": "GRAFCAN OrtoExpress Urbana"
      },
      "geometry": {
        "type": "Point",
        "coordinates": [
          -16.5424355,
          28.3847428
        ]
      },
      "id": "node/1824444019"
    },
    {
      "type": "Feature",
      "properties": {
        "@id": "node/1829027306",
        "power": "substation"
      },
      "geometry": {
        "type": "Point",
        "coordinates": [
          -16.4485525,
          28.4603325
        ]
      },
      "id": "node/1829027306"
    },
    {
      "type": "Feature",
      "properties": {
        "@id": "node/1850134091",
        "power": "substation"
      },
      "geometry": {
        "type": "Point",
        "coordinates": [
          -16.3362818,
          28.5549545
        ]
      },
      "id": "node/1850134091"
    },
    {
      "type": "Feature",
      "properties": {
        "@id": "node/1866450604",
        "power": "substation"
      },
      "geometry": {
        "type": "Point",
        "coordinates": [
          -16.4296412,
          28.4482518
        ]
      },
      "id": "node/1866450604"
    },
    {
      "type": "Feature",
      "properties": {
        "@id": "node/1869927383",
        "power": "substation"
      },
      "geometry": {
        "type": "Point",
        "coordinates": [
          -16.2182319,
          28.5605162
        ]
      },
      "id": "node/1869927383"
    },
    {
      "type": "Feature",
      "properties": {
        "@id": "node/1870228516",
        "power": "substation"
      },
      "geometry": {
        "type": "Point",
        "coordinates": [
          -16.3464846,
          28.491388
        ]
      },
      "id": "node/1870228516"
    },
    {
      "type": "Feature",
      "properties": {
        "@id": "node/1872407755",
        "power": "substation"
      },
      "geometry": {
        "type": "Point",
        "coordinates": [
          -16.3688087,
          28.5078826
        ]
      },
      "id": "node/1872407755"
    },
    {
      "type": "Feature",
      "properties": {
        "@id": "node/1872993877",
        "power": "substation"
      },
      "geometry": {
        "type": "Point",
        "coordinates": [
          -16.5918892,
          28.1080963
        ]
      },
      "id": "node/1872993877"
    },
    {
      "type": "Feature",
      "properties": {
        "@id": "node/1873028512",
        "power": "substation"
      },
      "geometry": {
        "type": "Point",
        "coordinates": [
          -16.5235062,
          28.1450428
        ]
      },
      "id": "node/1873028512"
    },
    {
      "type": "Feature",
      "properties": {
        "@id": "node/1873042798",
        "power": "substation"
      },
      "geometry": {
        "type": "Point",
        "coordinates": [
          -16.5082811,
          28.1596936
        ]
      },
      "id": "node/1873042798"
    },
    {
      "type": "Feature",
      "properties": {
        "@id": "node/1885624227",
        "power": "substation",
        "source": "GRAFCAN OrtoExpress Urbana"
      },
      "geometry": {
        "type": "Point",
        "coordinates": [
          -16.6561766,
          28.0724884
        ]
      },
      "id": "node/1885624227"
    },
    {
      "type": "Feature",
      "properties": {
        "@id": "node/1886831426",
        "power": "substation"
      },
      "geometry": {
        "type": "Point",
        "coordinates": [
          -16.2517179,
          28.4924227
        ]
      },
      "id": "node/1886831426"
    },
    {
      "type": "Feature",
      "properties": {
        "@id": "node/1886831479",
        "power": "substation"
      },
      "geometry": {
        "type": "Point",
        "coordinates": [
          -16.2536454,
          28.4942782
        ]
      },
      "id": "node/1886831479"
    },
    {
      "type": "Feature",
      "properties": {
        "@id": "node/1886831551",
        "power": "substation"
      },
      "geometry": {
        "type": "Point",
        "coordinates": [
          -16.2400514,
          28.4996984
        ]
      },
      "id": "node/1886831551"
    },
    {
      "type": "Feature",
      "properties": {
        "@id": "node/1886875949",
        "power": "substation"
      },
      "geometry": {
        "type": "Point",
        "coordinates": [
          -16.529722,
          28.1285207
        ]
      },
      "id": "node/1886875949"
    },
    {
      "type": "Feature",
      "properties": {
        "@id": "node/1894226778",
        "power": "substation"
      },
      "geometry": {
        "type": "Point",
        "coordinates": [
          -16.6685443,
          28.071968
        ]
      },
      "id": "node/1894226778"
    },
    {
      "type": "Feature",
      "properties": {
        "@id": "node/1896428127",
        "power": "substation",
        "source": "GRAFCAN OrtoExpress Urbana"
      },
      "geometry": {
        "type": "Point",
        "coordinates": [
          -16.5918214,
          28.133245
        ]
      },
      "id": "node/1896428127"
    },
    {
      "type": "Feature",
      "properties": {
        "@id": "node/1896461499",
        "power": "substation"
      },
      "geometry": {
        "type": "Point",
        "coordinates": [
          -16.5008793,
          28.4028023
        ]
      },
      "id": "node/1896461499"
    },
    {
      "type": "Feature",
      "properties": {
        "@id": "node/1898044321",
        "power": "substation"
      },
      "geometry": {
        "type": "Point",
        "coordinates": [
          -16.4610492,
          28.4332757
        ]
      },
      "id": "node/1898044321"
    },
    {
      "type": "Feature",
      "properties": {
        "@id": "node/1898267180",
        "power": "substation"
      },
      "geometry": {
        "type": "Point",
        "coordinates": [
          -16.5774945,
          28.3668911
        ]
      },
      "id": "node/1898267180"
    },
    {
      "type": "Feature",
      "properties": {
        "@id": "node/1898272331",
        "power": "substation"
      },
      "geometry": {
        "type": "Point",
        "coordinates": [
          -16.5727051,
          28.3745924
        ]
      },
      "id": "node/1898272331"
    },
    {
      "type": "Feature",
      "properties": {
        "@id": "node/1898279587",
        "power": "substation"
      },
      "geometry": {
        "type": "Point",
        "coordinates": [
          -16.5709331,
          28.3608715
        ]
      },
      "id": "node/1898279587"
    },
    {
      "type": "Feature",
      "properties": {
        "@id": "node/1898290610",
        "power": "substation"
      },
      "geometry": {
        "type": "Point",
        "coordinates": [
          -16.5570652,
          28.3714488
        ]
      },
      "id": "node/1898290610"
    },
    {
      "type": "Feature",
      "properties": {
        "@id": "node/1898298794",
        "power": "substation"
      },
      "geometry": {
        "type": "Point",
        "coordinates": [
          -16.5473466,
          28.3721851
        ]
      },
      "id": "node/1898298794"
    },
    {
      "type": "Feature",
      "properties": {
        "@id": "node/1898301155",
        "power": "substation"
      },
      "geometry": {
        "type": "Point",
        "coordinates": [
          -16.5444741,
          28.3613701
        ]
      },
      "id": "node/1898301155"
    },
    {
      "type": "Feature",
      "properties": {
        "@id": "node/1898488311",
        "power": "substation",
        "source": "GRAFCAN OrtoExpress Urbana"
      },
      "geometry": {
        "type": "Point",
        "coordinates": [
          -16.5485163,
          28.3788696
        ]
      },
      "id": "node/1898488311"
    },
    {
      "type": "Feature",
      "properties": {
        "@id": "node/1899715159",
        "power": "substation"
      },
      "geometry": {
        "type": "Point",
        "coordinates": [
          -16.5661236,
          28.3777237
        ]
      },
      "id": "node/1899715159"
    },
    {
      "type": "Feature",
      "properties": {
        "@id": "node/1899715177",
        "power": "substation"
      },
      "geometry": {
        "type": "Point",
        "coordinates": [
          -16.5620206,
          28.3816303
        ]
      },
      "id": "node/1899715177"
    },
    {
      "type": "Feature",
      "properties": {
        "@id": "node/1899715197",
        "power": "substation"
      },
      "geometry": {
        "type": "Point",
        "coordinates": [
          -16.5613069,
          28.3857705
        ]
      },
      "id": "node/1899715197"
    },
    {
      "type": "Feature",
      "properties": {
        "@id": "node/1902322292",
        "power": "substation"
      },
      "geometry": {
        "type": "Point",
        "coordinates": [
          -16.4267843,
          28.2635503
        ]
      },
      "id": "node/1902322292"
    },
    {
      "type": "Feature",
      "properties": {
        "@id": "node/1902348442",
        "power": "substation"
      },
      "geometry": {
        "type": "Point",
        "coordinates": [
          -16.4042996,
          28.2842622
        ]
      },
      "id": "node/1902348442"
    },
    {
      "type": "Feature",
      "properties": {
        "@id": "node/1906557987",
        "power": "substation"
      },
      "geometry": {
        "type": "Point",
        "coordinates": [
          -16.2719359,
          28.492545
        ]
      },
      "id": "node/1906557987"
    },
    {
      "type": "Feature",
      "properties": {
        "@id": "node/1907347050",
        "power": "substation",
        "source": "GRAFCAN OrtoExpress Urbana"
      },
      "geometry": {
        "type": "Point",
        "coordinates": [
          -16.3406537,
          28.4192293
        ]
      },
      "id": "node/1907347050"
    },
    {
      "type": "Feature",
      "properties": {
        "@id": "node/1907353886",
        "power": "substation",
        "source": "GRAFCAN OrtoExpress Urbana"
      },
      "geometry": {
        "type": "Point",
        "coordinates": [
          -16.3378038,
          28.4259033
        ]
      },
      "id": "node/1907353886"
    },
    {
      "type": "Feature",
      "properties": {
        "@id": "node/1908972937",
        "power": "substation"
      },
      "geometry": {
        "type": "Point",
        "coordinates": [
          -16.5357467,
          28.3730186
        ]
      },
      "id": "node/1908972937"
    },
    {
      "type": "Feature",
      "properties": {
        "@id": "node/1920284929",
        "power": "substation"
      },
      "geometry": {
        "type": "Point",
        "coordinates": [
          -16.42325,
          28.3084549
        ]
      },
      "id": "node/1920284929"
    },
    {
      "type": "Feature",
      "properties": {
        "@id": "node/1922305525",
        "power": "substation",
        "source": "GRAFCAN OrtoExpress Urbana"
      },
      "geometry": {
        "type": "Point",
        "coordinates": [
          -16.3794492,
          28.4984769
        ]
      },
      "id": "node/1922305525"
    },
    {
      "type": "Feature",
      "properties": {
        "@id": "node/1940015855",
        "power": "substation"
      },
      "geometry": {
        "type": "Point",
        "coordinates": [
          -16.5725154,
          28.121308
        ]
      },
      "id": "node/1940015855"
    },
    {
      "type": "Feature",
      "properties": {
        "@id": "node/1954351898",
        "power": "substation",
        "source": "GRAFCAN OrtoExpress Urbana"
      },
      "geometry": {
        "type": "Point",
        "coordinates": [
          -16.5804354,
          28.1222697
        ]
      },
      "id": "node/1954351898"
    },
    {
      "type": "Feature",
      "properties": {
        "@id": "node/1964070554",
        "power": "substation",
        "source": "GRAFCAN OrtoExpress Urbana"
      },
      "geometry": {
        "type": "Point",
        "coordinates": [
          -16.4645424,
          28.4505825
        ]
      },
      "id": "node/1964070554"
    },
    {
      "type": "Feature",
      "properties": {
        "@id": "node/1964074856",
        "power": "substation"
      },
      "geometry": {
        "type": "Point",
        "coordinates": [
          -16.5067922,
          28.373654
        ]
      },
      "id": "node/1964074856"
    },
    {
      "type": "Feature",
      "properties": {
        "@id": "node/1971342115",
        "power": "substation"
      },
      "geometry": {
        "type": "Point",
        "coordinates": [
          -16.5708937,
          28.126619
        ]
      },
      "id": "node/1971342115"
    },
    {
      "type": "Feature",
      "properties": {
        "@id": "node/1971342117",
        "power": "substation"
      },
      "geometry": {
        "type": "Point",
        "coordinates": [
          -16.5759236,
          28.1275011
        ]
      },
      "id": "node/1971342117"
    },
    {
      "type": "Feature",
      "properties": {
        "@id": "node/1976861159",
        "power": "substation"
      },
      "geometry": {
        "type": "Point",
        "coordinates": [
          -16.2748569,
          28.4742543
        ]
      },
      "id": "node/1976861159"
    },
    {
      "type": "Feature",
      "properties": {
        "@id": "node/1976870188",
        "location": "indoor",
        "power": "substation",
        "substation": "converter"
      },
      "geometry": {
        "type": "Point",
        "coordinates": [
          -16.5854499,
          28.3651101
        ]
      },
      "id": "node/1976870188"
    },
    {
      "type": "Feature",
      "properties": {
        "@id": "node/2013941105",
        "power": "substation",
        "substation": "transition"
      },
      "geometry": {
        "type": "Point",
        "coordinates": [
          -13.8799248,
          28.7512676
        ]
      },
      "id": "node/2013941105"
    },
    {
      "type": "Feature",
      "properties": {
        "@id": "node/2021464365",
        "power": "substation",
        "source": "GRAFCAN OrtoExpress Urbana"
      },
      "geometry": {
        "type": "Point",
        "coordinates": [
          -16.4074874,
          28.477955
        ]
      },
      "id": "node/2021464365"
    },
    {
      "type": "Feature",
      "properties": {
        "@id": "node/2065237191",
        "power": "substation",
        "source": "GRAFCAN OrtoExpress Urbana"
      },
      "geometry": {
        "type": "Point",
        "coordinates": [
          -16.4539955,
          28.4548828
        ]
      },
      "id": "node/2065237191"
    },
    {
      "type": "Feature",
      "properties": {
        "@id": "node/2065237195",
        "power": "substation",
        "source": "GRAFCAN OrtoExpress Urbana"
      },
      "geometry": {
        "type": "Point",
        "coordinates": [
          -16.4491124,
          28.4579237
        ]
      },
      "id": "node/2065237195"
    },
    {
      "type": "Feature",
      "properties": {
        "@id": "node/2065237497",
        "power": "substation",
        "source": "GRAFCAN OrtoExpress Urbana"
      },
      "geometry": {
        "type": "Point",
        "coordinates": [
          -16.4555864,
          28.4532381
        ]
      },
      "id": "node/2065237497"
    },
    {
      "type": "Feature",
      "properties": {
        "@id": "node/2065239175",
        "power": "substation"
      },
      "geometry": {
        "type": "Point",
        "coordinates": [
          -16.4227364,
          28.501864
        ]
      },
      "id": "node/2065239175"
    },
    {
      "type": "Feature",
      "properties": {
        "@id": "node/2065244103",
        "power": "substation"
      },
      "geometry": {
        "type": "Point",
        "coordinates": [
          -16.5146579,
          28.3769033
        ]
      },
      "id": "node/2065244103"
    },
    {
      "type": "Feature",
      "properties": {
        "@id": "node/2073457256",
        "power": "substation",
        "source": "GRAFCAN OrtoExpress Urbana"
      },
      "geometry": {
        "type": "Point",
        "coordinates": [
          -16.6662662,
          28.1197746
        ]
      },
      "id": "node/2073457256"
    },
    {
      "type": "Feature",
      "properties": {
        "@id": "node/2100163982",
        "power": "substation"
      },
      "geometry": {
        "type": "Point",
        "coordinates": [
          -16.1877281,
          28.5734901
        ]
      },
      "id": "node/2100163982"
    },
    {
      "type": "Feature",
      "properties": {
        "@id": "node/2100174299",
        "power": "substation"
      },
      "geometry": {
        "type": "Point",
        "coordinates": [
          -16.5321446,
          28.0692665
        ]
      },
      "id": "node/2100174299"
    },
    {
      "type": "Feature",
      "properties": {
        "@id": "node/2101733996",
        "power": "substation",
        "source": "GRAFCAN OrtoExpress Urbana"
      },
      "geometry": {
        "type": "Point",
        "coordinates": [
          -16.3737085,
          28.3813019
        ]
      },
      "id": "node/2101733996"
    },
    {
      "type": "Feature",
      "properties": {
        "@id": "node/2105973335",
        "power": "substation"
      },
      "geometry": {
        "type": "Point",
        "coordinates": [
          -16.3623192,
          28.4496922
        ]
      },
      "id": "node/2105973335"
    },
    {
      "type": "Feature",
      "properties": {
        "@id": "node/2106000777",
        "power": "substation",
        "substation": "minor_distribution"
      },
      "geometry": {
        "type": "Point",
        "coordinates": [
          -16.362605,
          28.457069
        ]
      },
      "id": "node/2106000777"
    },
    {
      "type": "Feature",
      "properties": {
        "@id": "node/2106014791",
        "power": "substation"
      },
      "geometry": {
        "type": "Point",
        "coordinates": [
          -16.3543556,
          28.477446
        ]
      },
      "id": "node/2106014791"
    },
    {
      "type": "Feature",
      "properties": {
        "@id": "node/2109388146",
        "power": "substation"
      },
      "geometry": {
        "type": "Point",
        "coordinates": [
          -16.5689882,
          28.3868494
        ]
      },
      "id": "node/2109388146"
    },
    {
      "type": "Feature",
      "properties": {
        "@id": "node/2126562289",
        "power": "substation",
        "source": "GRAFCAN OrtoExpress Urbana"
      },
      "geometry": {
        "type": "Point",
        "coordinates": [
          -16.4661976,
          28.4400236
        ]
      },
      "id": "node/2126562289"
    },
    {
      "type": "Feature",
      "properties": {
        "@id": "node/2417874142",
        "power": "substation"
      },
      "geometry": {
        "type": "Point",
        "coordinates": [
          -16.3795487,
          28.3558794
        ]
      },
      "id": "node/2417874142"
    },
    {
      "type": "Feature",
      "properties": {
        "@id": "node/2435264316",
        "power": "substation"
      },
      "geometry": {
        "type": "Point",
        "coordinates": [
          -16.5269125,
          28.3779475
        ]
      },
      "id": "node/2435264316"
    },
    {
      "type": "Feature",
      "properties": {
        "@id": "node/2446802789",
        "power": "substation"
      },
      "geometry": {
        "type": "Point",
        "coordinates": [
          -16.4553953,
          28.2304334
        ]
      },
      "id": "node/2446802789"
    },
    {
      "type": "Feature",
      "properties": {
        "@id": "node/2447361745",
        "power": "substation"
      },
      "geometry": {
        "type": "Point",
        "coordinates": [
          -16.3927754,
          28.294195
        ]
      },
      "id": "node/2447361745"
    },
    {
      "type": "Feature",
      "properties": {
        "@id": "node/2448194969",
        "power": "substation",
        "source": "GRAFCAN OrtoExpress Urbana"
      },
      "geometry": {
        "type": "Point",
        "coordinates": [
          -16.3196536,
          28.5182711
        ]
      },
      "id": "node/2448194969"
    },
    {
      "type": "Feature",
      "properties": {
        "@id": "node/2448229191",
        "power": "substation"
      },
      "geometry": {
        "type": "Point",
        "coordinates": [
          -16.1891047,
          28.5122249
        ]
      },
      "id": "node/2448229191"
    },
    {
      "type": "Feature",
      "properties": {
        "@id": "node/2459473611",
        "power": "substation"
      },
      "geometry": {
        "type": "Point",
        "coordinates": [
          -16.1971929,
          28.5129933
        ]
      },
      "id": "node/2459473611"
    },
    {
      "type": "Feature",
      "properties": {
        "@id": "node/2464051542",
        "power": "substation",
        "source": "GRAFCAN OrtoExpress Urbana"
      },
      "geometry": {
        "type": "Point",
        "coordinates": [
          -16.669032,
          28.087835
        ]
      },
      "id": "node/2464051542"
    },
    {
      "type": "Feature",
      "properties": {
        "@id": "node/2466505236",
        "power": "substation"
      },
      "geometry": {
        "type": "Point",
        "coordinates": [
          -16.3812639,
          28.5342586
        ]
      },
      "id": "node/2466505236"
    },
    {
      "type": "Feature",
      "properties": {
        "@id": "node/2467785190",
        "power": "substation",
        "source": "GRAFCAN OrtoExpress Urbana"
      },
      "geometry": {
        "type": "Point",
        "coordinates": [
          -16.612398,
          28.1110726
        ]
      },
      "id": "node/2467785190"
    },
    {
      "type": "Feature",
      "properties": {
        "@id": "node/2468898052",
        "power": "substation",
        "source": "GRAFCAN OrtoExpress Urbana; GRAFCAN OrtoExpress 2013"
      },
      "geometry": {
        "type": "Point",
        "coordinates": [
          -16.3882847,
          28.5266952
        ]
      },
      "id": "node/2468898052"
    },
    {
      "type": "Feature",
      "properties": {
        "@id": "node/2470027095",
        "power": "substation",
        "source": "GRAFCAN OrtoExpress Urbana"
      },
      "geometry": {
        "type": "Point",
        "coordinates": [
          -16.3776186,
          28.5103992
        ]
      },
      "id": "node/2470027095"
    },
    {
      "type": "Feature",
      "properties": {
        "@id": "node/2470476890",
        "power": "substation"
      },
      "geometry": {
        "type": "Point",
        "coordinates": [
          -16.4574775,
          28.2247072
        ]
      },
      "id": "node/2470476890"
    },
    {
      "type": "Feature",
      "properties": {
        "@id": "node/2470896670",
        "power": "substation",
        "source": "GRAFCAN OrtoExpress Urbana"
      },
      "geometry": {
        "type": "Point",
        "coordinates": [
          -16.6697998,
          28.030543
        ]
      },
      "id": "node/2470896670"
    },
    {
      "type": "Feature",
      "properties": {
        "@id": "node/2476618729",
        "power": "substation",
        "source": "GRAFCAN OrtoExpress Urbana"
      },
      "geometry": {
        "type": "Point",
        "coordinates": [
          -16.3876994,
          28.5101112
        ]
      },
      "id": "node/2476618729"
    },
    {
      "type": "Feature",
      "properties": {
        "@id": "node/2483441236",
        "power": "substation",
        "source": "GRAFCAN OrtoExpress Urbana"
      },
      "geometry": {
        "type": "Point",
        "coordinates": [
          -16.3948186,
          28.3096764
        ]
      },
      "id": "node/2483441236"
    },
    {
      "type": "Feature",
      "properties": {
        "@id": "node/2518259287",
        "power": "substation"
      },
      "geometry": {
        "type": "Point",
        "coordinates": [
          -16.6286786,
          28.0676016
        ]
      },
      "id": "node/2518259287"
    },
    {
      "type": "Feature",
      "properties": {
        "@id": "node/2539977618",
        "power": "substation"
      },
      "geometry": {
        "type": "Point",
        "coordinates": [
          -16.6675537,
          28.0512177
        ]
      },
      "id": "node/2539977618"
    },
    {
      "type": "Feature",
      "properties": {
        "@id": "node/2544311282",
        "power": "substation"
      },
      "geometry": {
        "type": "Point",
        "coordinates": [
          -15.4127377,
          27.9944441
        ]
      },
      "id": "node/2544311282"
    },
    {
      "type": "Feature",
      "properties": {
        "@id": "node/2554376333",
        "disused": "yes",
        "power": "substation"
      },
      "geometry": {
        "type": "Point",
        "coordinates": [
          -16.3111984,
          28.4894808
        ]
      },
      "id": "node/2554376333"
    },
    {
      "type": "Feature",
      "properties": {
        "@id": "node/2920167986",
        "power": "substation"
      },
      "geometry": {
        "type": "Point",
        "coordinates": [
          -16.5628638,
          28.3883254
        ]
      },
      "id": "node/2920167986"
    },
    {
      "type": "Feature",
      "properties": {
        "@id": "node/2954479806",
        "power": "substation"
      },
      "geometry": {
        "type": "Point",
        "coordinates": [
          -17.7866142,
          28.6572696
        ]
      },
      "id": "node/2954479806"
    },
    {
      "type": "Feature",
      "properties": {
        "@id": "node/3212115665",
        "power": "substation"
      },
      "geometry": {
        "type": "Point",
        "coordinates": [
          -16.3197073,
          28.4055573
        ]
      },
      "id": "node/3212115665"
    },
    {
      "type": "Feature",
      "properties": {
        "@id": "node/3892112335",
        "power": "substation"
      },
      "geometry": {
        "type": "Point",
        "coordinates": [
          -13.9290854,
          28.6083549
        ]
      },
      "id": "node/3892112335"
    },
    {
      "type": "Feature",
      "properties": {
        "@id": "node/4905531163",
        "power": "substation"
      },
      "geometry": {
        "type": "Point",
        "coordinates": [
          -13.5614433,
          28.9591742
        ]
      },
      "id": "node/4905531163"
    },
    {
      "type": "Feature",
      "properties": {
        "@id": "node/4967361644",
        "power": "substation"
      },
      "geometry": {
        "type": "Point",
        "coordinates": [
          -14.3369557,
          28.0637647
        ]
      },
      "id": "node/4967361644"
    },
    {
      "type": "Feature",
      "properties": {
        "@id": "node/4967361645",
        "power": "substation"
      },
      "geometry": {
        "type": "Point",
        "coordinates": [
          -14.3366365,
          28.0644952
        ]
      },
      "id": "node/4967361645"
    },
    {
      "type": "Feature",
      "properties": {
        "@id": "node/6140906394",
        "location": "indoor",
        "power": "substation"
      },
      "geometry": {
        "type": "Point",
        "coordinates": [
          -13.6092261,
          28.9492962
        ]
      },
      "id": "node/6140906394"
    },
    {
      "type": "Feature",
      "properties": {
        "@id": "node/6153254036",
        "power": "substation"
      },
      "geometry": {
        "type": "Point",
        "coordinates": [
          -16.3290578,
          28.5673062
        ]
      },
      "id": "node/6153254036"
    },
    {
      "type": "Feature",
      "properties": {
        "@id": "node/10773442792",
        "frequency": "50",
        "location": "overground",
        "power": "substation",
        "transformer": "yes"
      },
      "geometry": {
        "type": "Point",
        "coordinates": [
          -17.9428655,
          28.6803029
        ]
      },
      "id": "node/10773442792"
    },
    {
      "type": "Feature",
      "properties": {
        "@id": "node/11203379261",
        "power": "substation"
      },
      "geometry": {
        "type": "Point",
        "coordinates": [
          -15.3887877,
          27.9071958
        ]
      },
      "id": "node/11203379261"
    },
    {
      "type": "Feature",
      "properties": {
        "@id": "node/11806919381",
        "power": "substation"
      },
      "geometry": {
        "type": "Point",
        "coordinates": [
          -14.02449,
          28.2116237
        ]
      },
      "id": "node/11806919381"
    },
    {
      "type": "Feature",
      "properties": {
        "@id": "node/12197425038",
        "location": "underground",
        "power": "substation",
        "ref": "C404573"
      },
      "geometry": {
        "type": "Point",
        "coordinates": [
          -16.5889539,
          28.0299992
        ]
      },
      "id": "node/12197425038"
    },
    {
      "type": "Feature",
      "properties": {
        "@id": "node/12205237245",
        "location": "indoor",
        "power": "substation",
        "substation": "minor_distribution"
      },
      "geometry": {
        "type": "Point",
        "coordinates": [
          -16.2522179,
          28.4625019
        ]
      },
      "id": "node/12205237245"
    },
    {
      "type": "Feature",
      "properties": {
        "@id": "node/12338227868",
        "power": "substation"
      },
      "geometry": {
        "type": "Point",
        "coordinates": [
          -13.6378091,
          28.9259198
        ]
      },
      "id": "node/12338227868"
    },
    {
      "type": "Feature",
      "properties": {
        "@id": "node/12488310291",
        "power": "substation"
      },
      "geometry": {
        "type": "Point",
        "coordinates": [
          -16.8136933,
          28.234603
        ]
      },
      "id": "node/12488310291"
    },
    {
      "type": "Feature",
      "properties": {
        "@id": "node/12600735105",
        "power": "substation"
      },
      "geometry": {
        "type": "Point",
        "coordinates": [
          -16.2931197,
          28.5430686
        ]
      },
      "id": "node/12600735105"
    },
    {
      "type": "Feature",
      "properties": {
        "@id": "node/12607636256",
        "power": "substation"
      },
      "geometry": {
        "type": "Point",
        "coordinates": [
          -15.5361913,
          27.7921367
        ]
      },
      "id": "node/12607636256"
    },
    {
      "type": "Feature",
      "properties": {
        "@id": "node/12609239193",
        "power": "substation"
      },
      "geometry": {
        "type": "Point",
        "coordinates": [
          -16.6723245,
          28.3735128
        ]
      },
      "id": "node/12609239193"
    }
  ]
}