Codigo de UF;Codigo EIC;Descripcion;Potencia maxima MW;Tipo de produccion;Vinculacion con SM;Vinculacion con UP
3PINOS;18W0000000004ZX6;3PINOS - VELA;6;Solar fotovoltaica;GNRA;UPBLAN
3VILLAS;18W3VILLAS-123-5;PARQUE EÓLICO TRES VILLAS;49,5;Eolica terrestre;CEG;EUW3VIL
4CAM1;18W000000000RO29;CUATROCAMINOS1;6,2;Solar fotovoltaica;ADXRE;FAUDAX
4CAM2;18W000000000RO37;CUATROCAMINOS2;6,2;Solar fotovoltaica;ADXRE;FAUDAX
4CAM3;18W000000000RO45;CUATROCAMINOS4;3,7;Solar fotovoltaica;ADXRE;FAUDAX
4CAM4;18W000000000RO53;CUATROCAM4;3,7;Solar fotovoltaica;ADXRE;FAUDAX
98D-481;18W98D-481-123-M;TORRAS PAPEL-MONTAÑESA;23,6;Gas Natural Cogeneracion;NEXU;TTFTPZG
98FUTUR;18W98FUTUR-123-W;UF 98FUTUR;1,5;Solar fotovoltaica;EFG;FGEFG
ABA1;18WABA1-12345-AJ;ABARAN 1;0,3;Hidraulica UGH;BARER;ABA1
ABA2;18WABA2-12345-A9;ABARAN 2;0,4;Hidraulica UGH;BARER;ABA2
ABADC;18W000000000N8TJ;ABADIÑO COMPRA;6,8;Almacenamiento compra;IBGES;AFIBGEC
ABADV;18W000000000N8UH;BATERIAS ABADIÑO;6;Almacenamiento venta;IBGES;AFIBGEV
ABARA;18WABARA-12345-Z;P.E E. ABARA;6;Eolica terrestre;EGED;EABARA
ABASC01;18W000000000JLUV;UP COMPRA ABASTE;1;Comercializadores mercado libre;ABAST;ABASC01
ABELLA;18W000000000FFGJ;18W000000000FFGJ;15;Eolica terrestre;EGLE;EINVER
ABENOJA;18W000000000R5QI;ABENOJAR;5;Solar fotovoltaica;NEXU;FABENOJ
ABNIX;18W000000000SJFV;ABNIX;1,8;Solar fotovoltaica;GNRA;FVGNRA
ABO1;18WABO1-12345-D7;ABOÑO  (G.1);341,7;Hulla antracita;ABOGE;ABO1
ABO2;18WABO2-12345-DY;ABOÑO  (G.2);561,8;Gas Natural;ABOGE;ABO2G
ABOUC01;18W-ABOUC01-3--H;ABOUT WHITE, S.L.;0,1;Comercializadores mercado libre;ABOUT;ABOUC01
ABOX;18W000000000T21W;COMPRA SSAA ABOÑO;30;Consumo de Servicios Auxiliares;ABOGE;ABOX
AC86BA;18W000000000OT8V;AC86BA;1;Comercializadores mercado libre;FORTI;FORTR01
ACAMP;18WACAMP-12345-C;P.E. CAMPO ARIAS;48;Eolica terrestre;HC G;HCGSIHA
ACAMPOH;18WACAMPOH-123-1;P.E. ACAMPO HOSPITAL;6;Eolica terrestre;ECYR;EEGPEM
ACAPC01;18W000000000MPRD;ACAPC01;0,8;Consumos directos en mercado;ACAPE;ACAPC01
ACASIL1;18WPEALCASILL1-U;P.E. ALTO CASILLAS I;30;Eolica terrestre;ECYR;EEGPES
ACASIL2;18WPEALCASILL2-R;P.E. ALTO CASILLAS II;30;Eolica terrestre;ECYR;EEGPES
ACC1;18WACC1-12345-AM;ACECA HIDRAULICA G1;0,1;Hidraulica UGH;IBEG;TAJO
ACC2;18WACC2-12345-AC;ACECA HIDRAULICA G2;0,4;Hidraulica UGH;IBEG;TAJO
ACC3;18WACC3-12345-A2;ACECA HIDRAULICA G3;0,2;Hidraulica UGH;IBEG;TAJO
ACE3;18WACE3-12345-CD;C. C. GT ACECA3;386;Ciclo Combinado;IBGT;ACE3
ACE4;18WACE4-12345-C3;ACECA4;372,6;Ciclo Combinado;GNCC;ACE4
ACEBO;18WACEBO-1234-E1;P.E. SIERRA DEL ACEBO;17,8;Eolica terrestre;HC G;HCGSCSA
ACEGUAD;18WACEGUAD-123-1;ACEITERA GUADALQUIVIR;8,2;Gas Natural Cogeneracion;GNRA;TLARODA
ACENC01;18W-ACENC01-7--5;ACENORCA;0,9;Consumos directos en mercado;ACENO;ACENC01
ACHEC01;18W-ACHEC01-4--V;CHERA;1,4;Comercializadores mercado libre;ACHER;ACHEC01
ACIBERO;18W000000000RXGS;ACIBEROS;33,6;Eolica terrestre;WMARK;EACIBER
ACINF;18W000000000JJFU;ACINF;8;Solar fotovoltaica;GNRA;UPEJO
ACNHC01;18W000000000OGAT;UP COMPRA;0;Comercializadores mercado libre;ACENH;ACNHC01
ACR1;18WACR1-12345-A5;ACERA DE LA VEGA 1;4,7;Hidraulica UGH;IBEG;DUER
ACR2;18WACR2-12345-AW;ACERA DE LA VEGA 2;4,7;Hidraulica UGH;IBEG;DUER
ACSOC01;18W0000000003SEW;ACSOL ENERGIA GLOBAL;0,1;Comercializadores mercado libre;ACSOL;ACSOC01
ACTIC01;18W000000000GPZL;ACTIVA UPROG COMER 1;100;Comercializadores mercado libre;ACTIV;ACTIC01
ACUADRA;18WACUADRA-12-EG;P. E. ALABE CUADRAMÓN;18,7;Eolica terrestre;EGED;EFEGEL2
ACUAVIR;18WACUAVIR-123-A;C.H. PRESA DEL ARENOSO;12,5;Hidraulica no UGH;IGNIS;HACUAVI
ADAFW;18W000000000QZ69;ADAFW;1;Solar fotovoltaica;GNRA;FVGNRA
ADEIC01;18W-ADEIC01-6--6;ADEINNOVA ENERGIA S.L;0,5;Comercializadores mercado libre;ADEIN;ADEIC01
ADEIV01;18W000000000S4OL;FYNEXU;0,2;Solar fotovoltaica;ADEIN;ADEIV01
ADELC01;18W-ADELC01-4--O;ADELFAS;4;Comercializadores mercado libre;ADELF;ADELC01
ADFIN;18W000000000FAE1;ADFIN;6,1;Solar fotovoltaica;GNRA;FUEPA
ADRANO;18WADRANO-123-ER;P.E. DE ADRAÑO;21,6;Eolica terrestre;EGED;EADRAG
ADSEC01;18W-ADSEC01-5--H;ADSEC01;16;Comercializadores mercado libre;ADSSM;ADSEC01
ADSNC01;18W000000000JZUQ;ADS SOLUTIONS;1;Comercializadores mercado libre;ADSEN;ADSNC01
ADURC01;18W-ADURC01-7--K;ADURC01;0;Comercializadores mercado libre;ADUR;ADURC01
ADXC01;18W000000000Q063;ADX RENOVABLES;0,1;Comercializadores mercado libre;ADXRA;ADXC01
AEDEC01;18W000000000OWY7;AED ENERGIA;0,1;Comercializadores mercado libre;AEDEN;AEDEC01
AEIDG87;18WAEIDG87-12--B;AEROGENERADOR G87;2;Eolica terrestre;WMARK;EFWMARK
AEIDG90;18WAEIDG90-123-3;AEROGENERADOR G90;2;Eolica terrestre;WMARK;EFWMARK
AENEC01;18W-AENEC01-3--R;AVALIA ENERGIA UP;2,5;Comercializadores mercado libre;AENER;AENEC01
AEQC01;18W000000000T27K;AEQ COMER;1;Comercializadores mercado libre;AEQ;AEQC01
AEROGEN;18WAEROGEN-123-0;18WAEROGEN-123-0;1,6;Eolica terrestre;EGLE;EENRES
AFAP;18WAFAP-123456-S;TERMICA AFAP;7,8;Biomasa;EGLE;RAFAP
AFRICNA;18W000000000QV1V;AFRICANAA;49,9;Solar térmica;GESTE;TAFRICA
AFRODI1;18W000000000SN9V;PSF AFRODITA;40,8;Solar fotovoltaica;WMARK;FVAFROD
AG41AG;18W000000000OSRX;AG41AG;1;Comercializadores mercado libre;FORTI;FORTR01
AGA1;18WAGA1-12345-AX;EL AGUILA 1;0,2;Hidraulica UGH;IBEG;EBRA
AGA2;18WAGA2-12345-AN;EL AGUILA 2;0,2;Hidraulica UGH;IBEG;EBRA
AGALGPA;18WAGALGPA-123-B;18WAGALGPA-123-B;5,3;Biomasa;EGLE;ROLEIC
AGATC;18W000000000SIKO;AGATC;18;Solar fotovoltaica;GNRA;UPAGA
AGBAENA;18WAGBAENA-123-X;AGROENERGÉTICA DE BAENA;20;Biomasa;EGLE;ROLEIC
AGBTC;18W000000000SIS8;AGBTC;22;Solar fotovoltaica;GNRA;UPAGB
AGEAG;18W000000000O6RP;AGEAG;4,5;Solar fotovoltaica;GNRA;FVGNRA
AGENC01;18WAGENC01UF---E;AGUAS BARBASTRO ENERGÍA COMPRA;9;Comercializadores mercado libre;ABESL;AGENC01
AGENORR;18W000000000QR8T;AGNORR;40;Solar fotovoltaica;GNRA;FAGENOR
AGL1;18WAGL1-12345-AN;AGUILAR 1;4,9;Hidraulica UGH;REPSB;VIES
AGL2;18WAGL2-12345-AD;AGUILAR 2;4,9;Hidraulica UGH;REPSB;VIES
AGM1;18WAGM1-12345-AC;AIGUAMOIX;31,5;Hidraulica UGH;ENDG;EBRFEN
AGMAC01;18W-AGMAC01-3--E;AGMARQUES;0,5;Consumos directos en mercado;AGMA;AGMAC01
AGON2;18W000000000RPM3;AGON2;9;Eolica terrestre;CEG;EAGON2
AGREDA;18WAGREDA-1234-K;18WAGREDA-1234-K;18;Eolica terrestre;ECYR;EREGPEM
AGRIC01;18W-AGRIC01-1--B;AGRIC01;0;Comercializadores mercado libre;AGREN;AGRIC01
AGROBO1;18W000000000QMYT;UF SOLAR ALGARROBO I;1,8;Solar fotovoltaica;NEXU;FAGROB1
AGROBO2;18W000000000QMZR;UF SOLAR ALGARROBO II;1,8;Solar fotovoltaica;NEXU;FAGROB2
AGROBO3;18W000000000QN0K;UF SOLAR ALGARROBO III;1,7;Solar fotovoltaica;NEXU;FAGROB3
AGRUPAM;18W000000000K7LD;UF AGRUPAMI;13,2;Solar fotovoltaica;EFG;PAGRUPA
AGU1;18WAGU1-12345-FP;AGUAYO GR.1 GENERACION;90;Turbinacion bombeo;REPSB;AGUG
AGU1B;18WAGU1B-12345-6;AGUAYO GR.1 BOMBEO;90;Consumo bombeo;REPSB;AGUB
AGU2;18WAGU2-12345-FF;AGUAYO GR.2 GENERACION;89,2;Turbinacion bombeo;REPSB;AGUG
AGU2B;18WAGU2B-12345-X;AGUAYO GR.2 BOMBEO;90;Consumo bombeo;REPSB;AGUB
AGU3;18WAGU3-12345-F5;AGUAYO GR.3 GENERACION;90,5;Turbinacion bombeo;REPSB;AGUG
AGU3B;18WAGU3B-12345-N;AGUAYO GR.3 BOMBEO;90;Consumo bombeo;REPSB;AGUB
AGU4;18WAGU4-12345-FW;AGUAYO GR.4 GENERACION;90,7;Turbinacion bombeo;REPSB;AGUG
AGU4B;18WAGU4B-12345-D;AGUAYO GR.4 BOMBEO;90;Consumo bombeo;REPSB;AGUB
AGUALLA;18WAGUALLA-12-EI;AGUALLA;36,8;Eolica terrestre;EGED;EGREEN
AGUDO;18W000000000OA3O;UF SOLAR AGUDO;1;Solar fotovoltaica;NEXU;FAGUDO
AGUILA;18WAGUILA-123-E8;AGUILA;19,5;Eolica terrestre;NEXU;EAGUILA
AGUILAR;18WAGUILAR-12-EI;AGUILAR;100;Eolica terrestre;EGED;EGREEN
AGUILI;18W000000000MHKE;AGUILI;31,9;Eolica terrestre;NEXU;EAGUILI
AGUILON;18WSANCRAGUILONK;P.E. SAN CRISTOBAL DE AGUILON;50;Eolica terrestre;ECYR;EREGPES
AGUIR;18W000000000QY2K;AGUIR;51,7;Solar fotovoltaica;GNRA;FVGNRA
AGV1;18WAGV1-12345-AO;NTRA. Sª AGAVANZAL 1;11,2;Hidraulica UGH;IBEG;DUER
AGV2;18WAGV2-12345-AE;NTRA. Sª AGAVANZAL 2;11,3;Hidraulica UGH;IBEG;DUER
AGV3;18WAGV3-12345-A4;NTRA. Sª AGAVANZAL 3;1,5;Hidraulica UGH;IBEG;DUER
AHOEC01;18W000000000NET1;AHOEC01;0,1;Comercializadores mercado libre;AHOE;AHOEC01
AHORC01;18W000000000P1SY;PENINSULA;10;Comercializadores mercado libre;ALENE;AHORC01
AHTC01;18W000000000SS6M;COMPRA COMERCIALIZADORA;1;Comercializadores mercado libre;COMED;AHTC01
AIADHES;18W000000000OGHF;AIADHES;1;Gas Natural Cogeneracion;DETIC;COGAIAD
AIBAR;18WAIBAR-1234-EJ;AIBAR;36,8;Eolica terrestre;EGED;EGREEN
AIELO;18W000000000P2M6;UF SOLAR AIELO;1,5;Solar fotovoltaica;NEXU;FAIELO
AIRAS;18W000000000SRLW;PE AIRAS;23,3;Eolica terrestre;SHEEN;SHEPV34
AIREB1;18W000000000N4IG;AIREB1;4,5;Solar fotovoltaica;AIREL;AIREV02
AIREB2;18W000000000N4JE;AIREB2;4,5;Solar fotovoltaica;AIREL;AIREV02
AIREC01;18W000000000D8YC;COMERCIALIZADORES;1;Comercializadores mercado libre;AIREL;AIREC01
AIREV01;18W000000000HFI7;AIREV01;2,5;Solar fotovoltaica;AIREL;AIREV01
AITGN;18W000000000MBE7;AITGN;42,2;Solar fotovoltaica;GNRA;HABGN
AITONA;18W000000000QCVS;AITONA;4,8;Hidraulica no UGH;EGED;HESEGRE
AIZEC01;18W000000000RD09;UPROGRAMACIN AIZEN;0,1;Comercializadores mercado libre;AIZEE;AIZEC01
AIZKIB;18WAIZKIB-123-E2;AIZKIB;12;Eolica terrestre;EGED;EGREEN
AJENC01;18W000000000RVIU;ESAJENEUP;0;Comercializadores mercado libre;AJENE;AJENC01
AL11;18WAL11-12345-AZ;ALDEADAVILA I 1;132,9;Hidraulica UGH;IBEG;DUER
AL12;18WAL12-12345-AP;ALDEADAVILA I 2;132,7;Hidraulica UGH;IBEG;DUER
AL13;18WAL13-12345-AF;ALDEADAVILA I 3;133;Hidraulica UGH;IBEG;DUER
AL14;18WAL14-12345-A5;ALDEADAVILA I 4;133,1;Hidraulica UGH;IBEG;DUER
AL15;18WAL15-12345-AW;ALDEADAVILA I 5;131,8;Hidraulica UGH;IBEG;DUER
AL16;18WAL16-12345-AM;ALDEADAVILA I 6;134,3;Hidraulica UGH;IBEG;DUER
AL21;18WAL21-12345-AO;ALDEADAVILA II GR.1 GENERAC.;216,2;Hidraulica UGH;IBEG;DUER
AL21B;18WAL21B-12345-W;ALDEADAVILA II GR.1 BOMBEO;200;Consumo bombeo;IBEG;DUEB
AL22;18WAL22-12345-AE;ALDEADAVILA II GR.2 GENERAC.;212,2;Hidraulica UGH;IBEG;DUER
AL22B;18WAL22B-12345-M;ALDEADAVILA II GR.2 BOMBEO;200;Consumo bombeo;IBEG;DUEB
AL83AL;18W000000000OSL8;AL83AL;1;Comercializadores mercado libre;FORTI;FORTR01
AL83AM;18W000000000OSM6;AL83AM;1;Comercializadores mercado libre;FORTI;FORTR01
ALABRA;18WALABRA-123--T;ALABRA;18,7;Eolica terrestre;EGED;EGREEN
ALACON;18W000000000F63Z;PE ALACON;39,9;Eolica terrestre;ECYR;EEGPES
ALAHC01;18W000000000PRVO;UP_HALAHURIN;0,1;Comercializadores mercado libre;ALAHU;ALAHC01
ALAIZ;18WALAIZ-1234-ER;ALAIZ;33,1;Eolica terrestre;EGED;EGREEN
ALAMAK;18W000000000RGG5;UF SOLAR ALAMAK;19,1;Solar fotovoltaica;NEXU;FVALMK
ALAMILL;18W000000000R6X1;UF SOLAR ALAMILLA;2,4;Solar fotovoltaica;NEXU;FALAMIL
ALAMO;18W000000000PA5G;FV ALAMO;15;Solar fotovoltaica;CEG;FVALAMO
ALAMOFW;18WALAMOFW-123-H;UF FUENTE ALAMO III FW;9,6;Solar fotovoltaica;GNRA;FFATFW
ALARCO;18WALARCO-1234-P;C.H. EN ALARCON;15,8;Hidraulica no UGH;IBGES;HFIBGES
ALARCOS;18W000000000I2MY;PV ALARCOS;45;Solar fotovoltaica;ADXRE;ALARCOS
ALARCS;18W000000000GEP0;FV ALARCOS;43,7;Solar fotovoltaica;NEXU;FALARCO
ALASE;18W000000000O6OV;ALASE;1,5;Solar fotovoltaica;GNRA;FVGNRA
ALB1;18WALB1-12345--L;ALBARELLOS;67,6;Hidraulica UGH;GNFG;UFMI
ALBA1;18W000000000Q2SR;ALBA1;5,2;Solar fotovoltaica;CEG;FYALBA1
ALBA2;18W000000000Q2UN;ALBA2;4,7;Solar fotovoltaica;CEG;FYALBA2
ALBAR;18W000000000IDI9;ALBAR;2;Solar fotovoltaica;GNRA;FVGNRA
ALBCC01;18W0000000005T60;ALBCO_UNIDAD DE PROGRAMACION;520;Comercializadores mercado libre;ALBCO;ALBCC01
ALBEI;18W000000000N0LM;ALBERIZAS I;4,4;Solar fotovoltaica;ADXRE;FAUDAX
ALBEII;18W000000000N0MK;ALBERIZAS II;4,4;Solar fotovoltaica;ADXRE;FAUDAX
ALBEIII;18W000000000N0KO;ALBERIZAS III;4,4;Solar fotovoltaica;ADXRE;FAUDAX
ALBEIV;18W000000000N0NI;ALBERIZAS IV;4,4;Solar fotovoltaica;ADXRE;FAUDAX
ALBETA1;18W000000000RXVZ;UF SOLAR ALBETA 1;1,9;Solar fotovoltaica;NEXU;FALBET1
ALBETA2;18W000000000RXXV;UF SOLAR ALBETA 2;1,9;Solar fotovoltaica;NEXU;FALBET2
ALBFW;18W000000000QZ93;ALBFW;1,2;Solar fotovoltaica;GNRA;FVGNRA
ALBUREJ;18WALBUREJ-123-Z;PARQUE EÓLICO ALBUREJOS;10;Eolica terrestre;IBGES;EHIBGES
ALC1;18WALC1-12345-AP;ALCALA DEL JUCAR 1;0,5;Hidraulica UGH;BARER;BERJUCA
ALC2;18WALC2-12345-AF;ALCALA DEL JUCAR 2;0,5;Hidraulica UGH;BARER;BERJUCA
ALCAC01;18W-ALCAC01-8--2;ALCAC01;2;Comercializadores mercado libre;ALCAN;ALCAC01
ALCANAD;18WALCANAD-123-1;C.H. ALCANADRE;1,2;Hidraulica no UGH;EGED;HFEGED
ALCARA1;18WALCARA1-12-EV;ALCARA1;6,8;Eolica terrestre;IBGES;ERRIBGE
ALCARA2;18WALCARA2-12-EO;P.E. DE ALCARAMA II;45;Eolica terrestre;IBGES;ERRIBGE
ALCARRA;18WALCARRA-123-Z;PLANTA DE PURINS D'ALCARRAS;14,6;Gas Natural Cogeneracion;FUTGR;TIGALC
ALCASUR;18W000000000P261;ALCALSUR;4,7;Solar fotovoltaica;GESTE;FALCSUR
ALCAZ1;18W000000000G1VR;ALCAZAR I;36;Solar fotovoltaica;GALP;GALPS2
ALCB;18WALCB-12345--L;ALCOBA;7,7;Hidraulica UGH;GNFG;UFGC
ALCNCH;18W000000000SQNV;UF SOLAR ALCONCHEL;6,4;Solar fotovoltaica;NEXU;FALCNCH
ALCNORT;18W000000000P245;ALCALNORTE;4,7;Solar fotovoltaica;GESTE;FALCNOR
ALCOLEA;18WALCOLEA-123-G;18WALCOLEA-123-G;2,6;Hidraulica no UGH;EGLE;HALCOL
ALCON1;18W000000000QF7U;UF SOLAR FV ALCON1;23,1;Solar fotovoltaica;NEXU;FALCON1
ALCONCH;18W000000000L17I;UF ALCONCHEL;10;Solar fotovoltaica;EBLCO;FALCONC
ALCORE;18W000000000GEVP;UF FV ALCORE;33,2;Solar fotovoltaica;NEXU;FALCORE
ALDDC01;18W000000000PPP5;COMPRA ALDERAAN;1;Comercializadores mercado libre;ALDEC;ALDDC01
ALDEA;18W000000000SNM5;ALDEA;4,8;Solar fotovoltaica;GNRA;UPALDEA
ALDEC0F;18W000000000QWU7;COMPRA COMERCIALIZADORA;1;Comercializadores mercado libre;ALDEF;ALDEC01
ALDEH;18WALDEH-1234-AJ;P.E: ALDEHUELAS;47,2;Eolica terrestre;HISPE;ALDEHU
ALDENG;18W000000000SG1V;ALDEBARAN;6;Biomasa;PULSA;RALDENG
ALDEVIE;18WALDEVIE-12-EB;P. E. ALDEAVIEJA;14,5;Eolica terrestre;ECYR;EEGPEM
ALDRC01;18W-ALDRC01-1--F;ALDRO ENER;70;Comercializadores mercado libre;ALDRO;ALDRC01
ALDRV01;18W000000000E07C;ALDRO REPRESENTACION;1,8;Solar fotovoltaica;ALDRO;ALDRV01
ALENTIS;18WALENTIS-123-X;ALENTISQUE;46;Eolica terrestre;EBLCO;EALENTI
ALESTE;18WALESTE-123-EV;ALESTE;14,2;Eolica terrestre;EGED;EFEGEL2
ALFRV1;18W000000000SY3A;ALFRV1;43,2;Solar fotovoltaica;GNRA;UPALC1
ALFRV2;18W000000000SY48;ALFRV2;27,1;Solar fotovoltaica;GNRA;UPALC2
ALG3TG1;18WALG3TG1-123-9;CCTG ALGECIRAS TG1;282,4;Ciclo Combinado;REPSB;ALG3
ALG3TG2;18WALG3TG2-123-2;CCTG ALGECIRAS TG2;279,6;Ciclo Combinado;REPSB;ALG3
ALG3TV1;18WALG3TV1-123-0;CCTG ALGECIRAS TV;258,5;Ciclo Combinado;REPSB;ALG3
ALGAL;18W000000000FFCR;ALGAL;3,7;Solar fotovoltaica;GNRA;FVGNRA
ALGEIDI;18W000000000O9F3;FALGEIDI;16;Solar fotovoltaica;GESTE;FSIRIUS
ALGICA1;18W-ALGICA1-9--1;ALGICA1;10,5;Comercializadores mercado libre;COALG;ALGICA1
ALHAM;18WALHAM-1234--T;FALHAM;5,8;Solar fotovoltaica;GNRA;ALHAM
ALHAMB;18WALHAMB-123-E6;P.E. ALHAMBRA;34;Eolica terrestre;EGED;EGREEN1
ALHEN1;18W000000000ROHG;UF FV ALHENDIN I;36,7;Solar fotovoltaica;IGNIS;BAYWA1
ALHEN2;18W000000000ROIE;UF FV ALHENDIN II;4;Solar fotovoltaica;IGNIS;UPBAYWA
ALHEN3;18W000000000ROJC;UF FV ALHENDIN III;4,3;Solar fotovoltaica;IGNIS;BAYWA3
ALHUELA;18W000000000P2CQ;ALDEHUELA;1,4;Hidraulica no UGH;EGLE;HRPI
ALIAGAR;18W000000000LCOP;FV EL ALIAGAR 2 FASE 2;45;Solar fotovoltaica;WMARK;FALIAGA
ALIJAR;18WALIJAR-123-EX;P.E. ALIJAR;24;Eolica terrestre;EGED;EGREEN
ALIJAR2;18W000000000GAEY;ALIJAR2;28,8;Eolica terrestre;SEDAE;EALIJA2
ALIOC01;18W000000000Q0GK;COMPRA ALIO;1;Comercializadores mercado libre;ALIOE;ALIOC01
ALIWIN;18W000000000L9CL;UF SOLAR ALIWIN;19,9;Solar fotovoltaica;NEXU;FALIWN
ALIZAR;18W000000000MELL;ALIZARSUN;41,5;Solar fotovoltaica;HISPE;FALIZAR
ALJORA;18W000000000GEYJ;FV ALJORRA;27,1;Solar fotovoltaica;NEXU;FALJORR
ALLUEVA;18W000000000F5XF;PE ALLUEVA;25,2;Eolica terrestre;ECYR;EEGPES
ALM1;18WALM1-12345-AQ;ALMOGUERA 1;2,5;Hidraulica UGH;GNFG;UFTA
ALM2;18WALM2-12345-AG;ALMOGUERA 2;2,7;Hidraulica UGH;GNFG;UFTA
ALM3;18WALM3-12345-A6;ALMOGUERA 3;2,8;Hidraulica UGH;GNFG;UFTA
ALMAC01;18W-ALMAC01-7--H;ALUMINIOS DEL MAESTRE;29,2;Consumos directos en mercado;ALMAE;ALMAC01
ALMANDO;18WALMANDO-123-C;C.H. ALMANDOZ;2,9;Hidraulica no UGH;EGED;HFEGED
ALMANS2;18W000000000SMDQ;FV ALMANSA II;2,6;Solar fotovoltaica;DREUA;FDREU14
ALMANSA;18W000000000SMBU;FV ALMANSA I;4,6;Solar fotovoltaica;DREUA;FDREU13
ALMAREN;18WPE-ALMAREN--4;P.E.ALMAREN UNIFICADO;11,9;Eolica terrestre;ECYR;EREGPEM
ALMAZ1;18W000000000NEVY;FV ALMARAZ 1;40,4;Solar fotovoltaica;IBGES;FIIBGES
ALMEND1;18WALMEND1-123-M;P.E. LOS ALMENDROS I;20;Eolica terrestre;IBGES;EHIBGES
ALMENDA;18WALMENDA-12-EF;P. E. ALMENDARACHE;21;Eolica terrestre;NEXU;EWIESRB
ALMENDR;18WALMENDR-123-P;P.E. LOS ALMENDROS II;28;Eolica terrestre;IBGES;EHIBGES
ALMERIQ;18WJ-ALMERIQUESF;P.E. LOS ALMERIQUES;27,5;Eolica terrestre;NEXU;EALMERI
ALMNDRO;18W000000000MGWU;UF EOLICA ALMENDRO;43,5;Eolica terrestre;GNCO;EGASNE1
ALMNSA;18W000000000GETT;UF FV ALMANSA;45,1;Solar fotovoltaica;NEXU;FALMANS
ALMODOV;18WALMODOV-12-ET;P. E. ALMODOVAR;12,8;Eolica terrestre;EGED;EGREEN
ALMOF;18W000000000D4N9;AMOFREI;1,2;Hidraulica no UGH;GNRA;HFGNRA
ALMONOR;18WALMONOR-12-E4;P. E. ALABE MONTEMAYOR NORTE;21;Eolica terrestre;EGED;EFEGEL1
ALMORET;18W000000000IA81;ALMORET;10;Solar fotovoltaica;WMARK;FAMORET
ALMOSUR;18WALMOSUR-12-EM;ALABE-MONTEMAYOR SUR;12,7;Eolica terrestre;EGED;EFEGEL1
ALMZ2;18W000000000N9H3;FV ALMARAZ 2;24,8;Solar fotovoltaica;IBGES;FIIBGES
ALNERA;18W000000000LEW3;UF ALCONERA;7,2;Solar fotovoltaica;NEXU;FALNERA
ALNGE;18W000000000L9PW;UF ALNGE;8;Solar fotovoltaica;NEXU;FALNGE
ALO1;18WALO1-12345-A4;ALLOZ 1;3,3;Hidraulica UGH;ASIE;ASIEBRO
ALO2;18WALO2-12345-AV;ALLOZ 2;3,3;Hidraulica UGH;ASIE;ASIEBRO
ALOMBA;18WALOMBA-123-ER;P. E. ALABE-LOMBA;22,5;Eolica terrestre;EGED;EFEGEL1
ALONDE;18W000000000SZCQ;UF SOLAR ALONDE;1,2;Solar fotovoltaica;NEXU;FALONDE
ALOSC;18W000000000QYXW;ALOSC;1,8;Solar fotovoltaica;GNRA;FVGNRA
ALPXC01;18W000000000BD6O;ALPEX IBERICA DE ENERGIASL;10;Comercializadores mercado libre;ALPEX;ALPXC01
ALQSC01;18W000000000KFY0;ALQSC01;0,1;Comercializadores mercado libre;ALSEG;ALQSC01
ALQUERA;18W000000000O2SZ;ALQUERIA;3,1;Solar fotovoltaica;GESTE;FALQRIA
ALR2;18WALR2-12345-AZ;ALCALA DEL RÍO 2;2,9;Hidraulica UGH;ENDG;GDLQ
ALR3;18WALR3-12345-AP;ALCALÁ DEL RÍO 3;2,9;Hidraulica UGH;ENDG;GDLQ
ALSEC01;18W000000000IYLE;ALSET COMERCIALIZADORA;0,1;Comercializadores mercado libre;ALSEC;ALSEC01
ALTAMIR;18WALTAMIR-123-V;ALTAMIRA;49,3;Eolica terrestre;IBGES;EHIBGES
ALTCO;18W000000000EZU9;ALTEN ALCONERA DOS;7,8;Solar fotovoltaica;NEXU;FALTCO
ALTENEL;18W000000000S7Q8;ALTENELCASAR;13;Solar fotovoltaica;RSPRA;FFRSPRA
ALTENH;18W000000000EZV7;ALTEN HINOJOSA DEL VALLE;2,5;Solar fotovoltaica;NEXU;FFNEXU
ALTERRA;18WALTERRA-12-EC;ALABE - TERRAL;27;Eolica terrestre;EGED;EGREEN
ALTOMOM;18W000000000RTUC;ALTOMOMPLA;0,9;Solar fotovoltaica;GESTE;FGST144
ALTORRI;18WALTORRI-123-M;IND. DE TRATAMIENTO DE PURINES;14,6;Gas Natural Cogeneracion;FUTGR;TIGALT
ALTOSOL;18W000000000SDJ4;ALTOSOL;1,8;Solar fotovoltaica;DETIC;FTALTOS
ALUEC01;18W000000000LJ0F;ALUZ PENINSULAR;1;Comercializadores mercado libre;ALUZE;ALUEC01
ALUZC01;18W000000000EE2H;AHORRELUZ;0,1;Comercializadores mercado libre;ALUZ;ALUZC01
ALVSOL;18W000000000IJOG;SOL ALV;35;Solar fotovoltaica;SHEEN;SHEPV02
ALVSPK;18W000000000IJNI;SPK ALV;35;Solar fotovoltaica;SHEEN;SHEPV01
ALZ1;18WALZ1-12345-BT;ALMARAZ (G.1);1.011,30;Nuclear;IGNU;ALZ1
ALZ2;18WALZ2-12345-BJ;ALMARAZ (G.2);1.005,80;Nuclear;IGNU;ALZ2
AMAREI;18WAMAREI-123-ES;AMAREI;15;Eolica terrestre;EGED;EFEGEL2
AMAZC01;18W000000000SX3D;AMAZON COMPRA;5;Comercializadores mercado libre;COMEF;AMAZC01
AMB1;18WAMB1-12345-AO;AMBASAGUAS 1;0,4;Hidraulica UGH;ASIE;ASIDUE
AMB2;18WAMB2-12345-AE;AMBASAGUAS 2;0,4;Hidraulica UGH;ASIE;ASIDUE
AMB3;18WAMB3-12345-A4;AMBASAGUAS 3;0,9;Hidraulica UGH;ASIE;ASIDUE
AMBIETX;18W-AMBIETX-2--N;AMBIETX;8,9;Consumo de Servicios Auxiliares;BIZE;AMBIETX
AMBITG1;18WAMBITG1-12--P;AMOREBIETA TURBINA GAS 1;252,4;Ciclo Combinado;BIZE;AMBIETA
AMBITG2;18WAMBITG2-12-CT;AMOREBIETA TURBINA GAS 2;252,4;Ciclo Combinado;BIZE;AMBIETA
AMBITV;18WAMBITV-123-CK;AMOREBIETA TURBINA VAPOR;281,6;Ciclo Combinado;BIZE;AMBIETA
AMD1;18WAMD1-12345-A2;ALMADENES 1;2,6;Hidraulica UGH;IBEG;JUCA
AMD2;18WAMD2-12345-AT;ALMADENES 2;2,6;Hidraulica UGH;IBEG;JUCA
AMD3;18WAMD3-12345-AJ;ALMADENES 3;2,6;Hidraulica UGH;IBEG;JUCA
AMD4;18WAMD4-12345-A9;ALMADENES 4;4,9;Hidraulica UGH;IBEG;JUCA
AMEC01;18W-AMEC01-99--0;AMEC01;0,1;Comercializadores mercado libre;AME;AMEC01
AMEITES;18WAMEITES-12-EB;P.E. AMEIXEITAS-TESTEIROS;49,5;Eolica terrestre;IBGES;EHIBGES
AMIRAND;18W000000000RU2S;MIRANDA;7,9;Gas Natural Cogeneracion;EGLE;TAZUCA2
AMIZAL;18WAMIZAL-1234-Z;ATOMIZADAS ALCORA;12;Gas Natural Cogeneracion;ATAL;TAMIZAL
AMOFW1;18W000000000S0TN;AMOFW1;1,8;Solar fotovoltaica;GNRA;FVGNRA
AMOFW2;18W000000000S0SP;AMOFW2;4,4;Solar fotovoltaica;GNRA;FVGNRA
AMOFW3;18W000000000S0OX;AMOFW3;1,1;Solar fotovoltaica;GNRA;FVGNRA
AMOFW4;18W000000000S0NZ;AMOFW4;1,2;Solar fotovoltaica;GNRA;FVGNRA
AMPADOR;18WAMPADOR-123-M;P.E. AMPLIACIÓN DE PADORNELO;18;Eolica terrestre;WMARK;EFWMARK
AMPBEC;18W0000000002RQF;AMPLIACION BECERRIL;2;Eolica terrestre;WMARK;ERONDA
AMPCHIE;18WAMPCHIE-12-ED;18WAMPCHIE-12-ED;6,6;Eolica terrestre;HC G;HCGSIHA
AMPEC01;18W000000000LQLQ;UP_AMPERIOS;1;Comercializadores mercado libre;AMPER;AMPEC01
AMPHEAC;18WAMPHEAC-123-C;P.E. AMPLIACIÓN HEDROSO ACIBER;14;Eolica terrestre;WMARK;EFWMARK
AMPHIE;18W000000000GPEQ;PE AMPLIACION HIERRO;43,2;Eolica terrestre;GNCO;EGASNE2
AMPLATA;18WAMPLATA-123-I;P.E.AMPLIACIÓN LA PLATA;6,8;Eolica terrestre;WMARK;EFWMARK
AMPLLAN;18W000000000F5NZ;PE AMPLIACION LLANOS;20;Eolica terrestre;ECYR;EEGPES
AMPOCOG;18WAMPOCOG-123-5;AMPO;7,6;Gas Natural Cogeneracion;GEMSL;TAMPOC
AMPRC01;18W000000000RYXS;AMPERE ENERGY COMERCIALIZADORA;1;Comercializadores mercado libre;AMPEA;AMPRC01
AMPSIL;18WAMPLIACIOSILW;P.E. AMPLIACIÓN DE SIL;28;Eolica terrestre;IBGES;EHIBGES
AMPSIL2;18WAMPSIL2-123-X;AMPLIACION IL FASE 2;12;Eolica terrestre;IBGES;EHIBGES
AMYLUMI;18WAMYLUMI-123-Z;AMYLUM IBÉRICA;13,6;Gas Natural Cogeneracion;DETIC;COGAMYL
AMZFW;18W000000000PSUN;AMZFW;2,8;Solar fotovoltaica;GNRA;FVGNRA
ANARBE1;18WANARBE1-123-Q;UF ANARBE I;1,2;Hidraulica no UGH;GNRA;HANARBE
ANARBE2;18WANARBE2-123-J;UP  ANARBE II;1,2;Hidraulica no UGH;GNRA;HANARBE
ANDASO2;18WANDASO2-123-Y;ANDASOL-2;49,9;Solar térmica;EGLE;SANDA2
ANDASO3;18WANDASO3-123-R;ANDASOL-3;49,9;Solar térmica;EGLE;SANDA3
ANDASOL;18WANDASOL-123-C;ANDASOL I;49,9;Solar térmica;EGLE;SANDAS
ANDAYA;18WANDAYA-1234-F;ANDAYA;7,4;Gas Natural Cogeneracion;GNCO;TFGASN
ANDEVAL;18W000000000I7B4;ANDEVALO;42;Solar fotovoltaica;IBGES;FIIBGES
ANDSC;18W000000000QY4G;ANDSC;2;Solar fotovoltaica;GNRA;FVGNRA
ANEMC;18W000000000FESZ;18W000000000FESZ;4,8;Solar fotovoltaica;GNRA;CANTL
ANG1;18WANG1-12345-AV;ANGUIANO 1;1,2;Hidraulica UGH;IBEG;EBRA
ANG2;18WANG2-12345-AL;ANGUIANO 2;1,3;Hidraulica UGH;IBEG;EBRA
ANG3;18WANG3-12345-AB;ANGUIANO 3;1,2;Hidraulica UGH;IBEG;EBRA
ANG4;18WANG4-12345-A1;LAS CUEVAS 1 (ANGUIANO 4);0,9;Hidraulica UGH;IBEG;EBRA
ANG5;18WANG5-12345-AS;LAS CUEVAS 2 (ANGUIANO 5);0,9;Hidraulica UGH;IBEG;EBRA
ANGEL;18WANGEL-12345-4;UF CH LOS ANGELES;1,5;Hidraulica no UGH;ANGEL;HGENHI
ANGELES;18WANGELES-123-X;18WANGELES-123-X;3;Hidraulica no UGH;EGLE;HVANGE
ANGES;18W000000000QDJC;ANGES;12;Solar fotovoltaica;CEG;FANGES1
ANGOSTI;18WANGOSTI-123-5;P,E,ANGOSTILLOS;28;Eolica terrestre;EGED;EGREEN1
ANGOSTU;18WANGOSTU-123-W;P.E. ANGOSTURAS;36;Eolica terrestre;ECYR;EEGPES
ANIMC01;18W000000000AEQM;ANIMC01;0,1;Comercializadores mercado libre;ANIMA;ANIMC01
ANLLO;18WANLLO-12345-0;C.H. ANLLO;7,9;Hidraulica no UGH;ECYR;HEGPE
ANOIAEN;18WANOIAEN-123-2;ANOIAEN;13,8;Gas Natural Cogeneracion;NEXU;TTFANOI
ANORDES;18WANORDES-12-EH;P. E. ALABE-NORDES;20,2;Eolica terrestre;EGED;EFEGEL2
ANOVERR;18W000000000LKHF;ANOVER;46,2;Solar fotovoltaica;GESTE;FANOVR
ANSERA3;18WANSERA3-123-H;UF ANSERAL III;2,5;Hidraulica no UGH;PEUSA;HPEUSA
ANSERAL;18WANSERAL-123-2;UF ANSERAL I Y II;5,9;Hidraulica no UGH;PEUSA;HPEUSA
ANSO1;18W0000000000UC5;ANSO1;4;Gas Natural Cogeneracion;AME;TZAME
ANT1;18WANT1-12345--L;ANTOÑANA 1;0,7;Hidraulica UGH;BARER;BEREBRO
ANTEC01;18W0000000004RGR;ANTEA ENERGIA COMERCIALIZADORA;0,1;Comercializadores mercado libre;ANTEA;ANTEC01
ANTELLA;18WANTELLA-123-Y;18WANTELLA-123-Y;3,6;Hidraulica no UGH;EGLE;HANTEL
ANTEX;18WANTEX-12345-C;UF ANTEX;1;Gas Natural Cogeneracion;AME;TANTEX
ANTFW;18W000000000QQGG;ANTFW;1,8;Solar fotovoltaica;GNRA;FVGNRA
ANTONI;18WANTONI-1234-U;ANTONI;49,9;Eolica terrestre;EBLCO;EANTONI
ANTONIO;18W000000000P318;PE ANTONIO VALVERDE;1,5;Eolica terrestre;EGLE;EZENET
ANTPX;18W000000000S8NB;ANTPX;45;Solar fotovoltaica;GNRA;UPANT
ANTUC01;18W000000000HL2L;COMERCIALIZADOR ENERGIA;0,1;Comercializadores mercado libre;ANTUK;ANTUC01
ANUBIS1;18W000000000SN7Z;PSF ANUBIS;40,8;Solar fotovoltaica;WMARK;FVANUBI
ANVER;18W000000000GMU3;ANVER;2;Solar fotovoltaica;GNRA;FVGNRA
ANZ1;18WANZ1-12345-A7;ANZANIGO;7,7;Hidraulica UGH;ENDG;EBRACC1
AOIZ;18WAOIZ-12345-DL;INCOGEN 2;3,5;Gas Natural Cogeneracion;COGEN;AE11COG
AOZPR;18W000000000PD73;AOZPR;3,8;Solar fotovoltaica;GNRA;FVGNRA
APALAN1;18WPEALPALANCI-M;P.E. ALTO PALANCIA I;26;Eolica terrestre;EGED;EGREEN1
APALAN2;18WPEALPALANC2-X;P.E. ALTO PALANCIA II;46;Eolica terrestre;EGED;EGREEN1
APALAN3;18WAPALAN3-123-M;P. E. ALTO PALANCIA III;32;Eolica terrestre;EGED;EGREEN1
APOLC01;18W000000000R2CI;APOLO BUSINESS SL;10;Comercializadores mercado libre;APOLB;APOLC01
APOZOS;18W000000000T2RH;APOZOS;1;Hidraulica no UGH;CEG;HPOZOS
APRC01;18W000000000R0O0;APRC01;1;Consumos directos en mercado;APRES;APRC01
APRIC01;18W0000000004REV;AUSARTA PRIMA COMPRA;0,1;Comercializadores mercado libre;APRIM;APRIC01
ARABAYO;18W000000000QFK4;UF SOLAR ARABAYO;3,5;Solar fotovoltaica;NEXU;FARBYON
ARACC01;18W-ARACC01-1--3;ARACA1;0,1;Comercializadores mercado libre;ARACA;ARACC01
ARAGON;18WARAGON-123-EM;P.E. ARAGON;5,2;Eolica terrestre;ECYR;EEGPEM
ARAIC01;18W000000000QE9T;SAN PEDRO DE ARAIA UNIDAD COMP;0,1;Comercializadores mercado libre;CHPED;ARAIC01
ARALAR;18WARALAR-123--M;18WARALAR-123--M;13,9;Gas Natural Cogeneracion;EGLE;TPAARA
ARAS;18WARAS-12345-EU;P.E. LLANAS DE CODES - ARAS;33;Eolica terrestre;EGED;EGREEN
ARASC01;18W0000000004T2C;ARASC01;0,4;Consumos directos en mercado;ARAS;ARASC01
ARAT;18WARAT-12345-AS;ARATORES;0,3;Hidraulica UGH;ENDG;EBRACC1
ARATOM;18WARATOM-123-DD;ARATOM;12,5;Gas Natural Cogeneracion;EGLE;TARATO
ARAVI;18WARAVI-12345-R;PE SANCHO ABARCA;10,2;Eolica terrestre;NEXU;ESANCHO
ARAZURI;18WARAZURI-123-M;ARAZURI;2,2;Biogas;CEG;RCOPAMP
ARB1;18WARB1-12345-A1;ARBON 1;24,7;Hidraulica UGH;REPSB;VIES
ARB2;18WARB2-12345-AS;ARBON 2;24,7;Hidraulica UGH;REPSB;VIES
ARBASOL;18W000000000RXZR;UF SOLAR ARBASOL;5;Solar fotovoltaica;NEXU;FARBASL
ARBER;18W000000000M3B0;ARBER;2;Solar fotovoltaica;GNRA;LAPEN
ARBOLE;18W00000000035MB;LA ARBOLEDA;0,8;Hidraulica no UGH;IBGES;HFIBGES
ARC1;18WARC1-12345-AR;ARENAS DE CABRALES 1;4,2;Hidraulica UGH;REPSB;VIES
ARC2;18WARC2-12345-AH;ARENAS DE CABRALES 2;4;Hidraulica UGH;REPSB;VIES
ARC3TG1;18WARC3TG1-12-C4;ARCOS3 TURBINA GAS 1;260,9;Ciclo Combinado;IBGT;ARCOS3
ARC3TG2;18WARC3TG2-12-CY;ARCOS3 TURBINA GAS 2;267,8;Ciclo Combinado;IBGT;ARCOS3
ARC3TV;18WARC3TV-123-CP;ARCOS3 TURBINA VAPOR;294,1;Ciclo Combinado;IBGT;ARCOS3
ARCA;18W000000000SD05;UF SOLAR ARCA;1;Solar fotovoltaica;NEXU;FARCA
ARCH;18WARCH-12345-AF;ARCHENA;0,3;Hidraulica UGH;BARER;ARCH
ARCH2;18W000000000QP54;ARCH2;1,8;Solar fotovoltaica;GNRA;FVGNRA
ARCH4;18W000000000QP62;ARCH4;2,4;Solar fotovoltaica;GNRA;FVGNRA
ARCICAR;18W000000000O2Q2;ARCOLLAR;14,5;Solar fotovoltaica;GESTE;FARCICR
ARCKG1;18W000000000SGJW;ARCKG1;39,2;Solar fotovoltaica;GNRA;UPARCKG
ARCO1;18W000000000QF07;ARCO1;40;Solar fotovoltaica;REPSB;FRSIGMA
ARCO2;18W000000000QE7X;ARCO2;40;Solar fotovoltaica;REPSB;FRSIGMA
ARCO3;18W000000000Q4PR;ARCO3;40,5;Solar fotovoltaica;REPSB;FRSIGMA
ARCO4;18W000000000QG12;ARCO4;24,5;Solar fotovoltaica;REPSB;FRSIGMA
ARCO5;18W000000000QG20;ARCO5;24,5;Solar fotovoltaica;REPSB;FRSIGMA
ARCOH;18W000000000QIY4;ARCOH;42;Solar fotovoltaica;GNRA;UPARCOH
ARCOS1;18WARCOS1-123-CR;ARCOS G1;389,2;Ciclo Combinado;IBGT;ARCOS1
ARCOS2;18WARCOS2-123-CJ;ARCOS G2;373,2;Ciclo Combinado;IBGT;ARCOS2
ARCOSOL;18WARCOSOL-123-K;ARCOSOL 50;50;Solar térmica;GNRA;TSGNR
ARDONA1;18W000000000RNYM;ARCHIDONA 1;17;Solar fotovoltaica;EGLE;FSPV3
ARDONA2;18W000000000RNWQ;ARCHIDONA 2;30,8;Solar fotovoltaica;EGLE;FSPV10
ARE1;18WARE1-12345-A5;ARENZANA 1;0,1;Hidraulica UGH;IBEG;EBRA
ARE2;18WARE2-12345-AW;ARENZANA 2;0,1;Hidraulica UGH;IBEG;EBRA
AREFA;18WAREFA-1234-EI;P. E. ALABE REFACHON;21;Eolica terrestre;EGED;EFEGEL1
AREN;18WAREN-12345-A7;18WAREN-12345-A7;4,1;Hidraulica no UGH;EGLE;HCOHIG
ARENAL;18WARENAL-1234-S;18WARENAL-1234-S;2,8;Hidraulica no UGH;EGLE;HARENG
ARENALE;18WARENALE-12--X;18WARENALE-12--X;49,9;Solar térmica;EGLE;SARSOL
ARENALS;18W000000000NXTI;ARENALS;4,4;Solar fotovoltaica;ADXRE;FAUDAX
ARESA;18W000000000QDN4;ARESA;4,5;Hidraulica no UGH;GNRA;HFGNRA
ARG1;18WARG1-12345-AK;ARGONE 1;7,6;Hidraulica UGH;ENDG;EBRACC2
ARG2;18WARG2-12345-AA;ARGONE 2;7,2;Hidraulica UGH;ENDG;EBRACC2
ARGANO;18WARGANO-1234-W;P.E. ARGAÑOSO;22;Eolica terrestre;IBGES;EHIBGES
ARGC01;18W000000000ONZW;ARGC01;0,6;Consumos directos en mercado;ARGIM;ARGC01
ARGOITI;18WARGOITI-123-A;UF USARGOITI;1,9;Derivados del petroleo o carbon;GNRA;TUSARGO
ARGSOL;18W000000000L18G;UF ARGASOL;10;Solar fotovoltaica;EBLCO;FARGASL
ARGUC01;18W000000000F272;COLABORA ENERGIA-ARGUS UPR;0,1;Comercializadores mercado libre;ARGUS;ARGUC01
ARIAS1;18WARIAS1-123-AV;ARIAS1;6,3;Hidraulica no UGH;HDE;HHDESP
ARIAS2;18WARIAS2-123--8;ARIAS2;6,3;Hidraulica no UGH;HDE;HHDESP
ARIESTO;18WARIESTO-12-AK;ARIESTOLAS;6,1;Hidraulica no UGH;HDE;HHDESP
ARIZ;18WARIZ-12345-AS;ARIZMENDI;0,1;Hidraulica UGH;BARER;BEREBRO
ARLANZ;18W000000000JKS1;ARLANZ;4;Gas Natural Cogeneracion;AME;TZAME
ARLAS;18WARLAS-1234-AM;ARLAS;4,1;Hidraulica no UGH;EGED;HFEGED
ARLAZON;18W0000000006SCO;UF CH ARLANZON;1,3;Hidraulica no UGH;AME;HGAME
ARMIJO;18WARMIJO-123-EI;P.E. ACAMPO ARMIJO;18;Eolica terrestre;HISPE;RWESZN
ARNE1;18W000000000RGUE;ARNE1;8;Solar fotovoltaica;GNRA;UPARN1
ARNE2;18W000000000RGWA;ARNE2;8;Solar fotovoltaica;GNRA;UPARN2
ARNE3;18W000000000RGY6;ARNE3;8;Solar fotovoltaica;GNRA;UPARN3
ARNE4;18W000000000RH2U;ARNE4;6;Solar fotovoltaica;GNRA;UPARN4
ARNOYA;18WARNOYA-123-A6;C. H. ARNOYA;10;Hidraulica no UGH;EGLE;HGIES
AROBRES;18W000000000QB0J;AROBRES;6;Eolica terrestre;CEG;EEOBRO2
ARPAL;18W000000000SZ0D;UF SOLAR ARPAL;8,5;Solar fotovoltaica;NEXU;FARPAL
ARQCU;18W000000000NQXV;ARQCU;1,4;Hidraulica no UGH;GNRA;HCUER
ARR1;18WARR1-12345-AA;ARRAMBIDE 1;0,2;Hidraulica UGH;IBEG;EBRA
ARR2;18WARR2-12345-A0;ARRAMBIDE 2;0,3;Hidraulica UGH;IBEG;EBRA
ARR3;18WARR3-12345-AR;ARRAMBIDE 3;0,4;Hidraulica UGH;IBEG;EBRA
ARRIELO;18WARRIELO-123-7;P.E. ARRIELO;49,5;Eolica terrestre;MEDI;EMEDI
ARRO;18WARRO-12345-A2;ARROLLANDIETA;0,5;Hidraulica UGH;BARER;BEREBRO
ARROBO;18W000000000MH65;ARROBO;1,8;Solar fotovoltaica;NEXU;FAROBO
ARROC01;18W0000000002H6B;ARROC01;0,7;Consumos directos en mercado;ARROC;ARROC01
ARROIBA;18WARROIBA-12--R;C.H. ARROIBAR;14,7;Hidraulica no UGH;ECYR;HEGPE
ARROYAL;18WARROYAL-123-O;ARROYAL;46,5;Eolica terrestre;EGLE;ELBOGA
ARRU1;18WARRU1-1234-CW;UF ARRUBAL1;394,6;Ciclo Combinado;ARRUB;ARRU1
ARRU1X;18W-ARRU1X-22--2;ARRU1X;1;Consumo de Servicios Auxiliares;ARRUB;ARRU1X
ARRU2;18WARRU2-1234-CN;UF DE ARRUBAL2;390;Ciclo Combinado;ARRUB;ARRU2
ARRU2X;18W-ARRU2X-84--U;ARRU2X;1;Consumo de Servicios Auxiliares;ARRUB;ARRU2X
ARSOL;18W000000000QFYD;ARSOL;5;Solar fotovoltaica;GNRA;FVGNRA
ART1;18WART1-12345-AP;ARTIES 1;33,4;Hidraulica UGH;ENDG;EBRFEN
ART2;18WART2-12345-AF;ARTIES 2;33,4;Hidraulica UGH;ENDG;EBRFEN
ARTABRA;18WARTABRA-123-V;ARTABRA;13,1;Derivados del petroleo o carbon;CEG;TARTABR
ARTEIXO;18WARTEIXO-123-4;18WARTEIXO-123-4;2;Eolica terrestre;EGLE;EFERSA
ARTICUL;18W000000000IBTU;UF ARTICULATA;2;Solar fotovoltaica;NEXU;FAZARA
ARTIGAS;18WARTIGAS-123-R;ARTIGAS;1,4;Biogas;CEG;RARTIGA
ASC1;18WASC1-12345-BD;ASCO (G.1);995,8;Nuclear;ENDG;ASC1
ASC2;18WASC2-12345-B3;ASCO (G.2);991,7;Nuclear;ENDG;ASC2
ASCCI;18W000000000R0TR;ASCCI;2,6;Solar fotovoltaica;GNRA;CASMON
ASCOY;18W000000000MGO9;UF EOLICA ASCOY;7,6;Eolica terrestre;NEXU;EASCOI
ASEGRE;18WASEGRE-123-AJ;ARTESA;1,6;Hidraulica no UGH;CEG;HEEARG
ASEIXAL;18WASEIXAL-123-2;P.E. ASEIXAL;30;Eolica terrestre;GNCO;EGASNE2
ASERPAL;18WASERPAL-12-D5;ASERPAL;6,6;Gas Natural Cogeneracion;IGNIS;UPASERP
ASESA;18WASESA-1234--H;COGENERACIÓ ASESA;13,5;Gas Natural Cogeneracion;DETIC;TFASESA
ASETYM;18W000000000PXE3;PARQUE FV ASETYM SOL DE MURCIA;1,8;Solar fotovoltaica;EBLCO;FASETYM
ASETYM2;18W000000000PZOE;PARQUE FV ASETYM2;1,7;Solar fotovoltaica;EBLCO;FASETYM
ASIEC01;18W000000000EME6;ADQUISICIN DE ENERGA;5;Comercializadores mercado libre;ASIE;ASIEC01
ASNEVES;18WASNEVES-123-S;18WASNEVES-123-S;2,4;Eolica terrestre;EGLE;EFERSA
ASOAN;18WASOAN-1234-EE;P. E. ALABE SOAN;19,5;Eolica terrestre;EGED;EFEGEL2
ASOANA;18WASOANA-123-ET;ASOANA;21,7;Eolica terrestre;EGED;EFEGEL2
ASOEV;18W000000000R0UP;ASOEV;3,8;Solar fotovoltaica;GNRA;FVGNRA
ASOLANA;18WASOLANA-12-EO;P.E. ATALAYA DE LA SOLANA;20,4;Eolica terrestre;IBGES;EHIBGES
ASOMC;18W000000000PPQ3;ASOMADA;3,8;Solar fotovoltaica;SOMRE;SREFV1
ASPGN;18W000000000MLMZ;ASPGN;42,1;Solar fotovoltaica;GNRA;HABGN
ASSEC01;18W000000000R32Z;ASSENN ENERGY SL;0;Comercializadores mercado libre;ASSEN;ASSEC01
ASTC01;18W-ASTC01-25--K;ASTC01;1,3;Consumos directos en mercado;AST;ASTC01
ASTCP3;18W00000000013SD;ASTCP3;2;Importacion Francia;AST;ASTCP3
ASTE1A;18WASTE1A-123--E;18WASTE1A-123--E;49,9;Solar térmica;NEXU;SASTE1A
ASTE1B;18WASTE1B-1234-S;18WASTE1B-1234-S;49,9;Solar térmica;NEXU;SASTE1B
ASTEXO2;18WASTEXO2-123-9;18WASTEXO2-123-9;49,9;Solar térmica;NEXU;SASTEXO
ASTRC01;18W000000000MHHK;ASTRALCAD ENERGIA;1;Comercializadores mercado libre;ASTRA;ASTRC01
ASTRIBC;18W000000000S8ZO;UF COMPRA BATERIA SOTO RIBERA;0,3;Almacenamiento compra;HC G;ASRIHCC
ASTRIBV;18W000000000S90H;UF VENTA BATERIA SOTO RIBERA;0,2;Almacenamiento venta;HC G;ASRIHCV
ASTVP3;18W00000000013TB;ASTVP3F;2;Exportacion Francia;AST;ASTVP3
AT79HU;18W000000000OSSV;AT79HU;1;Comercializadores mercado libre;FORTI;FORTR01
ATACI1;18W000000000T16P;ATACI1;4,5;Hidraulica no UGH;GNRA;HFGNRA
ATACI2;18W000000000T17N;ATACI2;8,6;Hidraulica no UGH;GNRA;HFGNRA
ATALAYA;18WATALAYA-12-E4;P. E. ATALAYA;49,5;Eolica terrestre;IGNIS;UPEBRO
ATAQUIN;18W000000000SV5F;UF SOLAR ATAQUIN;1,8;Solar fotovoltaica;NEXU;FATQINS
ATCOG;18W000000000S25S;ATCOG;1;Comercializadores mercado libre;SHELL;SESAR01
ATEEC01;18W000000000JX74;ATENCO PENINSULA;1;Comercializadores mercado libre;ATENC;ATEEC01
ATENS;18W000000000IUU8;ATENS;2,8;Solar fotovoltaica;GNRA;FVGNRA
ATLROS;18W000000000SSY3;ATLAS ROSELLO;23,4;Gas Natural Cogeneracion;ATLAS;TATLROS
ATLSC01;18W-ATLASC1-1--A;ATLSC01;4,5;Comercializadores mercado libre;ATLAS;ATLSC01
ATMINI;18W000000000OUGC;ATMINI;1;Comercializadores mercado libre;ENDCO;ENDER01
ATOMCSA;18W000000000M2FW;ATOMCSA;9,7;Gas Natural Cogeneracion;DETIC;ATOMCEC
ATOMISA;18WATOMISA-12-D3;18WATOMISA-12-D3;4,9;Gas Natural Cogeneracion;EGLE;TBLANSA
ATOMIXS;18W000000000M2EY;ATOMIXS;8,3;Gas Natural Cogeneracion;DETIC;ATOMICO
ATOMIZZ;18WATOMIZZ-123-A;UF TERMICA ATOMIZADORA;5,5;Gas Natural Cogeneracion;DETIC;COGATOM
ATORMES;18W00000000037BR;18W00000000037BR;4,5;Eolica terrestre;EGLE;GAVIAEG
ATPC01;18W000000000S8LF;COMPR COMERCIALIZADORA;0,1;Comercializadores mercado libre;ATPEN;ATPC01
ATRIC01;18W000000000RQI8;ATRIA ENERGA UNIDAD DE PROGRAM;1;Comercializadores mercado libre;ATRES;ATRIC01
ATS1;18WATS1-12345-AC;ARTESIAGA 1;0,4;Hidraulica UGH;ASIE;ASIEBRO
ATS2;18WATS2-12345-A2;ARTESIAGA 2;0,7;Hidraulica UGH;ASIE;ASIEBRO
ATUEA;18W000000000QYEX;ATUEA;1,5;Solar fotovoltaica;GNRA;FVGNRA
AUDAC01;18W-AUDAX-493--H;AUDAC01;0,1;Comercializadores mercado libre;ADXRE;AUDAC01
AUDAX01;18WAUDAX01-123-U;AUDAX BIOGAS1;2,4;Biogas;ADXRE;RAUDAX
AUNGNR;18W-AUNGNR-28--E;UP A11 NO ALTA EIFCIENCIA;1;Gas Natural Cogeneracion;GNRA;AUNGNR
AUREAFV;18W000000000RX6B;FGST151;150;Solar fotovoltaica;GESTE;FGST151
AUSIN;18WAUSIN-12345-Q;18WAUSIN-12345-Q;1,8;Hidraulica no UGH;EGLE;HHIPAL
AUSINE;18W0000000001FF3;AUSINE;27;Eolica terrestre;CEG;EAUSIN
AUXIME;18WAUXIME-1234-3;UF AUXIME;2,2;Hidraulica no UGH;GNRA;HSTMARI
AVENTOA;18WAVENTOA-12-EA;AVENTOA;22,5;Eolica terrestre;EGED;EFEGEL1
AVIADOR;18WAVIADOR-12-EA;P. E. LOMA DE AVIADORES;6;Eolica terrestre;HC G;HCGSIHA
AVILA;18WAVILA-1234-EE;P.E. DE AVILA;11,9;Eolica terrestre;HC G;HCGSCSA
AVILC01;18W-AVILC01-1--K;AYUNTAMIENTO DE AVILES - ALUMB;4,3;Consumos directos en mercado;AVIL;AVILC01
AXIABRE;18WAXIABRE-123-F;P.E. AMPLIACIÓN XIABRE;31,2;Eolica terrestre;EGLE;EENGAS
AYLUC01;18W-AYLUC01-6--4;AYLUZ COMERCIALIZADORA;0,1;Comercializadores mercado libre;AYLUZ;AYLUC01
AYORA1;18W000000000T3AB;FV AYORA I;23;Solar fotovoltaica;EGED;FFEGED
AYORA2;18W000000000T3B9;FV AYORA 2;23;Solar fotovoltaica;EGED;FFEGED
AYORA3;18W000000000T3C7;FV AYORA 3;23;Solar fotovoltaica;EGED;FFEGED
AYPGNR;18W-AYPGNR-20--J;A12 NO ALTA EFICIENCIA;1,4;Derivados del petroleo o carbon;GNRA;AYPGNR
AZANON;18W000000000NGKD;AZANON;1,5;Hidraulica no UGH;CEG;HAZANON
AZARA;18W000000000IBUS;UF SOLAR AZARA;2;Solar fotovoltaica;NEXU;FAZARA
AZEBRO;18WAZEBRO-1234-N;AZEBRO;18,4;Gas Natural Cogeneracion;DETIC;COGAZEB
AZGUALT;18WAZGUALT-12-E6;18WAZGUALT-12-E6;8,6;Gas Natural Cogeneracion;DETIC;TAZGUAL
AZNALC;18WAZNALCO-123-7;AZNALCOLLAR;1;Solar fotovoltaica;ECYR;FEGPE3
AZNBG;18W000000000QYPB;AZNBG;1,8;Solar fotovoltaica;GNRA;FVGNRA
AZOF;18W000000000NQS4;AZOF;1,5;Solar fotovoltaica;GNRA;FVGNRA
AZSAAV;18W000000000OSEM;AZSAAV;1;Comercializadores mercado libre;EDPCL;EDPCR01
AZU1;18WAZU1-12345-AT;AZUTAN 1;67,4;Hidraulica UGH;IBEG;TAJO
AZU2;18WAZU2-12345-AJ;AZUTAN 2;65,5;Hidraulica UGH;IBEG;TAJO
AZU3;18WAZU3-12345-A9;AZUTAN 3;65;Hidraulica UGH;IBEG;TAJO
AZUCB01;18W000000000QPDP;AZUCB01;1,7;Solar fotovoltaica;GNRA;FVGNRA
AZUELO;18WAZUELO-123-E4;AZUELO;43,2;Eolica terrestre;EGED;EGREEN
AZUEN;18W000000000JZQY;AZUEN;1,8;Solar fotovoltaica;GNRA;FVGNRA
AZUER1;18W000000000LX6Z;UF SOLAR AZUER1;41;Solar fotovoltaica;NEXU;FAZUER1
AZUER2;18W000000000LX8V;UP SOLAR AZUER;32;Solar fotovoltaica;NEXU;FAZUER2
AZULIB;18WAZULIB-123-DU;AZULIBER 1;17,7;Gas Natural Cogeneracion;EGLE;AZULIB
AZULMED;18W0000000001EUD;AZULMED;5,7;Gas Natural Cogeneracion;DETIC;TAZULME
AZUTORO;18W000000000RU3Q;TORO;12,9;Gas Natural Cogeneracion;EGLE;TAZUCA2
BABILA;18WBABILA-123-DJ;BIOETANOL DE BABILAFUENTE;24,7;Gas Natural Cogeneracion;HISPE;TBIOCL
BACAC01;18W000000000E08A;BACAC01;1.200,00;Consumos directos en mercado;BACA;BACAC01
BADAIA;18WBADAIA-123-ES;P. E. DE BADAIA;49,9;Eolica terrestre;IBGES;EHIBGES
BADFW;18W000000000QXZV;BADFW;5;Solar fotovoltaica;GNRA;FVGNRA
BADJOZ9;18W000000000RXOC;UF SOLAR BADAJOZ SOLAR 9;5;Solar fotovoltaica;NEXU;FBADJOZ
BAHIABX;18W-BAHIABX-3--F;BAHIA DE BIZKAIA ELECTRICIDAD;12;Consumo de Servicios Auxiliares;BBEL;BAHIABX
BAHITG1;18WBAHITG1-12-CR;BAHIAB TG1;256,6;Ciclo Combinado;BBEL;BAHIAB
BAHITG2;18WBAHITG2-12-CK;BAHIAB TG2;257,4;Ciclo Combinado;BBEL;BAHIAB
BAHITV;18WBAHITV-123-CB;BAHIAB TV;271,3;Ciclo Combinado;BBEL;BAHIAB
BAKC01;18W000000000QS5W;BAKC01;0,6;Consumos directos en mercado;BASKO;BAKC01
BALA;18WBALA-12345-AT;BALAGUER;7,3;Hidraulica UGH;ENDG;EBRFEN
BALDIO2;18W000000000MZ1Z;BLDIO2;17;Solar fotovoltaica;GESTE;FBLDIO2
BALEC01;18W000000000FS44;BALEC01;10;Comercializadores mercado libre;ELECB;BALEC01
BALI;18WBALI-12345-AN;BALIERA;5,2;Hidraulica UGH;ENDG;EBRFEN
BALKC01;18W000000000ISF7;BALKC01;0,3;Consumos directos en mercado;BALEI;BALKC01
BALLEST;18W000000000GJVA;BALLESTAS;75,9;0;IBGES;FEHIBHV
BALMENA;18W000000000NJEG;UF BIOGAS ALMENAR;3;Biogas;NEXU;RBALMN
BALSON;18W000000000G4CJ;PE EL BALSON;30;Eolica terrestre;EGLE;EENECO
BALTO;18WBALTO-1234-EE;P.E. BOSQUE ALTO;21,7;Eolica terrestre;HISPE;RWESZN
BANARES;18W000000000ODXT;BAÑARES;1,1;Solar fotovoltaica;LMER;BANARES
BANCAL;18WBANCAL-1234-8;P.E.BANCAL;21;Eolica terrestre;HISPE;RWESZN
BANDELE;18WBANDELE-123-T;PE BANDOLERAS;36;Eolica terrestre;EGLE;EPEBAN
BANDERA;18WBANDERA-12-ES;BANDERA;32,3;Eolica terrestre;CEG;EEBAN
BANERES;18W000000000L9XG;18W000000000L9XG;1,9;Gas Natural Cogeneracion;EGLE;TBANER
BANILLA;18WBANILLA-123-I;UF ABANILLA;1;Biogas;GNRA;RABANIL
BANOSF;18WBANOSF-123-AQ;BAÑOS;5,5;Hidraulica no UGH;EGED;HEALTOG
BANY;18WBANY-123456-R;UF COG BANYOLES;4,4;Gas Natural Cogeneracion;AME;TBANY
BANZAI;18WBANZAI-123-E9;P.E. BARBANZA I;19,8;Eolica terrestre;ECYR;EREGPEM
BANZAII;18WBANZAII-12-E8;P.E. BARBANZA;9,2;Eolica terrestre;ECYR;EREGPEM
BAR1;18WBAR1-12345-AG;BARRIOS DE LUNA 1 (MORA LUNA);16,3;Hidraulica UGH;GNFG;UFGC
BAR2;18WBAR2-12345-A6;BARRIOS DE LUNA 2 (MORA LUNA);16,4;Hidraulica UGH;GNFG;UFGC
BAR3;18WBAR3-12345-AX;BARRIOS DE LUNA 3 (MORA LUNA);7,6;Hidraulica UGH;GNFG;UFGC
BAR4;18WBAR4-12345-AN;BARRIOS DE LUNA 4 (MORA LUNA);7,5;Hidraulica UGH;GNFG;UFGC
BARAS;18W000000000GBQ7;BARAS;22,1;Hidraulica no UGH;GNRA;HPTMR
BARASO;18WBARASO-1234-K;P. E. BARASOAIN;15;Eolica terrestre;EGED;EGREEN
BARBANT;18WBARBANT-123-V;18WBARBANT-123-V;2,7;Hidraulica no UGH;EGLE;HENGAG
BARBEL;18WBARBEL-123-A5;18WBARBEL-123-A5;1,4;Hidraulica no UGH;EGLE;HATJUG
BARBERS;18WBARBERS-123-7;18WBARBERS-123-7;30;Eolica terrestre;EBLCO;EBARBER
BARCIEN;18W000000000LUZN;FV BARCIENCE;38,6;Solar fotovoltaica;IBGES;FIIBGES
BARCONE;18W000000000SDBK;UF SOLAR BARCONES;9;Solar fotovoltaica;NEXU;FBRCNES
BARDENS;18W000000000IPYF;BARDENS;5,4;Solar fotovoltaica;GESTE;FBRDENA
BARGAS;18W000000000R5RG;UF SOLAR BARGAS;5;Solar fotovoltaica;NEXU;FBRGAS
BARGASN;18W000000000PYHV;BARGASNORTE;4,7;Solar fotovoltaica;GESTE;FBARGSN
BARGASS;18W000000000PYJR;BARGASSUR;4,7;Solar fotovoltaica;GESTE;FBARGSS
BARRAD;18W000000000JWGQ;PIELESBARRADO;1,2;Solar fotovoltaica;GESTE;FBARAD
BARRAL;18W000000000OGL7;BARRAL;1;Gas Natural Cogeneracion;DETIC;COGBARR
BARRANC;18WPELBARRANCOSU;P.E. LOS BARRANCOS;20;Eolica terrestre;ECYR;EEGPEM
BARRAX;18W000000000I992;BARRAX;3,6;Eolica terrestre;WMARK;EFWMARK
BARREIR;18WBARREIR-123-0;C.H.BARREIRO;2,4;Hidraulica no UGH;EGLE;HNORHI
BARRIGO;18WBARRIGO-12-EK;18WBARRIGO-12-EK;3;Eolica terrestre;IGNIS;UPOUBAS
BARRIO;18WBARRIOS-123-K;BARRIO;0,1;Solar fotovoltaica;ECYR;FEGPE3
BARROSO;18W000000000RVA9;EGST146;21,6;Eolica terrestre;GESTE;EGST146
BARRU;18W000000000O1MD;BARRU;2;Solar fotovoltaica;GNRA;FVGNRA
BARTOLO;18WBARTOLO-12-AP;18WBARTOLO-12-AP;1,2;Hidraulica no UGH;EGLE;HGIES
BASE;18WBASE-12345-AN;BASERCA;5,9;Hidraulica UGH;ENDG;EBRFEN
BASIR51;18W000000000SRBF;UF SOLAR BASIR;15,5;Solar fotovoltaica;NEXU;FBASIR
BASURTO;18WBASURTO-123-Y;BASURTO;4;Gas Natural Cogeneracion;WMARK;TGIRSA
BAUSEN;18WBAUSEN-123-A8;HID BAUSEN;3,3;Hidraulica no UGH;NEXU;HFNEXU
BAYO;18WBAYO-12345-EY;P. E. BAYO;49,5;Eolica terrestre;IGNIS;UPEBRO
BAYPO;18WBAYERPOLIMERX;BAYER POLIMEROS;12,7;Gas Natural Cogeneracion;DETIC;TTBAYPO
BAYPO00;18W000000000NSQ2;BAYPO003;0,9;Gas Natural Cogeneracion;DETIC;TTBAYPO
BCA1;18WBCA1-12345-AV;LA BARCA 1;25,8;Hidraulica UGH;HC G;HCHI
BCA2;18WBCA2-12345-AL;LA BARCA 2;26,2;Hidraulica UGH;HC G;HCHI
BCA3;18WBCA3-12345-AB;LA BARCA 3;2,6;Hidraulica UGH;HC G;HCHI
BCIENCE;18W000000000R5AD;FV BARCIENCE;30;Solar fotovoltaica;EGLE;FBARCI
BCNONW;18W000000000OUHA;BCNONW;1;Comercializadores mercado libre;ENDCO;ENDER01
BEBE;18W000000000OKPO;CERÁMICA DOBON;0,9;Gas Natural Cogeneracion;LMER;BEBE
BEBRIN;18W00000000058F8;HIDABEBRIN;2,3;Hidraulica no UGH;EGLE;HPARRA
BECERRI;18WBECERRI-123-A;PARQUE EÓLICO BECERRIL;6;Eolica terrestre;PEBEC;EBECERR
BECOC01;18W-BECOC01-1--6;BECOC01;35;Comercializadores mercado libre;BECO;BECOC01
BECOG1;18WBECOG1-123-DH;BECOG1;6,9;Gas Natural Cogeneracion;DETIC;COGBECO
BECVH02;18W000000000CSA4;VENDA HIDRAULICA  MOLI CARLOT;0,5;Hidraulica no UGH;BECO;BECVH02
BECVS01;18W000000000Q44W;BECO VENDA SOLAR 01;1;Solar fotovoltaica;BECO;BECVS01
BEFESVA;18WBEFESVA-123-T;BEFESA VALORIZACIÓN DE AZUFRE;12,2;Residuos varios;REPSB;TBEFESA
BEJO;18WBEJO-12345-AB;BEJO;20,8;Hidraulica no UGH;EGED;HENANSA
BEL1;18WBEL1-12345-AY;BELESAR 1;102,5;Hidraulica UGH;GNFG;UFMI
BEL2;18WBEL2-12345-AO;BELESAR 2;104,8;Hidraulica UGH;GNFG;UFMI
BEL3;18WBEL3-12345-AE;BELESAR 3;102,9;Hidraulica UGH;GNFG;UFMI
BELCH1;18W000000000Q6NP;FV BELIUNO;44;Solar fotovoltaica;CEG;FBELCH1
BELCH2;18W000000000Q6ON;FV BELIDOS;44;Solar fotovoltaica;CEG;FBELCH2
BELCH3;18W000000000Q6PL;FV BELITRES;44;Solar fotovoltaica;CEG;FBELCH3
BELCHI;18WBELCHI-123-E2;P. E. BELCHITE;49,5;Eolica terrestre;HC G;HCGSCSA
BELEN1;18WBELEN1-123-ER;P.E. VIRGEN DE BELEN 1;33,1;Eolica terrestre;IBGES;EHIBGES
BELEN2;18WBELEN2-123-EJ;P.E. VIRGEN BELEN 2;24,4;Eolica terrestre;IBGES;EHIBGES
BELESII;18WBELESII-123-B;BELESII;20,8;Hidraulica no UGH;GNCO;HFGASN
BELINCH;18W000000000NXCF;FV BELINCHON;1,3;Solar fotovoltaica;DREUA;FDREU08
BELMEZ1;18W000000000RCGH;UF SOLAR BELMEZ1;0,9;Solar fotovoltaica;NEXU;FBELME1
BELMEZ2;18W000000000RCID;UF SOLAR BELMEZ2;0,9;Solar fotovoltaica;NEXU;FBELME2
BELMONT;18WBELMONT-123-Z;P.E.BELMONTE;34,8;Eolica terrestre;ECYR;EREGPEM
BELOS;18W000000000I9ET;UF SOLAR BELOS;40;Solar fotovoltaica;NEXU;FBELOS
BELOTEG;18WBELOTEG-123-M;BELOTEG;3,1;Hidraulica no UGH;EGED;HFEGED
BELVI;18W000000000SFLV;FV BELVIS I-PES01;45,5;Solar fotovoltaica;EGLE;FALDER
BELVII;18W000000000SFMT;PFV BELVIS II;45,5;Solar fotovoltaica;EGLE;FALDER
BELVIII;18W000000000SFNR;FV BELVIS III;3,8;Solar fotovoltaica;EGLE;FALDER
BEMB;18WBEMB-12345-AY;BEMBEZAR;14,8;Hidraulica UGH;ENDG;GDLQ
BEMORON;18WBEMORON-123-B;BECOSA-MORON;10,8;Gas Natural Cogeneracion;HISPE;TMORON
BEN1;18WBEN1-12345-AC;BENAGEBER 1;4,3;Hidraulica UGH;IBEG;JUCA
BEN2;18WBEN2-12345-A2;BENAGEBER 2;14,9;Hidraulica UGH;IBEG;JUCA
BENAB;18W000000000FA7F;BENAB;1,8;Solar fotovoltaica;GNRA;FVGNRA
BENAD;18W000000000FA5J;BENAD;1,8;Solar fotovoltaica;GNRA;FVGNRA
BENAF;18W000000000FA9B;BENAF;1,8;Solar fotovoltaica;GNRA;FVGNRA
BENALA1;18W-BENALA1-4--G;P. E. BENALAZ 1;37,5;Eolica terrestre;EGED;EGREEN
BENALA2;18W-BENALA2-9--R;P. E. BENALAZ II;16,5;Eolica terrestre;EGED;EGREEN
BENAN;18W000000000FA8D;BENAN;1,6;Solar fotovoltaica;GNRA;FVGNRA
BENAP;18W000000000FA4L;BENAP;1,8;Solar fotovoltaica;GNRA;FVGNRA
BENAX;18W000000000FA6H;BENAX;1,8;Solar fotovoltaica;GNRA;FVGNRA
BENEDP;18W000000000RTZ2;PARQUE FV BENEIXAMA;7,6;Solar fotovoltaica;EBLCO;FBENEIX
BENEJB;18W000000000RTY4;PARQUE FV BENEIXAMA;7,6;Solar fotovoltaica;EBLCO;FBENEIX
BENESQ;18W000000000RU0W;PARQUE FV BENEIXAMA;3,8;Solar fotovoltaica;EBLCO;FBENEIX
BENET;18WBENET-12345-O;PLA DE BENET;6;Gas Natural Cogeneracion;CEG;T1CEG
BENITAC;18WBENITAC-123-9;P.E. BENITA CUELLAR;32;Eolica terrestre;IBGES;EHIBGES
BENOC01;18W000000000KZAP;BEROIL UP;0,1;Comercializadores mercado libre;BENOI;BENOC01
BERC01;18W-BERC01-51--Z;FABRICA BERNA;0,6;Consumos directos en mercado;MELUL;BERC01
BERLC01;18W000000000SPTM;BERLC01 COMPRA;1;Comercializadores mercado libre;LUZYG;BERLC01
BERR1;18WBERR1-1234-AO;BERROCALILLO 1;0,1;Hidraulica UGH;HIDRJ;BERR1
BERR2;18WBERR2-1234-AF;BERROCALILLO 2;0,3;Hidraulica UGH;HIDRJ;BERR2
BES3;18WBES3-12345-C7;BESOS (G.3) C.C.;411,9;Ciclo Combinado;ENDG;BES3
BES4;18WBES4-12345-CY;BESOS (G 4) C.C.;399,7;Ciclo Combinado;GNCC;BES4
BES5TG1;18WBES5TG1-123-2;CC BESOS 5 T GAS 1;276;Ciclo Combinado;ENDG;BES5
BES5TG2;18WBES5TG2-123-W;CC BESOS 5 T GAS 2;276;Ciclo Combinado;ENDG;BES5
BES5TV;18WBES5TV-1234-K;CC BESOS 5 T VAPOR;307;Ciclo Combinado;ENDG;BES5
BESC01;18W000000000SA8Z;COMPRA COMERCIALIZADORA;0,1;Comercializadores mercado libre;BESPI;BESC01
BESTC01;18W000000000S9YN;BEST OPTION COMPRA;0;Comercializadores mercado libre;BESTO;BESTC01
BETANZ;18W000000000S2J0;BETANZ;1;Comercializadores mercado libre;ENDCO;ENDER01
BEYOC01;18W000000000E5QX;UP BEYOC01;0,1;Comercializadores mercado libre;BEYON;BEYOC01
BGR1;18WBGR1-12345-AI;BUGARRA 1;0,2;Hidraulica UGH;ASIE;ASIJUCA
BGR2;18WBGR2-12345-A8;BUGARRA 2;0,3;Hidraulica UGH;ASIE;ASIJUCA
BI21;18WBI21-12345-AA;BIESCAS 21;30,7;Hidraulica UGH;ENDG;EBRACC1
BI22;18WBI22-12345-A0;BIESCAS 22;30,7;Hidraulica UGH;ENDG;EBRACC1
BIB1;18WBIB1-12345-AM;PUENTE BIBEY 1;79,3;Hidraulica UGH;IBEG;SIL
BIB2;18WBIB2-12345-AC;PUENTE BIBEY 2;78,8;Hidraulica UGH;IBEG;SIL
BIB3;18WBIB3-12345-A2;PUENTE BIBEY 3;78;Hidraulica UGH;IBEG;SIL
BIB4;18WBIB4-12345-AT;PUENTE BIBEY GR.4 GENERAC.;76,2;Hidraulica UGH;IBEG;SIL
BIB4B;18WBIB4B-12345-0;PUENTE BIBEY GR.4 BOMBEO;68;Consumo bombeo;IBEG;SILB
BIB5;18WBIB5-12345-AJ;PUENTE BIBEY 5;0,7;Hidraulica UGH;IBEG;SIL
BICINCO;18W000000000SOGE;BICINCOVILLAS;2;Biomasa;ELEIA;CINCOVI
BIDUER;18WBIDUER-1234-H;P.E.BIDUEROS 1ªFASE;37,7;Eolica terrestre;EGED;EPBUIO
BIEL;18WBIEL-12345-AB;BIELSA;1,5;Hidraulica UGH;ENDG;EBRERZ
BIEMTEC;18WBIEMTEC-12-D9;BIEMTEC;9,9;Gas Natural Cogeneracion;IGNIS;TBIEMTE
BIESCAF;18W000000000QCUU;BIESCAF;2,7;Hidraulica no UGH;EGED;HEALTOG
BIMEDAM;18W000000000S75D;BIOM CIUDAD DEL MEDIO AMBIENTE;17;Biomasa;EGLE;RBIORAY
BIOASTU;18WBIOASTU-123-K;BIOASTUR;9;Biogas;WMARK;RREBIOA
BIOC01;18W000000000ROO2;BIOC01;1;Consumos directos en mercado;BIODI;BIOC01
BIOCAN;18WBIOCAN-1234-X;BIOMASA DE CANTABRIA;10;Biomasa;CEG;RBIOCAN
BIOCRIS;18WBIOCRIS-12-DL;PLT. BIODIESEL SAN CRISTÓBAL 2;1,1;Gas Natural Cogeneracion;BIOWA;RBIOWA
BIOGASA;18WBIOGASA-12-DW;BIOETANOL GALICIA;24,8;Gas Natural Cogeneracion;HISPE;TBIOBG
BIOGASE;18W00000000072RV;18W00000000072RV;9,1;Gas Natural Cogeneracion;EGLE;TOLEPU
BIOLE;18WBIOLE-12345-U;BIOELÉCTRICA DE LINARES, S.L.;15;Biomasa;GNRA;RBIOLSI
BIORE;18W000000000SID1;UF BIORECICLAJE DE CADIZ;1,2;Biogas;GEMSL;RBIORE
BIOSAN;18WBIOSAN-123-D8;BIOMASA DE SANGÜESA;30,2;Biomasa;EGED;RFEGED
BIOSM1;18WBIOSM1-123-D2;BIOENERGIA SANTAMARIA S.A.;14,3;Biomasa;SANTG;RBIOSAN
BIOSM2;18WBIOSM2-123-DV;BIOSM2;12,8;Gas Natural Cogeneracion;SANTG;TSANTG
BIOVEGA;18WBIOVEGA-123-W;18WBIOVEGA-123-W;1,4;Biogas;EGLE;RMSVGA
BIPUGE;18WBIPUGE-1234-8;BIPUGE;9,8;Biomasa;GNRA;RBIPU
BIROC01;18W000000000H8V2;BIROUGAS SL;1;Comercializadores mercado libre;BIROU;BIROC01
BIRSPRA;18W000000000IXZQ;END CUR  ( TARIFA, TERMICA REN;0,6;Biogas;RSPRA;BIRSPRA
BLANC;18WBLANC-1234--G;BLANC;6;Solar fotovoltaica;GNRA;BLANC
BLANSA;18WBLANSA-1234-K;UF ARCIBLANSA F1;9,9;Gas Natural Cogeneracion;GNRA;TARCILL
BLCHON1;18W000000000QAND;UP SOLAR BELINCHON1;41,2;Solar fotovoltaica;NEXU;FBLCON1
BLCHON2;18W000000000QE6Z;UF SOLAR BELINCHON2;41,2;Solar fotovoltaica;NEXU;FBLCON2
BLCHON3;18W000000000QTF9;UF SOLAR BELINCHON3;41,2;Solar fotovoltaica;NEXU;FBLCON3
BNDARIZ;18WBNDARIZ-123-W;CH SALTO 1 BRANDARIZ;18;Hidraulica no UGH;GNCO;HFGASN
BNO1;18WBNO1-12345-A4;BENOS 1;7,8;Hidraulica UGH;ENDG;EBRFEN
BNO2;18WBNO2-12345-AV;BENOS 2;7,8;Hidraulica UGH;ENDG;EBRFEN
BNPRC01;18W000000000H8U4;BNPRC01;0,1;Comercializadores mercado libre;BNPRU;BNPRC01
BNPRV01;18W000000000Q45U;REGIMEN ESPECIAL TARIFA >15;1,8;Solar fotovoltaica;BNPRU;BNPRV01
BNUGN;18W000000000MEEZ;BNUGN;42,2;Solar fotovoltaica;GNRA;HABGN
BNZEI;18W000000000S29K;BNZEI;20;Solar fotovoltaica;GNRA;UPBNZ
BOAD;18WBOAD-12345-AQ;BOADELLA PIE DE PRESA;3,5;Hidraulica UGH;ENDG;EBRFEN
BOAEC01;18W000000000Q3YC;UP BOAENERGTICA;0,1;Comercializadores mercado libre;BOAEN;BOAEC01
BOBISI;18WBOBISI-123-EI;P.E. DE LA BOBIA Y SAN ISIDRO;49,3;Eolica terrestre;EGED;EBSISG
BODEG;18WBODEG-12345-K;P. E. LAS BODEGUILLAS;36,5;Eolica terrestre;EGED;EGREEN
BODENA;18WBODENA-123-EY;P.E. SIERRA DE BODENAYA;18;Eolica terrestre;GNRA;EFGNRA
BOH1;18WBOH1-12345-AW;BOHI 1;7,8;Hidraulica UGH;ENDG;EBRFEN
BOH2;18WBOH2-12345-AM;BOHI 2;7,8;Hidraulica UGH;ENDG;EBRFEN
BOINERS;18WBOINERS-123-3;BOINERSA;24,6;Derivados del petroleo o carbon;EGLE;TBOIRO
BOIRA;18WBOIRA-12345-0;P.E. BOIRA;34,5;Eolica terrestre;EGED;EGREEN
BOLANOS;18WBOLANOS-123-6;P.E. LOS BOLAÑOS;24;Eolica terrestre;IBGES;EHIBGES
BOLARQ;18W000000000PRK9;FV BOLARQUE I;40;Solar fotovoltaica;EGED;FVGREEN
BOLI;18WBOLI-12345-A3;BOLINCHES;0,4;Hidraulica UGH;BARER;BOLI
BON1;18WBON1-12345-A3;BONO 1;1,8;Hidraulica UGH;ENDG;EBRFEN
BON2;18WBON2-12345-AU;BONO 2;1,8;Hidraulica UGH;ENDG;EBRFEN
BONETE7;18W000000000PZMI;PARQUE FV BONETE7;5;Solar fotovoltaica;EBLCO;FMAHOR
BONETE8;18W000000000PZNG;PARQUE FV BONETE8;5;Solar fotovoltaica;EBLCO;FMAHOR
BOQUERO;18WBOQUERO-12-E3;P.E. BOQUERON;49,5;Eolica terrestre;HC G;HCGSIHA
BORB;18WBORB-12345-A7;BORBOLLON;1,3;Hidraulica UGH;ASIE;ASITAJ
BORDECO;18WBORDECO-12-EN;P. E. BORDECOREX NORTE;44,3;Eolica terrestre;IBGES;EHIBGES
BORGESA;18W000000000RCO1;BORGESA;4,6;Gas Natural Cogeneracion;DETIC;COGBORG
BORGSTM;18W000000000QV6L;BORGES;22,5;Solar térmica;GESTE;TBORGES
BORJA;18WBORJA-1234-E6;18WBORJA-1234-E6;1,9;Eolica terrestre;HC G;HCGSIHA
BORJA1;18WBORJA1-123-EJ;P.E. BORJA1;16;Eolica terrestre;HC G;HCGSIHA
BORJA2;18WBORJA2-123-EB;P.E. BORJA2;21,5;Eolica terrestre;HC G;HCGSIHA
BORSE;18W000000000O6PT;BORSE;1,5;Solar fotovoltaica;GNRA;FVGNRA
BOTAREL;18WBOTAREL-123-B;PLANTA MECÁNIC-BIOLÓGICA DE BO;1,2;Biogas;BOTAR;RBOTARE
BOUSE;18W000000000O6QR;BOUSE;1,2;Solar fotovoltaica;GNRA;FVGNRA
BOYAL3;18W000000000FGZF;PE BOYAL III;2,5;Eolica terrestre;WMARK;EFWMARK
BOYALI;18WBOYALI-1234-Y;PE BOYAL I;4,5;Eolica terrestre;WMARK;EFWMARK
BOYALII;18WBOYALII-12--B;PE BOYAL II;4,5;Eolica terrestre;WMARK;EFWMARK
BPC01;18W000000000DCB9;BP GAS EUROPE COMERCIALIZADORA;0,1;Comercializadores mercado libre;BP;BPC01
BPLLANC;18W000000000Q3SO;BPLLANC;5;Almacenamiento compra;IBGES;AFIBHFC
BPLLANV;18W000000000Q7TA;BATERIA VENTA;5;0;IBGES;FBHIBHV
BPOIL1;18WBPOIL1-1234-3;BP OIL REFINERIA DE CASTELLON;28,5;Residuos varios;BP;TBPREF1
BPOIL2;18WBPOIL2-1234-W;BP OIL REFINERIA DE CASTELLO;25,6;Residuos varios;BP;TBPREF2
BQ11;18WBQ11-12345--L;BOLARQUE I 1;13,9;Hidraulica UGH;GNFG;UFTA
BQ12;18WBQ12-12345-AQ;BOLARQUE I 2;13,9;Hidraulica UGH;GNFG;UFTA
BQ21;18WBQ21-12345-FF;BOLARQUE II GR.1 GENERAC.;54,5;Turbinacion bombeo;GNFG;UFBG
BQ21B;18WBQ21B-12345-X;BOLARQUE II GR.1 BOMBEO;52;Consumo bombeo;GNFG;UFBB
BQ22;18WBQ22-12345-F5;BOLARQUE II GR.2 GENERAC.;52,5;Turbinacion bombeo;GNFG;UFBG
BQ22B;18WBQ22B-12345-N;BOLARQUE II GR.2 BOMBEO;52;Consumo bombeo;GNFG;UFBB
BQ23;18WBQ23-12345-FW;BOLARQUE II GR.3 GENERAC.;53,5;Turbinacion bombeo;GNFG;UFBG
BQ23B;18WBQ23B-12345-D;BOLARQUE II GR.3 BOMBEO;52;Consumo bombeo;GNFG;UFBB
BQ24;18WBQ24-12345-FM;BOLARQUE II GR.4 GENERAC.;54,5;Turbinacion bombeo;GNFG;UFBG
BQ24B;18WBQ24B-12345-3;BOLARQUE II GR.4 BOMBEO;52;Consumo bombeo;GNFG;UFBB
BRANDIA;18W0000000000UE1;BRANDIA;4,4;Gas Natural Cogeneracion;COGEN;TAE7COG
BRC1;18WBRC1-12345-AE;BARCENA 1;0,4;Hidraulica UGH;REPSB;VIES
BRC2;18WBRC2-12345-A4;BARCENA 2;1,7;Hidraulica UGH;REPSB;VIES
BRD1;18WBRD1-12345-A3;BARRADOS;15,7;Hidraulica UGH;ENDG;EBRFEN
BREIC01;18W000000000KX2A;IBERICA IMPULSA SL;1;Comercializadores mercado libre;IBERB;BREIC01
BREN1B;18W000000000M2WZ;UF BOMBEO BREÑA 2;50;Consumo bombeo;IGNIS;BRENB
BRENA1;18WBRENA1-123--5;P.E. BREÑA (1ª FASE);36;Eolica terrestre;EGED;EGREEN1
BRENA2;18W000000000HSBJ;BRENA2;34;Hidraulica no UGH;IGNIS;HIDRAUL
BRETONA;18W000000000RWT5;BRETOÑA;3;Eolica terrestre;EGLE;ENORVE
BRG1;18WBRG1-12345-A7;BERGANZO 1;0,1;Hidraulica UGH;IBEG;EBRA
BRG2;18WBRG2-12345-AY;BERGANZO 2;0,1;Hidraulica UGH;IBEG;EBRA
BRG3;18WBRG3-12345-AO;BERGANZO 3;0,1;Hidraulica UGH;IBEG;EBRA
BRIG1;18W000000000QZ1J;BRIG1;1,7;Solar fotovoltaica;GNRA;FVGNRA
BRIG2;18W000000000QYYU;BRIG2;1,4;Solar fotovoltaica;GNRA;FVGNRA
BRILE;18WBRILE-12345-P;COGENERACION BRILEN;24,7;Gas Natural Cogeneracion;IGNIS;UPBRILE
BRILEN;18W000000000S1Z8;BRILEN;1;Comercializadores mercado libre;SHELL;SESAR01
BRIVIES;18WBRIVIES-123-T;BIOMASA BRIVIESCA;16;Biomasa;EGED;RFEGED
BROVALE;18W000000000RKMI;UF SOLAR BROVALES3;14;Solar fotovoltaica;NEXU;FBRVLS3
BROVLE1;18W000000000RQTN;UF SOLAR BROVALES1;40;Solar fotovoltaica;NEXU;FBRVLS1
BROVLE2;18W000000000RM1H;UF SOLAR BROVALES 2;33,8;Solar fotovoltaica;NEXU;FBRVLS2
BRR1;18WBRR1-12345-DS;LOS BARRIOS;570;Hulla sub-bituminosa;VIEPR;BRR1
BRR1X;18W000000000C3A5;CONSUMOS AUX CT LOS BARRIOS;34,1;Consumo de Servicios Auxiliares;VIEPR;BRR1X
BRRS;18WBRRS-12345-AN;BARROSA;3,5;Hidraulica UGH;GNRA;CHBAO
BRUJULA;18WBRUJULA-12-EZ;P.E. LA BRÚJULA;29,7;Eolica terrestre;HC G;EBRUJUL
BRULLES;18WBRULLES-123-7;18WBRULLES-123-7;40;Eolica terrestre;EGLE;EBRULL
BRZ1;18WBRZ1-12345-AK;BARAZAR 1;41,3;Hidraulica UGH;IBEG;EBRA
BRZ2;18WBRZ2-12345-AA;BARAZAR 2;40,6;Hidraulica UGH;IBEG;EBRA
BRZ3;18WBRZ3-12345-A0;BARAZAR 3;0,8;Hidraulica UGH;IBEG;EBRA
BSGEC01;18W00000000092FA;BSGEA;1;Comercializadores mercado libre;BSGEA;BSGEC01
BSOUF01;18W000000000SVA5;UF BSO TALAVERA 5 MW;4,6;Solar fotovoltaica;BECO;BSOUP01
BSOUF02;18W000000000SVB3;UF BSO TALAVERA 4M;3,6;Solar fotovoltaica;BECO;BSOUP01
BST1;18WBST1-12345-A0;BOSOST 1;10,6;Hidraulica UGH;ENDG;EBRFEN
BST2;18WBST2-12345-AR;BOSOST 2;10,8;Hidraulica UGH;ENDG;EBRFEN
BTN;18WBTN-123456-AQ;BATAN;0,1;Hidraulica UGH;VIEG;BTN
BTN1;18WBTN1-12345-AH;BATAN 1;0,1;Hidraulica UGH;IBEG;TAJO
BTNJ;18WBTNJ-12345-AM;BATANEJO;2;Hidraulica UGH;IBEG;JUCA
BTRIX1;18W000000000RVE1;BTRIX1;41,2;Solar fotovoltaica;GNRA;BTRR1
BTRIX2;18W000000000RVC5;BTRIX2;41,2;Solar fotovoltaica;GNRA;BTRR2
BTRIX3;18W000000000RVHW;BTRIX3;41,2;Solar fotovoltaica;GNRA;BTRR3
BUBONSO;18W000000000RY0K;BUBONSO;1,8;Hidraulica no UGH;RSPRA;HHRSPRA
BUE1;18WBUE1-12345-AU;BUENDIA 1;18,1;Hidraulica UGH;GNFG;UFTA
BUE2;18WBUE2-12345-AK;BUENDIA 2;18,1;Hidraulica UGH;GNFG;UFTA
BUE3;18WBUE3-12345-AA;BUENDIA 3;18,1;Hidraulica UGH;GNFG;UFTA
BUECB;18W000000000RH4Q;BUECB;3,1;Solar fotovoltaica;GNRA;FVGNRA
BUENAV;18WBUENAV-123-EW;18WBUENAV-123-EW;7,8;Eolica terrestre;HC G;HCGSCSA
BUG1;18WBUG1-12345-A8;BURGUILLO 1;19,7;Hidraulica UGH;GNFG;UFTA
BUG2;18WBUG2-12345-AZ;BURGUILLO 2;21,2;Hidraulica UGH;GNFG;UFTA
BUG3;18WBUG3-12345-AP;BURGUILLO 3;21;Hidraulica UGH;GNFG;UFTA
BUI1;18WBUI1-12345-AN;BUITRERAS 1;2,3;Hidraulica UGH;ENDG;GDLQ
BUI2;18WBUI2-12345-AD;BUITRERAS 2;2,3;Hidraulica UGH;ENDG;GDLQ
BUI3;18WBUI3-12345-A3;BUITRERAS 3;2,3;Hidraulica UGH;ENDG;GDLQ
BUICI1;18W000000000T13V;BUICI1;7,2;Hidraulica no UGH;GNRA;HFGNRA
BUICI2;18W000000000T14T;BUICI2;8;Hidraulica no UGH;GNRA;HFGNRA
BUICI3;18W000000000T15R;BUICI3;5,6;Hidraulica no UGH;GNRA;HFGNRA
BUICIO;18WBUICIO-123-AG;BUICIO;2,1;Hidraulica no UGH;IBGES;HFIBFZ
BUIO;18WBUIO-12345-E7;P.E. BUIO;40,3;Eolica terrestre;EGED;EPBUIO1
BUIXLEU;18W000000000QHKZ;UF SOLAR BUIXALLEU;2,2;Solar fotovoltaica;NEXU;FBUIXEU
BULLANA;18WBULLANA-123-1;P.E. BULLANA;38;Eolica terrestre;IBGES;EHIBGES
BUN1;18WBUN1-12345-A5;BUENAMESON 1;0,6;Hidraulica UGH;GNFG;UFTA
BUN2;18WBUN2-12345-AW;BUENAMESON 2;0,6;Hidraulica UGH;GNFG;UFTA
BUN3;18WBUN3-12345-AM;BUENAMESON 3;0,6;Hidraulica UGH;GNFG;UFTA
BUNBARC;18WBUNBARC-123-X;BUNGE BARCELONA;9,9;Gas Natural Cogeneracion;CEG;TBUNGE
BUNCART;18WBUNCART-123-F;BUNGE CARTAGENA;9,9;Gas Natural Cogeneracion;CEG;TBUNGE
BUNIEL;18W000000000RJ7E;BUNIEL;104;Eolica terrestre;IBGES;EIBGEBU
BUNZIER;18WBUNZIER-123-G;BUNGE ZIERBENA;9,9;Gas Natural Cogeneracion;CEG;TBUNGE
BUR1;18WBUR1-12345-AZ;BURGOMILLODO I-A;0,4;Hidraulica UGH;GNFG;UFTA
BUR2;18WBUR2-12345-AP;BURGOMILLODO II-A;0,4;Hidraulica UGH;GNFG;UFTA
BUR3;18WBUR3-12345-AF;BURGOMILLODO III-A;0,4;Hidraulica UGH;GNFG;UFTA
BUR4;18WBUR4-12345-A5;BURGOMILLODO IV;2,3;Hidraulica UGH;GNFG;UFTA
BURA1;18W000000000O74V;BURA1;1,5;Solar fotovoltaica;GNRA;FVGNRA
BURA2;18W000000000O75T;BURA2;2,5;Solar fotovoltaica;GNRA;FVGNRA
BUREBA;18WBUREBA-1234-5;P.E. BUREBA;12;Eolica terrestre;IBGES;EHIBGES
BURGOM1;18W000000000RINM;UF SOLAR BURGO1;2,1;Solar fotovoltaica;NEXU;FBURGO1
BURGOM2;18W000000000RIOK;UF SOLAR BURGO2;2,1;Solar fotovoltaica;NEXU;FBURGO2
BURGUIL;18W000000000PVSI;UF SOLAR BURGUILLOS;21,2;Solar fotovoltaica;NEXU;FBURGLL
BURKIC;18W000000000QITE;BATERIA URKILLA COMPRA;5,5;Almacenamiento compra;IBGES;AFIBHEC
BURKIV;18W000000000QIUC;VENTA BATERIA URKILLA;5,5;0;IBGES;EBHIBHV
BUSTEL1;18WBUSTEL1-12-EH;BUSTEL1;24,7;Eolica terrestre;EGED;EGREEN
BUSVB;18W000000000T0BI;BUSVB;50;Eolica terrestre;GNRA;UPBUS
BUTETEM;18WBUTETEM-123-M;BIOGAS UTE TEM;1,6;Biogas;UTTEM;TBUTETE
BUZADER;18W000000000R2SN;PE LA BUZADERA;9;Eolica terrestre;ECYR;EEGPE2
BVCOR;18WBVCOR-12345-7;P.E. CORBERA;49,9;Eolica terrestre;IGNIS;ECOR
BVNIDA1;18W000000000J1FA;FV BIENVENIDA 1;150;Solar fotovoltaica;SHEEN;SHEPV03
BYDETIC;18W0000000005JUJ;END CUR  ( TARIFA, FOTOVOLTAIC;1,4;Biogas;DETIC;BYDETIC
BYENC01;18W000000000IYMC;BY ENERGYC PENINSULA;0,1;Comercializadores mercado libre;BYENE;BYENC01
CA11;18WCA11-12345-AU;CASTRO I 1;41,5;Hidraulica UGH;IBEG;DUER
CA12;18WCA12-12345-AK;CASTRO I 2;41,5;Hidraulica UGH;IBEG;DUER
CA1RAT;18W000000000GP81;CH CAIRAT;2,3;Hidraulica no UGH;NEXU;HFNEXU
CA21;18WCA21-12345-AJ;CASTRO II;112,1;Hidraulica UGH;IBEG;DUER
CAA1;18WCAA1-12345-A5;CANALROYA;6,7;Hidraulica UGH;ENDG;EBRACC1
CAB1;18WCAB1-12345-AV;CABANELAS 1;2,3;Hidraulica UGH;GNFG;UFGC
CABAN2;18W000000000IZ48;PE CABANILLAS 2;49,9;Eolica terrestre;CEG;EVALDET
CABANA;18WCABANA-123-ET;P. E. LA CABAÑA;41,6;Eolica terrestre;HC G;HCGSIHA
CABELLO;18W000000000SWND;ES-CABELLO;12;Eolica terrestre;EBLCO;ECABELL
CABEZAS;18WCABEZAS-123-D;P. E. LAS CABEZAS;17,4;Eolica terrestre;IBGES;EHIBGES
CABIMO;18WCABIMO-123-EV;P. E. CABIMONTEROS;49,5;Eolica terrestre;IBGES;EDRIBGE
CABISC2;18WCABISC2-123-H;HIDRAULICA CABISCO 2;2,5;Hidraulica no UGH;DETIC;HFDETIC
CABOVIL;18WCABOVIL-123-8;P E CABO VILANO;6;Eolica terrestre;GNCO;EGASNE1
CABRAS;18WCABRAS-1234-W;PE SIERRA DE LAS CABRAS;22,1;Eolica terrestre;IBGES;EHIBGES
CABRER;18W000000000IG8K;PSF CERRADO CABRERA;39,8;Solar fotovoltaica;EGLE;FLUANDA
CABRERA;18W000000000HF7T;18W000000000HF7T;3,1;Solar fotovoltaica;EGLE;FEBISU
CABRERI;18W000000000PUG8;PE CABRERIZAS;40,1;Eolica terrestre;HC G;HCGSCSA
CABRIL;18WCABRIL-1234-G;P.E. LAS CABRILLAS;28,5;Eolica terrestre;MEDI;EMEDI
CABRITO;18WCABRITO-12-E5;CABRITO;30;Eolica terrestre;EGED;EGREEN
CABUELO;18WCABUELO-12-E1;CABUELO;30;Eolica terrestre;IBGES;EHIBGES
CABZASF;18W000000000NDT4;CABZASFV;1,6;Solar fotovoltaica;GESTE;FCABEZA
CABZLAS;18W000000000RQWH;UF SOLAR LAS CABEZUELAS;2,4;Solar fotovoltaica;NEXU;FCABZLA
CACONDE;18WCACONDE-123-A;18WCACONDE-123-A;8;Eolica terrestre;EBLCO;ECACOND
CADEIR;18W000000000G1FM;18W000000000G1FM;19,8;Eolica terrestre;HISPE;EESTELO
CADIMA;18W000000000GEWN;FV CADIMA;33,1;Solar fotovoltaica;NEXU;FCADIMA
CADLC01;18W000000000FVZ7;UNIDAD COMPRA CANDELA;0;Comercializadores mercado libre;CANDL;CADLC01
CAL1;18WCAL1-12345-AW;CALA 1;6,3;Hidraulica UGH;ENDG;GDLQ
CAL2;18WCAL2-12345-AM;CALA 2;6,3;Hidraulica UGH;ENDG;GDLQ
CALANAS;18W000000000NQKK;CALANAS;4;Solar fotovoltaica;ADXRE;FAUDAX
CALASPA;18W000000000RL2I;CALASPA;8;Solar fotovoltaica;CEG;FCALASP
CALAVER;18W000000000LZYA;UF SOLAR CALAVERON;20;Solar fotovoltaica;NEXU;FCLVRON
CALCAL;18W000000000L27F;UF CALCAL;10;Solar fotovoltaica;NEXU;FCALCAL
CALDERE;18WCALDERE-123-R;P.E. CALDEREROS;37,8;Eolica terrestre;ECYR;EEGPEM
CALEC01;18W000000000K70I;CALEC01;2,3;Consumos directos en mercado;CALEA;CALEC01
CALERA;18WCALERA-1234-6;18WCALERA-1234-6;4,9;Eolica terrestre;EGLE;EMTORR
CALERAS;18W000000000N0B5;CALERSCHOZAS;13,4;Solar fotovoltaica;GESTE;FCALERA
CALIG;18W000000000ONW1;UF SOLAR CALIG;3,2;Solar fotovoltaica;NEXU;FCALIG
CALLEJA;18WCALLEJA-12-EL;P.E. CALLEJAS;49,5;Eolica terrestre;IBGES;EHIBGES
CALOBRE;18WCALOBRE-12-E0;P. E. LES CALOBRES;12,7;Eolica terrestre;WMARK;EFWMARK
CALUEN;18WCALUEN-123-ET;P.E. CALUENGO;49,5;Eolica terrestre;GNCO;EGASNE0
CALZADA;18WCALZADA-123-K;PARQUE EÓLICO LA CALZADA;30,6;Eolica terrestre;EBLCO;ECALZAD
CAM1;18WCAM1-12345-AL;CAMARMEÑA 1;6,5;Hidraulica UGH;REPSB;VIES
CAM2;18WCAM2-12345-AB;CAMARMEÑA 2;6,2;Hidraulica UGH;REPSB;VIES
CAMCC01;18W000000000ARMS;CAMPO COMPRAS;0,4;Comercializadores mercado libre;CAMCO;CAMCC01
CAMG20X;18W0000000004S4B;CAMG20X;7;Consumo de Servicios Auxiliares;DETIC;CAMG20X
CAMGI10;18WCAMGI10-12-CK;CAMPO GIBRALTAR 1;392,6;Ciclo Combinado;GNCC;CAMGI10
CAMGI20;18WCAMGI20-12-CC;CAMPO GIBRALTAR 2;387,9;Ciclo Combinado;SEDAE;CAMGI20
CAMODUE;18WCAMODUE-123-2;P.E. CABEZA MORENA - DUEÑAS;50;Eolica terrestre;EGED;EGREEN
CAMP2;18W000000000MCPJ;UF ELAWAN CAMPANARIO II;41,8;Solar fotovoltaica;IGNIS;SCAMP2
CAMPAL;18WCAMPAL-123-E9;P.E. CAMPALBO;49,3;Eolica terrestre;IBGES;EHIBGES
CAMPANA;18WCAMPANA-123-T;18WCAMPANA-123-T;4,9;Eolica terrestre;EGLE;EPUEYO
CAMPAR;18W000000000HSDF;CPRIO;31,5;Solar fotovoltaica;GESTE;FCAMPAN
CAMPEYO;18WCAMPEYO-123-T;UF EL CAMPEYO;1,4;Biogas;GNRA;RCAMPEL
CAMPIL1;18W000000000NPOF;PE CAMPILLO 1;75;Eolica terrestre;ECYR;EEGPES
CAMPIL2;18W000000000NPMJ;PE CAMPILLO 2;87,5;Eolica terrestre;ECYR;EEGPE1
CAMPIL3;18W000000000NPNH;PE CAMPILLO 3;87,5;Eolica terrestre;ECYR;EEGPE1
CAMPILL;18WCAMPILL-123-7;P.E.LOS CAMPILLOS;34;Eolica terrestre;IBGES;EHIBGES
CAMPISA;18WCAMPISA-12-EA;P.E. CAMPISABALOS;24,4;Eolica terrestre;IBGES;EHIBGES
CAMPO1;18W000000000S2AI;CAMPO1;1;Comercializadores mercado libre;ENDCO;ENDER01
CAMPOBR;18WCAMPOBR-123-S;18WCAMPOBR-123-S;6,8;Gas Natural Cogeneracion;EGLE;TRODO2
CAMPOF;18WCAMPOF-123-D7;COGENERADORA BURGALESA;4,9;Gas Natural Cogeneracion;COBUR;TCOBUR
CAMPOL1;18W000000000F64X;PE CAMPOLIVA I;35,9;Eolica terrestre;ECYR;EEGPES
CAMPOL2;18W000000000F65V;CAMPOLIVA II;39,3;Eolica terrestre;ECYR;EEGPES
CAMPORI;18W000000000RJU5;CHCAMPORI;15,2;Hidraulica no UGH;CEG;HALTANO
CAMPOSP;18W000000000S1WE;CAMPOS SAN PEDRO;1;Solar fotovoltaica;GESTE;FGST154
CAMRV01;18W000000000QQHE;CAMRV01;50;Solar fotovoltaica;GNRA;UPCAM1
CAMRV05;18W000000000QR24;CAMRV05;50;Solar fotovoltaica;GNRA;UPCAM5
CAN1;18WCAN1-12345-AA;CAÑAVEROSA 1;1,1;Hidraulica UGH;IBEG;JUCA
CAN2;18WCAN2-12345-A0;CAÑAVEROSA 2;1,2;Hidraulica UGH;IBEG;JUCA
CAN3;18WCAN3-12345-AR;CAÑAVEROSA 3;1,1;Hidraulica UGH;IBEG;JUCA
CANA;18WCANA-12345-AV;CANALES 1;8;Hidraulica UGH;ENDG;GDLQ
CANAISA;18WCANAISA-123-J;UNIDAD TRATAMIENTO LODOS DEPUR;19,9;Gas Natural Cogeneracion;GNRA;TCANAIS
CANALEJ;18WCANALEJ-12-EN;CANALEJ;18,7;Eolica terrestre;IBGES;EHIBGES
CANALRI;18WCANALRI-123-I;HIDCANALRIO;6,5;Hidraulica no UGH;GESTE;HGUADAL
CANALTA;18W000000000R7ZV;FV CANADA ALTA;43,4;Solar fotovoltaica;SHEEN;SHEPV28
CANAME;18W000000000EZPJ;CANAMERO SOLAR;5,5;Solar fotovoltaica;NEXU;FCANAME
CANASEC;18W000000000F5ZB;PARQUE EOLICO CANASECA;18;Eolica terrestre;ECYR;EEGPES
CANAT;18W000000000M3DX;CANAT;2;Solar fotovoltaica;GNRA;LAPEN
CANAVER;18WCANAVER-123-6;CANAVEROSA;4;Solar fotovoltaica;WMARK;FFWMARK
CANAVFV;18WCANAVFV-123-7;PV CANAVER;6;Solar fotovoltaica;GESTE;FCANAVE
CANBAR;18W000000000R0EK;18W000000000R0EK;1,2;Biogas;EGLE;RCESRE
CANDAL;18WCANDAL-1234-M;PE EL CANDAL;38;Eolica terrestre;IBGES;EHIBGES
CANES;18W000000000T1BF;UF SOLAR CANES;38,2;Solar fotovoltaica;NEXU;FCANES
CANILES;18W000000000S7XV;UF SOLAR CANILES;2,8;Solar fotovoltaica;NEXU;FCANILS
CANO1;18WCANO1-1234-AM;CAÑO 1;0,7;Hidraulica UGH;HC G;HCHI
CANO2;18WCANO2-1234-AD;CAÑO 2;0,1;Hidraulica UGH;HC G;HCHI
CANONER;18WCANONER-123-C;P. E. CA¥ORERAS;32,3;Eolica terrestre;IBGES;EHIBGES
CANTAL;18WCANTAL-123-EW;P.E. CANTALOJAS;24;Eolica terrestre;IBGES;EHIBGES
CANTALE;18WCANTALE-123-3;P.E. LOS CANTALES;23,5;Eolica terrestre;HC G;HCGSCSA
CANTERA;18WCANTERA-123-L;P. E. LAS CANTERAS;8;Eolica terrestre;MIRAS;EMIRASI
CANTI44;18W000000000R1L3;CANTILLANA44;5;Solar fotovoltaica;ADXRE;CANTI44
CANTIII;18W000000000T3PI;PE CANTERAS III;40;Eolica terrestre;WMARK;PECANTI
CANTIRU;18WPECANTIRUEL-S;P.E.CANTIRUELA;15;Eolica terrestre;ECYR;EEGPEM
CANTO;18WCANTO-1234-EG;P.E. CANTO;20,2;Eolica terrestre;EGED;EGREEN
CANXC01;18W000000000PQBU;CANXC01;4,7;Consumos directos en mercado;MOLEC;CANXC01
CAPAC01;18W-CAPAC01-5--I;SEDE CENTRAL;2,6;Consumos directos en mercado;CAPAS;CAPAC01
CAPARRO;18WCAPARRO-12-A1;SALTO DE CAPARROSO;4,7;Hidraulica no UGH;EGED;HFEGED
CAPEL;18WCAPEL-1234-EN;P.E. CAPELADA;16,5;Eolica terrestre;ECYR;EREGPEM
CAPEL2;18WCAPEL2-123-ES;P.E. CAPELADA II;14,8;Eolica terrestre;ECYR;EREGPEM
CAPIECH;18W000000000K48B;CAPIECHAMARTIN;34,1;Eolica terrestre;IBGES;EHIBGES
CAPIR1;18WCAPIR1-123-EG;P.E. CAPIRUZA I;50;Eolica terrestre;IBGES;EHIBGES
CAPIR2;18WCAPIR2-123-E8;P.E. CAPIRUZA II;42;Eolica terrestre;IBGES;EHIBGES
CAPRIC;18W000000000KNCK;FVCAPRICORNIUS;21,5;Solar fotovoltaica;HISPE;FCAPRI
CAPSA;18WCAPSA-12345-V;UF CAPSA;9,7;Gas Natural Cogeneracion;DETIC;TCAPSA
CAPTC01;18W000000000SSLT;CAPTURC01;0,1;Comercializadores mercado libre;CAPTA;CAPTC01
CAR1;18WCAR1-12345-A3;EL CARPIO 1;2,5;Hidraulica UGH;ENDG;GDLQ
CAR2;18WCAR2-12345-AU;EL CARPIO 2;2,7;Hidraulica UGH;ENDG;GDLQ
CAR3;18WCAR3-12345-AK;EL CARPIO 3;2,3;Hidraulica UGH;ENDG;GDLQ
CARAG;18WCARAG-12345-O;P.E. MOLINO DE CARAGÜEYES;0,7;Eolica terrestre;HC G;HCGSIHA
CARANTO;18WCARANTO--1-AD;CARANTOÑA;5;Hidraulica no UGH;IGNIS;HXAL2
CARAVAK;18W000000000NGIH;CARAVAK;1,5;Solar fotovoltaica;CEG;FCARAVA
CARBA;18WCARBA-1234-EJ;P.E. A CARBA;19,5;Eolica terrestre;EGED;EGREEN
CARBAL;18WCARBAL-123-EK;P.E. CARBALLEIRA;24,4;Eolica terrestre;EGED;EGREEN
CARBALL;18WCARBALL-123-G;ENERGYWORKS CARBALLO;13,1;Derivados del petroleo o carbon;IBGES;TPIBGES
CARDENE;18W000000000T0H6;PS SOLAR PARK CARDENER;2,9;Solar fotovoltaica;SOMEN;SENFV1
CAREON;18WCAREON-123-EX;P. E. CAREON;18;Eolica terrestre;ECYR;EREGPEM
CARJOS1;18W000000000QAKJ;UF SOLAR CARTUJOS 1;20;Solar fotovoltaica;NEXU;FCRJOS1
CARJOS2;18W000000000QALH;UF SOLAR CARTUJOS 2;10;Solar fotovoltaica;NEXU;FCRJOS2
CARMONA;18W000000000SEXA;UF SOLAR CARMONA;5;Solar fotovoltaica;NEXU;FCARMON
CAROLI;18W000000000KBL1;CAROLINAS I;4,2;Solar fotovoltaica;ADXRE;FAUDAX
CAROLII;18W000000000KBNY;CAROLINAS II;4,2;Solar fotovoltaica;ADXRE;FAUDAX
CARONDI;18W-CARONDI-6--V;P.E. CARONDIO;50;Eolica terrestre;HC G;HCGEORS
CARPIO;18W000000000F2AX;SFV EL CARPIO;46,2;Solar fotovoltaica;GNCO;FGASNE2
CARRAC;18WCARRAC-123-E6;P. E. LA CARRACHA;49,5;Eolica terrestre;EGLE;ECARRG
CARRACE;18W000000000G1DQ;18W000000000G1DQ;9,9;Eolica terrestre;HISPE;EESTELO
CARRAS;18WCARRAS-123-EQ;P.E. CARRASQUILLO;49,3;Eolica terrestre;IBGES;EHIBGES
CARRASC;18WPECARRASCOSAS;P.E. CARRASCOSA;38;Eolica terrestre;IBGES;EHIBGES
CARRAT;18W000000000IAMA;PE CARRATORRES;39,6;Eolica terrestre;GNCO;EGASNE2
CARRE;18W000000000SS0Y;CARRE;10;Eolica terrestre;RENSP;RECARRE
CARRERS;18W000000000NJCK;CARRERAS ENERGIAS RENOVABLES;8,9;Eolica terrestre;CEG;ECARRER
CARRIL;18WCARRIL-1234-P;P. E. EL CARRIL;28;Eolica terrestre;IBGES;EHIBGES
CARRIO;18WCARRIO-123-EN;P.E. MONTE CARRIO;31,4;Eolica terrestre;IBGES;EHIBGES
CARTGO1;18W000000000PP2E;BIANOR SOLAR;11;Solar fotovoltaica;SHEEN;SHEPV16
CARTGO2;18W000000000PPCV;FREYA SOLAR;40,8;Solar fotovoltaica;SHEEN;SHEPV12
CARTGO3;18W000000000PP58;DON RODRIGO III;40,8;Solar fotovoltaica;SHEEN;SHEPV13
CARTGO4;18W000000000PP4A;DON RODRIGO IV;42,8;Solar fotovoltaica;SHEEN;SHEPV14
CARTGO5;18W000000000PP3C;DON RODRIGO V;42,8;Solar fotovoltaica;SHEEN;SHEPV15
CARTGO6;18W000000000QQJA;BIANOR SPV;29,7;Solar fotovoltaica;SHEEN;SHEPV27
CARTO;18W000000000QJV7;CARTO;1,6;Solar fotovoltaica;EFG;FGEFG
CARTUJA;18W000000000LZFB;18W000000000LZFB;43;Solar fotovoltaica;EGLE;FCARTU
CARVA;18W000000000F46Z;CARVALLADOLID;2;Solar fotovoltaica;GNRA;FVGNRA
CARVACA;18W000000000R2AM;CARAVACA;2;Solar fotovoltaica;GESTE;FCARVAC
CARVC01;18W-CARVC01-2--6;CARVI;8;Comercializadores mercado libre;CARVI;CARVC01
CASA;18WCASA-123456-E;P.E. CASA;29,9;Eolica terrestre;GNCO;EFGASN
CASA1;18WCASA1-12345-0;P.E.CASA DEL AIRE I;50;Eolica terrestre;WMARK;EFWMARK
CASA2;18WCASA2-12345-S;P.E.CASA DEL AIRE II;50;Eolica terrestre;WMARK;EFWMARK
CASABLA;18WCASABLA-123-9;CASABLANCA;49,9;Solar térmica;CEG;STSERRE
CASAC01;18W0000000002UIM;CASAC01;1,2;Consumos directos en mercado;CASAT;CASAC01
CASAQ1;18W000000000Q1VO;CASAQUEMADA I;29;Solar fotovoltaica;EBLCO;FCASAQ1
CASAQ2;18W000000000Q1WM;CASAQUEMADA II;29;Solar fotovoltaica;EBLCO;FCASAQ2
CASAR;18WCASAR-12345-P;CASAR;3,1;Hidraulica no UGH;CEG;HCASAR
CASAVJ;18W000000000SSQJ;CASA VIEJA;47,3;Eolica terrestre;SHEEN;SHEPV32
CASCALD;18WCASCALD-123-E;18WCASCALD-123-E;4,3;Hidraulica no UGH;EGLE;HSAEDO
CASCANT;18W000000000SKWV;PE CASCANTE II;50;Eolica terrestre;EGLE;ECANTE
CASETON;18W000000000GJUC;CASETONA;53,1;0;IBGES;FEHIBHV
CASOL;18WCASOL-12345-D;CASOL;2;Hidraulica no UGH;CEG;HCAMPOS
CASTE;18WCASTE-12345-Q;PARQUE EOLICO LA CASTELLANA;46;Eolica terrestre;EGED;EGREEN
CASTEJD;18W000000000JQXA;44;1,4;Solar fotovoltaica;GESTE;FCASTEJ
CASTEL1;18W000000000MH2D;CASTEL1;1,1;Solar fotovoltaica;NEXU;FCSTEL1
CASTEL2;18W000000000MHP4;CASTEL2;1,8;Solar fotovoltaica;NEXU;FCSTEL2
CASTELO;18WCASTELO-12-E9;P.E. CASTELO;16,5;Eolica terrestre;ECYR;EEGPEM
CASTELS;18W000000000P6MV;UF SOLAR CASTELSERAS;1,1;Solar fotovoltaica;NEXU;FCSERAS
CASTEUR;18WCASTEUR-12-DT;18WCASTEUR-12-DT;8,8;Gas Natural Cogeneracion;EGLE;TPYC2
CASTI;18WCASTI-12345-R;PARQUE EOLICO CASTIL DE TIERRA;36;Eolica terrestre;EGLE;ECASTI
CASTIL;18W000000000RO0D;CASTIL;1,5;Hidraulica no UGH;GNRA;HFGNRA
CASTILB;18W000000000F6ED;FV CASTILBLANCO;34,3;Solar fotovoltaica;ECYR;FEGPEM
CASTOR;18W000000000MEMJ;CASTOR;42,5;Solar fotovoltaica;HISPE;FCASTOR
CASTRE;18WCASTRE-1234-6;P.E. EL CASTRE;26,7;Eolica terrestre;GNRA;PECAST
CASTRIO;18WCASTRIO-12-ER;CASTRIO;26,4;Eolica terrestre;GNRA;EFGNRA2
CASTRO;18WCASTRO-1234-0;UF COGOTAS 1;5,2;Hidraulica no UGH;GNRA;HCOGOTA
CASTUER;18W000000000QJW5;FV CASTUERA;1,9;Solar fotovoltaica;WMARK;FFWMARK
CASTUR;18W000000000QAOB;UF SOLAR CASTUR;1,2;Solar fotovoltaica;NEXU;FCASTUR
CATGC01;18W-CATGC01-2--A;CATGAS ENERGIA SA;0,5;Comercializadores mercado libre;CATGA;CATGC01
CATMIN;18W000000000S24U;CATMIN;1;Comercializadores mercado libre;SHELL;SESAR01
CATRAL1;18W000000000SLFP;CATRAL01 FISICA;1,8;Solar fotovoltaica;TRISO;CATRAL1
CATRAL2;18W000000000T57B;UP CATRAL 2;0,5;Solar fotovoltaica;TRISO;CATRAL2
CATRC01;18W-CATRC01-4--E;ELÉCTRICA CATRALENSE, SLU COMP;4;Comercializadores mercado libre;CATRA;CATRC01
CAUPS;18W000000000JKVW;CAUPS;1,7;Solar fotovoltaica;GNRA;FVGNRA
CAV1;18WCAV1-12345-AX;CARCAVILLA;4,8;Hidraulica UGH;ENDG;EBRACC1
CAVAR1;18W000000000I2QQ;CAVAR1;27,7;Eolica terrestre;IBGES;EHIBGES
CAVAR2;18W000000000I2RO;CAVAR2;27,7;Eolica terrestre;IBGES;EHIBGES
CAVAR3A;18W000000000I2SM;CAVAR3A;27,7;Eolica terrestre;IBGES;EHIBGES
CAVAR3B;18W000000000I2TK;CAVAR3B;27,7;Eolica terrestre;IBGES;EHIBGES
CAVLO;18WCAVLO-1234-DA;PAPELERA DE CAVLO;4,9;Gas Natural Cogeneracion;WMARK;TCAVLO
CAXADO;18WCAXADO-123-EO;CAXADO;24,4;Eolica terrestre;EGED;EGREEN
CAYO;18WCAYO-12345-EL;P. E. EL CAYO;24,7;Eolica terrestre;EGLE;ETASA
CAYPA;18WCAYPA-1234-DQ;CAYLA Y PARES;7,3;Gas Natural Cogeneracion;EBLCO;TTCAYPA
CAZU;18WCAZU-12345-AW;CAZULAS;1,7;Hidraulica UGH;ENDG;GDLQ
CBAILON;18WCBAILON-12-E3;P.E. CRISTO BAILONES;42;Eolica terrestre;EGED;EGREEN1
CBECERR;18WCBECERR-123-B;P.E. CERRO BECERRIL;49,6;Eolica terrestre;HC G;HCGSCSA
CBIO1;18WCBIO1-12345-W;COGENERACION CON BIOMASA HUELV;27,5;Biomasa;ENCEG;RUCBIO1
CBIO2;18WCBIO2-12345-N;BIOMASA HUELVA 50 MW;50;Biomasa;ENCEG;RUCBIO2
CBLA;18WCBLA-12345-A4;CASABLANCA;0,5;Hidraulica UGH;ENDG;EBRACC1
CBLANCO;18WCBLANCO-123-E;P. E. CERRO BLANCO;42;Eolica terrestre;IBGES;EHIBGES
CBR1;18WCBR1-12345-AS;CABRIANA 1;0,7;Hidraulica UGH;IBEG;EBRA
CBR2;18WCBR2-12345-AI;CABRIANA 2;0,7;Hidraulica UGH;IBEG;EBRA
CBR3;18WCBR3-12345-A8;CABRIANA 3;1,9;Hidraulica UGH;IBEG;EBRA
CBR4;18WCBR4-12345-AZ;CABRIANA 4;1,9;Hidraulica UGH;IBEG;EBRA
CC08HU;18W000000000SW6A;CC08HU;1;Comercializadores mercado libre;FORTI;FORTR01
CCAL;18W000000000ISPO;CERRO CALDERON;4;Eolica terrestre;WMARK;EFWMARK
CCASC01;18W000000000NLNT;CCASC01 UP;1;Comercializadores mercado libre;COMER;CCASC01
CCATC01;18W-CCATC01-7--4;CCATC01;6;Comercializadores mercado libre;CCATR;CCATC01
CCDFW;18W000000000O6VH;CCDFW;3,6;Solar fotovoltaica;GNRA;FVGNRA
CCH1;18WCCH1-12345-AF;LAS CONCHAS 1;12,5;Hidraulica UGH;GNFG;UFGC
CCH2;18WCCH2-12345-A5;LAS CONCHAS 2;12,6;Hidraulica UGH;GNFG;UFGC
CCH3;18WCCH3-12345-AW;LAS CONCHAS 3;24,1;Hidraulica UGH;GNFG;UFGC
CCOLOR;18WCCOLOR-123-EE;P.E. CUESTA COLORADA;49,5;Eolica terrestre;IBGES;EHIBGES
CCORA;18WCCORA-12345-S;CORA COGENERACION SL;5,4;Gas Natural Cogeneracion;NEXU;TCORCOG
CCOREN2;18W000000000R7RA;CCOREN2;3,5;Gas Natural Cogeneracion;DETIC;COGCORE
CCRUCES;18WCCRUCES-123-D;ARCOS DE GRABA SL;1,8;Eolica terrestre;NEXU;EFNEXU
CCUFW;18W000000000O9G1;CCUFW;2,5;Solar fotovoltaica;GNRA;FVGNRA
CDAMM1;18WCDAMM1-123--W;CDAMM1;9,9;Gas Natural Cogeneracion;DETIC;COGCDAM
CDASNOS;18W000000000QXC3;PSFV CANDASNOS;2,7;Solar fotovoltaica;NEXU;FCDSNOS
CDB1;18WCDB1-12345-AW;CORDOBILLA 1;4;Hidraulica UGH;ENDG;GDLQ
CDB2;18WCDB2-12345-AM;CORDOBILLA 2;5;Hidraulica UGH;ENDG;GDLQ
CDB3;18WCDB3-12345-AC;CORDOBILLA 3;5;Hidraulica UGH;ENDG;GDLQ
CDEMORO;18WCDEMORO-123-3;P.E. COLL DEL MORO;48,7;Eolica terrestre;IGNIS;ECOL
CDGARGA;18WCDGARGA-123-1;CDGARGA;21,7;Eolica terrestre;HC G;HCGSCSA
CDMOLIN;18W000000000PS09;UF SOLAR CAÑADA MOLINO 2;0,9;Solar fotovoltaica;NEXU;FMOLINO
CDORADA;18WCDORADA-12-ED;P.E. CUEVA DORADA;19,5;Eolica terrestre;EGED;ECEGRG
CDP1;18W000000000KLEM;CASASDP1;47,4;Solar fotovoltaica;SHEEN;SHEPV04
CDP2;18W000000000KLFK;CASASDP2;36;Solar fotovoltaica;SHEEN;SHEPV05
CDRMN;18W000000000OYOL;CDRMN;1,5;Solar fotovoltaica;GNRA;FVGNRA
CDTENON;18WPECHNDTENON-2;P.E.CHAN DO TENON;22,4;Eolica terrestre;ECYR;EEGPEM
CEBAC01;18W-CEBAC01-4--7;CEBA;6,3;Comercializadores mercado libre;CEA;CEBAC01
CEBRIAN;18W000000000SF7M;PE SAN CEBRIAN;39,6;Eolica terrestre;EGLE;EPRADA3
CECAC01;18W-CECAC01-4--Y;CASTELLAR;3,6;Comercializadores mercado libre;CECA;CECAC01
CECAMPO;18WCECAMPO-123-J;18WCECAMPO-123-J;3,9;Derivados del petroleo o carbon;EGLE;TNUCE
CED1;18WCED1-12345-AZ;CEDILLO 1;121,3;Hidraulica UGH;IBEG;TAJO
CED2;18WCED2-12345-AP;CEDILLO 2;120,6;Hidraulica UGH;IBEG;TAJO
CED3;18WCED3-12345-AF;CEDILLO 3;127,4;Hidraulica UGH;IBEG;TAJO
CED4;18WCED4-12345-A5;CEDILLO 4;125,6;Hidraulica UGH;IBEG;TAJO
CEDC01;18W00000000024YV;COMERCIALIZADORA DE ENERGA DIR;0,1;Comercializadores mercado libre;CEDSL;CEDC01
CEEEC01;18W-CEEEC01-4--F;COMPAÑÍA ESCANDINAVA DE ELECTR;0,8;Comercializadores mercado libre;CEEE;CEEEC01
CEESC01;18W-CEESC01-2--8;CEESC01;1,9;Comercializadores mercado libre;CENES;CEESC01
CEGC01;18W-CEGC01-40--V;CEGC01;0;Comercializadores mercado libre;CEG;CEGC01
CELAD;18WCELAD-12345-W;P. E. CELADA V;26;Eolica terrestre;EGED;EGREEN1
CELAD1;18WCELAD1-1234-B;P. E. CELADA I;34;Eolica terrestre;EGED;EGREEN1
CELADFU;18W000000000N4UT;CELADAS FUSION;44,8;Eolica terrestre;EGED;EGREEN1
CELAYA;18WCELAYA-123-EV;P.E. CELAYA;28,8;Eolica terrestre;HC G;HCGSIHA
CELC01;18W-CELC01-45--Z;CELC01;7;Consumos directos en mercado;CELL;CELC01
CELI;18WCELI-123456-0;COMPAÑÍA ENERGÉTICA DE LINARES;25;Gas Natural Cogeneracion;GNRA;TCELISI
CELIS;18WCELIS-1234-AZ;CELIS;6,3;Hidraulica no UGH;EGED;HENANSA
CELSC01;18W0000000005OQC;CELSC01;7.021,40;Consumos directos en mercado;CELSA;CELSC01
CELSC02;18W0000000007HQP;CELSC02;0,4;Consumos directos en mercado;CELSA;CELSC02
CELVI;18WCELVI-1234--H;COMPAÑÍA ENERGÉTICA LAS VILLAS;24,9;Gas Natural Cogeneracion;GNRA;TCELVSI
CEMEC01;18W000000000SRG5;CEMENTO PENINSULA;5;Comercializadores mercado libre;CEMEK;CEMEC01
CEMOS;18WCEMOS-12345-5;CELUSOSAS MOLDEADAS;4,8;Gas Natural Cogeneracion;GEMSL;TCEMO
CEMRINQ;18WCEMRINQ-12--B;18WCEMRINQ-12--B;9,9;Gas Natural Cogeneracion;NEXU;TCERMA
CEN121;18W000000000T6B0;CENTAURUS SOLAR FV121;45,6;Solar fotovoltaica;SOLRC;FCEN121
CENAR;18WCENAR-12345-W;P. E. EL CENTENAR;40;Eolica terrestre;IBGES;EHIBGES
CENER2;18WCENER2-123-DO;CENER2;40,9;Biomasa;CENER;RCENER
CENG01;18W000000000QS6U;END CUR  ( TARIFA, FOTOVOLTAIC;0;Solar fotovoltaica;CENTS;CENG01
CENTC01;18W-CENTC01-3--G;CENTC01;0;Comercializadores mercado libre;CENTE;CENTC01
CENTCP3;18W-CENTCP3-8--V;CENTCP3;300;Importacion Francia;CENTE;CENTCP3
CENTE;18W000000000KHKM;CENTE;3,5;Solar fotovoltaica;GNRA;FVGNRA
CENTVP3;18W-CENTVP3-9--N;CENTVP3;300;Exportacion Francia;CENTE;CENTVP3
CENVIA1;18W000000000SGNO;UF SOLAR CENTROVIA 1;9,2;Solar fotovoltaica;NEXU;FCNVIA1
CENVIA2;18W000000000SGOM;UF SOLAR CENTROVIA 2;9,2;Solar fotovoltaica;NEXU;FCNVIA2
CENVIA3;18W000000000SGPK;UF SOLAR CENTROVIA 3;9,1;Solar fotovoltaica;NEXU;FCNVIA3
CEPEC01;18W000000000ASMP;COMERCIALIZADORA ELECTRICA PEN;1;Comercializadores mercado libre;CEPEN;CEPEC01
CEPUE;18WCEPUE-12345-1;CIA. ENERGÉTICA PUENTE DEL OBI;24,9;Gas Natural Cogeneracion;GNRA;TCEPUSI
CER1;18WCER1-12345-AT;CERNADILLA;33,3;Hidraulica UGH;IBEG;DUER
CERANO2;18WCERANO2-12-DS;18WCERANO2-12-DS;9,9;Gas Natural Cogeneracion;EGLE;TCRNOR
CERANOR;18WCERANOR-12-D1;18WCERANOR-12-D1;9,8;Gas Natural Cogeneracion;EGLE;TCRNOR
CERCAL;18WCERCAL--12-EK;P.E. CERRO CALDERON;49,5;Eolica terrestre;IBGES;EHIBGES
CERCEDA;18WCERCEDA-123-Q;18WCERCEDA-123-Q;2,5;Eolica terrestre;EGLE;EFGAVE
CERCEDO;18WCERCEDO-123-2;CH CERCEDO;3;Hidraulica no UGH;WMARK;HFWMARK
CERES1;18WCERES1-1234-T;WHISKY DYC;6,4;Gas Natural Cogeneracion;COGEN;TAE4COG
CERES2;18WCERES2-1234-L;VINAZAS DYC;6,4;Gas Natural Cogeneracion;COGEN;TAE5COG
CERRAT6;18W000000000SEH5;PE CERRATO 6;47,7;Eolica terrestre;EGLE;ECERRA
CERRATO;18WCERRATO-123-J;CERRATO;4;Hidraulica no UGH;CEG;HCERRAT
CERRILL;18W000000000QBBY;CERRILLARES-FV;42;Solar fotovoltaica;ALDRO;PLENFV1
CERRO;18WCERRO-1234-EI;CERRO;30;Eolica terrestre;EGED;EGREEN
CERROB;18WCERROB-1234-3;P.E.CERROBLANCO (1ªFASE);48;Eolica terrestre;EGED;EGREEN
CERRODU;18WCERRODURANEO6;P.E. CERRO DURAN;45;Eolica terrestre;HC G;HCGSCSA
CERROS;18WCERROS-1234-F;18WCERROS-1234-F;4,5;Eolica terrestre;EGLE;EUNZUE
CERVUP;18W000000000QI0Z;IB CUR  ( TARIFA, FOTOVOLTAICA;1;Solar fotovoltaica;ZRMTT;CERVUP
CESILLA;18WCESILLA-12--P;P.E. CERRO DE LA SILLA;15,3;Eolica terrestre;IBGES;EHIBGES
CESOC01;18W000000000GQ0E;UNIDAD DE COMPRA DE COMERCIALI;0,1;Comercializadores mercado libre;CESOS;CESOC01
CESPAF1;18WCESPAF1-123-5;UF CESPA F1;3,1;Biogas;GNRA;RBCESPA
CESPARE;18WCESPARE-123-3;18WCESPARE-123-3;4,2;Biogas;EGLE;RURBA
CESPASP;18WCESPASP-123-T;18WCESPASP-123-T;3,4;Biogas;EGLE;RCESPA
CETAB;18WCETAB-1234-DQ;BIOMASA PINASA;4;Biomasa;IGNIS;UPPINA
CETAC01;18W-CETAC01-2--K;COMERCIALIZADORA ELECTRICA TAL;1;Comercializadores mercado libre;CETAL;CETAC01
CETACU;18WCETACU-123-DK;COMPA ENERG PARA EL TABLERO;22,9;Gas Natural Cogeneracion;IGNIS;UPPINAS
CFAB;18WCFAB-12345-AU;CASTIELFABIB;1,1;Hidraulica UGH;ENDG;EBRACC1
CFR1;18WCFR1-12345-AH;COFRENTES 1 HIDRA.;40,2;Hidraulica UGH;IBEG;JUCA
CFR2;18WCFR2-12345-A7;COFRENTES 2 HIDRA.;40,5;Hidraulica UGH;IBEG;JUCA
CFR3;18WCFR3-12345-AY;COFRENTES 3 HIDRA.;39,7;Hidraulica UGH;IBEG;JUCA
CGCEASA;18WCGCEASA-123-Q;COGENERACION CEASA NAVIA;40,3;Residuos varios;CEASA;RCOGENA
CGINDU;18W000000000OKKY;CGINDU;0,5;Gas Natural Cogeneracion;GNRA;CGINDU
CGLAM;18W000000000PYS9;A12 NO ALTA EFICIENCIA;1;Derivados del petroleo o carbon;GNRA;CGLAM
CGLAV;18W000000000OKLW;TYGNRA;0,5;Gas Natural Cogeneracion;GNRA;CGLAV
CGRISEL;18WCGRISEL-12-E9;CGRISEL;16,5;Eolica terrestre;HISPE;RWESZN
CGRVO;18WCGRVO-12345-3;CONSORCI PER GESTIO DE RS VO;1,2;Biogas;NEXU;RFNEXU
CGTOP;18W000000000OKNS;TYGNRA;0,4;Gas Natural Cogeneracion;GNRA;CGTOP
CGYEL;18W000000000OKI1;TYGNRA;0,4;Gas Natural Cogeneracion;GNRA;CGYEL
CHALAN;18W000000000G04A;CH ALANGE;9,1;Hidraulica no UGH;NEXU;HALANGE
CHAMBON;18WCHAMBON-12-EI;P. E. CHAMBON;33,1;Eolica terrestre;IBGES;EHIBGES
CHAMERA;18WCHAMERA-123-2;CHAMERA;1,5;Hidraulica no UGH;GNRA;RAUN
CHANC01;18W000000000KRTB;RECICLAJES ECOLGICOS CHANDUY S;1;Comercializadores mercado libre;CHAND;CHANC01
CHANTAD;18WCHANTAD-12-ES;P.E. CHANTADA;48;Eolica terrestre;IGNIS;EGVENTO
CHAPARR;18WCHAPARR-123-0;P. E. CHAPARRO;16;Eolica terrestre;EGED;EGREEN1
CHASOL;18WCHASOL-1234-R;CHASOL;49,9;Solar térmica;ELEIA;SMASOL1
CHAVIA;18WCHAVIA-1234-S;CH AVIA;9,4;Hidraulica no UGH;GNCO;HFGASN
CHBARCO;18WCHBARCO-123-G;18WCHBARCO-123-G;3,2;Hidraulica no UGH;EGLE;HBARCO
CHBUBAL;18WCHBUBAL-123-Y;18WCHBUBAL-123-Y;4,2;Hidraulica no UGH;ASIE;HFASIE
CHCABO;18WCHCABO-1234-J;18WCHCABO-1234-J;4,9;Hidraulica no UGH;EGLE;HHIDGA
CHCADOS;18WCHCADOS-123-7;18WCHCADOS-123-7;2;Hidraulica no UGH;EGLE;HCADOS
CHCALM;18W000000000G10F;CH ALMAZAN;1,5;Hidraulica no UGH;NEXU;HFNEXU
CHCANAS;18WCHCANAS-123-T;SALTO DE LAS CANAS;2,1;Hidraulica no UGH;WMARK;HFWMARK
CHCASTR;18WCHCASTR-123-O;FERROATLANTICA-CASTRELO;28,7;Hidraulica no UGH;IGNIS;HCAST
CHCC01;18W-CHCC01-77--W;CIDE HCENERGÍA COMPRA;15;Comercializadores mercado libre;CHC;CHCC01
CHCLOT;18WCHCLOT-1234-B;CHCLOT;2,5;Hidraulica no UGH;INTRA;HHTTRIN
CHCOC01;18W-CHCOC01-9--3;CHCOC01;200;Comercializadores mercado libre;CHCOR;CHCOC01
CHCORA;18W000000000FZYY;CH CORADA;5;Hidraulica no UGH;NEXU;HCORADA
CHCORC;18W000000000G0ZM;CH CORCOESTO;1,1;Hidraulica no UGH;NEXU;HFNEXU
CHDORNA;18WCHDORNA-123-C;DORNA;2,6;Hidraulica no UGH;GNCO;HFGASN
CHENC01;18W000000000SKQ6;CHURCH ENERGY SL;1;Comercializadores mercado libre;CHURC;CHENC01
CHERC01;18W-CHERC01-8--Y;SOT CHERA;1,1;Comercializadores mercado libre;CHERA;CHERC01
CHETXL4;18WCHETXL4-123-T;CH SALTO ETXALAR;1,6;Hidraulica no UGH;INTRA;HHTTRIN
CHFECH;18W000000000G139;CH FECHA;2,2;Hidraulica no UGH;NEXU;HFNEXU
CHFERR;18W000000000G155;CH FERRERAS;2,8;Hidraulica no UGH;NEXU;HFNEXU
CHFRAGO;18WCHFRAGO-123-Y;18WCHFRAGO-123-Y;4;Hidraulica no UGH;EGLE;HHIDFR
CHFRES;18W000000000FZML;CH FRESER;6,4;Hidraulica no UGH;NEXU;HFRESER
CHGALLU;18WCHGALLU-123-C;18WCHGALLU-123-C;3,5;Hidraulica no UGH;EGLE;HGALLU
CHGARES;18WCHGARES-123-S;CH GARES;1,1;Hidraulica no UGH;INTRA;HHTTRIN
CHGRAUS;18WCH-GRAUS----X;C.HIDRAULICA GRAUS;2,1;Hidraulica no UGH;ECYR;HREGPE
CHGUARD;18W000000000N633;CH GUARDA;0,6;Hidraulica no UGH;HC G;HCHI2
CHIDONA;18W000000000MP0U;PSF ARCHIDONA I;7;Solar fotovoltaica;EGLE;FANPU
CHIERRO;18WCHIERRO-12-EK;P.E. DE CRUZ DE HIERRO;25,8;0;HC G;HIBSIHA
CHIL;18WCHIL-12345-A3;CHILLAR 1;0,7;Hidraulica UGH;ENDG;GDLQ
CHINCH;18W000000000RK7B;CHCHINCHA;1,4;Hidraulica no UGH;CEG;HALTANO
CHINEST;18W000000000SLXQ;FV CHINESTRA;1,5;Solar fotovoltaica;DREUA;FDREU10
CHIR;18WCHIR-12345-AH;CHIRRISQUIN;0,5;Hidraulica UGH;BARER;BEREBRO
CHISC01;18W000000000E1B1;UP_LACHISTABINA_COMPRAS;0,1;Comercializadores mercado libre;COMCH;CHISC01
CHJALON;18WCHJALON-123-4;18WCHJALON-123-4;0,5;Hidraulica no UGH;EGLE;HPEGLE
CHJERT;18W000000000G00I;CH JERTE;5,4;Hidraulica no UGH;NEXU;HJERTE
CHLAISA;18W000000000Q9C1;CH LA ISABELA;1,8;Hidraulica no UGH;WMARK;HFWMARK
CHLLOR;18W000000000FZOH;CH LLORENS;10;Hidraulica no UGH;NEXU;HLLOREN
CHMERZA;18WCHMERZA-123-S;18WCHMERZA-123-S;2,9;Hidraulica no UGH;EGLE;HFOHIS
CHMOLI;18W000000000FZS9;CH MOLINOS;13,5;Hidraulica no UGH;NEXU;HMOLINO
CHMOLIN;18WCHMOLIN-123-R;CHMOLIN;4,1;Hidraulica no UGH;GNCO;HFGASN
CHN1;18WCHN1-12345-A0;CHANDREJA 1;1,7;Hidraulica UGH;IBEG;SIL
CHN2;18WCHN2-12345-AR;CHANDREJA 2;1,6;Hidraulica UGH;IBEG;SIL
CHOCB;18W000000000RWU3;CHOCB;1,7;Solar fotovoltaica;GNRA;FVGNRA
CHOLATE;18WCHOLATE-123-Z;UF C.H. OLATE;4,7;Hidraulica no UGH;GOIEN;HONATIK
CHORRAL;18WCHORRAL-12--B;P.E. CHORREADEROS ALTOS;20,5;Eolica terrestre;IBGES;EHIBGES
CHORRBA;18WCHORRBA-123-V;P.E. CHORREADEROS BAJOS;30;Eolica terrestre;IBGES;EHIBGES
CHOVA;18WCHOVA-12345-2;CHOVA;5,2;Gas Natural Cogeneracion;DETIC;COGCHOV
CHPONTE;18WCHPONTE-123-P;18WCHPONTE-123-P;3,2;Hidraulica no UGH;EGLE;HENGAG
CHPORM;18W000000000G066;CH PORMA;18,5;Hidraulica no UGH;NEXU;HPORMA
CHRAMAL;18WCHRAMAL-123-X;18WCHRAMAL-123-X;4;Hidraulica no UGH;EGLE;HNORHI
CHRDEVA;18WCHRDEVA-123-L;18WCHRDEVA-123-L;4,9;Hidraulica no UGH;EGLE;HSANMI
CHSARDO;18WCHSARDO-123-6;CHSARDON;1,4;Hidraulica no UGH;EGLE;HNORHI
CHTAMBR;18WCHTAMBR-123-Z;CHTAMBR;8,4;Hidraulica no UGH;GNCO;HFGASN
CHTAMCA;18WCHTAMCA-123-Z;TAMBRE CABALAR;1,8;Hidraulica no UGH;GNCO;HFGASN
CHTELD;18W000000000G147;CH TELDEHE;2,2;Hidraulica no UGH;NEXU;HFNEXU
CHU1;18WCHU1-12345-AY;CHULILLA 1;0,9;Hidraulica UGH;ASIE;ASIJUCA
CHU2;18WCHU2-12345-AO;CHULILLA 2;0,9;Hidraulica UGH;ASIE;ASIJUCA
CHU3;18WCHU3-12345-AE;CHULILLA 3;1;Hidraulica UGH;ASIE;ASIJUCA
CHURC01;18W000000000NFKG;CHURC01;5,5;Consumos directos en mercado;CHURR;CHURC01
CHVADO;18WCHVADO-1234-E;CHVADO;2,7;Hidraulica no UGH;STIN;CHVADOM
CHVICAR;18W000000000RPBP;CH VICARIAS;1,4;Hidraulica no UGH;EGLE;HBARLO
CHVN;18WCHVN-12345-AP;CHAVIN;0,2;Hidraulica UGH;WMARK;CHVN
CHZAIDA;18WCHZAIDA-123-Y;UP CH ZAIDA;3,6;Hidraulica no UGH;INTRA;HHTTRIN
CI60BU;18W000000000OTEJ;CI60BU;1;Comercializadores mercado libre;FORTI;FORTR01
CIBANAL;18W000000000RBM8;CIBANAL;1,9;Solar fotovoltaica;GESTE;FCIBANL
CIEGE;18W000000000GBP9;CIEGE;3,4;Hidraulica no UGH;GNRA;HPTMR
CIERVES;18WCIERVES-12-A7;18WCIERVES-12-A7;3,7;Hidraulica no UGH;EGLE;HGIES
CIERZO;18W000000000FI21;EOLICA CIERZO;15;Eolica terrestre;NEXU;ECIRZOS
CIERZO1;18WCIERZO1-12-EZ;CIERZO1;29,6;Eolica terrestre;IGNIS;ECIERZO
CIERZO2;18WCIERZO2-12-ES;CIERZO2;30,8;Eolica terrestre;IGNIS;ECIERZO
CIJ1;18WCIJ1-12345-AW;CIJARA 1;16,9;Hidraulica UGH;ENDG;GDNA
CIJ2;18WCIJ2-12345-AM;CIJARA 2;16,9;Hidraulica UGH;ENDG;GDNA
CIJ3;18WCIJ3-12345-AC;CIJARA 3;17,1;Hidraulica UGH;ENDG;GDNA
CIJ4;18WCIJ4-12345-A2;CIJARA 4;49,6;Hidraulica UGH;ENDG;GDNA
CILCOR;18WCILCOR-123-DU;REPSOL  PETROLEO;94,1;Derivados del petroleo o carbon;REPP;CILCOR
CIM1;18WCIM1-12345--L;CIMANES;7,7;Hidraulica UGH;GNFG;UFGC
CIMAC01;18W000000000H5KX;CIMA ENERGIA;0,1;Comercializadores mercado libre;CIMA;CIMAC01
CINCA;18WCINCA-12345-6;CINCA;7,4;Gas Natural Cogeneracion;GNCO;TFGASN
CINSEIR;18WCINSEIR-12-EI;P.E. CINSEIRO;12;Eolica terrestre;GNCO;EGASNE0
CIPRIAN;18WCIPRIAN-12-EP;CIPRIAN;17,8;Eolica terrestre;EGED;EGREEN
CIR1;18WCIR1-12345-AI;CIRAT 1;7,3;Hidraulica UGH;EGLE;HHYDRO2
CIR2;18WCIR2-12345-A8;CIRAT 2;7,3;Hidraulica UGH;IBEG;JUCA
CIREF;18W000000000RPFH;CIREF;3,5;Solar fotovoltaica;GNRA;FVGNRA
CISENER;18WCISENER-123-Z;UF DE CISENER;7,5;Gas Natural Cogeneracion;EGLE;TPAYCA
CIURE;18W000000000MH0H;CIURE;1;Biogas;GNRA;RABANIL
CJAC;18WCJAC-12345-A9;CASTILLO DE JACA;1;Hidraulica UGH;ENDG;EBRACC1
CJON3X;18W000000000KYBQ;CCAA CASTEJON 3;1,5;Consumo de Servicios Auxiliares;NATGA;CJON3X
CJVIL;18WCJVIL-12345-6;COGENERACIÓN VILASECA;5,8;Gas Natural Cogeneracion;DETIC;TCJVIL
CLARES;18WCLARES-123-E8;CLARES;32;Eolica terrestre;IBGES;EHIBGES
CLD1;18WCLD1-12345-AP;CALDES 1;16;Hidraulica UGH;ENDG;EBRFEN
CLD2;18WCLD2-12345-AF;CALDES 2;16;Hidraulica UGH;ENDG;EBRFEN
CLEAC01;18W000000000N0RA;CLEARVIEW ENERGY;0,1;Comercializadores mercado libre;CLEAR;CLEAC01
CLIDC01;18W-CLIDC01-4--I;CLIDOMUP01;0,1;Comercializadores mercado libre;CLIDM;CLIDC01
CLIMAST;18W000000000GUG7;FV CLIMASTER;3,4;Solar fotovoltaica;DREUA;FDREU04
CLIMBER;18W000000000OGM5;CLIMBER;1;Gas Natural Cogeneracion;DETIC;COGCLIM
CLIPCX1;18W000000000OGCP;CLIPCX1;9.999,00;Porfolio;CLIDM;CLIPCX1
CLIPVX1;18W000000000OGBR;CLIPVX1;9.999,00;Porfolio;CLIDM;CLIPVX1
CLJ1;18WCLJ1-12345-AX;EL CASTILLEJO 1;1,1;Hidraulica UGH;ASIE;ASITAJ
CLJ2;18WCLJ2-12345-AN;EL CASTILLEJO 2;1,1;Hidraulica UGH;ASIE;ASITAJ
CLL1;18WCLL1-12345-AB;CANTILLLANA 1;3,1;Hidraulica UGH;ENDG;GDLQ
CLL2;18WCLL2-12345-A1;CANTILLANA 2;3,1;Hidraulica UGH;ENDG;GDLQ
CLM1;18WCLM1-12345-A0;COLMENAR 1;2,7;Hidraulica UGH;IBEG;JUCA
CLM2;18WCLM2-12345-AR;COLMENAR 2;2,9;Hidraulica UGH;IBEG;JUCA
CLMENTE;18W000000000SQG8;UF SOLAR SAN CLEMENTE;2;Solar fotovoltaica;NEXU;FCLMNTE
CM08TC;18W000000000OT9T;CM08TC;1;Comercializadores mercado libre;FORTI;FORTR01
CMENGI;18W00000000064UN;MENGIBAR;24,7;Gas Natural Cogeneracion;WMARK;TSMURES
CMESA;18WCMESA-12345-8;P.E. CABEZA DE MESA;29,6;Eolica terrestre;IGNIS;ESAV
CMG2;18W000000000KW0H;COMPL MEDIOAMBIENTAL GIPUZKOA2;2;Biogas;AME;RGAME
CMILLAS;18WCMILLAS-12--8;CMILLAS E HIJOS;5,1;Gas Natural Cogeneracion;LMER;CMILLAS
CMOLINO;18W000000000PK4P;UF SOLAR CAÑADA MOLINO;0,5;Solar fotovoltaica;NEXU;FMOLINO
CMONTOU;18WCMONTOU-123-8;P.E. CORDAL DE MONTOUTO;14;Eolica terrestre;GNCO;EGASNE1
CMORENO;18WCMORENO-123-5;18WCMORENO-123-5;6;Eolica terrestre;EBLCO;ECMOREN
CMOTRIL;18WCMOTRIL-12-DO;CMOTRIL;48,8;Gas Natural Cogeneracion;NEXU;TTFMOTR
CMR1;18WCMR1-12345-A7;CAMARASA 1;14,7;Hidraulica UGH;ENDG;EBRFEN
CMR2;18WCMR2-12345-AY;CAMARASA 2;14,5;Hidraulica UGH;ENDG;EBRFEN
CMR3;18WCMR3-12345-AO;CAMARASA 3;14,3;Hidraulica UGH;ENDG;EBRFEN
CMR4;18WCMR4-12345-AE;CAMARASA 4;14,7;Hidraulica UGH;ENDG;EBRFEN
CMTA1;18W000000000MYFA;COMETA1;15,2;Eolica terrestre;REPSB;ECMTA
CMTA2;18W000000000N8VF;COMETA2;44,8;Eolica terrestre;REPSB;ECMTA
CND1;18WCND1-12345-A1;CERNADO;2,1;Hidraulica UGH;IBEG;SIL
CNEGRID;18WCNEGRID-123-S;PE I+D CABEZO NEGRO;4,5;Eolica terrestre;WMARK;EFWMARK
CNEVC01;18W000000000FT6Y;CNEVC01;0,1;Comercializadores mercado libre;CONEV;CNEVC01
CNEVERA;18WCNEVERA-123-I;PARQUE EÓLICO CERRO DE LA NEVE;31,5;Eolica terrestre;EGED;EMEDI1
CNL1;18WCNL1-12345-AO;CANELLES 1;35,4;Hidraulica UGH;ENDG;EBRFEN
CNL2;18WCNL2-12345-AE;CANELLES 2;35,4;Hidraulica UGH;ENDG;EBRFEN
CNL3;18WCNL3-12345-A4;CANELLES 3;35,4;Hidraulica UGH;ENDG;EBRFEN
CNM1;18WCNM1-12345-AD;CONTRERAS-MIRASOL 1;0,4;Hidraulica UGH;IBEG;JUCA
CNM2;18WCNM2-12345-A3;CONTRERAS-MIRASOL 2;0,5;Hidraulica UGH;IBEG;JUCA
CNR1;18W000000000SEUG;CNR1;29,9;Eolica terrestre;REPSB;ECNRG
CNR2;18W000000000SEVE;CNR2;49,5;Eolica terrestre;REPSB;ECNR
CNT1;18WCNT1-12345-AA;CONTRERAS II 1;13,9;Hidraulica UGH;IBEG;JUCA
CNT2;18WCNT2-12345-A0;CONTRERAS II 2;36,9;Hidraulica UGH;IBEG;JUCA
CNTLC01;18W-CNTLC01-6--S;CNTL UP;5;Comercializadores mercado libre;CENTS;CNTLC01
CO14NI;18W000000000OSXL;CO14NI;1;Comercializadores mercado libre;FORTI;FORTR01
CO21;18WCO21-12345--L;CORTES II-1;141,9;Hidraulica UGH;IBEG;JUCA
CO22;18WCO22-12345-AQ;CORTES II-2;148;Hidraulica UGH;IBEG;JUCA
CO28TO;18W000000000OSYJ;CO28TO;1;Comercializadores mercado libre;FORTI;FORTR01
COALC01;18W-COALC01-8--E;COMERCIALIZADORA SUMINISTRO ES;10,5;Comercializadores mercado libre;COALG;COALC01
COBANE;18WCOBANE-1234-T;COBANE A.I.E.;6,5;Gas Natural Cogeneracion;IBGES;TFIBGES
CODES01;18WCODES01-123-7;P.E. CODESAS;17;Eolica terrestre;GNCO;EGASNE1
CODES02;18WCODES02-123-0;CODES02;21,2;Eolica terrestre;GNCO;EGASNE1
CODOC01;18W0000000006Q2D;CODOC01;1;Comercializadores mercado libre;CODOR;CODOC01
COELC01;18W-COELC01-4--R;GUADASSAUR;6,7;Comercializadores mercado libre;COELD;COELC01
COESC01;18W000000000MYH6;COSEL PENIN;10;Comercializadores mercado libre;COSEL;COESC01
COF1;18WCOF1-12345-B2;COFRENTES C.N.;1.063,90;Nuclear;IGNU;COF1
COFERRE;18W000000000S67C;COG FERRE;1,9;Gas Natural Cogeneracion;EGLE;TFERRE
COFRENT;18W000000000HJF1;18W000000000HJF1;49,7;Eolica terrestre;IGNIS;ECOFREN
COG75RQ;18WCOG75RQ-12-DT;COGENERACION REPSOL Q.;75,7;Gas Natural Cogeneracion;REPSB;COG75RQ
COGAJ;18W000000000NMOO;COGAJ;2;Gas Natural Cogeneracion;GNRA;COGAJ
COGAYME;18W000000000OJLZ;COGAYME;0,9;Gas Natural Cogeneracion;DETIC;COGAYME
COGBERN;18W000000000OK8L;COGBERN;0,9;Gas Natural Cogeneracion;DETIC;COGBERN
COGBIO2;18WCOGBIO2-123-6;18WCOGBIO2-123-6;7,5;Biogas;EGLE;RCOGBIO
COGDERC;18W000000000OK7N;COGDERC;0,4;Gas Natural Cogeneracion;DETIC;COGDERC
COGEC01;18W-COGEC01-7--L;ENERGY BY COGEN, S.L.U. COMPRA;1;Comercializadores mercado libre;COGEN;COGEC01
COGEN2;18WCOGEN2-1234-U;COGEN2;31,3;Gas Natural Cogeneracion;EGLE;TPCOGE
COGENGA;18W00000000078W3;18W00000000078W3;7,3;Gas Natural Cogeneracion;EGLE;TTECGA
COGFUST;18W000000000OJMX;COGFUST;0,9;Gas Natural Cogeneracion;DETIC;COGFUST
COGFUT;18W000000000CZI4;UF_ROMA ENERGIA;0,4;Gas Natural Cogeneracion;FUTGR;UP_COGF
COGGAIK;18W000000000OKF7;RYDETIC;0,1;Biomasa;DETIC;COGGAIK
COGINC2;18W000000000OKE9;INCUSA2;0,9;Gas Natural Cogeneracion;DETIC;COGINC2
COGLOSR;18W000000000OK9J;COGLOSR;0,5;Gas Natural Cogeneracion;DETIC;COGLOSR
COGMARQ;18W000000000OJNV;TYDETIC;0,7;Gas Natural Cogeneracion;DETIC;COGMARQ
COGMIMS;18W000000000OKAH;COGMIMS;0,5;Gas Natural Cogeneracion;DETIC;COGMIMS
COGNAV;18WCOGNAV-123-DY;COGENERACIÀN DE NAVIA;24;Derivados del petroleo o carbon;EGLE;TCOGNA
COGOBLA;18W000000000OKDB;COGOBLA;0,4;Gas Natural Cogeneracion;DETIC;COGOBLA
COGOLL2;18WCOGOLL2-123-L;P.E. COGOLLOS 2;50;Eolica terrestre;ECYR;EEGPES
COGOPEL;18WCOGOPEL-123-J;COGOPEL;13,3;Gas Natural Cogeneracion;EGLE;TGEMOT
COGPACH;18W000000000OKBF;COGPACH;0,5;Gas Natural Cogeneracion;DETIC;COGPACH
COGPER;18W000000000JLYN;COGPER;6,8;Gas Natural Cogeneracion;DETIC;TPERSAN
COGUTZ2;18W000000000OJK0;COGUTZ2;0,9;Gas Natural Cogeneracion;DETIC;COGUTZ2
COL4;18WCOL4-12345-CF;C.COLON (G.4);390,9;Ciclo Combinado;ENDG;COL4
COLASEM;18WCOLASEM-123-X;COLASEM AIE;5;Gas Natural Cogeneracion;NEXU;TCOLSEM
COLIV;18WCOLIV-12345-3;P.E. CERRO DE LA OLIVA;9;Eolica terrestre;EBLCO;ECOLIVA
COLLAD;18WCOLLAD-1234-8;PE COLLADILLO;30,6;Eolica terrestre;IGNIS;ESAV
COLLAD2;18W000000000QO81;LA COLLADA FASE II;7,5;Eolica terrestre;WMARK;EFWMARK
COLLADA;18WCOLLADA-123-T;LA COLLADA;3;Eolica terrestre;WMARK;EFWMARK
COLLADE;18WCOLLADE-12-EK;P. E. LES COLLADETES;36,6;Eolica terrestre;WMARK;EFWMARK
COLLADO;18WCOLLADO-123-5;P. E. LOS COLLADOS;11,2;Eolica terrestre;IBGES;EHIBGES
COLMEII;18WCOLMEII-123-Z;P.E. COLMENAR II;28;Eolica terrestre;CEG;ECOLME2
COLOME1;18WCOLOME1-123-K;COLOMERA1;1,2;Solar fotovoltaica;GESTE;FESLAR1
COLOME2;18WCOLOME2-123-D;COLOMERA2;1,2;Solar fotovoltaica;GESTE;FESLAR1
COLON;18W000000000SRQM;COLON;15,9;Solar fotovoltaica;CEG;FCOLON
COLORO;18W000000000S2BG;COLORO;1;Comercializadores mercado libre;ENDCO;ENDER01
COMES;18WCOMES-1234-EA;18WCOMES-1234-EA;3;Eolica terrestre;EGLE;ECOMES
COMF01;18W000000000QOBW;COMF01;1;Comercializadores mercado libre;ENDCO;ENDER01
COMFC2;18W000000000S2CE;COMFC2;1;Comercializadores mercado libre;ENDCO;ENDER01
COMFC7;18W000000000S2DC;COMFC7;1;Comercializadores mercado libre;ENDCO;ENDER01
COMTC01;18W000000000SS8I;COMTC01;1;Comercializadores mercado libre;COMEE;COMTC01
CON1;18WCON1-12345-AR;CONSO GR.1 GENERAC;89,3;Hidraulica UGH;IBEG;SIL
CON1B;18WCON1B-12345-Z;CONSO GR.1 BOMBEO;72;Consumo bombeo;IBEG;SILB
CON2;18WCON2-12345-AH;CONSO GR.2 GENERAC.;90,5;Hidraulica UGH;IBEG;SIL
CON2B;18WCON2B-12345-P;CONSO GR.2 BOMBEO;72;Consumo bombeo;IBEG;SILB
CON3;18WCON3-12345-A7;CONSO GR.3 GENERAC.;88;Hidraulica UGH;IBEG;SIL
CON3B;18WCON3B-12345-F;CONSO GR.3 BOMBEO;72;Consumo bombeo;IBEG;SILB
CONDADO;18W000000000SO41;UF SOLAR CONDADO;5;Solar fotovoltaica;NEXU;FPLMCND
CONEC01;18W-CONEC01-9--H;COMPRA;0,1;Comercializadores mercado libre;CONEC;CONEC01
CONEFV0;18W000000000NCML;EXCEDENTES FV;0,7;Solar fotovoltaica;CONEC;CONEFV0
CONESA2;18WCONESA2-123-W;PE CONESA II;32;Eolica terrestre;IBGES;EHIBGES
CONESAI;18WCONESAI-123-V;P.E. CONESA I;30;Eolica terrestre;WMARK;EFWMARK
CONFI;18WCONFI-12345-H;CONFI;11,9;Gas Natural Cogeneracion;NEXU;TTFCONF
CONJURO;18WELCONJURO-12D;P.E. EL CONJURO;13,6;Eolica terrestre;WMARK;EFWMARK
CONSC01;18W000000000NUYH;CONSULTING AND MANAGEMENT GREE;3;Comercializadores mercado libre;CONSB;CONSC01
CONSET;18W000000000S2EA;CONSET;1;Comercializadores mercado libre;ENDCO;ENDER01
CONSTAN;18W000000000R5JW;PS CONSTANTI 42;14,2;Solar fotovoltaica;WMARK;FCONSTA
CONTC01;18W000000000JZVO;CONTALLUM;1;Comercializadores mercado libre;CONTA;CONTC01
CONUEVO;18WCONUEVO-12-ES;PE CORRAL NUEVO;5,2;Eolica terrestre;WMARK;EFWMARK
CONVA;18W0000000000UB7;CONVA;5,1;Gas Natural Cogeneracion;IGNIS;UPCONVA
COOSUR;18WCOOSUR-1234-K;ACEITES COOSUR;21;Derivados del petroleo o carbon;DETIC;TCOOSUR
COPIC01;18W000000000MDB7;URANOSCOPIDAE ENERGIA V SL;1;Comercializadores mercado libre;URANA;COPIC01
COPLA;18WCOPLA-1234-DY;COPLA;4,7;Gas Natural Cogeneracion;EGLE;TPAPRI
COPLA1;18W000000000NWRP;18W000000000NWRP;6,4;Gas Natural Cogeneracion;EGLE;TPAPRI1
COR1;18WCOR1-12345-AK;EL CORCHADO 1;1,2;Hidraulica UGH;ENDG;GDLQ
COR2;18WCOR2-12345-AA;EL CORCHADO 2;5,1;Hidraulica UGH;ENDG;GDLQ
COR3;18WCOR3-12345-A0;EL CORCHADO 3;5,1;Hidraulica UGH;ENDG;GDLQ
CORCO;18WCORCO-12345-N;DESIMPACTE DE PURINS CORCO;14,6;Gas Natural Cogeneracion;FUTGR;TIGCOR
CORDELV;18W000000000K47D;CORDEL Y VIDURAL;36,7;Eolica terrestre;IBGES;EHIBGES
CORDIN;18W000000000RJZW;CHCORDIN;9,8;Hidraulica no UGH;CEG;HALTANO
CORELLA;18W000000000INFM;CORELLA;7,3;Solar fotovoltaica;GESTE;FCORELA
CORESES;18W000000000MZTG;UF SOLAR CORESES;2,9;Solar fotovoltaica;NEXU;FCORESE
COREYSA;18WCOREYSA-123-U;18WCOREYSA-123-U;3,8;Gas Natural Cogeneracion;EGLE;TCOREY
CORIA;18W000000000OA1S;UF SOLR CORIA;1,5;Solar fotovoltaica;NEXU;FCORIA
CORISCA;18WCORISCA-12-E6;P.E. DE CORISCADA;24;Eolica terrestre;ECYR;EREGPEM
CORME3;18WCORME3-123-EZ;P.E. CORME3;18,3;Eolica terrestre;HC G;HCGSCSA
CORONI2;18WCORONI2-123-H;EL CORONIL2;10;Solar fotovoltaica;GNRA;FCORONI
CORONIL;18W0000000000O8V;CORONIL IV;1;Solar fotovoltaica;GESTE;FDEVAR
CORPC01;18W-CORPC01-2--H;CORPOLUX;0,5;Comercializadores mercado libre;CORPO;CORPC01
CORTADO;18WCORTADO-123-7;18WCORTADO-123-7;13,5;Eolica terrestre;ECYR;EREGPEM
CORTES;18WCORTES-1234-2;18WCORTES-1234-2;1,3;Biogas;EGLE;RCESRE
CORUXEI;18WCORUXEI-123-9;P.E. CORUXEIRAS;49,6;Eolica terrestre;HISPE;EALP3
CORVERA;18W000000000RA1G;UF SOLAR CORVERA;2,9;Solar fotovoltaica;NEXU;FCORVER
CORZAN;18WCORZAN-123-E3;P. E. CORZAN;43,2;Eolica terrestre;ECYR;EEGPEM
COSCOJA;18WCOSCOJA-12-EZ;COSCOJA;15;Eolica terrestre;NEXU;EDEHCO
COSEMA1;18WCOSEMA1-123-1;COALSEMA;7,2;Gas Natural Cogeneracion;EGLE;TCOALSA
COSENT;18W000000000NX9L;COSENT;19,8;Solar fotovoltaica;HISPE;FCOSENT
COSJAR2;18W000000000MHJG;COSJAR2;49,7;Eolica terrestre;NEXU;ECOSJAR
COSSI;18W000000000O79L;COSSI;1,1;Solar fotovoltaica;GNRA;FVGNRA
COTALSA;18WCOTALSA-12-D1;COGETALSA;10;Gas Natural Cogeneracion;CEG;TUTISA
COTASA;18WCOTASA-123-DR;COG. TIERRA ATOMIZADA;14;Gas Natural Cogeneracion;EGLE;TATOM
COTERA;18WCOTERA-1234-9;P. E. LA COTERA;18;Eolica terrestre;IBGES;EHIBGES
COTEREJ;18WCOTEREJ-123-9;COTEREJ;6;Eolica terrestre;IBGES;EHIBGES
COTILLA;18W000000000RD41;LAS TORRES DE COTILLAS II;5,3;Solar fotovoltaica;WMARK;FFWMARK
COTORRA;18WCOTORRA-123-G;P. E. COTORRA;1,5;Eolica terrestre;MIRAS;EMIRASI
COUTO;18WCOUTO-12345-5;PE COUTO DE SAN SEBASTIAN;18;Eolica terrestre;ECYR;EEGPEM
COVAPED;18WCOVAPED-123-D;18WCOVAPED-123-D;9;0;EGLE;TCOVAP
COVAT1;18W000000000SJMH;COVAT1;41,7;Solar fotovoltaica;GNRA;UPCOV1
COVAT5;18W000000000SIZV;COVAT5;41,7;Solar fotovoltaica;GNRA;UPCOV5
COVAT6;18W000000000SIXZ;COVAT6;41,7;Solar fotovoltaica;GNRA;UPCOV6
COVILL;18WCOVISA-1234-C;COGENERACION VILLARICOS;22,3;Derivados del petroleo o carbon;EGLE;TPCOVI
COVISLA;18WCOVISLANSL012;COVISLAN;8,3;Derivados del petroleo o carbon;PLACG;TPLACG
CP31AL;18W000000000OTFH;CP31AL;1;Comercializadores mercado libre;FORTI;FORTR01
CP31AT;18W000000000OTGF;CP31AT;1;Comercializadores mercado libre;FORTI;FORTR01
CP31HO;18W000000000OTHD;CP31HO;1;Comercializadores mercado libre;FORTI;FORTR01
CP31OL;18W000000000OTIB;CP31OL;1;Comercializadores mercado libre;FORTI;FORTR01
CP39MA;18W000000000OTJ9;CP39MA;1;Comercializadores mercado libre;FORTI;FORTR01
CP58MO;18W000000000OTK7;CP58MO;1;Comercializadores mercado libre;FORTI;FORTR01
CPALO;18WCPALO-1234-EM;P.E. CERRO DEL PALO;49,5;Eolica terrestre;IBGES;EHIBGES
CPANISS;18WCPANISS-123-M;COLL DE PANISSOT;9;Eolica terrestre;WMARK;EFWMARK
CPD0;18WCPD0-12345-AO;CAPDELLA (AUX);6,2;Hidraulica UGH;ENDG;EBRFEN
CPD1;18WCPD1-12345-AE;CAPDELLA 1;6,2;Hidraulica UGH;ENDG;EBRFEN
CPD2;18WCPD2-12345-A4;CAPDELLA 2;6,2;Hidraulica UGH;ENDG;EBRFEN
CPD3;18WCPD3-12345-AV;CAPDELLA 3;6,2;Hidraulica UGH;ENDG;EBRFEN
CPD4;18WCPD4-12345-AL;CAPDELLA 4;6,2;Hidraulica UGH;ENDG;EBRFEN
CPELAOS;18WCPELAOS-123-S;18WCPELAOS-123-S;3;Eolica terrestre;EGLE;EUEUZA
CPELEAS;18W000000000RXQ8;UF SOLAR PELEAS 14;5;Solar fotovoltaica;NEXU;FPELEAS
CPGLASS;18WCPGLASS-12-DW;18WCPGLASS-12-DW;9,7;Gas Natural Cogeneracion;EGLE;TTOVAG
CPRROSO;18WCPRROSO-12-EA;CPRROSO;30,5;Eolica terrestre;CEG;EECAP
CPUNTA;18WCPUNTA-123-EB;P.E. CERRO DE LA PUNTA;24,4;Eolica terrestre;IBGES;EHIBGES
CRCEC01;18W000000000HUJY;CRCEC01;2,7;Consumos directos en mercado;CRCES;CRCEC01
CREEC01;18W000000000N21J;CREAENERGIA ECO SLU;1;Comercializadores mercado libre;CREAE;CREEC01
CREOC01;18W000000000LJ1D;CRECE SOLUCIONES P;1;Comercializadores mercado libre;CRESO;CREOC01
CREPSOL;18WCREPSOL-12-DK;COGENERACIÓN REPSOL;40,8;Gas Natural Cogeneracion;REPP;TREPP
CREVOL;18WCREVOL-123-E3;P.E. CERRO REVOLCADO;26,3;Eolica terrestre;IBGES;EHIBGES
CRMONA1;18W000000000SEZ6;UF SOLAR CARMONA 1;5;Solar fotovoltaica;NEXU;FCMONA1
CROA1;18W000000000LA05;CROAS1;7,3;Eolica terrestre;NEXU;EACROA1
CROA2;18W000000000LA21;CROAS2;10,3;Eolica terrestre;NEXU;EACROA2
CRONSLR;18W000000000MP1S;CRONOSOLAR;3,3;Solar fotovoltaica;GESTE;FCRONOS
CRT1;18WCRT1-12345--L;EL CORTIJO I Y II 1;2;Hidraulica UGH;IBEG;EBRA
CRT2;18WCRT2-12345-AQ;EL CORTIJO I Y II 2;1,9;Hidraulica UGH;IBEG;EBRA
CRT3;18WCRT3-12345-AG;EL CORTIJO I Y II 3;3,8;Hidraulica UGH;IBEG;EBRA
CRTA;18W000000000SEF9;CRTA;41;Solar fotovoltaica;REPSB;FCERRAT
CRTM;18W000000000SEEB;CRTM;41;Solar fotovoltaica;REPSB;FCERRAT
CRUAN;18W000000000JJHQ;CRUAN;1,1;Solar fotovoltaica;GNRA;FVGNRA
CRUAS;18W000000000JPUJ;CRUAS;1,6;Solar fotovoltaica;GNRA;FVGNRA
CRUZ;18W000000000SIB5;CRUZ;5;Solar fotovoltaica;CEG;FCRUZ
CRUZ1;18WCRUZ1-1234-EU;P.E. CRUZ I;39,9;Eolica terrestre;IBGES;EHIBGES
CRUZ2;18WCRUZ2-1234-EL;P.E. CRUZ II;26,3;Eolica terrestre;IBGES;EHIBGES
CRUZCAR;18WCRUZCAR-123-B;P.E.CRUZ DE CARRETERO FASE I;40;Eolica terrestre;IBGES;EHIBGES
CSABLCA;18W000000000N7CJ;CSABLANCA;2,1;Solar fotovoltaica;GESTE;FBLANCA
CSCFIN;18W000000000MA9K;CSCFIN;1,4;Solar fotovoltaica;GNRA;FVGNRA
CSD1;18WCSD1-12345-AF;CASEDA 1;0,2;Hidraulica UGH;BARER;BEREBRO
CSD2;18WCSD2-12345-A5;CASEDA 2;0,2;Hidraulica UGH;BARER;BEREBRO
CSFMUDE;18W000000000T47E;CSF MUDEJAR 1;40;Solar fotovoltaica;WMARK;MUDEJAR
CSID;18W000000000M87U;CERRO SIDRICO;1,5;Eolica terrestre;WMARK;EFWMARK
CSL1;18WCSL1-12345-A1;EL CASTELLAR 1;0,2;Hidraulica UGH;SJUCA;UPSJUCA
CSL2;18WCSL2-12345-AS;EL CASTELLAR 2;0,3;Hidraulica UGH;SJUCA;UPSJUCA
CSMONTE;18WCSMONTE-123-0;CASAS DEL MONTE;1,7;Hidraulica no UGH;WMARK;HFWMARK
CSMP;18WCSMP-12345--V;CSMP F2;5,1;Gas Natural Cogeneracion;LMER;CSMP
CSONDAA;18W000000000SV89;UF SOLAR CUBIERTA ONDA A;1,1;Solar fotovoltaica;NEXU;FSONDAA
CTALINA;18W000000000RWGV;UF SOLAR SANTA CATALINA;30;Solar fotovoltaica;NEXU;FCTLINA
CTDAL;18W000000000PJZ3;CANTADAL;9,8;Eolica terrestre;REPSB;EPI
CTEVB;18W000000000QJSD;CTEVB;1;Solar fotovoltaica;GNRA;FVGNRA
CTFRIO;18WCTFRIO-123-E1;P.E. CASTILFRIO;24,7;Eolica terrestre;EGLE;ETASA
CTGN1;18WCTGN1-1234-CP;CARTAGENA1;418,2;Ciclo Combinado;GNCC;CTGN1
CTGN2;18WCTGN2-1234-CG;CARTAGENA2;417,8;Ciclo Combinado;GNCC;CTGN2
CTGN3;18WCTGN3-1234-C7;CARTAGENA3;412,7;Ciclo Combinado;GNCC;CTGN3
CTJ1;18WCTJ1-12345-AB;CASTREJON 1;20,1;Hidraulica UGH;GNFG;UFTA
CTJ2;18WCTJ2-12345-A1;CASTREJON 2;20,7;Hidraulica UGH;GNFG;UFTA
CTJ3;18WCTJ3-12345-AS;CASTREJON 3;20,3;Hidraulica UGH;GNFG;UFTA
CTJ4;18WCTJ4-12345-AI;CASTREJON 4;19,5;Hidraulica UGH;GNFG;UFTA
CTJON1;18WCTJON1-123-CJ;CASTEJON  (G.1);424,9;Ciclo Combinado;NATGA;CTJON1
CTJON1X;18W000000000KYAS;CCAA CASTEJON 1;2;Consumo de Servicios Auxiliares;NATGA;CTJON1X
CTJON2;18WCTJON2-123-CB;CASTEJON  (G.2);378,9;Ciclo Combinado;IBGT;CTJON2
CTJON3;18WCTJON3-1234-E;CC CASTEJON GRUPO 2;418,4;Ciclo Combinado;NATGA;CTJON3
CTL1;18WCTL1-12345-AQ;CASTRELO 1;67,5;Hidraulica UGH;GNFG;UFMI
CTL2;18WCTL2-12345-AG;CASTRELO 2;68;Hidraulica UGH;GNFG;UFMI
CTN3TG1;18WCTN3TG1-12-CI;CASTELLON 3 TG1;249,2;Ciclo Combinado;IBGT;CTN3
CTN3TG2;18WCTN3TG2-12-CB;CASTELLON 3 TG2;249,7;Ciclo Combinado;IBGT;CTN3
CTN3TV;18WCTN3TV-123-C2;CASTELLON 3 TV;283,1;Ciclo Combinado;IBGT;CTN3
CTN4TG1;18WCTN4TG1-123-M;CC CASTELLON GRUPO 4 T.GAS 1;265,2;Ciclo Combinado;IBGT;CTN4
CTN4TG2;18WCTN4TG2-123-F;CC CASTELLON GRUPO 4 T.GAS 2;268,9;Ciclo Combinado;IBGT;CTN4
CTN4TV;18WCTN4TV-1234-3;CC CASTELLON GRUPO 4 T.VAPOR;305,2;Ciclo Combinado;IBGT;CTN4
CTNUTG1;18WCTNUTG1-12-C7;CTNUTG1;263;Ciclo Combinado;CTNU;CTNU
CTNUTG2;18WCTNUTG2-12-C0;CTNUTG2;263;Ciclo Combinado;CTNU;CTNU
CTNUTV;18WCTNUTV-123-CS;CTNUTV;264,6;Ciclo Combinado;CTNU;CTNU
CTNUX;18W-CTNUX-646--L;CTNUX;10;Consumo de Servicios Auxiliares;CTNU;CTNUX
CTO1;18WCTO1-12345-AU;COMPUERTO 1;9,8;Hidraulica UGH;IBEG;DUER
CTO2;18WCTO2-12345-AK;COMPUERTO 2;9,8;Hidraulica UGH;IBEG;DUER
CTR1;18WCTR1-12345-AY;CORNATEL 1;65,2;Hidraulica UGH;ENDG;SBEU
CTR2;18WCTR2-12345-AO;CORNATEL 2;65,4;Hidraulica UGH;ENDG;SBEU
CTUDEL;18WCTUDEL-123-D1;CERAMICA TUDELANA;1,9;Gas Natural Cogeneracion;LMER;CTUDEL
CTUDELA;18WCTUDELA-123-Z;UF CIUDAD AGROALIMENTARIA;9,9;Gas Natural Cogeneracion;GNRA;TTUDELA
CUADRO;18WCUADRO-1234-7;P.E. EL CUADRON;22;Eolica terrestre;EGED;EGREEN1
CUARTI;18W000000000OM8F;CUARTILLEJO LUNA ENERGY POWER;4,6;Solar fotovoltaica;CEG;FCUARTI
CUBI;18W000000000SJU1;CUBI;26;Solar fotovoltaica;CEG;FCUBI
CUBILLO;18W000000000H3K2;UF BIOMASA CUBILLOS;49,5;Biomasa;NEXU;RCUBILL
CUBLA;18W000000000JGHZ;UF SOLAR CUBLA;3,6;Solar fotovoltaica;NEXU;FCUBLA
CUBON;18W000000000GOYQ;CUBON;39,6;Solar fotovoltaica;GNRA;UPBON4
CUCAYO;18WCUCAYO-1234-Q;18WCUCAYO-1234-Q;4,9;Hidraulica no UGH;EGLE;HPDRSA
CUDS1;18W000000000QYB2;CUDS1;2,5;Solar fotovoltaica;GNRA;FVGNRA
CUDS2;18W000000000QYC0;CUDS2;1,1;Solar fotovoltaica;GNRA;FVGNRA
CUE1;18WCUE1-12345-AH;CUERDA DEL POZO 1;2;Hidraulica UGH;ASIE;ASIDUE
CUE2;18WCUE2-12345-A7;CUERDA DEL POZO 2;2;Hidraulica UGH;ASIE;ASIDUE
CUERDA;18WCUERDA-123-E9;P.E. LA CUERDA;31;Eolica terrestre;IBGES;EHIBGES
CUESTA;18WCUESTA-123-E3;18WCUESTA-123-E3;7,9;Eolica terrestre;HC G;HCGSCSA
CUETC;18W000000000SIOG;CUETC;10;Solar fotovoltaica;GNRA;UPCUE
CUEZA;18WCUEZA-12345-R;CUEZA;8;Eolica terrestre;IBGES;EHIBGES
CUNCC01;18W0000000000IML;CUNTIENSE COMERCIALIZADORA;3;Comercializadores mercado libre;CUNC;CUNCC01
CUNEMO;18W000000000MIBT;CUNEMO;1,7;Solar fotovoltaica;GNRA;FVGNRA
CUNEMSA;18WCUNEMSA-12--B;COGENERACIÓN UNEMSA;14,7;Derivados del petroleo o carbon;WMARK;TUEMADE
CUPAC01;18W-CUPAC01-3--S;CUPA;0,8;Consumos directos en mercado;CUPA;CUPAC01
CUPBC01;18W-CUPBC01-9--W;CUPIRE PADESA BT;0,5;Consumos directos en mercado;CUPA;CUPBC01
CURISCA;18WCURISCA-123-Q;P.E. SIERRA DE CURISCAO;49,3;Eolica terrestre;HC G;HCGSCSA
CURRAS;18WCURRAS-123-E8;P.E. DE CURRAS;7,8;Eolica terrestre;EGED;ECURRAG
CUTOLE;18W000000000OTPY;CUTOLE_MAJ;0,8;Gas Natural Cogeneracion;CEG;TCUTOLE
CUVEC01;18W000000000SK2H;CUVER DESTELLA ENERGIA SL;1;Comercializadores mercado libre;CUVER;CUVEC01
CVALDES;18W000000000P5SM;CASA VALDES;44;Solar fotovoltaica;HISPE;FCVALDE
CVICEN;18WCVICEN-123-ER;CERRO VICENTE;39,1;Eolica terrestre;IBGES;EHIBGES
CVICENA;18WCVICENA-12-E8;CERRO VICENTE AMPLIACIÓN;29,7;Eolica terrestre;IBGES;EHIBGES
CWCMC01;18W000000000SJC0;ES-PEN_FUTGR_COM;9;Comercializadores mercado libre;FUTGR;CWCMC01
CX46AC;18W000000000OT50;CX46AC;1;Comercializadores mercado libre;FORTI;FORTR01
CX46AL;18W000000000OT42;CX46AL;1;Comercializadores mercado libre;FORTI;FORTR01
CX46CA;18W000000000OT6Z;CX46CA;1;Comercializadores mercado libre;FORTI;FORTR01
CX46MO;18W000000000OT7X;CX46MO;1;Comercializadores mercado libre;FORTI;FORTR01
CYDAC01;18W-CYDAC01-9--6;CYADE;0,4;Comercializadores mercado libre;CYDAE;CYDAC01
CYEC01;18W-CYEC01-37--U;CYEC01;50;Comercializadores mercado libre;CYE;CYEC01
CYIGNI;18W000000000SWWW;TYGNRA;0,9;Gas Natural Cogeneracion;IGNIS;CYIGNI
CZFVC01;18W-CZFVC01-5--O;CONSORCIO ZONA FRANCA DE VIGO;7,4;Consumos directos en mercado;CZFV;CZFVC01
DA1O;18W000000000GP49;CH DAIO;1,2;Hidraulica no UGH;NEXU;HFNEXU
DAIMC01;18W-DAIMC01-8--U;DAIMUZ1;4;Comercializadores mercado libre;DAIMU;DAIMC01
DAL1;18WDAL1-12345-AJ;DOÑA ALDONZA 1;5,1;Hidraulica UGH;ENDG;GDLQ
DAL2;18WDAL2-12345-A9;DOÑA ALDONZA 2;5,1;Hidraulica UGH;ENDG;GDLQ
DALOBA;18WDALOBA-123-EM;DALOBA;24,4;Eolica terrestre;EGED;EGREEN
DAPHNE;18W000000000IBXM;UF SOLAR DAPHNE;2;Solar fotovoltaica;NEXU;FAZARA
DARRO;18W000000000OC0O;FV DARRO;3,6;Solar fotovoltaica;EGLE;FDARRO
DARUC01;18W-DARUC01-2--3;DARUC01;0,1;Consumos directos en mercado;DARUZ;DARUC01
DASERPE;18W-DASERPE-3--J;PARQUE EOLICO COVA DA SERPE;24;Eolica terrestre;GNCO;EGASNE1
DAVAX;18W000000000KUU0;DAVAX;4,6;Solar fotovoltaica;ADXRE;FAUDAX
DEAGUAS;18W000000000ST9D;SIERRA DE AGUAS;15,3;Eolica terrestre;EGLE;EAGUAS
DEBAC01;18W000000000N5L7;DEBAC01;74,4;Comercializadores mercado libre;DEBAR;DEBAC01
DEBANOS;18W000000000ST8F;SIERRA DE BAÑOS;12,8;Eolica terrestre;EGLE;EAGUAS
DEDEREC;18WDEDEREC-123-8;18WDEDEREC-123-8;9,9;Derivados del petroleo o carbon;EGLE;TDEDRE
DEFERII;18WDEFERII-123-N;P.E. MUDEFER II;12,6;Eolica terrestre;EGLE;ECATER
DEGOLLA;18WDEGOLLA-123-Z;PE ALTO DE LA DEGOLLADA;50;Eolica terrestre;IBGES;EHIBGES
DEGREEN;18W000000000SSKV;UF SOLAR DEGREEN;3;Solar fotovoltaica;NEXU;FSTATON
DEHEII;18WDEHEII-1234-6;18WDEHEII-1234-6;46,8;Eolica terrestre;EGLE;EESQUI
DEHESA;18WLADEHESA-123L;CST LA DEHESA;49,9;Solar térmica;IGNIS;UPFLORI
DEHESAM;18W000000000F67R;PE DEHESA DE MALLEN;3,3;Eolica terrestre;ECYR;EEGPES
DEHESII;18WDEHESII-123-T;18WDEHESII-123-T;46,8;Eolica terrestre;EGLE;EESQUI
DEHESIL;18W000000000PVMU;UF SOLAR DEHESILLA;1,6;Solar fotovoltaica;NEXU;FDHSLA
DELILLO;18WDELILLO-123-G;UF PARQ EOLICO LILLO-SAN ANTON;6,7;Eolica terrestre;GNRA;EFGNRA
DELMORO;18W000000000P5PS;PE DEL MORO;12;Eolica terrestre;HC G;HCGSCSA
DELTAA;18W000000000RUU9;DELTAA;4;Solar fotovoltaica;GAC;FDAGAC
DELTAB;18W000000000RUV7;DELTAB;4;Solar fotovoltaica;GAC;FDBGAC
DELTAC;18W000000000RUW5;DELTAC;5;Solar fotovoltaica;GAC;FDCGAC
DELTAD;18W000000000RUX3;DELTAD;5;Solar fotovoltaica;GAC;FDDGAC
DEMETE1;18W000000000SN8X;PSF DEMETER;40,8;Solar fotovoltaica;WMARK;FVDEMET
DEMFW;18W000000000QXYX;DEMFW;1,4;Solar fotovoltaica;GNRA;FVGNRA
DEPOC01;18W000000000Q8QD;DEPOC01;0,6;Consumos directos en mercado;DEPOA;DEPOC01
DERETIL;18W000000000OTQW;DERETIL;9;Comercializadores mercado libre;EGED;EGEDR01
DERMONT;18WDERMONT-123-H;18WDERMONT-123-H;3,6;Derivados del petroleo o carbon;EGLE;TDERMO
DERSC;18WDERSC-12345-4;GENERAL MOTORS;10;Solar fotovoltaica;GNRA;FDERSC
DESAFIO;18W000000000S4D6;DESAFIO SOLAR PLANT;44,5;Solar fotovoltaica;RENSP;RESOLAR
DESAV;18W000000000FS36;VERTEDEROS DE RESIDUOS-DEHESAS;3,4;Biogas;LMER;DEESA
DESIRTO;18W000000000P01H;DESIERTO;3,3;Solar fotovoltaica;GESTE;FDSERTO
DESLO;18W000000000M3EV;DESLO;2;Solar fotovoltaica;GNRA;LAPEN
DETCD01;18W0000000009NJD;DETCD01;2.540,00;Consumos directos en mercado;DETIC;DETCD01
DETCD02;18W000000000CSB2;DETCD02;931,5;Consumos directos en mercado;DETIC;DETCD02
DETCD16;18W000000000NIPY;DETCD16;35;Consumos directos en mercado;DETIC;DETCD16
DETIC01;18W-DETIC01-9--J;DETIC01;0;Comercializadores mercado libre;DETIC;DETIC01
DETISA1;18WDETISA1-12-DO;COG RABIDA-DETISA;49,9;Gas Natural Cogeneracion;SEDAE;TFSEDAE
DETSSAA;18W000000000NRLF;DETSSAA;30;Consumo de Servicios Auxiliares;DETIC;DETSSAA
DEVA;18WDEVA-12345-EM;P.E. DE DEVA;39,6;Eolica terrestre;EGED;EDEVAG
DEVESA;18WDEVESA-123-A4;18WDEVESA-123-A4;3,7;Hidraulica no UGH;EGLE;HCOHIG
DEVIRGI;18WPEDVIRGINIA-P;P.E. DEHESA VIRGINIA;30;Eolica terrestre;EGED;EGREEN1
DFERC01;18W000000000T54H;DUFERCO ENERGIA SPA;0;Comercializadores mercado libre;DUFEA;DFERC01
DHEYG;18W000000000RPDL;DHEYG;25;Solar fotovoltaica;GNRA;UPDOH
DIBAQ1;18W0000000000UHW;DIBAQ;2,9;Gas Natural Cogeneracion;COGEN;AE10COG
DIELC01;18W0000000005PA4;DIELE PENINSULA;5;Comercializadores mercado libre;DIELE;DIELC01
DIL1;18WDIL1-12345-AY;DILAR 1;1,5;Hidraulica UGH;ENDG;GDLQ
DIL2;18WDIL2-12345-AO;DILAR 2;2;Hidraulica UGH;ENDG;GDLQ
DILUC01;18W000000000NHSV;DILUZ COMPRA;0,1;Comercializadores mercado libre;DILUZ;DILUC01
DIPBC01;18W000000000KBFD;DIPBC01;92,7;Consumos directos en mercado;DIPBA;DIPBC01
DIRGC01;18W000000000RJ2O;DIRECTGREEN;1;Comercializadores mercado libre;DIREA;DIRGC01
DIVIC01;18W000000000CR7D;UP DIVICONSULTING;0,1;Comercializadores mercado libre;DIVIC;DIVIC01
DIVSO;18W000000000JJGS;DIVSO;2;Solar fotovoltaica;GNRA;FVGNRA
DJIMENA;18WDJIMENA-123-K;UF DOÑA JIMENA;1,1;Hidraulica no UGH;INTRA;HHTTRIN
DJUNCAL;18WDJUNCAL-123-Y;DUERO JUNCAL;9,9;Solar fotovoltaica;GESTE;FJUNCAL
DLSTC01;18W000000000F5J6;GOENERGIA;0,1;Comercializadores mercado libre;DLSTE;DLSTC01
DOI1;18WDOI1-12345-AW;DOIRAS 1;23,7;Hidraulica UGH;REPSB;VIES
DOI2;18WDOI2-12345-AM;DOIRAS 2;23,7;Hidraulica UGH;REPSB;VIES
DOI3;18WDOI3-12345-AC;DOIRAS 3;14,1;Hidraulica UGH;REPSB;VIES
DOLAUNO;18WDOLAUNO-123-R;P.E.DOLAR 1;49,5;Eolica terrestre;IBGES;EHIBGES
DOLTRES;18WDOLTRES-123-J;P.E. DOLAR 3;49,5;Eolica terrestre;IBGES;EHIBGES
DOLVC01;18W000000000K71G;DOLVC01;12,1;Consumos directos en mercado;DOLNO;DOLVC01
DOMENO;18WDOMENO-1234-Y;DOMEÑO;20,4;Hidraulica no UGH;IBGES;HFIBGES
DONBC01;18W000000000SWVY;DONBECO;0,1;Comercializadores mercado libre;DONBE;DONBC01
DONSL;18W000000000G3RT;DONSL;1,6;Solar fotovoltaica;GNRA;FVGNRA
DOSA;18W000000000NHKA;DOSA;5;Hidraulica no UGH;GNRA;HDOSA
DOSPUEB;18WDOSPUEB-123-0;P.E. DOS PUEBLOS;20;Eolica terrestre;IBGES;EHIBGES
DOVILAN;18WDOVILAN-12-EB;P. E. DO VILAN;16,9;Eolica terrestre;ECYR;EEGPEM
DOWCHEM;18WDOWCHEM-123-F;DOW CHEMICAL;14,5;Derivados del petroleo o carbon;EEXXI;TDEEXXI
DOY;18W000000000PIDD;DOY;3,8;Energía residual;AME;A2GAME2
DPKEC01;18W000000000M2A5;DEEPKI PENINSULA;1;Comercializadores mercado libre;DEEPK;DPKEC01
DRACOSL;18W000000000O9D7;DRACOS;40;Solar fotovoltaica;GESTE;FDRACOS
DREAC01;18W-DREAC01-1--J;DREUA;28;Comercializadores mercado libre;DREUA;DREAC01
DREDC01;18W000000000EYD9;DREDC01;28,6;Consumos directos en mercado;DREUA;DREDC01
DREEC01;18W000000000F0YS;DREEC01;2;Consumos directos en mercado;DREUA;DREEC01
DRKFC01;18W-DRKFC01-8--Y;DRK ENERGY;4,5;Comercializadores mercado libre;DRK;DRKFC01
DROSP;18W000000000GTWF;DROSP;25;Solar fotovoltaica;GNRA;UPDROS
DSBON;18W000000000GP0H;DSBON;39,6;Solar fotovoltaica;GNRA;UPBON2
DSMAC01;18W000000000MFDY;3DSMART COMPRA;20;Comercializadores mercado libre;DSMAR;DSMAC01
DTABLAR;18WDTABLAR-123-K;P. E. DEHESA DE TABLARES;0,8;Eolica terrestre;NEXU;ETBLRES
DUENA;18WDUENA-1234-EB;P. E. SIERRA DE DUENA;31,4;Eolica terrestre;IBGES;EHIBGES
DUEROCA;18W000000000NGLB;DUEROCA;1,4;Hidraulica no UGH;CEG;HDUEROK
DUFEC01;18W000000000D3EU;DUFEC01;400;Comercializadores mercado libre;DUFER;DUFEC01
DUFECP3;18W-DUFECP3-8--L;DUFENERGY;400;Importacion Francia;DUFER;DUFECP3
DUFEVP3;18W-DUFEVP3-5--T;DUFEVP3;400;Exportacion Francia;DUFER;DUFEVP3
DULCNE5;18W000000000R5UA;UF SOLAR DULCINEA 5;5;Solar fotovoltaica;NEXU;FDULC5
DULCNE6;18W000000000R5V8;UF SOLAR DULCINEA 6;5;Solar fotovoltaica;NEXU;FDULC6
DUQ1;18WDUQ1-12345-AK;DUQUE;12,5;Hidraulica UGH;ENDG;GDLQ
DUR1;18WDUR1-12345-A9;DURCAL 1;1,8;Hidraulica UGH;ENDG;GDLQ
DUR2;18WDUR2-12345--L;DURCAL 2;1,8;Hidraulica UGH;ENDG;GDLQ
DXDC01;18W0000000006PYQ;DXD COMERCIALIZADORA UNIDAD;1;Comercializadores mercado libre;DXD;DXDC01
DYNFC01;18W000000000NAG2;DYNEFF;0,1;Comercializadores mercado libre;DYNEF;DYNFC01
EACER;18W000000000S26Q;EACER;1;Comercializadores mercado libre;SHELL;SESAR01
EALBC01;18W-EALBC01-9--9;ELECTRICA DE ALBATERENSE, S.L.;5;Comercializadores mercado libre;EALB;EALBC01
EALMC01;18W0000000006S8W;ALMENAR UNIDAD PROGRAMACION;0,3;Comercializadores mercado libre;ELALM;EALMC01
EAM0C01;18W-EAM0C01-8--S;ELECTRA ALTO MIÑO COMERCIALIZA;5,7;Comercializadores mercado libre;EAM01;EAM0C01
EAMB02;18W000000000SV1N;GRAFENO;1,2;Solar fotovoltaica;AMADR;EAMV02
EAMC01;18W-EAMC01-53--B;ANT MAD;0,3;Comercializadores mercado libre;AMADR;EAMC01
EAMIN;18W000000000S27O;EAMIN;1;Comercializadores mercado libre;SHELL;SESAR01
EBALSAS;18W-EBALSAS-5--7;LAS BALSAS-ALAIZ;25,5;Eolica terrestre;WMARK;ECENDER
EBAT;18WEBAT-123456-L;EL BATAN;0,4;Hidraulica UGH;CTNU;JUCAR2
EBE1;18WEBE1-12345-AY;EL BERBEL 1;6,2;Hidraulica UGH;ENDG;EBRACC1
EBE2;18WEBE2-12345-AO;EL BERBEL 2;6,2;Hidraulica UGH;ENDG;EBRACC1
EBE3;18WEBE3-12345-AE;EL BERBEL 3;6,2;Hidraulica UGH;ENDG;EBRACC1
EBIACA1;18W-EBIACA1-8--8;EBIACA1;5;Comercializadores mercado libre;EBIAR;EBIACA1
EBLCO01;18W-EBLCO01-2--W;EBLCO01;0;Comercializadores mercado libre;EBLCO;EBLCO01
EBLL;18WEBLL-123456-H;EDAR DEL BAIX LLOBREGAT;7,7;Gas Natural Cogeneracion;AME;TEBLLRB
EBO1;18WEBO1-12345-AZ;EL BOSQUE 1;3,8;Hidraulica UGH;IBEG;JUCA
EBO2;18WEBO2-12345-AP;EL BOSQUE 2;3,9;Hidraulica UGH;IBEG;JUCA
EBOSC;18W000000000QYDZ;EBOSC;1,7;Solar fotovoltaica;GNRA;FVGNRA
EBRA;18W000000000QBP6;EBRA;4,5;Eolica terrestre;GNRA;EFGNRA
EBREC01;18W000000000J3JX;EBREC01;0,1;Comercializadores mercado libre;EBROE;EBREC01
EBRO1;18W000000000SSON;PSF EBRO1;45;Solar fotovoltaica;EGLE;FSOVAL
EBROC;18W0000000005M1V;UF CAMPO;1,6;Hidraulica no UGH;GNRA;HPUEYO
ECA1;18WECA1-12345-AT;EL CABILDO 1;0,5;Hidraulica UGH;ASIE;ASIDUE
ECA2;18WECA2-12345-AJ;EL CABILDO 2;0,7;Hidraulica UGH;ASIE;ASIDUE
ECAIX;18W000000000Q11A;ECAIX;17,5;Solar fotovoltaica;GNRA;FVCARR
ECATC01;18WECATC01UF---V;DIST. ELÉCTRICA CATOIRA COMPRA;1;Comercializadores mercado libre;ELCAT;ECATC01
ECAZC01;18W-ECAZC01-8--X;ECAZC01;0;Comercializadores mercado libre;ECADZ;ECAZC01
ECEC01;18W-ECEC01-62--V;ECEC01;0;Comercializadores mercado libre;ECE;ECEC01
ECHAGUE;18WECHAGUE-12-ES;P. E. ECHAGÜE;23,1;Eolica terrestre;EGED;EGREEN
ECHO;18WECHO-12345-AI;CHORRO DEL DUQUE;1;Hidraulica UGH;HIDRJ;ECHO
ECIFW;18W000000000IJ3L;ECIFW;1,2;Solar fotovoltaica;GNRA;FVGNRA
ECKER;18WPAPELERAECKEK;18WPAPELERAECKEK;4,8;Gas Natural Cogeneracion;PECKE;TECKER
ECLEN;18W000000000POQ6;FV CAÑADA LENTISCO UF;4,4;Solar fotovoltaica;EPYM;ES-EYPP
ECNDC01;18W00000000029ZE;ECO NUEVOS DESARROLLOS;4;Comercializadores mercado libre;ECOND;ECNDC01
ECOESP;18WECOESP-123-D3;ECOCARBURANTES ESPAÑOLES;21,6;Gas Natural Cogeneracion;HISPE;TBIOEC
ECOFC01;18W0000000003SHQ;UNIDAD ECOFUTURA;1;Comercializadores mercado libre;ECOFU;ECOFC01
ECOIB;18WECOIB-12345-9;ECOIBERIA SOLAR;10;Solar fotovoltaica;CEG;FVECOIB
ECOLC01;18W-ECOLC01-5--V;COMERCIALIZACION PENINSULAR;0,2;Comercializadores mercado libre;ECOLE;ECOLC01
ECOMED3;18WECOMED3-123-6;ECOMED3;4,2;Biogas;CEG;RECMED
ECONC01;18W-ECONC01-4--H;ECONACTIVA SCOOP DE C-LM;0,1;Comercializadores mercado libre;ECON;ECONC01
ECOPAR;18WECOPAR-1234-F;ECOPARQUE DE LA RIOJA;2,1;Biogas;GEMSL;RYGEMSL
ECOPAR1;18W000000000RA58;ECOPARC-1;5,2;Biogas;EGLE;RECOBAR
ECOPAR2;18W000000000Q5Y6;ECOPARC 2;4,1;Biogas;EGLE;RBESOS
ECOSOLA;18W000000000SRZ4;FV ECOSOLAR;4;Solar fotovoltaica;WMARK;FVECOSO
ECOTC01;18W000000000SLZM;ECOTHERMIC;1;Comercializadores mercado libre;ECOTH;ECOTC01
ECOTOL;18W000000000ABYF;BIOGAS ECOTOLEDO;2,1;Biogas;SHELL;SESBIO7
ECOVC01;18W000000000PXMO;ECOVC01;0;Comercializadores mercado libre;ECOVE;ECOVC01
ECSCCA1;18W-ECSCCA1-2--E;ECSCCA1;10,5;Comercializadores mercado libre;CALLO;ECSCCA1
ECT2TG1;18WECT2TG1-123-6;ESCATRON TURBINA GAS 1;50,2;Ciclo Combinado;CYDDP;ECT2
ECT2TG2;18WECT2TG2-12--B;ESCATRON TURBINA GAS 2;50,2;Ciclo Combinado;CYDDP;ECT2
ECT2TG3;18WECT2TG3-123-T;ESCATRON TURBINA GAS 3;50,1;Ciclo Combinado;CYDDP;ECT2
ECT2TG4;18WECT2TG4-123-M;ESCATRON TURBINA GAS 4;50,1;Ciclo Combinado;CYDDP;ECT2
ECT2TV;18WECT2TV--12341;ESCATRON TURBINA VAPOR;74;Ciclo Combinado;CYDDP;ECT2
ECT2X;18W-ECT2X-220--R;ECT2X;4;Consumo de Servicios Auxiliares;CYDDP;ECT2X
ECT3TG1;18WECT3TG1-123-X;ESCATRÓN TURBINA GAS 1;269,8;Ciclo Combinado;REPSB;ECT3
ECT3TG2;18WECT3TG2-123-Q;ESCATRÓN TURBINA GAS 2;269,8;Ciclo Combinado;REPSB;ECT3
ECT3TV1;18WECT3TV1-123-O;ESCATRÓN TURBINA VAPOR;264,7;Ciclo Combinado;REPSB;ECT3
ECVIL;18W000000000B0EA;UF VILLANUEVA DE LA JARA I;4,3;Eolica terrestre;GNRA;EFGNRA
ECYRREX;18W-ECYRREX-9--6;ECYRREX;1,3;Consumo de Servicios Auxiliares;ECYR;ECYRREX
EDARCOG;18W000000000B4U3;EDARCOG;0,9;Gas Natural Cogeneracion;DETIC;COGEDAR
EDARLEO;18WEDARLEO-123-S;EDARLEON;2;Gas Natural Cogeneracion;EGED;TFEGED
EDFAC01;18W-EDFAC01-8--C;EDFAC01;2,2;Comercializadores mercado libre;EDFAC;EDFAC01
EDFSC01;18W-EDFSC01-3--I;SERRALLO;0,1;Comercializadores mercado libre;EDFAS;EDFSC01
EDFTC01;18W000000000IFDD;INTRADAY TRADIING;1.000,00;Comercializadores mercado libre;EDFT;EDFTC01
EDFTCP3;18W-EDFTCP3-9--K;EDFTCP3;0;Importacion Francia;EDFT;EDFTCP3
EDFTVP3;18W-EDFTVP3-7--O;EDFTVP3;0;Exportacion Francia;EDFT;EDFTVP3
EDIAV;18W000000000KS4L;EDIAV;1,8;Solar fotovoltaica;GNRA;FVGNRA
EDPCC01;18W000000000IV0S;UNIDAD DE COMPRA DE COMERCIALI;1;Comercializadores mercado libre;EDPCL;EDPCC01
EDPCOX;18W000000000728W;SSAA EDP COMERCIALIZADORA;20;Consumo de Servicios Auxiliares;NATGA;EDPCOX
EE21C01;18W-EE21C01-5--2;EE21C01;9.999,00;Comercializadores último recurso;EEXXI;EE21C01
EE21CEB;18W-EE21CEB-9--D;ENLACE PB;408;Enlace Baleares;EEXXI;EE21CEB
EEEC01;18W0000000000NO2;ENERGIA ELECTRICA EFICIENTE SL;0,1;Comercializadores mercado libre;EEEFI;EEEC01
EEFV002;18W000000000RGPO;AC BEMBE 5MW;5,2;Solar fotovoltaica;ENDCO;ENDRE02
EEHU2UF;18W000000000FFKB;UNIDAD FISICA HU46;46;Biomasa;ENCHU;EEHU2
EEM20;18WEEM20-12345-7;UFI ENCE ENERGIA EXTREMADURA;20;Biomasa;ENCEG;REEM20
EENC01;18W-EENC01-90--N;EENC01;0;Comercializadores mercado libre;EEN;EENC01
EENEC01;18W000000000K960;EENEC01;3,5;Consumos directos en mercado;EENER;EENEC01
EFGC01;18W-EFGC01-86--Q;EFGC01;0;Comercializadores mercado libre;EFG;EFGC01
EFIDC01;18W0000000007JF4;EFIDUERO;9,9;Comercializadores mercado libre;EFIDU;EFIDC01
EFIDC02;18W000000000P1UU;GN SUR SDG ( TARIFA, FOTOVOLTA;0,4;Solar fotovoltaica;EFIDU;EFIDC02
EGA;18W000000000NHDO;18W000000000NHDO;26,9;Solar fotovoltaica;EGLE;FEGA
EGABBIO;18W000000000O31C;UF EGABRENSE BIO;8;Biomasa;NEXU;REGBRE
EGABCHP;18W000000000O2ZL;UF EGABRENSE CHP;13;Gas Natural Cogeneracion;NEXU;TEGBREN
EGALC01;18W-EGALC01-4--K;ENERXIA GALEGA MAIS;1;Comercializadores mercado libre;EGALE;EGALC01
EGAZC01;18W000000000N4TV;ENERGAZE;1;Comercializadores mercado libre;EGAZE;EGAZC01
EGCMC01;18W-EGCMC01-8--C;EGCMC01;180;Comercializadores mercado libre;ENDG;EGCMC01
EGEDC01;18W-EGEDC01-3--J;EGEDC01;0;Comercializadores mercado libre;EGED;EGEDC01
EGEDCP3;18W-EGEDCP3-9--U;UP COMPRA CON DERECHOS;20;Importacion Francia;EGED;EGEDCP3
EGEDCX;18W000000000OIDH;UP SERVICIOS AUXILIARES;25;Consumo de Servicios Auxiliares;EGED;EGEDCX
EGEDVP3;18W-EGEDVP3-4--9;UP VENTA CON DERECHOS EN FRANC;20;Exportacion Francia;EGED;EGEDVP3
EGENC01;18W-EGENC01-5--W;ELE GUIXES ENERGIA;3;Comercializadores mercado libre;EGEN;EGENC01
EGILLOR;18W000000000NGN7;EGILLOR;4,3;Hidraulica no UGH;CEG;HEGILLO
EGLCCX1;18W000000000PUY9;PORT_GEN_CMPRA;9.999,00;Porfolio;EGLE;EGLCCX1
EGLCVX1;18W000000000PV00;PORT_GEN_VNTA;9.999,00;Porfolio;EGLE;EGLCVX1
EGLEC01;18W-EGLEC01-8--V;EGLEC01;0;Comercializadores mercado libre;EGLE;EGLEC01
EGLECP3;18W-EGLECP3-2--G;EGLE, EXP A FRANCIA CN DER;500;Importacion Francia;EGLE;EGLECP3
EGLEVP3;18W-EGLEVP3-4--4;EGLE, IMP A FRANCIA CN DER;1.400,00;Exportacion Francia;EGLE;EGLEVP3
EGLEX;18W-EGLEX-869--B;EGLEX;2,4;Consumo de Servicios Auxiliares;EGLE;EGLEX
EGLPCX1;18W000000000AD5U;PORFOLIO COMPRA GENERAC;9.999,00;Porfolio;EGLE;EGLPCX1
EGLPVX1;18W000000000AD6S;PORFOLIO VENTA GENER;9.999,00;Porfolio;EGLE;EGLPVX1
EGREC01;18W000000000S53N;EGREC01;1;Comercializadores mercado libre;EGREN;EGREC01
EGU1;18WEGU1-12345-AK;EGUILLOR 1;0,5;Hidraulica UGH;IBEG;EBRA
EGU2;18WEGU2-12345-AA;EGUILLOR 2;0,7;Hidraulica UGH;IBEG;EBRA
EHILC01;18W000000000B3RC;HELIA UP;3;Comercializadores mercado libre;HELIC;EHILC01
EINDC01;18W000000000SQ6S;EINDC01;0,1;Comercializadores mercado libre;EINDE;EINDC01
EINTC01;18W000000000M3ZQ;INTERSOL PENINSULA;10;Comercializadores mercado libre;INSOL;EINTC01
EITOB;18WEITOB-12345-7;EITOB;2;Biomasa;CEG;RPUEBLA
EITOC;18WEITOC-12345-Z;COGENERACIÓN-PUEBLA ALMORADIEL;10;Gas Natural Cogeneracion;CEG;TEITOL
EJE2;18W000000000PZV0;EJE2;2;Solar fotovoltaica;GNRA;FVGNRA
EKHIC01;18W000000000QDKA;EKHINEO ENERGA;1;Comercializadores mercado libre;EKHIN;EKHIC01
EKIOLA;18W000000000SZ1B;UF SOLAR EKIOLA;1;Solar fotovoltaica;NEXU;FEKIOLA
EKOCMG1;18W000000000K758;18W000000000K758;25,5;Residuos domésticos y similares;EGLE;RDAKIN
ELALAMO;18WELALAMOEOLIC8;P.E. EL ALAMO;36;Eolica terrestre;HC G;HCGSCSA
ELALC01;18W-ELALC01-6--V;ALGIMIA;0,8;Comercializadores mercado libre;ELALG;ELALC01
ELAVC01;18W-ELAVC01-2--V;ELECTRA AVELLANA COMERCIAL, S.;4;Comercializadores mercado libre;ELAVE;ELAVC01
ELBEC01;18W0000000003SFU;ELECTRICA BENASQUE SL;4;Comercializadores mercado libre;ELBEN;ELBEC01
ELCAC01;18W-ELCAC01-9--O;ELECTRA CALDENSE ENERGÍA COMPR;1;Comercializadores mercado libre;ECAL;ELCAC01
ELCAMP;18W000000000RH8I;PSFV-ELCAMPILLO;3;Solar fotovoltaica;LAUEI;FELCAMP
ELCAMPI;18W000000000SPL1;PE EL CAMPILLO;48,8;Eolica terrestre;WMARK;EELCAMP
ELCAMPO;18W000000000F5TN;PE EL CAMPO;19,8;Eolica terrestre;ECYR;EEGPES
ELCAST;18W000000000NJAO;PE EL CASTILLO;25,2;Eolica terrestre;HC G;HCGSCSA
ELCIEGO;18WELCIEGO-123-A;ELCIEGO;1,9;Hidraulica no UGH;EGED;HATUDEL
ELCNC01;18W-ELCNC01-1--D;ELCNC01;0,2;Comercializadores mercado libre;ELECN;ELCNC01
ELCOTO1;18W000000000QHQN;PE EL COTO;21;Eolica terrestre;WMARK;ELCOTOR
ELEAUX;18W000000000PLU7;ELEAUX SERVICIOS AUXILIARES;5;Consumo de Servicios Auxiliares;ELEIA;ELEAUX
ELECRUR;18W000000000JK68;ELECRUR;2,9;Hidraulica no UGH;RSPRA;HHRSPRA
ELEIC01;18W000000000F0P9;ELEIA COMPRA;0,1;Comercializadores mercado libre;ELEIA;ELEIC01
ELEKC01;18W00000000012NQ;ELEKC01;0,1;Comercializadores mercado libre;ELEK;ELEKC01
ELEPCX1;18W000000000OMC7;ELEPCX1;9.999,00;Porfolio;ELEIA;ELEPCX1
ELEPVX1;18W000000000OMD5;ELEPVX1;9.999,00;Porfolio;ELEIA;ELEPVX1
ELESC01;18W0000000007JH0;ELESU_COMPRAS;0,2;Comercializadores mercado libre;ELESU;ELESC01
ELGALLO;18WELGALLO-123-H;18WELGALLO-123-H;49,4;Eolica terrestre;EGLE;ECYLEO
ELGEA;18WELGEA-1234-EQ;P.E. SIERRA ELGEA;26,9;Eolica terrestre;IBGES;EHIBGES
ELGURKI;18WELGURKI-12-EH;P.E. ELGEA-URKILLA;32,3;0;IBGES;EBHIBHV
ELIESV;18W000000000NQQ8;ELIESV;0,9;Solar fotovoltaica;RSPRA;FFRSPRA
ELITC01;18W000000000N20L;ELITE BIOENERGIA SL;0;Comercializadores mercado libre;ELITE;ELITC01
ELLOMAY;18W000000000NQPA;18W000000000NQPA;25,6;Solar fotovoltaica;EGLE;FELLOM
ELMIX;18W000000000PZYV;ELMIX;12,5;Solar fotovoltaica;GNRA;FVMAZO
ELMOC01;18W0000000007JG2;ELMON_COMPRAS;0,2;Comercializadores mercado libre;ELMON;ELMOC01
ELP1;18WELP1-12345-AF;EL PICAZO 1;8,3;Hidraulica UGH;IBEG;JUCA
ELP2;18WELP2-12345-A5;EL PICAZO 2;8,9;Hidraulica UGH;IBEG;JUCA
ELPINO;18WELPINO--12--K;P.E. EL PINO;24,6;Eolica terrestre;EBLCO;EELPINO
ELPOC01;18W-ELPOC01-1--M;ELPOP;8,7;Comercializadores mercado libre;ELPOP;ELPOC01
ELPOZO;18WELPOZO-1234-1;ELPOZO;17,2;Gas Natural Cogeneracion;DETIC;TELPOZO
ELPUERT;18W000000000RGCD;UFI PE EL PUERTO;5;Eolica terrestre;EGLE;EPERTO
ELPUEYO;18WELPUEYO-123-A;UF CH EL PUEYO;14;Hidraulica no UGH;GNRA;HPUEYO
ELRASO;18WELRASO-1234-Y;P. E. EL RASO;4,5;Eolica terrestre;EGED;EFEGED
ELSVALE;18W000000000QZP8;ELS VALENTINS;1,8;Solar fotovoltaica;WMARK;FFWMARK
ELTEC01;18W000000000JT3O;ELECTED ENERGY;1;Comercializadores mercado libre;ELTED;ELTEC01
ELTOLL;18W000000000T40S;ELTOLL;3;Solar fotovoltaica;LAUEI;FELTOLL
ELTOLLO;18W000000000MQ5H;PE EL TOLLO;50;Eolica terrestre;IGNIS;UPEBRO
ELUZC01;18W000000000KPUF;E-LUZ ENERGY;1;Comercializadores mercado libre;ELUZE;ELUZC01
ELV2C01;18W-ELV2C01-4--0;ELEVA 2 COMERCIALIZADORA, S.L.;0,4;Comercializadores mercado libre;ELVA2;ELV2C01
ELVAC01;18W-ELVAC01-5--Z;ELEVA UNO;0,4;Comercializadores mercado libre;ELVA1;ELVAC01
ELVALLE;18W000000000HBJH;PE ELVALLE_VALDENAVARRO;48,5;Eolica terrestre;EBLCO;EVALLE
EMASAEG;18WEMASAEG-123-S;EMASA EDAR GUADALHORCE;10;Gas Natural Cogeneracion;WMARK;TEMASA
EMB1;18WEMB1-12345-A9;EMBID DE LA RIBERA 2;1,5;Hidraulica UGH;ENDG;EBRACC1
EMB2;18WEMB2-12345--L;EMBID DE LA RIBERA 1;1,2;Hidraulica UGH;ENDG;EBRACC1
EMELC01;18W-EMELC01-4--P;MELIANA;2,5;Comercializadores mercado libre;EMELI;EMELC01
EMERITA;18W000000000RS6Q;UF SOLAR EMERITA;8;Solar fotovoltaica;NEXU;FEMERIT
EMESC01;18W-EMESC01-9--G;EMILIO ESTEBAN S.A.;0,9;Consumos directos en mercado;EMES;EMESC01
EMIAC0F;18W000000000QWE2;ENERMIA COMPRA;0,1;Comercializadores mercado libre;ENEDH;EMIAC01
EMILIAN;18WEMILIAN-123-W;18WEMILIAN-123-W;1,3;Hidraulica no UGH;EGLE;HCALDA
EMORELL;18WEMORELL-12-D0;REPSOL Q. EL MORELL;39,1;Gas Natural Cogeneracion;REPP;EMORELL
EMORPER;18WEMORPER-12-DQ;REPSOL Q. EL MORELL-PERAFOR;86,7;Gas Natural Cogeneracion;REPP;EMORPER
ENABAR;18WENABAR-123--7;ENAGAS BARCELONA;4,3;Energía residual;AME;ENABAR
ENAGASA;18WENAGASA-123-T;ENAGAS ALMENDRALEJO;6,1;0;AME;HIBENAA
ENAH;18W000000000T1Z4;ENAH;4,5;Oceano y geotérmica;AME;GENAH
ENAMU;18W000000000HADW;ENAMU;14,9;Gas Natural Cogeneracion;DETIC;TFENAMU
ENAQE;18W000000000QYOD;ENAQE;1,4;Solar fotovoltaica;GNRA;FVGNRA
ENARC01;18W-ENARC01-6--T;ENARC01;0,2;Comercializadores mercado libre;ENARA;ENARC01
ENC1;18WENC1-12345-AN;ENCINAREJO 1;4,1;Hidraulica UGH;ENDG;GDLQ
ENC2;18WENC2-12345-AD;ENCINAREJO 2;4,1;Hidraulica UGH;ENDG;GDLQ
ENCECP3;18W000000000PAD0;COMPRA INTER ENCE;30;Importacion Francia;EENER;ENCECP3
ENCEPON;18WENCEPON-12-D2;GENERACION ENCE PONTEVEDRA;34,5;Biomasa;ENCEG;RENCE
ENCEVP3;18W000000000PAC2;VENTA INTERENCE;30;Exportacion Francia;EENER;ENCEVP3
ENCIC01;18W000000000PPGN;ENCIENDETENERGIA SL;1;Comercializadores mercado libre;ENCIE;ENCIC01
ENCINED;18WENCINED-123-Z;P.E.ENCINEDO;30;Eolica terrestre;EGED;EGREEN1
ENCINIL;18W000000000K499;ENCINILLAS;23,4;Eolica terrestre;IBGES;EHIBGES
ENCRISA;18WENCRISA-12-DV;ENERCRISA;19,6;Gas Natural Cogeneracion;EGLE;TENCRI
ENDA;18WENDA-12345-AX;ENDARLAZA;0,2;Hidraulica UGH;IBEG;EBRA
ENDE01;18W-ENDE01-60--L;ENDE01;999;Comercializadores mercado libre;ENDCO;ENDE01
ENDEC01;18W0000000006OA3;ENDEC01;1;Comercializadores mercado libre;ENDEE;ENDEC01
ENDEC04;18W-ENDEC04-6--O;ENDEC04;0;Importacion Andorra;ENDCO;ENDEC04
ENDGCP3;18W-ENDGCP3-1--5;ENDGCP3;0;Importacion Francia;ENDG;ENDGCP3
ENDGVP3;18W-ENDGVP3-8--A;ENDGVP3;1.400,00;Exportacion Francia;ENDG;ENDGVP3
ENDIC01;18W000000000GAHS;ENDI ENERGY TRADING;0,5;Comercializadores mercado libre;ENDI;ENDIC01
ENDKC0F;18W000000000QHBG;COMPRA COMERCIALIZADORA;1;Comercializadores mercado libre;ENEDK;ENDKC01
ENDPC01;18W0000000006OB1;ENDPC01;1;Comercializadores mercado libre;ENDEP;ENDPC01
ENDRE01;18W000000000Q8FZ;REPRESENTACION AUTOCONSUMO EE;0,5;Solar fotovoltaica;ENDCO;ENDRE01
ENEC01;18W000000000RG00;ENERGIA UNICA SOLUCIONES INTEG;0,6;Comercializadores mercado libre;ENEDG;ENEC01
ENEDC01;18W000000000PRO1;ENERGIAREA EUROPE SL;1;Comercializadores mercado libre;ENEDB;ENEDC01
ENEIC01;18W000000000I92G;ENERFIA COMPRA;0,1;Comercializadores mercado libre;ENEFI;ENEIC01
ENEMANS;18WBIO-ENEMANSAF;ENEMANSA;16;Biomasa;ENCEG;RENMAN
ENEPC01;18W000000000QBQ4;ENERGY PLUS IBERIA SL;0;Comercializadores mercado libre;ENEPL;ENEPC01
ENERAL;18WENERAL-123-D8;ENERALCO;8,8;Gas Natural Cogeneracion;GNCO;TFGASN
ENERCOR;18W000000000IJPE;UF ENERCORR;14,9;Gas Natural Cogeneracion;GEMSL;TENERCO
ENERE01;18W000000000RFRN;IB CUR  ( TARIFA, FOTOVOLTAICA;0,2;Solar fotovoltaica;ENEDB;ENERE01
ENERFV;18W000000000GUMW;ENERPARC FV;1,9;Solar fotovoltaica;SHELL;SESPV04
ENERFV2;18W000000000GUZ6;ENERPARC FV2;4;Solar fotovoltaica;SHELL;SESPV04
ENERFV3;18W000000000GV1Y;ENERPARC FV3;4;Solar fotovoltaica;SHELL;SESPV04
ENERFV4;18W000000000GV2W;ENERPARC FV4;10;Solar fotovoltaica;SHELL;SESPV05
ENERLAN;18W000000000RI2R;ENERLAN;2;Solar fotovoltaica;GESTE;FENERLN
ENERPOR;18WENERPOR-123-N;18WENERPOR-123-N;5;Gas Natural Cogeneracion;EGLE;TEPCSA
ENERS;18W000000000QZ5B;ENERS;10;Solar fotovoltaica;GNRA;FVGNRA
ENESC01;18W000000000QB91;UP ESOLARTECH COMER;0,1;Comercializadores mercado libre;ENEST;ENESC01
ENETC01;18W000000000R2DG;ENETC01;1;Comercializadores mercado libre;ENETI;ENETC01
ENEXC0F;18W000000000QINQ;COMPRA COMERCIALIZADORA;1;Comercializadores mercado libre;ENEXS;ENEXC01
ENEYC01;18W000000000KBJ5;ECO2 PENINSULA;0,1;Comercializadores mercado libre;ENERY;ENEYC01
ENFDC01;18W000000000H899;ENFDC01;11.843,70;Consumos directos en mercado;ENUFR;ENFDC01
ENGLC01;18W000000000QZME;ENGEL COMERCIALIZADORA;0,1;Comercializadores mercado libre;ENGEL;ENGLC01
ENIX;18WENIX-12345--T;P. E. DE ENIX;13,2;Eolica terrestre;ECYR;EEGPEM
ENMEC01;18W0000000001V1K;ENERGIAS DEL MEDITERRANEO;0,1;Comercializadores mercado libre;ENMED;ENMEC01
ENMEV01;18W000000000SFBE;MENOS DE 1 MW;0,2;Hidraulica no UGH;ENMED;ENMEV01
ENP1;18WENP1-12345-AS;ENTREPEÑAS 1;20,3;Hidraulica UGH;GNFG;UFTA
ENP2;18WENP2-12345-AI;ENTREPEÑAS 2;20,4;Hidraulica UGH;GNFG;UFTA
ENPEC01;18W-ENPEC01-2--C;ENERPLUS ENERGIA, S.A.;0,1;Comercializadores mercado libre;ENPEN;ENPEC01
ENPHC01;18W000000000P9T8;ENPHC01;0,2;Consumos directos en mercado;ENPHA;ENPHC01
ENRLAND;18W000000000P19Z;UF ENRLAND 2007;7,9;Solar fotovoltaica;NEXU;FENERL
ENRNC01;18W000000000MM7P;ENRNC01;0,1;Comercializadores mercado libre;ENRNV;ENRNC01
ENRPC01;18W-ENRPC01-8--H;ENERPLUS SOCIEDAD COOPERATIVA;0,1;Comercializadores mercado libre;ENERP;ENRPC01
ENSAC01;18W-ENSAC01-2--I;ENERGYSAVE PROJECTS S.L.;4;Comercializadores mercado libre;ENSAV;ENSAC01
ENSTC01;18W000000000PA2M;ENSTC01;0,3;Consumos directos en mercado;ENEST;ENSTC01
ENTRED;18WENTRED-123-EH;P. E. ENTREDICHO;36;Eolica terrestre;IBGES;EHIBGES
ENTXC01;18W0000000003SGS;ENTXC01;0,5;Consumos directos en mercado;ENTEX;ENTXC01
ENUFB1;18W000000000GYGW;ENUFB1;16,9;Gas Natural Cogeneracion;ENUFR;ENUFRV1
ENUFB11;18W000000000PPZM;LA RASA 1;1;Solar fotovoltaica;ENUFR;ENUFV12
ENUFB12;18W000000000QW5K;POAL FOTOVOLTAICA;2;Solar fotovoltaica;ENUFR;ENUFV14
ENUFB13;18W000000000QW7G;NUFRI SOLAR;1,8;Solar fotovoltaica;ENUFR;ENUFV15
ENUFB14;18W000000000R2UJ;CASTELLANA;3;Solar fotovoltaica;ENUFR;ENUFV16
ENUFB16;18W000000000RVRC;MAS ROIG;5,4;Solar fotovoltaica;ENUFR;ENUFV18
ENUFB2;18W000000000GYKO;ENUFB2;8;Biogas;ENUFR;ENUFRV5
ENUFB3;18W000000000GYMK;ENUFB3;2;Biomasa;ENUFR;ENUFRV6
ENUFB4;18W000000000GYV2;ENUFB4;10;Gas Natural Cogeneracion;ENUFR;ENUFRV1
ENUFB5;18W000000000GYW0;ENUFB5;10;Gas Natural Cogeneracion;ENUFR;ENUFV10
ENUFB7;18W000000000NKED;LA JARA I;5,4;Solar fotovoltaica;ENUFR;ENUFRV9
ENUFB8;18W000000000P9X0;LA JARA 2;5,3;Solar fotovoltaica;ENUFR;ENUFV11
ENUFC01;18W0000000005CLL;ENERGIA NUFRI SLU;0,5;Comercializadores mercado libre;ENUFR;ENUFC01
ENUFRV4;18W000000000H76I;VIRGEN DE LAS VIÑAS;0,3;Hidraulica no UGH;ENUFR;ENUFRV4
ENUFRV8;18W000000000N8QP;FYNEXU;3,3;Solar fotovoltaica;ENUFR;ENUFRV8
ENUPCX1;18W000000000OGDN;ENUPCX1;9.999,00;Porfolio;ENUFR;ENUPCX1
ENUPVX1;18W000000000OGEL;ENUPVX1;9.999,00;Porfolio;ENUFR;ENUPVX1
ENVEC01;18W000000000JY55;ENERVER ENERGIA;1;Comercializadores mercado libre;ENVER;ENVEC01
ENVIL;18W000000000B0F8;UF VILLANUEVA DE LA JARA II;3;Eolica terrestre;GNRA;EFGNRA
ENXXC01;18W000000000P9OI;ENXXC01;0,3;Consumos directos en mercado;ENTXX;ENXXC01
ENZIC01;18W000000000L3C2;UP_ZINQUETA;0,1;Comercializadores mercado libre;ENEAC;ENZIC01
EOLPOP;18W0000000008NGN;EOLICA VIURE;2,7;Eolica terrestre;GESTE;EYOLPOP
EONUC01;18W-EONUC01-1--T;EONUC01;255;Comercializadores último recurso;EONUR;EONUC01
EOP2C01;18W-EOP2C01-4--R;EOP;1,5;Comercializadores mercado libre;EOP20;EOP2C01
EOPOLEO;18W000000000QQ51;ELPOLEO;48,5;Eolica terrestre;GESTE;ELPOLEO
EPACC01;18W000000000JQUG;EPACC01;0,1;Comercializadores mercado libre;EPAC;EPACC01
EPARAMO;18WEPARAMO-123-U;EPARAMO;24;Eolica terrestre;EBLCO;EEPARAM
EPEEXXI;18W-EPEEXXI-1--A;END CUR  ( EÓLICA, PRUEBAS);0;Eolica terrestre;EEXXI;EPEEXXI
EPEONUR;18W-EPEONUR-3--X;E.ON CUR ( EÓLICA, PRUEBAS);0;Eolica terrestre;EONUR;EPEONUR
EPFV1;18WEPFV1-12345-N;SUNPRO SOLAR 1;1,8;Solar fotovoltaica;GNRA;FVGNRA
EPFV2;18WEPFV2-12345-E;SUNPRO SOLAR 2;1,5;Solar fotovoltaica;GNRA;FVGNRA
EPHCCUR;18W-EPHCCUR-1--M;HC CUR ( EÓLICA, PRUEBAS);0;Eolica terrestre;HCCUR;EPHCCUR
EPIBCUR;18W-EPIBCUR-4--9;IB CUR  ( EÓLICA, PRUEBAS);2;Eolica terrestre;IBCUR;EPIBCUR
EPICASA;18WEPICASA-123-V;18WEPICASA-123-V;6,8;Gas Natural Cogeneracion;EGLE;TRODON
EPILC01;18W000000000MMUG;EPILC01;0,5;Consumos directos en mercado;EPILA;EPILC01
EPRSC01;18W-EPRSC01-8--5;EPRSC01;9.999,00;Comercializadores mercado libre;EPRSA;EPRSC01
EPSTO;18W000000000LNRN;EPSTO;2;Eolica terrestre;GNRA;EFGNRA
EPT1;18WEPT1-12345-AY;ESPOT 1;4,8;Hidraulica UGH;ENDG;EBRFEN
EPT2;18WEPT2-12345-AO;ESPOT 2;4,8;Hidraulica UGH;ENDG;EBRFEN
EPU50UF;18W000000000FFJD;UNIDAD FISICA ENCE PUERTOLLANO;50;Biomasa;PU100;EPU50
EQUEB;18W000000000PU4W;EQUEB;4,5;Eolica terrestre;GNRA;EFGNRA
ERADELP;18WERADELP-123-0;P.E. ERA DEL PICO;11,9;Eolica terrestre;HC G;HCGSCSA
ERARSAM;18WERARSAM-12-DC;COGENER. E.R.A.R. SUR MADRID (;24,1;Gas Natural Cogeneracion;GNRA;TBOREME
ERASB;18W000000000ISQM;ERAS BONETE;5;Eolica terrestre;WMARK;EFWMARK
ERCR01;18W000000000QO57;ERCR01;1;Comercializadores mercado libre;ENDCO;ENDER01
ERCR02;18W000000000QO65;ERCR02;1;Comercializadores mercado libre;ENDCO;ENDER01
ERENC01;18W000000000FYB9;ENDESA ENERGIA RENOVABLE;0;Comercializadores mercado libre;EEREN;ERENC01
ERESMA;18WERESMA-1234-H;HORNILLOS DE ERESMA;14,6;Gas Natural Cogeneracion;FUTGR;TIGERE
ERI1;18WERI1-12345-AK;ERISTE 1;44;Hidraulica UGH;ENDG;EBRACC1
ERI2;18WERI2-12345-AA;ERISTE 2;43,6;Hidraulica UGH;ENDG;EBRACC1
ERIAV;18W000000000S6B4;ERIAV;5;Solar fotovoltaica;GNRA;UPERI
EROUCP3;18W-EROUCP3-1--L;ELECTROROUTE ENERGY TRADING LI;50;Importacion Francia;EROUT;EROUCP3
EROUVP3;18W-EROUVP3-3--9;ELECTROROUTE ENERGY TRADING LI;50;Exportacion Francia;EROUT;EROUVP3
ERPCC01;18W000000000Q9IQ;UP COMPRA ENERGETICA;5;Comercializadores mercado libre;ENEDJ;ERPCC01
ERPCFV1;18W000000000R4DA;FYEFG;2;Solar fotovoltaica;ENEDJ;ERPCFV1
ERPCHI1;18W000000000SK77;DETIC (TARIFA,NO EXENTO,HID.);0,8;Hidraulica no UGH;ENEDJ;ERPCHI1
ERRADO2;18WERRADO2-123-Q;18WERRADO2-123-Q;30;Solar térmica;EGLE;STUBOS
ERUELA;18W000000000SQCG;UF SOLAR ERUELA;1,2;Solar fotovoltaica;NEXU;FERUELA
ES-AI83;18W000000000QQK8;ES-AI83;1;Comercializadores mercado libre;FORTI;FORTR01
ES-AIMA;18W000000000QQQX;ES-AIMA;1;Comercializadores mercado libre;FORTI;FORTR01
ES-AISA;18W000000000QQRV;ES-AISA;1;Comercializadores mercado libre;FORTI;FORTR01
ES-ARCH;18W000000000P2BS;18W000000000P2BS;7;Solar fotovoltaica;EGLE;FANPU
ES-ARML;18W000000000QKU6;ES-ARML;1;Comercializadores mercado libre;GALP;GALPR01
ES-AT79;18W000000000PVDB;ES-AT79;1;Comercializadores mercado libre;FORTI;FORTR01
ES-BOLU;18W000000000Q2OZ;UF BOLU;4,2;Hidraulica no UGH;GEMSL;ES-HCAB
ES-BOND;18W000000000QNXS;ES-BOND;1;Comercializadores mercado libre;EDPCL;EDPCR01
ES-BOO;18W000000000QOR0;ES-BOO;1;Comercializadores mercado libre;CENTE;EVMER01
ES-CEFI;18W000000000QPO3;ES-CEFI;1;Comercializadores mercado libre;EDPCL;EDPCR01
ES-CLOS;18W000000000QJD6;ES-CLOS;11.200,00;Consumos directos en mercado;GUIS;GUISR01
ES-CM96;18W000000000QQN2;ES-CM96;1;Comercializadores mercado libre;FORTI;FORTR01
ES-COVE;18W000000000QNYQ;ES-COVE;1;Comercializadores mercado libre;EDPCL;EDPCR01
ES-DXAT;18W000000000S1RO;ES-DXAT;1;Comercializadores mercado libre;GNCO;GNCOR01
ES-DXBA;18W000000000S1QQ;ES-DXBA;1;Comercializadores mercado libre;GNCO;GNCOR01
ES-DXTE;18W000000000S1PS;ES-DXTE;1;Comercializadores mercado libre;GNCO;GNCOR01
ES-ERCR;18W000000000QOEQ;ES-ERCR;1;Comercializadores mercado libre;GNCO;GNCOR01
ES-FGNE;18W000000000PY7E;MAZARRPON FISICA;4,5;Solar fotovoltaica;ISMSL;ES-FGEN
ES-FINV;18W000000000PW5O;UFMAYA;2,7;Solar fotovoltaica;ISMSL;ES-FINV
ES-FROC;18W000000000Q0EO;ROLWIND HUELVA 3 SLU;19;Solar fotovoltaica;IGNIS;UPROCI3
ES-FSOL;18W000000000P5QQ;FSOLCAM;9,8;Solar fotovoltaica;WMARK;FCAMPIR
ES-GASI;18W000000000S55J;ES-GASI;1;Comercializadores mercado libre;FORTI;FORTR01
ES-HFAS;18W000000000Q0KC;ES-HFASIETORRII;1;Hidraulica no UGH;ASIE;HFASIE
ES-HOCS;18W000000000S56H;ES-HOCS;1;Comercializadores mercado libre;FORTI;FORTR01
ES-JERE;18W000000000QK4L;ES-JERE;1;Comercializadores mercado libre;EGLE;AXPOR01
ES-KIM;18W000000000S3E7;ES-KIM;1;Comercializadores mercado libre;TGYE;TGYER01
ES-LE48;18W000000000QQPZ;ES-LE48;1;Comercializadores mercado libre;FORTI;FORTR01
ES-LG08;18W000000000QQO0;ES-LG08;1;Comercializadores mercado libre;FORTI;FORTR01
ES-LLEI;18W000000000QJE4;ES-LLEI;4.150,00;Consumos directos en mercado;GUIS;GUISR01
ES-MIRA;18W000000000PPO7;LA MIRANDA;6,2;Solar fotovoltaica;ADXRE;MIRAN01
ES-MONZ;18W000000000QOP4;ES-MONZ;1;Comercializadores mercado libre;CENTE;EVMER01
ES-MYEN;18W000000000P5FB;ES-MYENV05F;2;Solar fotovoltaica;MYEN;MYENV02
ES-NAT;18W000000000S4G0;ES-NAT;1;Comercializadores mercado libre;GALP;GALPR01
ES-OBML;18W000000000QKYZ;ES-OBML;1;Comercializadores mercado libre;GALP;GALPR01
ES-ORFI;18W000000000QPM7;ES-ORFI;1;Comercializadores mercado libre;EDPCL;EDPCR01
ES-PAFI;18W000000000QPP1;ES-PAFI;1;Comercializadores mercado libre;EDPCL;EDPCR01
ES-PLLA;18W000000000Q6JX;PUERTOLLANO CENTRAL 1;2,2;Solar fotovoltaica;ADXRE;PLLANO
ES-RAFI;18W000000000QPN5;ES-RAFI;1;Comercializadores mercado libre;EDPCL;EDPCR01
ES-REA;18W000000000P1YM;REA;39,8;Eolica terrestre;HISPE;DANSZN
ES-RUBI;18W000000000QK3N;ES-RUBI;1;Comercializadores mercado libre;EGLE;AXPOR01
ES-SABO;18W000000000QOQ2;ES-SABO;1;Comercializadores mercado libre;CENTE;EVMER01
ES-SAFI;18W000000000QPRY;ES-SAFI;1;Comercializadores mercado libre;EDPCL;EDPCR01
ES-SAI2;18W000000000S4E4;ES-SAI2;1;Comercializadores mercado libre;GALP;GALPR01
ES-SAI3;18W000000000S4F2;ES-SAI3;1;Comercializadores mercado libre;GALP;GALPR01
ES-SANC;18W000000000QT6R;PE ACAMPO SANCHO;19,8;Eolica terrestre;HC G;HCGSIHA
ES-SEML;18W000000000QKX0;ES-SEML;1;Comercializadores mercado libre;GALP;GALPR01
ES-SGRM;18W000000000QKW2;ES-SGRM;1;Comercializadores mercado libre;GALP;GALPR01
ES-TXML;18W000000000QKV4;ES-TXML;1;Comercializadores mercado libre;GALP;GALPR01
ES-UFBR;18W000000000P3YG;PS HUELVA 2021 BRUC;40,9;Solar fotovoltaica;IGNIS;BRUC
ES-UNDU;18W000000000Q2K6;UF UNDU;2,5;Hidraulica no UGH;GEMSL;ES-HCAB
ESBUC01;18W0000000007NWW;ESBUC01;0,1;Consumos directos en mercado;ESBUS;ESBUC01
ESC6TG1;18WESC6TG1-12-CL;C.T.C.C.ESCOMBRERAS(TURB.GAS1);259,2;Ciclo Combinado;IBGT;ESC6
ESC6TG2;18WESC6TG2-12-CE;C.T.C.C.ESCOMBRERAS(TURB.GAS2);265,5;Ciclo Combinado;IBGT;ESC6
ESC6TV;18WESC6TV-123-C5;C.T.C.C.ESCOMBRERAS(T.VAPOR);290,9;Ciclo Combinado;IBGT;ESC6
ESCALER;18WLAESCALERETAI;P.E. LA ESCALERETA;5,8;Eolica terrestre;HC G;HCGSCSA
ESCALN2;18W000000000L2PG;ESCAL2;3,6;Solar fotovoltaica;GESTE;FSCALN2
ESCALNI;18W000000000HTZ5;SLNATA;4,7;Solar fotovoltaica;GESTE;FESCALN
ESCALON;18WESCALON-12-EG;PARQUE EÓLICO ESCALÓN;30;Eolica terrestre;IBGES;EHIBGES
ESCAMBR;18WESCAMBR-123-R;ESCAMBRONS;48;Eolica terrestre;EGED;EGREEN
ESCAND;18WESCAND-1234-Q;ESCANDELLA COGEN;6,5;Gas Natural Cogeneracion;LMER;ESCANDE
ESCANDO;18WESCANDO-123-N;P.E. PUERTO ESCANDÓN;26;Eolica terrestre;IGNIS;UPJALON
ESCANOR;18W000000000RD8U;ESCALONILLA NORTE;4,7;Solar fotovoltaica;WMARK;FFWMARK
ESCARF;18WESCARF-123-A4;ESCARRA;6,2;Hidraulica no UGH;EGED;HEALTOG
ESCASUR;18W000000000REXE;ESCALONILLA SUR;4,7;Solar fotovoltaica;WMARK;FFWMARK
ESCCC1;18WESCCC1-123-C5;ESCCC1;402,6;Ciclo Combinado;CARTA;ESCCC1
ESCCC1X;18W-ESCCC1X-9--Q;ESCCC1X;8;Consumo de Servicios Auxiliares;CARTA;ESCCC1X
ESCCC2;18WESCCC2-123-CY;ESCCC2;401,3;Ciclo Combinado;CARTA;ESCCC2
ESCCC2X;18W-ESCCC2X-2--A;ESCCC2X;8;Consumo de Servicios Auxiliares;CARTA;ESCCC2X
ESCCC3;18WESCCC3-123-CQ;ESCCC3;395,2;Ciclo Combinado;CARTA;ESCCC3
ESCCC3X;18W-ESCCC3X-6--O;ESCCC3X;8;Consumo de Servicios Auxiliares;CARTA;ESCCC3X
ESCEPAR;18WESCEPAR-123-5;P.E.EL ESCEPAR 1ª FASE;60,8;0;EGED;EGREEN2
ESCUCHA;18WESCUCHA-12-E7;ESCUCHA;28,3;Eolica terrestre;ECYR;EREGPEM
ESCURRI;18WESCURRI-12-EW;P. E. ESCURRILLO;49,5;Eolica terrestre;IBGES;EDRIBGE
ESCUZ;18W000000000MICR;ESCUZ;1,7;Solar fotovoltaica;GNRA;FVGNRA
ESDOC01;18W000000000I6QE;ESDOMO ENERGIA SL;1;Comercializadores mercado libre;ESDOM;ESDOC01
ESE;18WESE-123456-EG;18WESE-123456-EG;1,6;Eolica terrestre;EGLE;EFONTA
ESERC01;18W-ESERC01-4--G;ESERC01;0;Comercializadores mercado libre;ESERO;ESERC01
ESHAC01;18W000000000HAJK;HANWHA ENERGY RETAIL SPAIN SLU;1;Comercializadores mercado libre;ESHAN;ESHAC01
ESHIC0F;18W000000000QWD4;EVERSHINING ENERGY;1;Comercializadores mercado libre;ESHIN;ESHIC01
ESJOAN;18WESJOAN-1234-V;SANT JOAN;6;Gas Natural Cogeneracion;EBLCO;TESJOAN
ESL1;18WESL1-12345-AC;ESCALES 1;12;Hidraulica UGH;ENDG;EBRFEN
ESL2;18WESL2-12345-A2;ESCALES 2;11,9;Hidraulica UGH;ENDG;EBRFEN
ESL3;18WESL3-12345-AT;ESCALES 3;11,9;Hidraulica UGH;ENDG;EBRFEN
ESLA;18WESLA-12345--I;COGEN ESLA;3,8;Gas Natural Cogeneracion;LMER;ESLA
ESP1;18WESP1-12345-A5;ESPINOSA;7,9;Hidraulica UGH;GNFG;UFGC
ESPARTA;18WESPARTA-12--B;ESPARTA;6;Eolica terrestre;IBGES;EHIBGES
ESPERAN;18WESPERAN-123-K;P.E. LA ESPERANZA;30;Eolica terrestre;EGED;EGREEN1
ESPIII;18W000000000HSWE;PFV EL ESPARTAL III;2;Solar fotovoltaica;GAC;FMGAC
ESPINA;18WESPINA-1234-C;P.E. ESPINA;18;Eolica terrestre;GNCO;EFGASN
ESPINO;18WESPINO-1234-B;P. E. LLANO DEL ESPINO;51,9;Eolica terrestre;EGED;EGREEN1
ESPUNAC;18W000000000OGO1;ESPUNAC;1;Gas Natural Cogeneracion;DETIC;COGESPU
ESQUILE;18WESQUILE-123-G;18WESQUILE-123-G;46,8;Eolica terrestre;EGLE;EESQUI
ESSALLO;18W000000000S3BD;ESSALLO;1;Comercializadores mercado libre;EGLE;AXPOR01
EST1;18WEST1-12345-AZ;SAN ESTEBAN 1;63,9;Hidraulica UGH;IBEG;SIL
EST2;18WEST2-12345-AP;SAN ESTEBAN 2;63,8;Hidraulica UGH;IBEG;SIL
EST21;18WEST21-12345-C;SAN ESTEBAN II G1;185,3;Hidraulica UGH;IBEG;SIL
EST3;18WEST3-12345-AF;SAN ESTEBAN 3;62,7;Hidraulica UGH;IBEG;SIL
EST4;18WEST4-12345-A5;SAN ESTEBAN 4;62,5;Hidraulica UGH;IBEG;SIL
EST5;18WEST5-12345-AW;SAN ESTEBAN 5;0,5;Hidraulica UGH;IBEG;SIL
EST6;18WEST6-12345-AM;SAN ESTEBAN 6;0,2;Hidraulica UGH;IBEG;SIL
ESTACIO;18W000000000PVOQ;UF SOLAR LA ESTACION;30;Solar fotovoltaica;NEXU;FESTACN
ESTE;18WESTE-123456-H;ESTEVE;1,9;Gas Natural Cogeneracion;LMER;ESTEVE
ESTEC01;18W000000000Q8RB;ELTE COMPRA;1;Comercializadores mercado libre;ELTES;ESTEC01
ESTELLE;18WESTELLE-12-DQ;CARNES ESTELLES;1,5;Gas Natural Cogeneracion;ESTEL;TESTEL
ESTGU;18W000000000G1P2;ESTGU;3;Eolica terrestre;GNRA;EFGNRA
ESVALLS;18W000000000S3CB;ESVALLS;1;Comercializadores mercado libre;EGLE;AXPOR01
ETEVB;18W000000000QK0T;ETEVB;5,5;Solar fotovoltaica;GNRA;UPETE
ETNEC01;18W000000000K32Q;ETER ENERGIA;1;Comercializadores mercado libre;ETNER;ETNEC01
ETO1;18WETO1-12345-A4;EL TORCIDO;0,7;Hidraulica UGH;BARER;ETO1
ETOQE;18W000000000QXXZ;ETOQE;1,6;Solar fotovoltaica;GNRA;FVGNRA
ETR1;18WETR1-12345-A8;ESTERRI 1;9,3;Hidraulica UGH;ENDG;EBRFEN
ETR2;18WETR2-12345-AZ;ESTERRI 2;8,9;Hidraulica UGH;ENDG;EBRFEN
ETR3;18WETR3-12345-AP;ESTERRI 3;9,2;Hidraulica UGH;ENDG;EBRFEN
ETSOC01;18W-ETSOC01-1--F;ETSOC01;0,1;Comercializadores mercado libre;ETSOL;ETSOC01
EUGENI1;18WEUGENI1-12--B;SANTA EUGENIA 1;49,1;Hidraulica no UGH;IGNIS;HXAL1
EUGENI2;18WEUGENI2-123-T;SANTA EUGENIA 2;49,1;Hidraulica no UGH;IGNIS;HXAL1
EUGUI;18W000000000NGM9;EUGUI;1,8;Hidraulica no UGH;CEG;HEUGI
EULALIA;18WEULALIA-12-A3;EULALIA;9,5;Hidraulica no UGH;IBGES;HFIBGES
EUM1;18WEUM1-12345-AE;EUME 1;26,7;Hidraulica UGH;ENDG;SBEU
EUM2;18WEUM2-12345-A4;EUME 2;26,7;Hidraulica UGH;ENDG;SBEU
EURCC01;18W000000000CNAJ;EURCO_COMPRAS;4;Comercializadores mercado libre;EURCO;EURCC01
EUROAT;18W000000000OTL5;EUROAT;7;Consumos directos en mercado;WMARK;EUCDR01
EUROATO;18WEUROATO-123-G;EUROATOMIZADOS;9,9;Gas Natural Cogeneracion;WMARK;TEUROAT
EUROPAC;18WEUROPAC-123-6;EUROPAC;34,9;Gas Natural Cogeneracion;EGLE;TPYSA
EVERS1;18W000000000S2F8;EVERS1;1;Comercializadores mercado libre;ENDCO;ENDER01
EVERS2;18W000000000S2G6;EVERS2;1;Comercializadores mercado libre;ENDCO;ENDER01
EVIROCA;18W000000000RSY7;EVIROCA;1,3;Solar fotovoltaica;RSPRA;FFRSPRA
EVIVC01;18W0000000001KYO;UP ENERGA VIVA SPAIN;0,5;Comercializadores mercado libre;EVIVA;EVIVC01
EVIVV01;18W000000000R1BN;EVIVA VENTA;0,1;Solar fotovoltaica;EVIVA;EVIVV01
EVOPO;18W000000000N08B;EVOPO;1,9;Solar fotovoltaica;GNRA;FVGNRA
EXPAL;18WEXPAL-12345-W;AERA EXPERIMENTAL PEÑABLANCA;3;Eolica terrestre;EGED;EGREEN
EXPC01;18W000000000R8U1;EXPC01;0,6;Consumos directos en mercado;EXPOC;EXPC01
EXTRA;18W000000000O2XP;UF EXTRAGOL;9,1;Biomasa;NEXU;REXTRA
EXTREM1;18W000000000P8E4;EXTREMADURA I;49,5;Solar fotovoltaica;EGED;FVGREEN
EXTREM2;18W000000000ONGX;EXTREMADURA II;49,5;Solar fotovoltaica;EGED;FVGREEN
EXTREM3;18W000000000ONHV;EXTREMADURA III;24,9;Solar fotovoltaica;EGED;FVGREEN
EXVEDA;18WEXVEDA-1234-G;AREA EXPERIMENTAL VEDADILLO;9;Eolica terrestre;EGED;EGREEN
EXVESTA;18WEXVESTA-123-9;18WEXVESTA-123-9;3;Eolica terrestre;EGLE;EPROTO
EYCEC01;18W000000000B4A6;EYCEC01;0,1;Comercializadores mercado libre;EYCE1;EYCEC01
EYDETIC;18W-EYDETIC-9--P;EYDETIC;2,6;Eolica terrestre;DETIC;EYDETIC
EYEEXXI;18W-EYEEXXI-3--E;END CUR  ( TARIFA, EÓLICA, NO;0;Eolica terrestre;EEXXI;EYEEXXI
EYEFG;18W-EYEFG7136--N;CERRO ATALAYA;0,2;Eolica terrestre;EFG;EYEFG
EYEGLE;18W-EYEGLE-65--0;EGLE (EÓLICA,TARIFA,NO EXENTO);1,5;Eolica terrestre;EGLE;EYEGLE
EYEONUR;18W-EYEONUR-7--T;E.ON CUR ( TARIFA, EÓLICA, NO;0;Eolica terrestre;EONUR;EYEONUR
EYGESTE;18W-EYGESTE-2--G;EYGESTE;0,7;Eolica terrestre;GESTE;EYGESTE
EYGNSUR;18W-EYGNSUR-4--R;GN SUR SDG ( TARIFA, EÓLICA, N;1,7;Eolica terrestre;GNSUR;EYGNSUR
EYHCCUR;18W-EYHCCUR-9--2;HC CUR ( TARIFA, EÓLICA, NO EX;0;Eolica terrestre;HCCUR;EYHCCUR
EYIBCUR;18W-EYIBCUR-7--9;IB CUR  ( TARIFA, EÓLICA, NO E;0,6;Eolica terrestre;IBCUR;EYIBCUR
EYNEXU;18W-EYNEXU-50--4;NEXU ( EOLICA, TARIFA, NO EXEN;1;Eolica terrestre;NEXU;EYNEXU
EYPC01;18W-EYPC01-57--Y;EYPC01;0;Comercializadores mercado libre;EPYM;EYPC01
EYPPV1;18W000000000GWNO;EYP PV MENORS 1MW;1,4;Solar fotovoltaica;EPYM;EYPPV1
EYWMARK;18W-EYWMARK-5--5;ENOREDI;0,4;Eolica terrestre;WMARK;EYWMARK
EZERC0F;18W000000000QR9R;EZERO ENERGIA;1;Comercializadores mercado libre;EZERO;EZERC01
EZKAC01;18W0000000009IJS;EZKAC01;1;Comercializadores mercado libre;EZKAI;EZKAC01
FADFW;18W000000000QYJN;FADFW;8;Solar fotovoltaica;GNRA;FVGNRA
FAGINEA;18W000000000IBWO;UF SOLAR FAGINEA;2;Solar fotovoltaica;NEXU;FAZARA
FAGRACU;18W000000000K855;UF AGRACU;1,7;Solar fotovoltaica;EFG;PAGRACU
FAGRIPA;18W000000000NPJP;FV AGRIPA;39,8;Solar fotovoltaica;ECYR;FEGPEM
FAGUAV;18W000000000RUBA;UF SF AGUASVIVAS;41,3;Solar fotovoltaica;IGNIS;AGUAV
FALADR;18WFALADR-123-EJ;FALADR;24,4;Eolica terrestre;ECYR;EEGPEM
FALAUDA;18W000000000NPKN;FV ALAUDADE;39,3;Solar fotovoltaica;ECYR;FEGPEM
FALJARA;18W000000000QFBM;FV ALJARAFE;69,6;Solar fotovoltaica;ECYR;FEGPE2
FALUF;18W000000000KS3N;FALUF;8;Solar fotovoltaica;GNRA;FALAM
FAPICIO;18W000000000KM34;FV APICIO;40,1;Solar fotovoltaica;ECYR;FEGPEM
FARASU1;18W000000000MJYH;PSF ARASUR 1;10;Solar fotovoltaica;WMARK;FARASU1
FARASU2;18W000000000MJZF;PSF ARASUR 2;10;Solar fotovoltaica;WMARK;FARASU2
FARDILA;18W000000000KM26;FV ARDILA;41,8;Solar fotovoltaica;ECYR;FEGPEM
FARELO;18WFARELO-123-ED;P. E. FARELO;28,8;Eolica terrestre;IGNIS;EGVENTO
FARLAN;18W000000000F620;PE FARLAN;41,4;Eolica terrestre;ECYR;EEGPES
FARMHIS;18WFARMHIS-123-1;FARMINDUSTRIA;3,3;Gas Natural Cogeneracion;GNRA;TFARMHI
FARRAP1;18WFARRAP1-12--B;P.E. FARRAPA 1;20;Eolica terrestre;ECYR;EEGPEM
FARRAPA;18W000000000R1TO;FARRAPA II;20;Eolica terrestre;EGLE;ENORVE
FASTC01;18W000000000SHJT;FASTL COMERCIALIZADORA;500;Comercializadores mercado libre;FASTL;FASTC01
FAUGUST;18W000000000H2FF;FV AUGUSTO;41,9;Solar fotovoltaica;ECYR;FEGPEM
FBACK;18WFBACK-12345-U;FBACK;5,3;Gas Natural Cogeneracion;DETIC;COGFBAC
FBELIN1;18W000000000PKKU;BELINCHON 1 EW;41,2;Solar fotovoltaica;IGNIS;BELIN1
FBELIN2;18W000000000PKMQ;BELINCH 2 EW FV;41,2;Solar fotovoltaica;IGNIS;UPBELII
FBELIN3;18W000000000PKOM;BELINCHON 3 FV EW;41,2;Solar fotovoltaica;IGNIS;UPBEL3
FBESOS;18WFBESOS-123-DL;MIQUEL Y COSTAS  MIQUEL, S.A;4,6;Gas Natural Cogeneracion;NEXU;TBESOS
FBETURI;18W000000000KM18;FV BETURIA;41,3;Solar fotovoltaica;ECYR;FEGPEM
FCALATR;18W000000000NZG1;FV CALATRAVA;41;Solar fotovoltaica;ECYR;FEGPEM
FCAMP1;18W000000000LYXF;UF SF CAMPANARIO 1;41,8;Solar fotovoltaica;IGNIS;SCAMP1
FCAMP3;18W000000000LYYD;UF SF CAMPANARIO 3;41,8;Solar fotovoltaica;IGNIS;SCAMP3
FCAMP4;18W000000000N1FV;UF SF ELAWAN CAMPANARIO 4;41,8;Solar fotovoltaica;IGNIS;SCAMP4
FCAMP5;18W000000000MUJE;UF SF CAMPANARIO 5;41,8;Solar fotovoltaica;IGNIS;SCAMP5
FCARTA;18W000000000PZS6;SF CARTAYA;1,7;Solar fotovoltaica;IGNIS;SFECAB
FCENTUR;18W000000000Q3FD;FV CENTURION;116,5;Solar fotovoltaica;ECYR;UPFCENT
FCINCIN;18W000000000KM50;FV CINCINATO;41,8;Solar fotovoltaica;ECYR;FEGPEM
FCONERA;18W000000000QDAU;FV_FALCNERA;1,9;Solar fotovoltaica;GESTE;FALCNRA
FCORCHA;18W000000000H2I9;FV LAS CORCHAS;42,1;Solar fotovoltaica;ECYR;FEGPEM
FDERR;18W000000000NZQI;UF PE DERRAMADOR;48,5;Eolica terrestre;IGNIS;EDERR
FDOBLON;18W000000000KM6Z;FV EL DOBLON;38,9;Solar fotovoltaica;ECYR;FEGPEM
FDREUA;18W-FDREUA-21--P;UP RD 413-2014;11,4;Solar fotovoltaica;DREUA;FDREUA
FDULCIN;18W000000000Q3DH;FV DULCINEA;80;Solar fotovoltaica;ECYR;FEGPE6
FECC01;18W-FECC01-15--U;FLUID ELECTRIC CAMPRODON II, S;2;Comercializadores mercado libre;FECII;FECC01
FEDAC04;18W-FEDAC04-1--J;FEDAUP;107;Importacion Andorra;FEDA;FEDAC04
FEDE;18W000000000QF23;UF SOLAR FEDE;20;Solar fotovoltaica;NEXU;FFEDE
FEDTC;18W000000000T05U;FEDTC;5;Solar fotovoltaica;GNRA;UPFED
FEEDC01;18W000000000KFX2;FEED PENINSULA;0,1;Comercializadores mercado libre;FEED;FEEDC01
FEFRO;18W000000000NZOM;UF PE FRONTONES;48,5;Eolica terrestre;IGNIS;EFRON
FEIRACO;18WFEIRACO-12-DE;FEIRACO;7,3;Gas Natural Cogeneracion;EGLE;TFEIRA
FEIXAI;18WFEIXAI-123--E;18WFEIXAI-123--E;1,5;Hidraulica no UGH;EGLE;HHIFRE
FEIXAII;18WFEIXAII-12--D;18WFEIXAII-12--D;9,9;Hidraulica no UGH;EGLE;HHIFRE
FEIXOS;18WFEIXOS-123-E0;18WFEIXOS-123-E0;7,9;Eolica terrestre;EGLE;EESBGG
FEMCC01;18W-FEMCC01-4--S;MUSEROS;2,2;Comercializadores mercado libre;FEMCV;FEMCC01
FEMORPC;18W000000000OII7;UFCG2GRUPOC;4,2;Gas Natural Cogeneracion;REPP;EMORPC2
FENC01;18W-FENC01-86--T;FEN;4;Comercializadores mercado libre;FEN;FENC01
FENCINA;18W000000000O257;FV ENCINA DEL SOL;27,5;Solar fotovoltaica;ECYR;FEGPEM
FENPCX1;18W000000000OK00;PORFOLIOPC;9.999,00;Porfolio;FEN;FENPCX1
FENPVX1;18W000000000OJZ7;PORFOLIOV;9.999,00;Porfolio;FEN;FENPVX1
FERNAND;18WFERNAND-123-Y;18WFERNAND-123-Y;4,5;Hidraulica no UGH;EGLE;HMICAN
FERREIR;18WFERREIR-123-B;P.E.FERREIRA 2;49,5;Eolica terrestre;IBGES;EHIBGES
FERRERI;18WFERRERI-123-2;CH FERRERÍAS;1,9;Hidraulica no UGH;WMARK;HFWMARK
FERTIB1;18WFERTIB1-123-8;FERTIBERIA;9,4;Energía residual;EGLE;TFERT1
FERVE2;18W000000000AZWL;FERVENZA 2;6,3;Hidraulica no UGH;IGNIS;HXAL2
FERVEN;18W0000000009WYU;CH FERVENZAS;0,2;Hidraulica no UGH;ECYR;HEGPE3
FERVEZA;18WFERVEZA-12-AI;FERVENZA;3,6;Hidraulica no UGH;IGNIS;HXAL2
FESC1;18W000000000PK9F;ESCUDER1;44,3;Solar fotovoltaica;IGNIS;UPESC1
FESC2;18W000000000PKBB;ELAWAN ESCUDEROS II;43,3;Solar fotovoltaica;IGNIS;UPESC2
FESC4;18W000000000PKF3;ESCUDEROS EW 4;44,3;Solar fotovoltaica;IGNIS;ESCU4
FESC5;18W000000000PKIY;FV ELAWAN ESCUDEROS V;33,6;Solar fotovoltaica;IGNIS;UPESC5
FESCU3;18W000000000PKD7;FV ELAWAN ESCUDEROS III;44,3;Solar fotovoltaica;IGNIS;UPESC3
FESPARR;18W000000000NPQB;FV ESPARRAGAL;42,3;Solar fotovoltaica;ECYR;FESPARR
FESTREL;18W000000000O265;FV ESTRELLA SOLAR;27,5;Solar fotovoltaica;ECYR;FEGPEM
FFALA;18W000000000NZPK;UF PE FUENTE ALAMO;48,5;Eolica terrestre;IGNIS;EFALA
FFERA;18W000000000N78R;UF SF FOTOSFERA;42,3;Solar fotovoltaica;IGNIS;SFERA
FFGASN;18W000000000HWQE;FYGESTE;0,5;Solar fotovoltaica;GNCO;FFGASN
FGEMINA;18W000000000NPLL;FV GEMINA;39,8;Solar fotovoltaica;ECYR;FEGPEM
FHINO;18W000000000JFSG;UF SF HINOJOSA SOLAR;20;Solar fotovoltaica;IGNIS;HINOJ
FIBEREL;18W000000000NZIY;FV IBERELECTRICA;6;Solar fotovoltaica;ECYR;FEGPEM
FIBRAC;18WFIBRAC-123-DC;FIBRAC;17;Derivados del petroleo o carbon;FIBR;TFIBR
FINSASA;18WFINSASA-12-DJ;FINSA-SANTIAGO;23,9;Derivados del petroleo o carbon;EGLE;TCONOR
FIOUCO;18WFIOUCO-123-EJ;FIOUCO;24;Eolica terrestre;HISPE;EALP2
FISLA;18W000000000R6PH;PFV LA ISLA;4,2;Solar fotovoltaica;TOTGA;SISLA
FJEREZS;18W000000000PHPT;JEREZ SOLAR;5,5;Solar fotovoltaica;WMARK;FFWMARK
FKISSO;18W000000000N7AN;UF SF KISSORO;42,3;Solar fotovoltaica;IGNIS;SKISSO
FLAGAR;18W000000000L2U6;UF BIOGAS EDAR LAGARES;1,6;Biogas;IGNIS;BLAGAR
FLAMC01;18W000000000BVJI;FLAMC01;1,4;Consumos directos en mercado;FLAMA;FLAMC01
FLECC01;18W0000000001YEM;FLECC01;0,6;Consumos directos en mercado;FLECA;FLECC01
FLO1;18WFLO1-12345-AD;LA FLORIDA 1;1,9;Hidraulica UGH;HC G;HCHI
FLO2;18WFLO2-12345-A3;LA FLORIDA 2;1,9;Hidraulica UGH;HC G;HCHI
FLO3;18WFLO3-12345-AU;LA FLORIDA 3;3,9;Hidraulica UGH;HC G;HCHI
FLOHT;18W000000000RLYS;HIDROTORNILLO PILOTUERTO;0,6;Hidraulica UGH;HC G;HCHI
FLORI;18W000000000GIY7;FLORI;1,4;Solar fotovoltaica;SOMRE;SREFV1
FLORIDA;18WLAFLORIDA-12V;CST LA FLORIDA;49,9;Solar térmica;IGNIS;UPFLORI
FLVEGA1;18W000000000H2HB;FV LA VEGA I;36,6;Solar fotovoltaica;ECYR;FEGPEM
FLVEGA2;18W000000000H2J7;FV LA VEGA II;36,6;Solar fotovoltaica;ECYR;FEGPEM
FLX1;18WFLX1-12345-AP;FLIX 1;11,1;Hidraulica UGH;ENDG;EBRFEN
FLX2;18WFLX2-12345-AF;FLIX 2;10,4;Hidraulica UGH;ENDG;EBRFEN
FLX3;18WFLX3-12345-A5;FLIX 3;11,1;Hidraulica UGH;ENDG;EBRFEN
FLX4;18WFLX4-12345-AW;FLIX 4;11,1;Hidraulica UGH;ENDG;EBRFEN
FM28AN;18W000000000OT18;FM28AN;1;Comercializadores mercado libre;FORTI;FORTR01
FM28AR;18W000000000OT26;FM28AR;1;Comercializadores mercado libre;FORTI;FORTR01
FM28GO;18W000000000OT0A;FM28GO;1;Comercializadores mercado libre;FORTI;FORTR01
FMANZA1;18W000000000PKSE;MANZANARES FV EW;31,5;Solar fotovoltaica;IGNIS;UPMANZ1
FMINGL1;18W000000000NPEZ;FV MINGLANILLA 1;42;Solar fotovoltaica;ECYR;FEGPEM
FMINGL2;18W000000000NPFX;FV MINGLANILLA 2;42;Solar fotovoltaica;ECYR;FEGPEM
FMUDEJA;18W000000000QFAO;FV MUDEJAR;54,5;Solar fotovoltaica;ECYR;FEGPE1
FNARA;18W000000000JDQQ;UP LAS NARANJILLAS;48,7;Solar fotovoltaica;IGNIS;SNARA
FNARANJ;18W000000000H2GD;FV LOS NARANJOS;41,9;Solar fotovoltaica;ECYR;FEGPEM
FNERTOB;18W000000000KM42;FV NERTOBRIGA;40,6;Solar fotovoltaica;ECYR;FEGPEM
FNINOBE;18W000000000NZJW;FV NINOBE;8;Solar fotovoltaica;ECYR;FEGPEM
FOLCH;18WFOLCH-12345-2;P.E. FOLCH;49,5;Eolica terrestre;MEDI;EMEDI
FOLCH2;18WFOLCH2-1234-A;P.E. FOLCH II;15;Eolica terrestre;MEDI;EMEDI
FOLMFW;18W-FOLMFW-23--Z;OLMEDILLA1;10;Solar fotovoltaica;GNRA;FOLMFW
FOMPED;18W000000000EW5V;FOMPED;4;Gas Natural Cogeneracion;DETIC;COGFOMP
FONSAG;18WFONSAG-123-EN;P.E. FONSAGRADA;45,5;Eolica terrestre;EGED;EGREEN
FONTAN1;18WFONTAN1-12-A9;FONTAN1;6;Hidraulica no UGH;IBGES;HFIBGES
FONTAN2;18WFONTAN2-12-A2;FONTAN2;9,7;Hidraulica no UGH;IBGES;HFIBGES
FONTAN3;18WFONTAN3-12-AW;C. H. FONTANAR 3;13,6;Hidraulica no UGH;IBGES;HFIBGES
FONTE;18WFONTE-12345-M;PE FONTESILVA;28,8;Eolica terrestre;HC G;HCGSIHA
FONTEAV;18WFONTEAV-123-P;P.E.FONTEAVIA 1ªFASE;49,4;Eolica terrestre;EGED;EPBUIO
FONTI;18W000000000M0TA;FONTI;1;Solar fotovoltaica;GNRA;LAPEN
FONTIVE;18W000000000M02R;UF SOLAR FONTIVEROS;6,9;Solar fotovoltaica;NEXU;FNTVERO
FONZ;18WFONZ-123456-J;FONZ;7,4;Gas Natural Cogeneracion;IBGES;TSIBGES
FOPPI;18W000000000F0WW;FV-OPPIDUM;0;Solar fotovoltaica;OPPI;FOPPI
FORCADA;18WFORCADA-12-EX;P. E. PEÑA FORCADA;33,8;Eolica terrestre;ECYR;EEGPEM
FOREC18;18W000000000RU6K;FOREC18;4;Solar fotovoltaica;RSPRA;FFRSPRA
FOREL;18WFOREL-1234-DI;FOREL;5,3;Gas Natural Cogeneracion;DETIC;COGFORE
FORESTA;18WFORESTA-123-0;FORESTAL DEL ATLÁNTICO;24,8;Derivados del petroleo o carbon;DETIC;TFOREST
FORGELO;18WFORGELO-12-EH;P.E. DE FORGOSELO;24,4;Eolica terrestre;IBGES;EHIBGES
FORIN;18W000000000JZRW;FORIN;1,2;Solar fotovoltaica;GNRA;FVGNRA
FORQUE2;18WFORQUE2-123-1;P.E. LES FORQUES II;12;Eolica terrestre;GNCO;EGASNE1
FORQUES;18WFORQUES-123-4;P.E. LES FORQUES;30;Eolica terrestre;ECYR;EEGPEM
FORTC01;18W-FORTC01-3--F;COMPRA GRANDES CONSUMIDORES;2.500,00;Comercializadores mercado libre;FORTI;FORTC01
FORTI;18W000000000GS9R;FORTI;1,8;Solar fotovoltaica;GNRA;FVGNRA
FOSUM;18W000000000IYIK;FOSUM;2,3;Solar fotovoltaica;GNRA;FVGNRA
FOTIN;18W000000000KRLR;FOTIN;1,5;Solar fotovoltaica;GNRA;FVGNRA
FOTO1;18W000000000KPZ5;FOTON 1;38;Solar fotovoltaica;REPSB;FKAPPG
FOTO2;18W000000000KQ0Z;FOTON 2;37,9;Solar fotovoltaica;REPSB;FKAPPG
FOTO3;18W000000000LVJF;FOTON 3;30,3;Solar fotovoltaica;REPSB;FKAPPA
FOXC01;18W-FOXC01-33--4;FOX ENERGIA;0,2;Comercializadores mercado libre;FOX;FOXC01
FPADRON;18WFPADRON-123-W;FINSA-PADRON;15,7;Derivados del petroleo o carbon;EGLE;TFINS2
FPEEXXI;18W-FPEEXXI-1--Z;END CUR  ( FOTOVOLTAICA, PRUEB;21;Solar fotovoltaica;EEXXI;FPEEXXI
FPEONUR;18W-FPEONUR-5--D;E.ON CUR ( FOTOVOLTAICA, PRUEB;0,1;Solar fotovoltaica;EONUR;FPEONUR
FPHCCUR;18W-FPHCCUR-3--2;HC CUR ( FOTOVOLTAICA, PRUEBAS;0;Solar fotovoltaica;HCCUR;FPHCCUR
FPIBCUR;18W-FPIBCUR-8--I;IB CUR  ( FOTOVOLTAICA, PRUEBA;19,2;Solar fotovoltaica;IBCUR;FPIBCUR
FPIEDRA;18WFPIEDRA-123-G;BECOSA FUENTE PIEDRA;16,4;Gas Natural Cogeneracion;HISPE;TNEOFP
FPLEX;18W000000000N76V;UF SF SUNPLEX;42,3;Solar fotovoltaica;IGNIS;SPLEX
FPPALMA;18W000000000KM8V;FV PUERTA PALMAS;39,8;Solar fotovoltaica;ECYR;FEGPEM
FPRS5;18W000000000JFD9;UNIDAD FSICA PUERTOLLANO 5;13,3;Solar fotovoltaica;IGNIS;SPRS5
FPRS6;18W000000000JFE7;UF RENOVALIA PUERTOLLANO 6;17,6;Solar fotovoltaica;IGNIS;SPRS6
FPRS7;18W000000000JFF5;UF RENOVALIA PUERTOLLANO 7;17,6;Solar fotovoltaica;IGNIS;SPRS7
FPRS8;18W000000000JFG3;UF RENOVALIA PUERTOLLANO 8;13,3;Solar fotovoltaica;IGNIS;SPRS8
FPRS9;18W000000000JFH1;UF RENOVALIA PUERTOLLANO 9;8;Solar fotovoltaica;IGNIS;SPRS9
FRAILA;18WFRAILA-123--O;18WFRAILA-123--O;4,5;Eolica terrestre;EGLE;EMTORR
FRANC0F;18W000000000QIMS;FRANK ENERGIA IBERIA;0;Comercializadores mercado libre;FRANK;FRANC01
FRASG;18W000000000QZFS;FRASG;4,9;Solar fotovoltaica;GNRA;FVGNRA
FREGENA;18W000000000RKIQ;PS FREGENAL DE LA SIERRA;22,8;Solar fotovoltaica;WMARK;PSFREGE
FREGP3;18W-FREGP3-30--Y;FV REP DES <1MW;0;Solar fotovoltaica;ECYR;FREGP3
FREPP1;18WFREPP1-1234-5;COGENERACION CG1 PETRONOR;37,9;Gas Natural Cogeneracion;REPP;TFREPP2
FREPP2;18WFREPP2-1234-Y;COGENERACIÓN CG6 PETRONOR;43,3;Gas Natural Cogeneracion;REPP;TFREPP
FRESCA;18W000000000GOET;PE FRESCANO;23,9;Eolica terrestre;GNCO;EGASNE0
FREVUEL;18W000000000Q3EF;FV LA REVUELTA;95;Solar fotovoltaica;ECYR;FEGPE5
FRI1;18WFRI1-12345-A7;FRIEIRA 1;80,5;Hidraulica UGH;GNFG;UFMI
FRI2;18WFRI2-12345-AY;FRIEIRA 2;80,1;Hidraulica UGH;GNFG;UFMI
FRICHE;18W000000000PZT4;FV CASARICHE;1,8;Solar fotovoltaica;IGNIS;SFECAB
FRIEIRA;18WFRIEIRA-123-L;APROVECHAMIENTO HIDROELECTRICO;17,5;Hidraulica no UGH;GNCO;HFGASN
FRIGNOR;18WFRIGNOR-123-9;FRIGORIFICOS DEL NOROESTE;13,1;Derivados del petroleo o carbon;EGLE;TFRIGN
FRIMANC;18W000000000QJIX;FRIMANC;9,6;Gas Natural Cogeneracion;DETIC;COGFRIM
FRLIX;18W000000000P4PV;FRLIX;40,2;Solar fotovoltaica;GNRA;FVFRA
FRODRI;18W000000000AI2L;DRODRIGO;148,3;Solar fotovoltaica;GESTE;FDRODRI
FRODRI2;18W000000000GTAM;FRDO2;40,3;Solar fotovoltaica;GESTE;FDRODR2
FRV1;18WFRV1-12345-AC;FERVENZA GRUPO1;1,5;Hidraulica UGH;GNFG;UFGC
FSAGRA;18W000000000PZU2;SAGRA;1,8;Solar fotovoltaica;IGNIS;SFECAB
FSALADA;18WFSALADA-123-Q;FUENTE SALADA FASE 1;46,4;Eolica terrestre;IBGES;EHIBGES
FSANANT;18W000000000KMAR;SAN ANTONIO;26,4;Solar fotovoltaica;ECYR;FEGPEM
FSANTA;18WFSANTA-1234-N;FSANTA;8;Hidraulica no UGH;IBGES;HFIBGES
FSEDEIS;18W000000000NZKU;FV SEDEIS V;36,9;Solar fotovoltaica;ECYR;FEGPEM
FSEGROG;18W000000000RZ57;FV SEGRO GRANOLLERS;2;Solar fotovoltaica;CONEC;FSEGRO
FSEZUEL;18W000000000LI90;SERREZUELA;5,4;Solar fotovoltaica;NEXU;SEZUELA
FSOLCAS;18W000000000KM9T;FV SOL CASAQUEMADA;42;Solar fotovoltaica;ECYR;FEGPEM
FSOLMA;18W000000000PRTS;E.ON CUR ( TARIFA, FOTOVOLTAIC;0,1;Solar fotovoltaica;VIEE;FSOLMA
FSOMA;18W000000000N099;UF SF LA ASOMADA;4,2;Solar fotovoltaica;TOTGA;SSOMA
FTALB2;18W000000000QW0U;FTE ALB 2;2;Solar fotovoltaica;SECOB;SHIQIA
FTCRVIG;18W000000000NAY3;VALLE INFERIOR GUADAL;6;Solar fotovoltaica;GNRA;FVGNRA
FTERC01;18W-FTERC01-2--1;FORESTA TERRENOS SL;0,8;Consumos directos en mercado;FORTE;FTERC01
FTIERRA;18W000000000NPR9;FV TIERR;43,6;Solar fotovoltaica;ECYR;FEGPEM
FTORREC;18W000000000NZD7;FV TORRECILLA;42;Solar fotovoltaica;ECYR;FEGPEM
FTORREP;18W000000000KMBP;TORREPALMA;20;Solar fotovoltaica;ECYR;FEGPEM
FTREVAG;18W000000000NZF3;FV TREVAGO TIERRA DE AGREDA;29,9;Solar fotovoltaica;ECYR;FTREVAG
FTREVEU;18W000000000NZE5;FV TREVAGO EUGENIA;30;Solar fotovoltaica;ECYR;FTREVAG
FTUDELA;18WFTUDELA-123-X;FOTOVOLTAICA TUDELA;1,2;Solar fotovoltaica;EGED;FFEGED
FTULC01;18W-FTULC01-3--2;FORTULUZ PENINSULAR;1;Comercializadores mercado libre;FORTU;FTULC01
FUARENA;18WPEFUENARENA-K;P.E. FUENTE DE LA ARENA;32;Eolica terrestre;EGED;EGREEN1
FUDEPOR;18WFUDEPOR-123-U;FUDEPOR;15;Gas Natural Cogeneracion;EGLE;TFUDEP
FUENDE1;18WFUENDE1-12-EM;P. E. FUENDETODOS;46;Eolica terrestre;IBGES;EHIBGES
FUENDE2;18WFUENDE2-12-EF;P. E. FUENDETODOS II;47,2;Eolica terrestre;IBGES;EHIBGES
FUENSAN;18WFUENSAN-12-EO;P. E. LA FUENSANTA;49,5;Eolica terrestre;WMARK;EFWMARK
FUENTE;18W0000000000Y65;FFUENTE DEL ANO;2,5;Solar fotovoltaica;GESTE;FVFUENT
FUENTE1;18W000000000PV9J;FUENTE1;15;Solar fotovoltaica;SHEEN;SHEPV17
FUENTE2;18W000000000PVAH;FUENTE2;41,3;Solar fotovoltaica;SHEEN;SHEPV18
FUENTE3;18W000000000PVBF;FUENTE3;41,3;Solar fotovoltaica;SHEEN;SHEPV19
FUENTE4;18W000000000PVCD;FUENTE4;14,3;Solar fotovoltaica;SHEEN;SHEPV20
FUKAC01;18W000000000T5XX;COMPRA COMERCIALIZADORA;1;Comercializadores mercado libre;FUKA;FUKAC01
FUNDICI;18W000000000SF5Q;FUNDICI HIVE;42,6;Solar fotovoltaica;EGLE;FFUNDI
FUTETEM;18W-FUTETEM-3--0;FOTOVOLTAICA UTETEM;0,2;Solar fotovoltaica;EGED;FUTETEM
FV0058;18W000000000T1SI;FV0058;17,1;Solar fotovoltaica;CLIDM;CLIFV58
FV1014;18W000000000K82B;FV1014;157,5;Solar fotovoltaica;NEXU;FLAISLA
FV1019;18W000000000MU55;FV 19;8,5;Solar fotovoltaica;NEXU;FCAMPOS
FV1020;18W000000000NH45;FV1020;4;Solar fotovoltaica;NEXU;FLOCABA
FV1021;18W000000000NH53;FV1021;2;Solar fotovoltaica;NEXU;FLILLAN
FV1022;18W000000000NH61;FV1022;3;Solar fotovoltaica;NEXU;FCNTRAS
FV1023;18W000000000NH8Y;FV1023;2;Solar fotovoltaica;NEXU;FTURBIN
FV1024;18W000000000NH9W;FV1024;1,1;Solar fotovoltaica;NEXU;FLSENIA
FV1026;18W000000000NJGC;FV1026;4,2;Solar fotovoltaica;ELEIA;CLIFV21
FV1035;18W000000000NZX4;FV1035;2;Solar fotovoltaica;CLIDM;CLIFV10
FV1051;18W000000000O9KU;FV1051;44;Solar fotovoltaica;GNRA;UPOLIVA
FV1052;18W000000000OL2U;FV1052;40,7;Solar fotovoltaica;CLIDM;CLIFV30
FV1053;18W000000000OL4Q;FV1053;40,7;Solar fotovoltaica;CLIDM;CLIFV31
FV1054;18W000000000OL6M;FV1054;40,2;Solar fotovoltaica;CLIDM;CLIFV32
FV1059;18W000000000P229;FV1059;10;Solar fotovoltaica;CLIDM;CLIFV35
FV1067;18W000000000PM7D;FV1067;4,8;Solar fotovoltaica;EFG;FGEFG
FV1071;18W000000000PSK6;FV1071;1,1;Solar fotovoltaica;CLIDM;CLIFV10
FV1073;18W000000000Q4EC;FV1073;16,8;Solar fotovoltaica;CLIDM;CLIFV45
FV1075;18W000000000QAYS;FV1075;10;Solar fotovoltaica;CLIDM;CLIFV47
FV1077;18W000000000QFSP;FV1077;30;Solar fotovoltaica;IGNIS;UPTALAF
FV1078;18W000000000QIPM;FV1078;2,7;Solar fotovoltaica;CLIDM;CLIFV10
FV1080;18W000000000QTI3;FV1080;30;Solar fotovoltaica;IGNIS;UPARRO
FV1081;18W000000000QZKI;FV1081;1,3;Solar fotovoltaica;CLIDM;CLIFV10
FV1082;18W000000000R1ZC;FV1082;4,1;Solar fotovoltaica;EFG;UPENE03
FV1087;18W000000000R84G;FV1087;16,8;Solar fotovoltaica;CLIDM;CLIFV53
FV1088;18W000000000R85E;FV1088;22,4;Solar fotovoltaica;CLIDM;CLIFV54
FV1089;18W000000000RLIN;FV1089;1;Solar fotovoltaica;CLIDM;CLIFV10
FV1090;18W000000000RP9T;FV1090;39;Solar fotovoltaica;CLIDM;CLIFV55
FV3ETAP;18W000000000R1XG;FV 3 ETAP TER DIPOSIT;1,1;Solar fotovoltaica;ENEDJ;ERPCFV0
FVABUZA;18W000000000S82G;FV ABUZADERAS;3;Solar fotovoltaica;WMARK;FFWMARK
FVALAM;18W000000000G090;FV FUENTE ALAMO;7;Solar fotovoltaica;NEXU;FFALAMO
FVALBUE;18W000000000SVNG;FV VALBUENA;35,4;Solar fotovoltaica;IBGES;FFIBGES
FVALCAI;18W000000000S8XS;LANCASTER LOS ALCAZARES I;4,7;Solar fotovoltaica;WMARK;FFWMARK
FVALCII;18W000000000S8YQ;CARDIFF LOS ALCAZARES II;2;Solar fotovoltaica;WMARK;FFWMARK
FVALP1;18W000000000SCAP;FVALP1;24,9;Solar fotovoltaica;HISPE;FALP1
FVALP10;18W000000000SCTO;FVALP10;67;Solar fotovoltaica;HISPE;FALP10
FVALP11;18W000000000SQ5U;FVALP11;23;Solar fotovoltaica;HISPE;FALP11
FVALP12;18W000000000SVHS;FVALP12;7,2;Solar fotovoltaica;HISPE;FALP12
FVALP13;18W000000000SVIQ;FVALP13;9;Solar fotovoltaica;HISPE;FALP13
FVALP2;18W000000000SCCL;FVALP2;40;Solar fotovoltaica;HISPE;FALP2
FVALP3;18W000000000SCEH;FVALP3;42,1;Solar fotovoltaica;HISPE;FALP3
FVALP4;18W000000000SCGD;FVALP4;24,9;Solar fotovoltaica;HISPE;FALP4
FVALP5;18W000000000SCI9;FVALP5;40;Solar fotovoltaica;HISPE;FALP5
FVALP6;18W000000000SCK5;FVALP6;40;Solar fotovoltaica;HISPE;FALP6
FVALP7;18W000000000SCM1;FVALP7;29,6;Solar fotovoltaica;HISPE;FALP7
FVALP8;18W000000000SCPW;FVALP8;29,6;Solar fotovoltaica;HISPE;FALP8
FVALP9;18W000000000SCRS;FVALP9;35,1;Solar fotovoltaica;HISPE;FALP9
FVALZ;18W000000000KN31;FV ALMARAZ;36;Solar fotovoltaica;IBGES;FIIBGES
FVALZII;18W000000000KN5Y;FV ALMARAZ II;36;Solar fotovoltaica;IBGES;FIIBGES
FVARBO;18W000000000SBST;ARBOTANTE SOLAR;45;Solar fotovoltaica;TOTGA;FVARBO
FVARENA;18W000000000MQ3L;FV ARENALES;106;Solar fotovoltaica;IBGES;FIBGEAR
FVARMUS;18W000000000OMKS;18W000000000OMKS;43,7;Solar fotovoltaica;EGLE;FFV124
FVATLYA;18W000000000R3AJ;UF SOLAR ATALAYA;1,2;Solar fotovoltaica;NEXU;FATALAY
FVAVILA;18W000000000S83E;FV AVILA;2;Solar fotovoltaica;WMARK;FFWMARK
FVBARDE;18W000000000NDU2;BARDENASS;2;Solar fotovoltaica;GESTE;FBRDENS
FVBATTO;18W000000000S46K;PARSOSY BATTOS FV;2,9;Solar fotovoltaica;ELEIA;BATTOS
FVCAL;18W000000000OXAF;FV CALATORAO;41,2;Solar fotovoltaica;ASIE;FVASIE5
FVCALER;18W000000000RHSF;PFV CALERA;17;Solar fotovoltaica;EGLE;FDUNAS
FVCAMPO;18W000000000MF87;FV CAMPO ARAÑUELO III;31;0;IBGES;FIBGECA
FVCAND;18W000000000O9Y2;SFV CANREDONDO;20;Solar fotovoltaica;GNCO;FGASNE2
FVCAR2;18W000000000RSBG;FV MAYOR 1MW;48,5;Solar fotovoltaica;FEN;CR2FEN
FVCAR3;18W000000000RSCE;FOT MAYOR 1MW;48,5;Solar fotovoltaica;FEN;CR3FEN
FVCAR4;18W000000000T56D;FOT MAYOR 1MW;50;Solar fotovoltaica;FEN;CR4FEN
FVCARR;18W000000000SDI6;LA CARRASCOSA;42,6;Solar fotovoltaica;TOTGA;FVCAR
FVCAST5;18W000000000JZ60;FV CASTELLON;2,9;Solar fotovoltaica;IBGES;FFIBGES
FVCASTE;18W000000000PTUK;FVCASTE;2,8;Solar fotovoltaica;WMARK;FFWMARK
FVCEDIL;18W000000000R1AP;FV CEDILLO;267;Solar fotovoltaica;IBGES;FIBGECE
FVCERV1;18W000000000S4QH;FV CERVERA 1;4,2;Solar fotovoltaica;EFG;FGEFG
FVCESPE;18W000000000RF11;FV CESPEDERA;19,1;Solar fotovoltaica;IBGES;FHIBGES
FVCHILL;18W000000000S8UY;CHILLARON DE CUENCA;1,5;Solar fotovoltaica;WMARK;FFWMARK
FVCORNI;18W000000000RY4C;FV CORNICABRA;35;Solar fotovoltaica;IBGES;FHIBGES
FVCOTIL;18W000000000S8WU;LAS TORRES DE COTILLAS;3,3;Solar fotovoltaica;WMARK;FFWMARK
FVCRISO;18W000000000RGMU;CRISOL EKHI FOTO;10;Solar fotovoltaica;ELEIA;CRISOL
FVCTURA;18W000000000QNWU;UF SOLAR CASTUERA;1,5;Solar fotovoltaica;NEXU;FCTUERA
FVCUEII;18W000000000S8VW;CUENCA II;3;Solar fotovoltaica;WMARK;FFWMARK
FVCUIII;18W000000000S84C;FV CUENCAIII;1,1;Solar fotovoltaica;WMARK;FFWMARK
FVDUL;18W000000000QZ0L;FVDUL;2,3;Solar fotovoltaica;GNRA;FVGNRA
FVEIBC1;18W000000000R888;END CUR  ( TARIFA, FOTOVOLTAIC;1,8;Solar fotovoltaica;IBGES;FVEIBC1
FVEMINN;18W000000000Q3GB;FVEMINN;124;Solar fotovoltaica;ECYR;FVEMINN
FVENCI;18W000000000RFVF;SFV ENCINAR I;41,6;Solar fotovoltaica;GNCO;FGASNE1
FVERACR;18W000000000KM7X;FV VERACRUZ;39,9;Solar fotovoltaica;ECYR;FEGPE4
FVESPLI;18W000000000RY3E;FV ESPLIEGO;30;Solar fotovoltaica;IBGES;FHIBGES
FVETAPL;18W000000000QOKE;FV ETAP LLOBREGAT;2,8;Solar fotovoltaica;ENEDJ;ERPCFV0
FVETAPT;18W000000000QON8;ETAPTER DIPOSIT 4;1,1;Solar fotovoltaica;ENEDJ;ERPCFV0
FVFIRA2;18W000000000S7EW;FVFIRA2000;3,3;Solar fotovoltaica;ENEDJ;ERPCFV0
FVFIRAB;18W000000000S7DY;FVFIRABCN;1;Solar fotovoltaica;ENEDJ;ERPCFV0
FVFUENT;18W000000000SVPC;FV FUENTES;34;Solar fotovoltaica;IBGES;FFIBGES
FVFUTUC;18W000000000S9P4;HIBRIDACION FUTUCER;5,6;0;LMER;HIBFUTU
FVILLAR;18W000000000QS13;FV VILLARINO;37,5;Solar fotovoltaica;IBGES;FHIBGES
FVIREY;18W000000000RTLU;SFV VILLANUEVA REY;45,9;Solar fotovoltaica;GNCO;FGASNE2
FVIRGN3;18W000000000S09Q;FV VIRGEN DE AREÑOS III;38;Solar fotovoltaica;IBGES;FHIBGES
FVITAML;18W000000000QOLC;FV ITAM LLOBREGAT;1,2;Solar fotovoltaica;ENEDJ;ERPCFV0
FVITEC;18W000000000O67S;END CUR  ( TARIFA, FOTOVOLTAIC;3,4;Solar fotovoltaica;VITEC;FVITEC
FVJERT;18W000000000QJU9;SFV PUERTA JERTE;22,7;Solar fotovoltaica;GNCO;FFFGASN
FVJOLCA;18W000000000SFZ3;FOTOVOLTAICA JOLCA;0,3;Solar fotovoltaica;ELEIA;JOLCA
FVJUMI;18W000000000SEMW;FVJUMI;30;Solar fotovoltaica;GNCO;FFFGASN
FVLANGA;18W000000000PTRQ;FVLANGA;0,9;Solar fotovoltaica;WMARK;FFWMARK
FVLAST;18W000000000G9V3;FOTLASTRA;1,3;Solar fotovoltaica;GESTE;FLASTRA
FVLAUEI;18W000000000OWTH;UNIDAD FISICA DE FVLAUEI;3,2;Solar fotovoltaica;LAUEI;FVLAUEI
FVMANAN;18W000000000SVOE;FV MANANTIALES I;20,5;Solar fotovoltaica;IBGES;FFIBGES
FVMONR;18W000000000G3SR;FV MONRERA;1,8;Solar fotovoltaica;NEXU;FFNEXU
FVNAIP;18W000000000RLZQ;SFV NAIPES;41,6;Solar fotovoltaica;GNCO;FGASNE1
FVNAIP2;18W000000000ROXL;SFV NAIPES2;41,6;Solar fotovoltaica;GNCO;FGASNE1
FVNORI;18W000000000SDH8;FV LA NORIA;42,6;Solar fotovoltaica;TOTGA;FVNORI
FVOCA;18W000000000SEOS;SFV OCAÑA;43;Solar fotovoltaica;GNCO;FFFGASN
FVOLM;18W000000000QYZS;FVOLM;38,6;Solar fotovoltaica;GNRA;FVGNRA
FVOLMED;18W000000000PTTM;FVOLMED;1,7;Solar fotovoltaica;WMARK;FFWMARK
FVORIOL;18W000000000LFHU;FVORIOL;237;Solar fotovoltaica;IBGES;FIBGEOR
FVPENA;18W000000000RF03;FV PEÑARRUBIA;41,1;Solar fotovoltaica;IBGES;FHIBGES
FVPILA;18W000000000SA46;PILASTRA SOLAR;40;Solar fotovoltaica;TOTGA;FVPILA
FVPILAR;18W000000000M3IN;FV PILAR DE LA HIORADADA;2;Solar fotovoltaica;DREUA;FDREU06
FVPOLEO;18W000000000RY2G;FV POLEO;35;Solar fotovoltaica;IBGES;FHIBGES
FVPOST;18W000000000SA38;POSTIGO SOLAR;40;Solar fotovoltaica;TOTGA;FVPOST
FVRIOJA;18W000000000ODZP;FVRIOJA;1,7;Solar fotovoltaica;LMER;FVRIOJA
FVROME;18W000000000N1MH;FV ROMERAL;37,7;Solar fotovoltaica;IBGES;FIIBGES
FVSAL1;18W000000000SVQA;FV SALINAS I;37,6;Solar fotovoltaica;IBGES;FFIBGES
FVSAL2;18W000000000SVR8;FV SALINAS II;37,6;Solar fotovoltaica;IBGES;FFIBGES
FVSAL3;18W000000000SVS6;FV SALINAS III;37,6;Solar fotovoltaica;IBGES;FFIBGES
FVSMITH;18W000000000P7QK;FVSMITH;1,7;Solar fotovoltaica;WMARK;FFWMARK
FVSOLAN;18W000000000RZVT;LAS SOLANAS FOTOVOL;4,9;Solar fotovoltaica;ELEIA;SOLANAS
FVTAGUS;18W000000000S9VT;FVTAGUS;325;Solar fotovoltaica;IBGES;FIBGETA
FVTECLA;18W000000000SJXW;LAS TECLAS FV;4,9;Solar fotovoltaica;ELEIA;TECLAS
FVTERUE;18W000000000KPAI;FVTERUEL;38,1;Solar fotovoltaica;IBGES;FIIBGES
FVVAL1;18W000000000SBJA;FV VALIENTES 1;9;Solar fotovoltaica;TOTGA;FVVAL1
FVVAL2;18W000000000SBO0;FV VALIENTES 2;3,6;Solar fotovoltaica;TOTGA;FVVAL2
FVVINAS;18W000000000SDZ9;VINAS FOTOVOLTAICA;2,3;Solar fotovoltaica;ELEIA;VINAS
FVZORIT;18W000000000PTVI;FVZORIT;2,5;Solar fotovoltaica;WMARK;FFWMARK
FXRSPRE;18W0000000007NVY;FYEFG;0,8;Solar fotovoltaica;RSPRE;FXRSPRE
FYAGENT;18W-FYAGENT-8--C;AGENT( FOTOVOL,TARI,NO EXENTO);2,1;Solar fotovoltaica;AGENT;FYAGENT
FYAGREN;18W000000000RR04;FYAGREN;0,2;Solar fotovoltaica;AGREN;FYAGREN
FYAME;18W000000000A46I;END CUR  ( FOTOVOLTAICA, PRUEB;0,7;Solar fotovoltaica;AME;FYAME
FYASIE;18W-FYASIE-76--9;FOTOVOLTAICA RETRIBUCION ESPEC;0;Solar fotovoltaica;ASIE;FYASIE
FYATLAS;18W000000000KCJ2;END CUR  ( TARIFA, FOTOVOLTAIC;1,8;Solar fotovoltaica;ATLAS;FYATLAS
FYBSG;18W000000000BLID;FYBSG;14,2;Solar fotovoltaica;BSGEA;FYBSG
FYCEG;18W-FYCEG-640--B;CEG ( FOTOV,TARIFA,NO EXENTO);52,2;Solar fotovoltaica;CEG;FYCEG
FYCESOS;18W000000000R4JZ;UP FOTOVOLTAICA EDPCL;0,5;Solar fotovoltaica;CESOS;FYCESOS
FYCEXXI;18W000000000FE65;END CUR  ( TARIFA, FOTOVOLTAIC;0;Solar fotovoltaica;EEXXI;FYCEXXI
FYCLIDM;18W-FYCLIDM-5--2;REGIMEN ESPECIAL TARIFA >15;10,3;Solar fotovoltaica;CLIDM;FYCLIDM
FYCR01;18W000000000QO73;FYCR01;1;Comercializadores mercado libre;ENDCO;ENDER01
FYCYE;18W-FYCYE-591--9;UPRREFVCD;11,6;Solar fotovoltaica;CYE;FYCYE
FYDETIC;18W-FYDETIC-1--8;FYDETIC;4,3;Solar fotovoltaica;DETIC;FYDETIC
FYEBLCO;18W-FYEBLCO-4--A;FYEBLCO;8,4;Solar fotovoltaica;EBLCO;FYEBLCO
FYECLA;18WFYECLA-123--U;UF SOLAR YECLA 1;2,7;Solar fotovoltaica;NEXU;FFYECL1
FYECLA2;18WFYECLA2-123-I;UF SOLAR YECLA 2;2,4;Solar fotovoltaica;NEXU;FFYECL2
FYECLA3;18WFYECLA3-123-B;UF SOLAR YECLA 3;2,4;Solar fotovoltaica;NEXU;FFYECL3
FYEEXXI;18W-FYEEXXI-3--2;END CUR  ( TARIFA, FOTOVOLTAIC;502,1;Solar fotovoltaica;EEXXI;FYEEXXI
FYEFG;18W-FYEFG-784--E;FYEFG;68,1;Solar fotovoltaica;EFG;FYEFG
FYEGED;18W000000000Q0M8;IB CUR  ( TARIFA, FOTOVOLTAICA;0,8;Solar fotovoltaica;EGED;FYEGED
FYEGLE;18W-FYEGLE-20--S;EGLE( FOTOVOL,TARIF,NO EXENTO);10,4;Solar fotovoltaica;EGLE;FYEGLE
FYENDG;18W-FYENDG-54--L;FYENDG;0,4;Solar fotovoltaica;ENDG;FYENDG
FYEONUR;18W-FYEONUR-2--0;E.ON CUR ( TARIFA, FOTOVOLTAIC;7,3;Solar fotovoltaica;EONUR;FYEONUR
FYFEN;18W-FYFEN-616--R;INVERSER GARCIA ALONSO, S.L.;201,4;Solar fotovoltaica;FEN;FYFEN
FYFENAR;18W000000000SPUK;FV MAYOR 1 MW;2;Solar fotovoltaica;FEN;FMFEN
FYFENBE;18W000000000RYMD;4700211446HD 1 MW;1,1;Solar fotovoltaica;FEN;FMFEN
FYFENC1;18W000000000S40W;ISFV SII LA CISTERNIGA;3,9;Solar fotovoltaica;FEN;FMFEN
FYFENC2;18W000000000O9PK;SII LA CISTERNIGA II;2;Solar fotovoltaica;FEN;FMFEN
FYFENC3;18W000000000RTRI;FV LA CISTERNIGA;1,7;Solar fotovoltaica;FEN;FMFEN
FYFENFP;18WFYFENFP-123-R;FOT MAYOR 1MW;4;Solar fotovoltaica;FEN;FMFEN
FYFENHC;18WFYFENHC-123-S;FOTMAYOR 1MW;1,8;Solar fotovoltaica;FEN;FMFEN
FYFENJU;18W000000000RLHP;AGRUPACION;1,4;Solar fotovoltaica;FEN;FMFEN
FYFENLA;18W000000000J1DE;FYFENLA;7,5;Solar fotovoltaica;FEN;FMFEN
FYFENLL;18W000000000RYZO;0800314413SL 1MW;1,5;Solar fotovoltaica;FEN;FMFEN
FYFENLU;18W000000000RYYQ;2200311240NW 1 MW;2;Solar fotovoltaica;FEN;FMFEN
FYFENM1;18W000000000STY0;FV MAYOR 1 MW;2,5;Solar fotovoltaica;FEN;FMFEN
FYFENM2;18W000000000SVWZ;FV MAYOR 1 MW;2,5;Solar fotovoltaica;FEN;FMFEN
FYFENMF;18W000000000RS8M;FV MAYOR 1MW;1,9;Solar fotovoltaica;FEN;FMFEN
FYFENMG;18W000000000RFFA;4600210569MG;1,1;Solar fotovoltaica;FEN;FMFEN
FYFENPA;18W000000000RYJJ;1 MW 4700211489CY;2;Solar fotovoltaica;FEN;FMFEN
FYFENPR;18W000000000S8DV;FV MAYOR 1 MW;3,1;Solar fotovoltaica;FEN;FMFEN
FYFENSJ;18WFYFENSJ-123-2;FOT MAYOR 1MW;2,5;Solar fotovoltaica;FEN;FMFEN
FYFENXL;18WFYFENXL-123-M;FOT MAYOR 1MW;1,6;Solar fotovoltaica;FEN;FMFEN
FYFENZU;18W000000000RIF1;FV ZUMACALES;4,5;Solar fotovoltaica;FEN;FMFEN
FYFUTGR;18W-FYFUTGR-6--7;UP FOTOVOLTAICA FUTURA GREEN;0,6;Solar fotovoltaica;FUTGR;FYFUTGR
FYGAC;18W-FYGAC-969--C;GAC(FOTOVOL,TARIFA,NO EXENTO);30,3;Solar fotovoltaica;GAC;FYGAC
FYGEMSL;18W000000000G73S;GEM FV;0,1;Solar fotovoltaica;GEMSL;FYGEMSL
FYGENER;18W-FYGENER-5--M;GENER( FOTOVOL,TARI,NO EXENTO);1,5;Solar fotovoltaica;ADXRE;FYGENER
FYGESTE;18W-FYGESTE-8--H;FYGESTE;351,8;Solar fotovoltaica;GESTE;FYGESTE
FYGNRA;18W-FYGNRA-18--9;FYGNRA;181,2;Solar fotovoltaica;GNRA;FYGNRA
FYGNSUR;18W-FYGNSUR-2--N;GN SUR SDG ( TARIFA, FOTOVOLTA;305,4;Solar fotovoltaica;GNSUR;FYGNSUR
FYGSETT;18W-FYGSETT-1--F;GLOBAL SOLAR ENERGY S.A.;12,6;Solar fotovoltaica;GSETT;FYGSETT
FYHCCUR;18W-FYHCCUR-7--Z;HC CUR ( TARIFA, FOTOVOLTAICA,;2;Solar fotovoltaica;HCCUR;FYHCCUR
FYHCG;18W000000000D8ZA;FOTOVOLTAICA NO EXENTA;0;Solar fotovoltaica;HC G;FYHCG
FYHELIO;18W-FYHELIO-4--M;HELIO(FOTOVOL,TARIF,NO EXENTO);2,9;Solar fotovoltaica;HELIO;FYHELIO
FYIBCUR;18W-FYIBCUR-4--9;IB CUR  ( TARIFA, FOTOVOLTAICA;582,2;Solar fotovoltaica;IBCUR;FYIBCUR
FYIBGES;18W-FYIBGES-7--Y;FYIBGES;0;Solar fotovoltaica;IBGES;FYIBGES
FYIGNI;18W000000000Q0N6;FYNEXU;1,8;Solar fotovoltaica;IGNIS;FYIGNI
FYLAUEI;18W-FYLAUEI-9--R;FYLAUEI;15,3;Solar fotovoltaica;LAUEI;FYLAUEI
FYLMER;18W-FYLMER-22--9;LMER( FOTOVOL,TARIF,NO EXENTO);7,6;Solar fotovoltaica;LMER;FYLMER
FYNEXU;18W-FYNEXU-72--B;FYNEXU;845,8;Solar fotovoltaica;NEXU;FYNEXU
FYNRENO;18WFYNRENOUF---8;FYNRENO;1,8;Solar fotovoltaica;NRENO;FYNRENO
FYRSPRA;18W-FYRSPRA-5--3;FYRSPRA;29,6;Solar fotovoltaica;RSPRA;FYRSPRA
FYSESPV;18W000000000C9FE;FOTOVOLTAICA AGRUPACION;7,3;Solar fotovoltaica;SHELL;FYSESPV
FYTERSA;18W0000000007PKD;TERSA SOLAR FOTOVOLTAICA;2,5;Solar fotovoltaica;TERSA;FYTERSA
FYWMARK;18W-FYWMARK-1--9;ECYR ( EÓLICA,TARIFA,NO EXENTO;30,8;Solar fotovoltaica;WMARK;FYWMARK
GABAC01;18W000000000NCNJ;GABA COMERCIALIZADORA DE ELECT;3;Comercializadores mercado libre;GABAC;GABAC01
GACC01;18W-GACC01-83--Z;GACC01;0,8;Comercializadores mercado libre;GAC;GACC01
GAENER1;18W000000000I68D;GAENER1;100;Genéricas;AENER;GAENER1
GAETANA;18W000000000RX87;FGST152;150;Solar fotovoltaica;GESTE;FGST152
GAIAC01;18W000000000F7LX;GAIA COMERCIALIZADORA;0,1;Comercializadores mercado libre;GGLOB;GAIAC01
GAL1;18WGAL1-12345-AH;GALLIPIENZO 1;0,6;Hidraulica UGH;BARER;BEREBRO
GAL2;18WGAL2-12345-A7;GALLIPIENZO 2;0,6;Hidraulica UGH;BARER;BEREBRO
GALAC01;18W-GALAC01-1--Q;GALAC01;0,5;Comercializadores mercado libre;GALA1;GALAC01
GALAFOT;18W000000000RX4F;FGST150;100;Solar fotovoltaica;GESTE;FGST150
GALAZOC;18W000000000RWS7;GALAZOCAN SOLAR;4,8;Solar fotovoltaica;WMARK;FVGALAZ
GALBARR;18W000000000QFFE;ALBARREAL;44,2;Solar fotovoltaica;GALP;GALPS53
GALCAII;18W000000000NJHA;ICTIO ALCAZAR II;44,4;Solar fotovoltaica;GALP;GALPS25
GALCAZA;18W000000000NHM6;ICTIO ALCAZAR I;44,4;Solar fotovoltaica;GALP;GALPS24
GALCIII;18W000000000NJK4;ICTIO ALCAZAR III;44,4;Solar fotovoltaica;GALP;GALPS26
GALCZII;18W000000000OV12;ALCAZAR II;36;Solar fotovoltaica;GALP;GALPS27
GALDAKA;18WGALDAKA-123-L;GALDAKAO;4,2;Gas Natural Cogeneracion;WMARK;TGIRCO
GALERA4;18W000000000SUC4;UF SOLAR LA GALERA 4;2;Solar fotovoltaica;NEXU;FGALERA
GALESA;18WGALESA-1234-J;GALESA;2,1;Gas Natural Cogeneracion;CEG;TGALES
GALGU;18W000000000QY1M;GALGU;2;Solar fotovoltaica;GNRA;FVGNRA
GALIT1;18W000000000Q2EI;GALT1;1,3;Biogas;GEMSL;ES-RCAB
GALIT2;18W000000000Q2GE;GAL 72;2;Biogas;GEMSL;ES-RCAB
GALLEGO;18WGALLEGO-12-E6;P.E. RIO GALLEGO;38,7;Eolica terrestre;HISPE;RWESZN
GALPC01;18W-GALPC01-7--F;GALPUP;9,3;Comercializadores mercado libre;GALP;GALPC01
GAMBC01;18W-GAMBC01-9--C;GAMBASTAR;1;Consumos directos en mercado;GAMB;GAMBC01
GAMIC01;18W000000000Q1DN;GAMBITO ENERGY SL;0;Comercializadores mercado libre;GAMBI;GAMIC01
GAMOIDE;18WGAMOIDE-12-EN;P.E. GAMOIDE;32,5;Eolica terrestre;EGED;EPBUIO1
GAMONAL;18W000000000Q7HY;GAMONAL;5,7;Solar fotovoltaica;GESTE;FGAMONL
GAMONE;18WGAMONE-123-EH;GAMONE;49,5;Eolica terrestre;EGED;EGREEN
GANDARA;18WGANDARA-12-A7;GANDARA;3,5;Hidraulica no UGH;IBGES;HFIBGES
GANKZ;18W000000000QSAM;GANKZ;30;Solar fotovoltaica;GNRA;UPGAN
GAOLC01;18W-GAOLC01-1--8;GANA ENERGÍA;0,1;Comercializadores mercado libre;GAOLA;GAOLC01
GAPAL;18W000000000JJA3;GAPAL;1,8;Solar fotovoltaica;GNRA;FVGNRA
GARCBAQ;18W0000000000UJS;GARCBAQ;9;Gas Natural Cogeneracion;COGEN;AE10COG
GARCIM;18WGARCIM-1234-4;P. E. CASTILLO GARCIMUÑOZ;46,4;0;HC G;HIBSIHA
GARMO;18W000000000JJ6B;GARMO;1,9;Solar fotovoltaica;GNRA;FVGNRA
GAROFEI;18WROMANIGAROFED;GAROFEI;6;Gas Natural Cogeneracion;ROFEN;ROFENV2
GARRAF;18WGARRAF-123-D6;PLANTA DE BIOGAS-TERSA;8,3;Biogas;TERSA;RYTERSA
GARZO;18W000000000SB51;ARZOBISPO;24,9;Solar fotovoltaica;GALP;GALPS70
GASBENS;18WGASBENS-123-0;GASBENS;2,5;Biogas;CEG;RURBAS
GASTU1;18W00000000013U9;GASTU1;2;Genéricas;AST;GASTU1
GATER;18W000000000NVK5;GATER;1,1;Solar fotovoltaica;GNRA;FVGNRA
GATUN;18WGATUN-1234-E8;P. E. GATUN;49,5;Eolica terrestre;IBGES;EMCIBGE
GATUN2;18WGATUN2-123-ED;P. E. GATUN II;16,5;Eolica terrestre;IBGES;EMCIBGE
GAUDAX;18W0000000008HUD;UNIDAD GENERICA;700;Genéricas;ADXRE;GAUDAX
GAURIG;18W000000000SB9U;AURIG;24,9;Solar fotovoltaica;GALP;GALPS73
GAVIC01;18W-GAVIC01-6--J;GAVIPLAS;1,3;Consumos directos en mercado;GAVIP;GAVIC01
GAVILAN;18WGAVILAN-123-A;P.E. SIERRA DE LOS GAVILANES;15,3;Eolica terrestre;IBGES;EHIBGES
GAVIR;18WGAVIR-12345-8;P. E. CERRO GAVIRA;41,6;Eolica terrestre;EGED;EGREEN1
GAXATE;18WGAXATE-1234-Y;18WGAXATE-1234-Y;1,9;Hidraulica no UGH;EGLE;HPDRSA
GAZ1;18W000000000R1OY;GAZ1;46;Solar fotovoltaica;HISPE;FGAZ1
GAZ2;18W000000000R7A7;GAZ2;46;Solar fotovoltaica;HISPE;FGAZ2
GAZFO;18W000000000H01C;GAZFO;5,8;Solar fotovoltaica;GNRA;FVGNRA
GBALDIO;18W000000000SB7Y;BALDIO;16,1;Solar fotovoltaica;GALP;GALPS71
GBELICH;18W000000000SBAS;BELINCHON;19,9;Solar fotovoltaica;GALP;GALPS74
GBENC01;18W-GBENC01-5--Q;GLOBAL BIOSFERA ENERGIA;0,1;Comercializadores mercado libre;GBENE;GBENC01
GBNPRV1;18W000000000R4E8;BONPREU GENERICA;35;Genéricas;BNPRU;GBNPRV1
GBPG1;18W000000000T5YV;UNIDAD GENERICA BP;50;Genéricas;BP;GBPG1
GBT1;18WGBT1-12345-AS;GABET 1;11,4;Hidraulica UGH;ENDG;EBRFEN
GBT2;18WGBT2-12345-AI;GABET 2;11,5;Hidraulica UGH;ENDG;EBRFEN
GC21C01;18W0000000003FMI;GC2 PROYECTOS;0,1;Comercializadores mercado libre;GC2;GC21C01
GCALAM1;18W000000000RSLX;GCALAM1;41,2;Solar fotovoltaica;GESTE;FGST137
GCALAM2;18W000000000RSNT;GCALAM2;41,2;Solar fotovoltaica;GESTE;FGST138
GCALDE;18W000000000RVZX;GCALDE;22,5;Eolica terrestre;GALP;GALPS63
GCAMPO;18W000000000SBCO;MEDINA;24,9;Solar fotovoltaica;GALP;GALPS76
GCANO;18W000000000R4I0;UF SF GUADACANO;48;Solar fotovoltaica;IGNIS;SGCANO
GCARBA;18W000000000RVYZ;GCARBA;40;Eolica terrestre;GALP;GALPS62
GCENES1;18W-GCENES1-4--T;GCENES1;0;Genéricas;CENES;GCENES1
GCENTE1;18W-GCENTE1-3--B;GCENTE1;500;Genéricas;CENTE;GCENTE1
GCEPHEU;18W000000000SBBQ;CEPHEUS;30,4;Solar fotovoltaica;GALP;GALPS75
GDASB;18W000000000R70R;GDASB;3,8;Solar fotovoltaica;GNRA;FVGNRA
GDETI1;18W-GDETI1-90--P;GDETI1;0;Genéricas;DETIC;GDETI1
GDIVC01;18W-GDIVC01-7--W;GDIVC01;0,1;Comercializadores mercado libre;GDIVE;GDIVC01
GDLM;18WGDLM-12345-AU;GUADALMELLATO;5,1;Hidraulica UGH;ENDG;GDLQ
GDLN;18WGDLN-12345-AK;GUADALEN;5;Hidraulica UGH;ENDG;GDLQ
GDME;18WGDME-12345-AP;GUADALMENA 1;14,9;Hidraulica UGH;ENDG;GDLQ
GDREUA1;18W000000000Q3UK;GENERICA FOENER ENERGIA SL;20;Genéricas;DREUA;GDREUA1
GDUFER1;18W-GDUFER1-1--N;GDUFER1;400;Genéricas;DUFER;GDUFER1
GEBLCO1;18W000000000JD12;GENERICA EBLCO;200;Genéricas;EBLCO;GEBLCO1
GECAMA;18W000000000NXBH;18W000000000NXBH;300;Eolica terrestre;EGLE;EGECAM
GECASA;18W000000000035Q;GECASA;4,2;Gas Natural Cogeneracion;CEG;TGECAS
GECASA2;18W000000000QRSQ;GECASA2;1,6;Biomasa;CEG;RGECASA
GECOMPO;18W000000000MJHE;GECOMPO;1,5;Biogas;DETIC;GESTCOM
GEDESMA;18WGEDESMA-12-D5;GEDESMA;15,5;Biogas;EGLE;RGEDES
GEDFT1;18W-GEDFT1-67--C;GEDFT1;0;Genéricas;EDFT;GEDFT1
GEFG1;18W-GEFG1-321--J;GEFG1;150;Genéricas;EFG;GEFG1
GEGC01;18W-GEGC01-52--7;ENERG;0,1;Comercializadores mercado libre;ENERG;GEGC01
GEGED1;18W-GEGED1-71--R;GEGED1;0;Genéricas;EGED;GEGED1
GEGLE1;18W-GEGLE1-96--0;GEGLE1;0;Genéricas;EGLE;GEGLE1
GEGSA1;18WGEGSA1-123-DX;GENERACION ENERGÍAS GUADARRAN;37;Gas Natural Cogeneracion;SEDAE;TFGEGS1
GEGSA2;18WGEGSA2-123-DP;GEGSA II;37;Residuos varios;SEDAE;RVSEDAE
GEHRL;18W000000000O702;GEHRL;1,1;Solar fotovoltaica;GNRA;FVGNRA
GEISC01;18W000000000IQ6V;GEISC01;1,3;Consumos directos en mercado;GEISA;GEISC01
GELSA;18WGELSA-12345-C;GELSA;5,7;Hidraulica no UGH;EBLCO;HGDF01
GEMASA;18WGEMASA-123-DO;GEMASA (COGENERACIÓN ERTISA);27;Gas Natural Cogeneracion;SEDAE;TFGEMAS
GEMOCI;18W000000000MRGT;EMOCION;38,1;Solar fotovoltaica;GALP;GALPS36
GEN-GE2;18W0000000001DSK;NEO SC ARAN SLU;14,9;Gas Natural Cogeneracion;HISPE;TNEORAN
GENCEG1;18W000000000PA3K;GENERICA INTERCONEXION ENCEG;30;Genéricas;EENER;GENCEG1
GENDG1;18W-GENDG1-38--8;GENDG1;0;Genéricas;ENDG;GENDG1
GENGES3;18W0000000001DTI;NEO SC CINCA VERDE SLU;24,9;Gas Natural Cogeneracion;HISPE;GENGES3
GENIL2;18W000000000NXY8;GENIL2;1,2;Solar fotovoltaica;GESTE;FGENIL2
GENL1;18W000000000NXVE;GENIL1;4,2;Solar fotovoltaica;GESTE;FGENIL1
GENVIT;18W000000000MRC0;ENVITERO;35;Solar fotovoltaica;GALP;GALPS32
GEOAC01;18W-GEOAC01-7--2;UP COMPRA 1;3;Comercializadores mercado libre;GEOAL;GEOAC01
GEOLC01;18W000000000RQRR;GEO LUZ Y GAS SLU;0,6;Comercializadores mercado libre;GEOLU;GEOLC01
GEPLAS;18WGEPLAS-123-DA;GE PLASTICS;97,9;Gas Natural Cogeneracion;EWCA;GEPLAS
GEQUISA;18WGEQUISA-12-D3;GEQUISA;9,8;Gas Natural Cogeneracion;EGLE;TGEC
GER1;18WGER1-12345-AE;GERIA 1;0,3;Hidraulica UGH;IBEG;DUER
GER2;18WGER2-12345-A4;GERIA 2;0,2;Hidraulica UGH;IBEG;DUER
GEROUT1;18W-GEROUT1-3--X;ELECTROROUTE ENERGY TRADING LI;50;Genéricas;EROUT;GEROUT1
GES1;18WGES1-12345-A3;GESTALGAR 1;1,1;Hidraulica UGH;ASIE;ASIJUCA
GES2;18WGES2-12345-AU;GESTALGAR 2;0,8;Hidraulica UGH;ASIE;ASIJUCA
GESBRI;18W000000000OGID;GESBRI;1;Gas Natural Cogeneracion;DETIC;COGGESB
GESCAR;18W000000000MRB2;ESCARNES;32,8;Solar fotovoltaica;GALP;GALPS31
GESIC01;18W-GESIC01-3--H;GESTINER;0,5;Comercializadores mercado libre;GESTI;GESIC01
GESLC01;18W000000000J2E9;GENERG;9;Comercializadores mercado libre;GESL;GESLC01
GESOL2;18W000000000MRHR;ESCATRON SOLAR II;38;Solar fotovoltaica;GALP;GALPS37
GESPCX1;18W000000000LPH0;PORT_GEN_CMPRA;9.999,00;Porfolio;GESTE;GESPCX1
GESPLE;18W000000000MROD;ESPLENDOR;40,2;Solar fotovoltaica;GALP;GALPS43
GESPVX1;18W000000000LPG2;PORT_GEN_VNTA;9.999,00;Porfolio;GESTE;GESPVX1
GESSC01;18W-GESSC01-1--9;GESS;0,1;Comercializadores mercado libre;GEST;GESSC01
GESTC01;18W-GESTC01-1--0;GESTERNOVA COMPRA;0,1;Comercializadores mercado libre;GESTE;GESTC01
GETESA;18WGETESA-123-DI;GETESA;41,3;Gas Natural Cogeneracion;SEDAE;UPGETES
GEXT1;18W000000000RW2M;GEXT1;50;Solar térmica;GALP;GALPS65
GEXTIII;18W000000000QCAX;GEXTRESOLIII;49,9;Solar térmica;GALP;GEXTIII
GEXTRII;18W000000000QC9Z;GEXTRESOLII;49,9;Solar térmica;GALP;GEXTRII
GFORTI1;18W000000000RVMM;FORTIA GENERICA;600;Genéricas;FORTI;GFORTI1
GFRGS1;18W-GFRGS1-55--L;GST;300;Genéricas;FR_GS;GFRGS1
GFUEN;18W000000000SAZI;GFUEN;9,9;Solar fotovoltaica;GALP;GALPS66
GGAC1;18W-GGAC1-111--Q;GEOATLANTER S.L.;0;Genéricas;GAC;GGAC1
GGMT1;18WGGMT1UF-----0;GAZPROM UP GENER INTERCONEXIÓN;200;Genéricas;GMT;GGMT1
GGNCO1;18W-GGNCO1-74--1;UNIDAD GENÉRICA GNCOM;4.000,00;Genéricas;GNCO;GGNCO1
GGNRA1;18W-GGNRA1-67--8;GGNRA1;400;Genéricas;GNRA;GGNRA1
GGSLZ1;18W000000000R7HU;GGSLZ1;50;Genéricas;GSLZE;GGSLZ1
GGUNV1;18W000000000OS37;GGUNV1;10;Genéricas;GUNVOR;GGUNV1
GHAZAN;18W000000000MRMH;HAZAÑA SOLAR;38,1;Solar fotovoltaica;GALP;GALPS41
GHCG1;18W-GHCG1-320--K;GHCG1;0;Genéricas;HC G;GHCG1
GHERCUL;18W000000000SBDM;GHERCUL;24,1;Solar fotovoltaica;GALP;GALPS77
GHIJAR1;18W000000000RSTH;GHIJAR1;41,2;Solar fotovoltaica;GESTE;FGST141
GHISPE1;18W-GHISPE1-5--6;GHISPE1;0;Genéricas;HISPE;GHISPE1
GIBEG1;18W-GIBEG1-48--X;GIBEG1;1.200,00;Genéricas;IBEG;GIBEG1
GIBGES1;18W-GIBGES1-4--J;UNIDAD GENÉRICA;1.200,00;Genéricas;IBGES;GIBGES1
GIBICOS;18W000000000S7U0;FV ALGIBICOS;38,4;Solar fotovoltaica;EGLE;FRREGOS
GIGANTS;18W000000000H2EH;PE LOS GIGANTES;21,3;Eolica terrestre;ECYR;EEGPES
GIGNI1;18W000000000NFP6;UNIDAD GENERICA IGNIS;350;Genéricas;IGNIS;GIGNI1
GILLENA;18W000000000PU9M;GUILLENA;37,2;Solar fotovoltaica;GESTE;FGILENA
GIRSI;18W000000000N9VC;GIRONDA SOLAR;1,7;Solar fotovoltaica;GAC;FLGAC
GIS1;18WGIS1-12345-AT;GUISTOLAS;1,7;Hidraulica UGH;IBEG;SIL
GISOL1;18W000000000MRFV;IGNIS SOLAR I;37,9;Solar fotovoltaica;GALP;GALPS34
GJARON1;18W-GJARON1-6--E;GJARON1;0;Genéricas;JARON;GJARON1
GJO1;18WGJO1-12345-AO;GUIJO GRANADILLA GR.1 GENERAC.;26,3;Hidraulica UGH;IBEG;TAJO
GJO1B;18WGJO1B-12345-W;GUIJO GRANADILLA GR.1 BOMBEO;25;Consumo bombeo;IBEG;TAJB
GJO2;18WGJO2-12345-AE;GUIJO GRANADILLA GR.2 GENERAC.;25,8;Hidraulica UGH;IBEG;TAJO
GJO2B;18WGJO2B-12345-M;GUIJO GRANADILLA GR.2 BOMBEO;25;Consumo bombeo;IBEG;TAJB
GKN001;18W000000000S2H4;GKN001;1;Comercializadores mercado libre;ENDCO;ENDER01
GKN002;18W000000000S2I2;GKN002;1;Comercializadores mercado libre;ENDCO;ENDER01
GLICB01;18W000000000QPCR;GLICB01;1,8;Solar fotovoltaica;GNRA;FVGNRA
GLOGRO;18W000000000MRT3;PARQUE LOGRO;44,1;Solar fotovoltaica;GALP;GALPS23
GLOVI1;18W000000000SOPX;GLOBASOL - VILLANUEVA 1 FASE;5;Solar fotovoltaica;SOLRC;FSOLRC
GLOVI2;18W000000000SOQV;GLOBASOL - VILLANUEVA 1 FASE;5;Solar fotovoltaica;SOLRC;FSOLRC
GMAGA1;18W000000000SB27;GMAGA1;5;Solar fotovoltaica;GALP;GALPS68
GMAGA2;18W000000000SB35;GMAGA2;5;Solar fotovoltaica;GALP;GALPS68
GMARTB1;18W000000000R87A;UPGENERICA BILATERAL FISICO;1;Genéricas;MARTB;GMARTB1
GMEC01;18W000000000NOB7;GARCIA MUNTE;1;Comercializadores mercado libre;GME;GMEC01
GMEDIO;18W000000000MREX;MEDIOMONTE;37,9;Solar fotovoltaica;GALP;GALPS35
GMEEC01;18W000000000PSJ8;GMEEC01;901,6;Consumos directos en mercado;GME;GMEEC01
GMERCU1;18W-GMERCU1-9--D;MERCU;500;Genéricas;MERCU;GMERCU1
GMETEE1;18W000000000Q160;UP METGEN;100;Genéricas;METEN;GMETEE1
GMNRJO;18W000000000K2IY;UF SOLAR GAMONAREJO;43,1;Solar fotovoltaica;NEXU;FGMNRJ
GMOCAT;18W000000000MRDZ;MOCATERO;30,3;Solar fotovoltaica;GALP;GALPS33
GMONTE;18W000000000RVX0;GMONTE;48;Eolica terrestre;GALP;GALPS61
GMTCP3;18W-GMTCP3-83--0;GMT, EXPORTACIÓN DE ENERGÍA A;200;Importacion Francia;GMT;GMTCP3
GMTVP3;18W-GMTVP3-27--S;GMT, IMPORTACIÓN DE ENERGÍA DE;200;Exportacion Francia;GMT;GMTVP3
GNCOC01;18W-GNCOC01-8--4;GNCOC01;1.200,00;Comercializadores mercado libre;GNCO;GNCOC01
GNCOCP3;18W000000000F7J0;GNCO DERECH COMPRA FRANCIA;0;Importacion Francia;GNCO;GNCOCP3
GNCOVP3;18W000000000F7KZ;GNCO DERECH VENTA FRANCIA;0;Exportacion Francia;GNCO;GNCOVP3
GNCPCX1;18W000000000F8W8;GNCO PORTFOLIO COMPRA;9.999,00;Porfolio;GNCO;GNCPCX1
GNCPVX1;18W000000000F79K;GNCO PORTFOLIO VENTA;9.999,00;Porfolio;GNCO;GNCPVX1
GNEAS1;18W-GNEAS1-16--M;NEAS-CG;350;Genéricas;NEAS;GNEAS1
GNEXU1;18W-GNEXU1-24--O;GNEXU1;0;Genéricas;NEXU;GNEXU1
GNFRC01;18W0000000006WMT;GAS NATURAL FENOSA RENOVABLES;200;Comercializadores mercado libre;GNCE;GNFRC01
GNIDH1;18W000000000RO8Y;NIDHOG GENERAL;100;Genéricas;NIDHO;GNIDH1
GNOBLE1;18W-GNOBLE1-8--G;GENERIC UNIT;100;Genéricas;NOBLE;GNOBLE1
GNRAC01;18W-GNRAC01-3--0;UP COMERCIALIZADORA NACIONAL;28,1;Comercializadores mercado libre;GNRA;GNRAC01
GNRACP3;18W-GNRACP3-9--B;GNRACP3;400;Importacion Francia;GNRA;GNRACP3
GNRAVP3;18W-GNRAVP3-6--J;GNRAVP3;400;Exportacion Francia;GNRA;GNRAVP3
GNRPCX1;18W000000000B0Z5;GNRPCX1;9.999,00;Porfolio;GNRA;GNRPCX1
GNRPVX1;18W000000000B0Y7;GNRPVX1;9.999,00;Porfolio;GNRA;GNRPVX1
GNSEC01;18W-GNSEC01-6--G;GNSEC01;0;Comercializadores mercado libre;GNSE;GNSEC01
GNSUC01;18W-GNSUC01-3--W;GAS NATURAL SUR COMPRA;3.500,00;Comercializadores último recurso;GNSUR;GNSUC01
GNSUCEB;18W-GNSUCEB-9--Z;GNSUCEB;408;Enlace Baleares;GNSUR;GNSUCEB
GOBA;18WGOBA-12345-AH;GOBANTES;3,2;Hidraulica UGH;ENDG;GDLQ
GOENC01;18W-GOENC01-2--6;GODAY ENERGA;3;Comercializadores mercado libre;GOENC;GOENC01
GOICCX1;18W000000000P37X;PORT_GEN_CMPRA;9.999,00;Porfolio;GOIEN;GOICCX1
GOICVX1;18W000000000P39T;PORT_GEN_VNTA;9.999,00;Porfolio;GOIEN;GOICVX1
GOIEC01;18W-GOIEC01-5--Z;GOIEC01;0,1;Comercializadores mercado libre;GOIEN;GOIEC01
GOIEV01;18W0000000008CVQ;UP GOIENER REPRESENTACION VENT;0,3;Biogas;GOIEN;GOIEV01
GOIEV02;18W000000000ARJY;UP GOIENER REPRE VENTA SOLAR;1,1;Solar fotovoltaica;GOIEN;GOIEV02
GOIEV03;18W000000000BLJB;IB CUR  ( TARIFA, HIDRÁULICA,;3,8;Hidraulica no UGH;GOIEN;GOIEV03
GOIZUE;18WGOIZUE-1234-V;C. H. GOIZUETA;2,4;Hidraulica no UGH;EGED;HFEGED
GOLSC;18W000000000QY6C;GOLSC;1,7;Solar fotovoltaica;GNRA;FVGNRA
GOMERA;18WGOMERA-1234-Y;GOMERA;18;Eolica terrestre;IBGES;EHIBGES
GONE1;18W-GONE1-882--5;GONE1;0;Genéricas;ONE;GONE1
GONFW;18W000000000PWZ1;GONFW;13,9;Solar fotovoltaica;GNRA;FVGNRA
GONGOR2;18WGONGOR2-123-8;GONGORA 2;1,5;Biogas;CEG;RCOPAMP
GONGORA;18WGONGORA-123-Q;GONGORA;0,8;Biogas;CEG;RCOPAMP
GOPENO;18WGOPENO--123-N;P.E. GOIA PEÑOTE;40;Eolica terrestre;IBGES;EHIBGES
GORGEL1;18WGORGEL1-123-Z;PLANTA GENERACION EL GORGUEL 1;3,1;Biogas;SHELL;SESBIO5
GPALAB;18W000000000MRPB;PALABRA;40,2;Solar fotovoltaica;GALP;GALPS38
GPEREA;18W000000000RHIZ;GPEREA;40,8;Solar fotovoltaica;GALP;GALPS54
GPFLOR2;18W000000000RSVD;GPFLOR2;41,2;Solar fotovoltaica;GESTE;FGST142
GPIBCUR;18W-GPIBCUR-1--Y;IBERDROLA CUR  ( GEOTÉRMICA-HI;0;Oceano y geotérmica;IBCUR;GPIBCUR
GPITA;18W000000000PJUD;GPITA;30,3;Solar fotovoltaica;GALP;GALPS44
GPITB;18W000000000PJVB;PITARCO B;8,5;Solar fotovoltaica;GALP;GALPS44
GPITC;18W000000000PJW9;PITARCO C;9;Solar fotovoltaica;GALP;GALPS44
GPOWER1;18W0000000000PAO;POWERMART GENERIC;300;Genéricas;POWER;GPOWER1
GPTOL;18W000000000L26H;GPTOL;1,1;Solar fotovoltaica;GNRA;FVGNRA
GR11;18WGR11-12345-AX;GRADO I 1;9,2;Hidraulica UGH;ENDG;EBRACC2
GR12;18WGR12-12345-AN;GRADO I 2;9,2;Hidraulica UGH;ENDG;EBRACC2
GR21;18WGR21-12345-AM;GRADO II 1;12;Hidraulica UGH;ENDG;EBRACC2
GR22;18WGR22-12345-AC;GRADO II 2;13,6;Hidraulica UGH;ENDG;EBRACC2
GRA1;18WGRA1-12345-A8;GRANADA 1;0,7;Hidraulica UGH;GNRA;GRANA
GRA2;18WGRA2-12345-AZ;GRANADA 2;0,3;Hidraulica UGH;GNRA;GRANA
GRABI;18W000000000OBU4;GRABI;9,9;Gas Natural Cogeneracion;GNRA;CGGRABI
GRADO;18WGRADO-1234-EQ;GRADO;27,2;Eolica terrestre;IBGES;EHIBGES
GRAFC01;18W000000000FFFL;GRAFC01;0,6;Consumos directos en mercado;GRAFV;GRAFC01
GRAIADE;18WGRAIADE-123-R;P.E. GRAIADE;19,8;Eolica terrestre;EGLE;EGRAIA
GRALLAS;18WGRALLAS-123-9;P.E. CHAO DAS GRALLAS;28;Eolica terrestre;EGED;EABARA
GRAMAL;18WGRAMAL-123-EQ;P. E. EL GRAMAL;37,4;Eolica terrestre;HC G;HCGSIHA
GRANADO;18WGRANADO-12-E0;GRANADO;14,4;Eolica terrestre;EGED;EGREEN
GRANDE;18WGRANDE-123-E8;P.E. PEÑAGRANDE;17,1;Eolica terrestre;EGED;EFEGEL1
GRANUJA;18WPEGRANUJALESF;PE GRANUJALES;24;Eolica terrestre;ECYR;EEGPEM
GRDZ;18WGRDZ-12345-A5;GERDIZ;0,9;Hidraulica UGH;WMARK;GRDZ
GRECAT;18WGRECAT--1234A;GRECAT;5,2;Residuos varios;DETIC;RVGRECA
GREEC01;18W000000000RQYD;GREEC01 UP;0;Comercializadores mercado libre;GRNSR;GREEC01
GREENAL;18W000000000H2M1;GREENALIA;49,9;Biomasa;NEXU;RCURTIS
GRENC01;18W000000000SM0F;GREENENERGY360;1;Comercializadores mercado libre;GREAL;GRENC01
GREPSB1;18W000000000LH77;UP GENERICA REPSOL SERVICIOS R;1.500,00;Genéricas;REPSB;GREPSB1
GRIBAG;18W000000000MRIP;RIBAGRANDE;38,1;Solar fotovoltaica;GALP;GALPS29
GRIFOL;18WGRIFOL-1234-8;GRIFOLS;6;Gas Natural Cogeneracion;AME;TGRIFOL
GRIJOTA;18WGRIJOTA-12--B;GRIJOTA;4,9;Eolica terrestre;IBGES;EHIBGES
GROBLE;18W000000000MRLJ;EL ROBLEDO;38;Solar fotovoltaica;GALP;GALPS40
GRPANIA;18W000000000JM0E;GRESPANIA;4,9;Gas Natural Cogeneracion;WMARK;TGRESP
GRTEC01;18W0000000005EXS;GERENTA ENERGIA SL;100;Comercializadores mercado libre;GRTEN;GRTEC01
GSAMP1;18W-GSAMP1-72--K;GSAMP1;0;Genéricas;SAMP;GSAMP1
GSANTOS;18W000000000T2LT;FV GUILLENA SANTOS;10;Solar fotovoltaica;EGLE;FMAMAQ
GSCUCH1;18W000000000RSPP;GSCUCH1;41,2;Solar fotovoltaica;GESTE;FGST139
GSCUCH2;18W000000000RSRL;GSCUCH2;41,2;Solar fotovoltaica;GESTE;FGST140
GSECOB1;18W000000000R7XZ;GENERIC UNIT;100;Genéricas;SECOB;GSECOB1
GSETC01;18W-GSETC01-3--F;COMERCIALI;45;Comercializadores mercado libre;GSETT;GSETC01
GSHEEN1;18W-GSHEEN1-2--L;SHELL ENERGY TRADING UP GENÉRI;1.200,00;Genéricas;SHEEN;GSHEEN1
GSIERZ;18W000000000MRJN;SIERREZUELA;38,2;Solar fotovoltaica;GALP;GALPS30
GSLZB1;18W000000000P4UL;GSLZB1;10,8;Solar fotovoltaica;IGNIS;UPALTE2
GSLZB2;18W000000000PQ39;CACERES 1;41,9;Solar fotovoltaica;IGNIS;GSLZV02
GSLZB3;18W000000000PQ47;CACERES 2;41,9;Solar fotovoltaica;IGNIS;GSLZV03
GSLZB4;18W000000000PW2U;GSLZB4;24,2;Solar fotovoltaica;IGNIS;UPALTE3
GSLZB6;18W000000000QE18;JEREZ 2020;9,8;Solar fotovoltaica;GSLZE;GSLZV06
GSLZB7;18W000000000QHAI;GSLZB7;10;Solar fotovoltaica;GSLZE;GSLZV07
GSLZB8;18W000000000QXOG;ALCONCHEL 2021;9,8;Solar fotovoltaica;GSLZE;GSLZV08
GSLZB9;18W000000000QXQC;ALCONCHEL 2021;5;Solar fotovoltaica;GSLZE;GSLZV09
GSLZC01;18W000000000I8Q8;GSLZC01;0,1;Comercializadores mercado libre;GSLZE;GSLZC01
GSLZV04;18W000000000PX0V;GSLZV04;2,6;Solar fotovoltaica;GSLZE;GSLZV04
GSMG1;18W-GSMG1-405--5;GSMG1;270;Genéricas;SMG;GSMG1
GSSEEN1;18W000000000T2ON;GENERICA_FRANCIA;20;Genéricas;SSEEN;GSSEEN1
GST156;18W000000000S4JV;FGST156;3;Solar fotovoltaica;GESTE;FGST156
GST157;18W000000000S8CX;FGST157;2;Solar fotovoltaica;GESTE;FGST157
GST158;18W000000000SA62;FGST158;0,5;Solar fotovoltaica;GESTE;FGST158
GST159;18W000000000SABT;FGST159;0,9;Solar fotovoltaica;GESTE;FGST159
GST160;18W000000000SFG4;FGST160;3,5;Solar fotovoltaica;GESTE;FGST160
GST161;18W000000000SFI0;FGST161;4;Solar fotovoltaica;GESTE;FGST161
GST162;18W000000000SIIS;FGST162;22,8;Solar fotovoltaica;GESTE;FGST162
GST167;18W000000000SMJE;GST167;1,9;Solar fotovoltaica;GESTE;FGST167
GST168;18W000000000SXS0;GST168;16,4;Solar fotovoltaica;GESTE;FGST168
GST169;18W000000000SYGL;GST169;1,2;Solar fotovoltaica;GESTE;FGST169
GST170;18W000000000SYIH;GST170;5;Solar fotovoltaica;GESTE;FGST170
GST171;18W000000000SYLB;GST171;4,4;Solar fotovoltaica;GESTE;FGST171
GST174;18W000000000SZL8;GST174;39;Eolica terrestre;GESTE;EGST174
GST175;18W000000000SZN4;GST175;51;Eolica terrestre;GESTE;EGST175
GST176;18W000000000T3KS;GST176;130;Solar fotovoltaica;GESTE;FGST176
GST177;18W000000000T3MO;GST177;193,2;Solar fotovoltaica;GESTE;FGST177
GST178;18W000000000T3RE;GST178;4,7;Solar fotovoltaica;GESTE;FGST178
GST179;18W000000000T4PF;GST179;3;Solar fotovoltaica;GESTE;FGST179
GST180;18W000000000T4RB;GST180;3;Solar fotovoltaica;GESTE;FGST180
GST181;18W000000000T4T7;GST181;3;Solar fotovoltaica;GESTE;FGST181
GST182;18W000000000T4YY;GST182;1,9;Solar fotovoltaica;GESTE;FGST182
GSTCP3;18W-GSTCP3-35--P;GSTCP3;400;Importacion Francia;FR_GS;GSTCP3
GSTVP3;18W-GSTVP3-56--P;GSTVP3;400;Exportacion Francia;FR_GS;GSTVP3
GTALEN;18W000000000MRNF;TALENTO;38,2;Solar fotovoltaica;GALP;GALPS42
GTAMBO1;18W000000000RSX9;GTAMBO1;41,2;Solar fotovoltaica;GESTE;FGST143
GTESO1;18W000000000RW0Q;GTESO1;50;Eolica terrestre;GALP;GALPS64
GTORDE;18W000000000SB8W;TORDESILLAS;11,5;Solar fotovoltaica;GALP;GALPS72
GTOTGA1;18W-GTOTGA1-3--O;GTOTGA1;2.000,00;Genéricas;TOTGA;GTOTGA1
GTSRDE1;18W000000000IY0J;TSRDE GENERIC;500;Genéricas;TSRDE;GTSRDE1
GUADA;18WGUADA-1234--Z;HGUADA;5,2;Hidraulica no UGH;GNRA;GUADA
GUADAL;18WGUADALE-123-E;EDAR GUADALETE;0,4;Biogas;ECYR;REGPE3
GUADALI;18WGUADALI-123-N;C.H.GUADALIMAR;20;Hidraulica no UGH;HC G;HGDALI
GUADIX;18W000000000IYKG;18W000000000IYKG;6;Solar fotovoltaica;EGLE;FEBISU
GUADRNQ;18W000000000OP0M;GUADARRANQUE;12,3;Solar fotovoltaica;CEG;FGUADA
GUAFW;18W000000000OYRF;GUAFW;1;Solar fotovoltaica;GNRA;FVGNRA
GUALBA3;18WGUALBA3-123-G;UF GUALBA3;1;Hidraulica no UGH;EFG;HGEFG
GUASS01;18W000000000SDL0;UF GUASCOR;13,5;Energía residual;TRISO;GUAAS01
GUCANTA;18WGUADALCANTALC;CANTALEJOS GUADALTEBA;16,4;Eolica terrestre;HC G;HCGSCSA
GUERIN1;18WGUERIN1-12-E0;P. E. GUERINDA 1;24,6;Eolica terrestre;EGED;EGREEN
GUERIN2;18WGUERIN2-12-EU;P. E. GUERINDA 2;24,6;Eolica terrestre;EGED;EGREEN
GUERIN3;18WGUERIN3-12-EN;P. E. GUERINDA 3;25;Eolica terrestre;EGED;EGREEN
GUI1;18WGUI1-12345-FM;GUILLENA GR.1 GENERAC.;68,9;Turbinacion bombeo;ENDG;GUIG
GUI1B;18WGUI1B-12345-3;GUILLENA GR.1 BOMBEO;75;Consumo bombeo;ENDG;GUIB
GUI2;18WGUI2-12345-FC;GUILLENA GR.2 GENERAC.;68,9;Turbinacion bombeo;ENDG;GUIG
GUI2B;18WGUI2B-12345-U;GUILLENA GR.2 BOMBEO;75;Consumo bombeo;ENDG;GUIB
GUI3;18WGUI3-12345-F2;GUILLENA GR.3 GENERAC.;68,9;Turbinacion bombeo;ENDG;GUIG
GUI3B;18WGUI3B-12345-K;GUILLENA GR.3BOMBEO;75;Consumo bombeo;ENDG;GUIB
GUICO;18W000000000PRHF;GUICO;5,5;Solar fotovoltaica;GNRA;UPGUICO
GUILLEN;18W000000000HBIJ;PSFGUILLENA;100;Solar fotovoltaica;HISPE;FGUILLE
GUISC01;18W-GUISC01-1--7;GUISC01;10;Comercializadores mercado libre;GUIS;GUISC01
GUISC02;18W-GUISC02-4--Q;GUIS CONSUMIDOR DIRECTO;7.663,40;Consumos directos en mercado;GUIS;GUISC02
GUISONA;18WGUISONA-12-DG;GUISONA-CLOSA;27,7;Gas Natural Cogeneracion;GUIS;GUISGN
GUM1;18WGUM1-12345-AP;GUIMIL I;1,5;Hidraulica UGH;GNFG;UFGC
GUM2;18WGUM2-12345-AF;GUIMIL II;1,4;Hidraulica UGH;GNFG;UFGC
GUMA;18WGUMA-123456-A;18WGUMA-123456-A;2,2;Hidraulica no UGH;EGLE;HVADOC
GUNEL01;18W000000000OR64;UNIDAD GENERICA;270;Genéricas;UNEL;GUNEL01
GUNVCP3;18W000000000OX1X;GUNVCP3;10;Importacion Francia;GUNVOR;GUNVCP3
GUNVVP3;18W000000000OX2V;GUNVVP3;10;Exportacion Francia;GUNVOR;GUNVVP3
GURBC01;18W000000000KABO;GURBC01;0,1;Comercializadores mercado libre;GURBT;GURBC01
GUROMAN;18W000000000SKUZ;UF SOLAR GUARROMAN 81;5;Solar fotovoltaica;NEXU;FGROMAN
GURREA;18WGURREA-1234-5;18WGURREA-1234-5;1,1;Hidraulica no UGH;ITURB;HFITURB
GUSPRE;18W000000000ITNP;GUSPRE;2;Solar fotovoltaica;RSPRE;FFRSPRE
GUZMAN;18W000000000RE8R;UF SOLAR GUZMAN;42,4;Solar fotovoltaica;NEXU;FGUZMAN
GVALD;18W000000000SB43;GVALD;24,9;Solar fotovoltaica;GALP;GALPS69
GVALDE;18W000000000MRKL;VALDELAGUA;40,4;Solar fotovoltaica;GALP;GALPS39
GVALDES;18W000000000OV3Z;VALDIVIESO;41;Solar fotovoltaica;GALP;GALPS28
GVEGON;18W000000000RHJX;GVEGON;40,8;Solar fotovoltaica;GALP;GALPS55
GVIEG1;18W-GVIEG1-60--R;GVIEG1;0;Genéricas;VIEG;GVIEG1
GVISA1;18W000000000SNDN;UP GENERICA VISALIA;65;Genéricas;VISAL;GVISA1
GVITOL1;18W000000000OYF2;UP GENERICA FRANCIA;500;Genéricas;VITOL;GVITOL1
GYEEXXI;18W-GYEEXXI-7--B;GYEEXXI;0;Oceano y geotérmica;EEXXI;GYEEXXI
GYG1;18WGYG1-12345-A6;GABRIEL Y GALAN GR.1 GENERAC.;110,4;Hidraulica UGH;IBEG;TAJO
GYG1B;18WGYG1B-12345-E;GABRIEL Y GALAN GR.1 BOMBEO;90;Consumo bombeo;IBEG;TAJB
GYGNRA;18W-GYGNRA-92--I;PLANTA DE APROVECHAMENTO DE LA;0,2;Oceano y geotérmica;GNRA;GYGNRA
GYIBCUR;18W-GYIBCUR-1--9;IBERDROLA CUR  ( GEOTÉRMICA-HI;0;Oceano y geotérmica;IBCUR;GYIBCUR
GZO1;18WGZO1-12345-AH;GURIEZO INFERIOR 1;1,1;Hidraulica UGH;ASIE;ASIAGU
GZO2;18WGZO2-12345-A7;GURIEZO INFERIOR 2;1,1;Hidraulica UGH;ASIE;ASIAGU
GZO3;18WGZO3-12345-AY;GURIEZO SUPERIOR 1;1,1;Hidraulica UGH;ASIE;ASIAGU
HAFEC01;18W000000000RKS6;HAFESA MOBILITY ELC SL;1;Comercializadores mercado libre;HAFES;HAFEC01
HAGUEDA;18WHAGUEDA-123-O;UF CH AGUEDA;5;Hidraulica no UGH;GNRA;HSAECH
HAMPC01;18W000000000O9QI;HAMPC01;0,1;Comercializadores mercado libre;HAMPO;HAMPC01
HAMPV01;18W000000000PUBI;HAMPV01;0,1;Solar fotovoltaica;HAMPO;HAMPV01
HAPOC01;18W0000000008CUS;HAPOC01;0,7;Consumos directos en mercado;HAPO;HAPOC01
HARINER;18W000000000S1DF;HARINER;1;Comercializadores mercado libre;EDPCL;EDPCR01
HARXC01;18W000000000PIBH;HARXC01;1,5;Consumos directos en mercado;HARXX;HARXC01
HCAMPOR;18W000000000P5J3;18W000000000P5J3;10;Hidraulica no UGH;EGLE;HRPI
HCENE01;18W-HCENE01-6--K;HCENE01;2.399,00;Comercializadores mercado libre;HCENE;HCENE01
HCEPEDA;18W000000000R2H8;CH CEPEDA;3,7;Hidraulica no UGH;EGLE;HHYDRO
HCGC01;18W-HCGC01-97--E;HCGC01;2,2;Comercializadores mercado libre;HC G;HCGC01
HCGCOX;18W000000000IOJB;COMPRA SSAA PARQUES EOLICOS;20;Consumo de Servicios Auxiliares;HC G;HCGCOX
HCHANZA;18WHCHANZA-123-6;UF CHANZA;4,5;Hidraulica no UGH;JDALU;HHURONE
HCNSC01;18W-HCNSC01-7--8;HCNSC01;0,5;Comercializadores mercado libre;HC G;HCNSC01
HCORTES;18W000000000F6CH;FV HERNAN CORTES;34,3;Solar fotovoltaica;ECYR;FEGPEM
HCORZAN;18WHCORZAN-12-A9;18WHCORZAN-12-A9;3,6;Hidraulica no UGH;EGLE;HARNO
HCRUCES;18W000000000R3DD;HOSPITAL DE CRUCES;3,4;Gas Natural Cogeneracion;WMARK;TCRUCES
HCTUDE;18WHCTUDE-1234-M;COGENERACION HC-TUDELA ABONO;10;Gas Natural Cogeneracion;HC G;THCTUDE
HCURC01;18W-HCURC01-3--0;HCURC01;50;Comercializadores último recurso;HCCUR;HCURC01
HCURCEB;18W-HCURCEB-8--7;HCUR BALEA;408;Enlace Baleares;HCCUR;HCURCEB
HDLV001;18W000000000RCQY;FV 001;6;Solar fotovoltaica;URANA;COPIV01
HDLV002;18W000000000RCRW;FV 002;6;Solar fotovoltaica;URANA;COPIV01
HDONOST;18W000000000RC9V;HOSPITAL DE DONOSTIA;4,8;Gas Natural Cogeneracion;WMARK;TDONOST
HECEC01;18WHECEC01UF---M;HIDROELÉCTRICA EL CARMEN ENERG;0,1;Comercializadores mercado libre;HECEN;HECEC01
HEFRA;18W000000000P164;HEFRA;30;Solar fotovoltaica;GNRA;UPFRAHI
HELEC01;18W000000000B1JY;UP01 HELIOELEC;0,1;Comercializadores mercado libre;HELEC;HELEC01
HELIC01;18W000000000LHCY;HELIOS PENINSULA;1;Comercializadores mercado libre;HELEI;HELIC01
HELIO1;18W-HELIO1-50--3;HELIOENERGY 1;50;Solar térmica;EGLE;STHEEN1
HELIO2;18W-HELIO2-92--5;HELIOENERGY II;50;Solar térmica;EGLE;STHEEN2
HELIOS1;18WHELIOS1-123-5;HELIOS1;49,9;Solar térmica;EGLE;STHELI1
HELIOS2;18WHELIOS2-123-Z;HELIOS 2;49,9;Solar térmica;EGLE;STHELI2
HELLIN1;18W000000000RUJV;HELLIN1;5;Solar fotovoltaica;GAC;FFGAC
HELLIN2;18W000000000RULR;HELLIN2;2,9;Solar fotovoltaica;GAC;FRGAC
HERERIA;18W000000000MRQ9;PE LAS HERRERIAS;16,1;Eolica terrestre;HC G;HCGSIHA
HERMIDA;18WHERMIDA-123-A;HERMIDA;3;Hidraulica no UGH;WMARK;HFWMARK
HERRE;18W000000000RK5F;CHHERRERIA;3;Hidraulica no UGH;CEG;HALTANO
HERRER;18WHERRER-123-A4;HERRERIAS FASE 2;7,8;Hidraulica no UGH;EGED;HENANSA
HERRERA;18W000000000NHHG;HERRERA;34,6;Eolica terrestre;NEXU;EHERRER
HERRERI;18WHERRERI-12-EW;P.E. LA HERRERIA;44,8;Eolica terrestre;IGNIS;EGASUR
HERRM;18W000000000K73C;HERRM;2;Solar fotovoltaica;GNRA;FVGNRA
HESID;18W000000000QYKL;HESID;1,8;Solar fotovoltaica;GNRA;FVGNRA
HFASIEB;18W000000000MB4R;CENTRAL HIDROEL BARBAO;5;Hidraulica no UGH;ASIE;HFASIE
HFASIEJ;18W000000000QOHK;HFASIEJOSEFINA;1,1;Hidraulica no UGH;ASIE;HFASIE
HFASIEP;18W000000000MB5P;CENTRAL HIDROEL PARANA;2,7;Hidraulica no UGH;ASIE;HFASIE
HFASIES;18W000000000RI3P;SAN MIGUEL;1,5;Hidraulica no UGH;ASIE;HFASIE
HFASIEV;18W000000000QOII;ES-HFASIEVILLAB;1,2;Hidraulica no UGH;ASIE;HFASIE
HFLIX;18W000000000P5NW;18W000000000P5NW;10;Hidraulica no UGH;EGLE;HRPI
HGARCIA;18WHGARCIA-12-AG;18WHGARCIA-12-AG;2,5;Hidraulica no UGH;EGLE;HNRPGG
HGULLA;18WHGOMEZU-123-Z;HGULLA;6,9;Gas Natural Cogeneracion;GNCO;TEGASN
HHOJAM;18W-HHOJAM-53--W;HOJAMARTA;0,5;Hidraulica no UGH;EGED;HHOJAM
HHOND;18W000000000IV8C;HILADA HONDA;20;Eolica terrestre;REPSB;EREPSOL
HIB-IBE;18W000000000SXDU;HIBIBERFRUTA;3,3;Gas Natural Cogeneracion;LMER;HIBIBER
HIBHELI;18W000000000SDDG;HIBHELIOS;4,6;Gas Natural Cogeneracion;LMER;HIBHELI
HID1;18WHID1-12345-AX;HIDRO 1;0,3;Hidraulica UGH;ASIE;ASIJUCA
HID2;18WHID2-12345-AN;HIDRO 2;0,3;Hidraulica UGH;ASIE;ASIJUCA
HIDPINA;18WHIDPINA-123-6;18WHIDPINA-123-6;7;Hidraulica no UGH;EGLE;HHIPIN
HIDSC01;18W0000000003BQM;HIDROBESORA SERVICIOS;0,5;Comercializadores mercado libre;HIDSE;HIDSC01
HIERPC1;18W000000000QVOM;HIDRAULICA TRINITAT;1,9;Hidraulica no UGH;ENEDJ;ERPCHI0
HIERRO;18W-HIERRO-60--H;P.E. HIERRO;22,4;Eolica terrestre;GNCO;EGASNE0
HIERROS;18WHIERROS-123-J;UF HIERROS;1,5;Solar fotovoltaica;EFG;FGEFG
HIGARES;18WHIGARES-12-AF;18WHIGARES-12-AF;1,6;Hidraulica no UGH;EGLE;HBARLO
HIGUER;18WHIGUER-123-E2;P.E. HIGUERUELA;37,6;Eolica terrestre;IBGES;EHIBGES
HIGUERA;18WHIGUERA-123-1;P. E. LA HIGUERA;44;Eolica terrestre;IBGES;EHIBGES
HIJ1;18WHIJ1-12345-A4;HIJAR 1;2,3;Hidraulica UGH;IBEG;JUCA
HIJ2;18WHIJ2-12345-AV;HIJAR 2;2,3;Hidraulica UGH;IBEG;JUCA
HIJES;18WHIJES-1234-ED;P.E.HIJES;13,2;Eolica terrestre;IBGES;EHIBGES
HIJOLIS;18WHIJOLIS-123-M;HIJOLIS;1;Gas Natural Cogeneracion;DETIC;COGHIJO
HIKAC01;18W000000000QB67;HIKARI ENERGIA;0;Comercializadores mercado libre;HIKAR;HIKAC01
HILAC01;18W000000000RPK7;HILAC01;0,5;Consumos directos en mercado;HILAD;HILAC01
HILTC01;18W000000000R2EE;HILLTECH DIGITAL;0;Comercializadores mercado libre;HILLT;HILTC01
HINOJAI;18WHINOJAI-123-J;P.E. HINOJAL I;14;Eolica terrestre;EGLE;EHINOJ
HINOJII;18WHINOJII-123-T;18WHINOJII-123-T;8,5;Eolica terrestre;EGLE;EHINOJ
HINOJO;18W000000000QDZH;HINOJOSAS;35;Solar fotovoltaica;SHEEN;SHEPV21
HINTRA;18W-HINTRA-84--I;ELSCONDALS;17,6;Hidraulica no UGH;INTRA;HINTRA
HIPERII;18WHIPERII-123-Z;P.E. SIERRA DEL ALMUERZO;49,9;Eolica terrestre;GNRA;PEVER
HISPC01;18W-HISPC01-4--5;HISPC01;50;Comercializadores mercado libre;HISPE;HISPC01
HITA;18W000000000RTW8;HITA;1,7;Solar fotovoltaica;CEG;FVHITA
HITACH;18W000000000S2KZ;HITACH;1;Comercializadores mercado libre;ENDCO;ENDER01
HJXXIII;18W000000000GMJP;HOSPITAL JOAN XXIII;1,2;Gas Natural Cogeneracion;AME;TWAME
HLAMORA;18W000000000R2I6;CH LA MORA;2,1;Hidraulica no UGH;EGLE;HHYDRO
HLAVADE;18W000000000P5I5;18W000000000P5I5;1,5;Hidraulica no UGH;EGLE;HRPI
HLRSPRE;18W000000000H77G;END CUR  ( TARIFA, EÓLICA, NO;0,2;Eolica terrestre;RSPRE;HLRSPRE
HLUBIAN;18WHLUBIAN-123-A;HLUBIAN;1;Hidraulica no UGH;WMARK;HIDEUR
HLYC01;18W000000000QXRA;HALLEY COM;10;Comercializadores mercado libre;HALLE;HLYC01
HMRSC;18W000000000R2BK;HMRSC;3,7;Solar fotovoltaica;GNRA;FVGNRA
HO28CA;18W000000000OTBP;HO28CA;1;Comercializadores mercado libre;FORTI;FORTR01
HO28JE;18W000000000SSH0;HO28JE;1;Comercializadores mercado libre;FORTI;FORTR01
HONDO;18W000000000NWNX;HONDO;1,4;Solar fotovoltaica;GNRA;FVGNRA
HONZA;18WHONZA-12345-9;LA ONZA;0,7;Hidraulica no UGH;WMARK;HHONZA
HOREC01;18W-HOREC01-4--B;HORECA ENERGIA SL;5;Comercializadores mercado libre;HORE;HOREC01
HORN16;18W000000000QA0M;HORNACHOS SOLAR 16;22,2;Solar fotovoltaica;ADXRE;HORN16
HORN98;18W000000000Q9ZT;HORNACHOS 98;3;Solar fotovoltaica;ADXRE;HORN98
HORNI;18WHORNI12345--U;P.E. HORNILLOS;26;Eolica terrestre;EGED;EGREEN1
HOYAGON;18WHOYAGON-123-V;P.E. HOYA GONZALO;49,5;Eolica terrestre;WMARK;EEVOLD
HOYASI;18W000000000RTE7;FV HOYAS;5;Solar fotovoltaica;EGLE;FCONTR1
HOYASII;18W000000000RTH1;FV HOYAS GRANDES II;3,6;Solar fotovoltaica;EGLE;FCONTR2
HOYEC01;18W000000000NHTT;HOY ENERGIA;0,1;Comercializadores mercado libre;HOYEN;HOYEC01
HOYO;18WHOYO-12345-AI;HOYO;3,5;Hidraulica no UGH;IBGES;HFIBGES
HOYROSA;18WHOYROSA-12--8;P.E. LAS HOYUELAS-ROSALES;32;Eolica terrestre;EGED;EGREEN
HPEEXXI;18W-HPEEXXI-6--S;END CUR  ( HIDRÁULICA, PRUEBAS;0,1;Hidraulica no UGH;EEXXI;HPEEXXI
HPEONUR;18W-HPEONUR-2--1;E.ON CUR ( HIDRÁULICA, PRUEBAS;19,8;Hidraulica no UGH;EONUR;HPEONUR
HPEREDA;18WHPEREDA-123-7;LA PEREDA;50;Subproductos minería;HUNOS;THUNOS
HPEUSA2;18W000000000D9I4;UP SANTA LUCIA;0,9;Hidraulica no UGH;PEUSA;HPEUSA2
HPHCCUR;18W-HPHCCUR-3--F;HC CUR ( HIDRÁULICA, PRUEBAS);0;Hidraulica no UGH;HCCUR;HPHCCUR
HPIBCUR;18W-HPIBCUR-2--I;IB CUR  ( HIDRÁULICA, PRUEBAS);0,3;Hidraulica no UGH;IBCUR;HPIBCUR
HPUERTO;18WHPUERTO-123-P;18WHPUERTO-123-P;1,5;Hidraulica no UGH;EGLE;HHIAST
HREQUEJ;18W000000000P5K1;18W000000000P5K1;5;Hidraulica no UGH;EGLE;HRPI
HRRERA;18W000000000R9YR;UF SOLAR LA HERRERA;4;Solar fotovoltaica;NEXU;FHRRERA
HSAFONT;18W000000000P5H7;18W000000000P5H7;1,1;Hidraulica no UGH;EGLE;HRPI
HSATC01;18W000000000MM6R;HSAT21;1;Comercializadores mercado libre;HSATE;HSATC01
HSBONAR;18W00000000005E2;HS BONAR;3,1;Hidraulica no UGH;DETIC;HFDETIC
HSCOC01;18W0000000002GMJ;HSILLDECOMER;6;Comercializadores mercado libre;HSCOM;HSCOC01
HSEGENS;18W00000000005F0;HSEGENS;1,7;Hidraulica no UGH;WMARK;HSEGEN
HSJOSE;18WHSJOSE-1234-D;UF CH SAN JOSE;3;Hidraulica no UGH;GNRA;HSAECH
HTBILL;18WHTBILL-123-EU;P.E. HONTALBILLA;36,5;Eolica terrestre;IBGES;EHIBGES
HTBILL2;18WHTBILL2-12-EU;P.E. HONTALBILLA II;28,9;Eolica terrestre;IBGES;EHIBGES
HU2020;18W000000000GF0A;UF FOTOVOLTAICA HUELVA;40,9;Solar fotovoltaica;SHEEN;SHEPV08
HUER;18WHUER-12345-AP;HUERMEDA;0,4;Hidraulica UGH;ENDG;EBRERZ
HUNEJAT;18WHUNEJAT-123-9;P.E.HUENEJA 3;49,5;Eolica terrestre;IBGES;EHIBGES
HURONES;18WHURONES-123-Q;UF CH HURONES;5,2;Hidraulica no UGH;JDALU;HHURONE
HVGORDO;18W000000000R3WC;VILLALGORDO;5,5;Hidraulica no UGH;EGLE;HHTRAS
HXERTA;18W000000000P5MY;18W000000000P5MY;18;Hidraulica no UGH;EGLE;HRPI
HXRSPRE;18W0000000008CWO;HYNEXU;1,5;Hidraulica no UGH;RSPRE;HXRSPRE
HY2MAR;18W000000000DQ6E;HIDRAULICA MAJOR 1MW MARINER;1,7;Hidraulica no UGH;EPYM;HYDRO2
HYAGREN;18W000000000JT2Q;HYAGREN;1,2;Hidraulica no UGH;AGREN;HYAGREN
HYAME;18W0000000006ZKO;SANILLES;4,2;Hidraulica no UGH;AME;HYAME
HYANORF;18W000000000QWB8;FYGESTE;0;Solar fotovoltaica;ZRMTT;HYANORF
HYANORH;18W000000000QWC6;SANILLES;0,5;Hidraulica no UGH;ZRMTT;HYANORH
HYASIE;18W-HYASIE-82--X;ASIE (HIDRÁULICA TARIFA NO EXE;6,5;Hidraulica no UGH;ASIE;HYASIE
HYCEG;18W-HYCEG-693--O;VIRGEN DE LAS VIÑAS;4,8;Hidraulica no UGH;CEG;HYCEG
HYDETIC;18W-HYDETIC-4--9;DETIC (TARIFA,NO EXENTO,HID.);48;Hidraulica no UGH;DETIC;HYDETIC
HYDRC01;18W000000000R53R;HYDRC01;0,1;Comercializadores mercado libre;HYDRO;HYDRC01
HYDRO1;18W000000000I7V1;HIDRO MENORS DE 1 MW;2;Hidraulica no UGH;EPYM;HYDRO1
HYECATA;18W000000000S4PJ;HYEGED;3;Hidraulica no UGH;EGED;HYECATA
HYEEXXI;18W-HYEEXXI-1--N;END CUR  ( TARIFA, HIDRÁULICA,;6,8;Hidraulica no UGH;EEXXI;HYEEXXI
HYEFG;18W-HYEFG-837--Y;EFG (TARIFA,NO EXENTO,HID.);22,2;Hidraulica no UGH;EFG;HYEFG
HYEGLE;18W-HYEGLE-22--X;RE-1096;50,6;Hidraulica no UGH;EGLE;HYEGLE
HYEONUR;18W-HYEONUR-7--U;E.ON CUR ( TARIFA, HIDRÁULICA,;0,9;Hidraulica no UGH;EONUR;HYEONUR
HYFEN;18W-HYFEN-776--4;MINIHIDRAULICA A TARIFA;0,3;Hidraulica no UGH;FEN;HYFEN
HYGESTE;18W-HYGESTE-6--1;SANILLES;29,8;Hidraulica no UGH;GESTE;HYGESTE
HYGNRA;18W-HYGNRA-27--L;HYGNRA;32,4;Hidraulica no UGH;GNRA;HYGNRA
HYGNSUR;18W-HYGNSUR-1--3;GN SUR SDG ( TARIFA, HIDRÁULIC;7,1;Hidraulica no UGH;GNSUR;HYGNSUR
HYHCCUR;18W-HYHCCUR-4--N;HC CUR ( TARIFA, HIDRÁULICA, N;2,4;Hidraulica no UGH;HCCUR;HYHCCUR
HYIBCUR;18W-HYIBCUR-6--E;IB CUR  ( TARIFA, HIDRÁULICA,;12,8;Hidraulica no UGH;IBCUR;HYIBCUR
HYIBFZ;18W0000000002V2E;HYIBGES;0,4;Hidraulica no UGH;IBGES;HYIBFZ
HYIGNI;18W000000000R4LV;HYGNRA;0,1;Hidraulica no UGH;IGNIS;HYIGNI
HYITURB;18W-HYITURB-8--2;HITURB;0,4;Hidraulica no UGH;ITURB;HYITURB
HYLAUE3;18W000000000R3Z6;UF LA ESPERANZA;1,1;Hidraulica no UGH;LAUEI;HYLAUE3
HYNEXU;18W-HYNEXU-32--7;HYNEXU;19,4;Hidraulica no UGH;NEXU;HYNEXU
HYRSPRA;18W-HYRSPRA-4--K;18WHYRSPRA-123-G;22,9;Hidraulica no UGH;RSPRA;HYRSPRA
HYSERRA;18W-HYSERRA-1--L;UP SERRA POT MENOR 1 MW;3,1;Hidraulica no UGH;GNRA;HYSERRA
HYWMARK;18W-HYWMARK-6--2;HIDRAULICA TARIFA MENOR DE 10;6,7;Hidraulica no UGH;WMARK;HYWMARK
IAMLO;18WIAMLO-12345-4;INDUSTRIAS ANGEL MARTINEZ LOPE;3,9;Gas Natural Cogeneracion;GEMSL;TYGEMSL
IBARC01;18W000000000RKR8;IBAR ENERGIA SL;1;Comercializadores mercado libre;IBARE;IBARC01
IBARGO;18WIBARGO-123-ER;P. E. IBARGOITI;28;Eolica terrestre;EGED;EGREEN
IBCUC01;18W-IBCUC01-1--C;IBCUC01;14.000,00;Comercializadores último recurso;IBCUR;IBCUC01
IBCUCEB;18W-IBCUCEB-2--Z;IBCUCEB;408;Enlace Baleares;IBCUR;IBCUCEB
IBDSC01;18W000000000GJBD;UPROGRAMACIONIBERDESA;2;Comercializadores mercado libre;IBERD;IBDSC01
IBEGC01;18W-IBEGC01-9--C;IBEGC01;0;Comercializadores mercado libre;IBEG;IBEGC01
IBEGC05;18W-IBEGC05-2--G;IBEGC05;1.000,00;Importacion Marruecos;IBEG;IBEGC05
IBEGCP3;18W-IBEGCP3-8--E;IBEGCP3;750;Importacion Francia;IBEG;IBEGCP3
IBEGVP3;18W-IBEGVP3-2--Y;IBEGVP3;1.200,00;Exportacion Francia;IBEG;IBEGVP3
IBERFO;18W000000000S2LX;IBERFO;1;Comercializadores mercado libre;ENDCO;ENDER01
IBGCCX1;18W000000000AFBC;UNID PORF IBGES COMERC COMPRA;9.999,00;Porfolio;IBGES;IBGCCX1
IBGCVX1;18W000000000AFAE;UNID PORF IBGES COMERC VENT;9.999,00;Porfolio;IBGES;IBGCVX1
IBGECP3;18W-IBGECP3-3--W;IBGE DERECHOS COMPRA(FRAN);750;Importacion Francia;IBGES;IBGECP3
IBGESX;18W00000000076NR;IBGES CONSUMO SERV AUXILIARES;30;Consumo de Servicios Auxiliares;IBGES;IBGESX
IBGEVP3;18W-IBGEVP3-6--G;IBGE DERECHOS VENTA(FRAN);1.200,00;Exportacion Francia;IBGES;IBGEVP3
IBGPCX1;18W000000000AFV9;PROD PORF IBGES COMERC COMPR;9.999,00;Porfolio;IBGES;IBGPCX1
IBGPVX1;18W000000000AFUB;PROD PORF IBGES COMERC VENTA;9.999,00;Porfolio;IBGES;IBGPVX1
IBHEACI;18WIBHEACI-12-E7;P.E. HEDROSO-ACIBEROS;31,4;Eolica terrestre;WMARK;EFWMARK
IBIFW;18W000000000O6SN;IBIFW;1,1;Solar fotovoltaica;GNRA;FVGNRA
IBMXC01;18W000000000QBR2;IBERMAX ENERGY CONSULTING SL;0;Comercializadores mercado libre;IBERY;IBMXC01
IBPADOR;18WIBPADOR-12-EW;PADORNELO;31,4;Eolica terrestre;WMARK;EFWMARK
IBSEC01;18W000000000AIMI;IBSEN COMERCIALIZADORA;30;Comercializadores mercado libre;IBSEN;IBSEC01
IBSNC01;18W000000000MNCC;IBSNC01;2;Consumos directos en mercado;IBSUS;IBSNC01
IBSUC01;18W000000000MMRM;IBSUC01;1,9;Consumos directos en mercado;IBSUS;IBSUC01
IBTOC01;18W000000000KRJV;IBTOC01;0,5;Consumos directos en mercado;IBTOS;IBTOC01
ICASC01;18W-ICASC01-3--V;ICASC01;500;Comercializadores mercado libre;ICASA;ICASC01
ICGAC01;18W-ICGAC01-4--I;COMERCIALIZACIÓN;65;Comercializadores mercado libre;ICGAS;ICGAC01
ICLIC01;18W-ICLIC01-1--J;ICLIC01;5;Comercializadores mercado libre;IBCLI;ICLIC01
ICLX001;18W000000000OSO2;ICLX001;88;Comercializadores mercado libre;IBCLI;ICLIR01
ICLX002;18W000000000OSP0;ICLX002;9;Comercializadores mercado libre;IBCLI;ICLIR01
ICLX003;18W000000000QK5J;ICLX003;8,5;Comercializadores mercado libre;IBCLI;ICLIR01
ICLX004;18W000000000QK6H;ICLX004;17,5;Comercializadores mercado libre;IBCLI;ICLIR01
ICLX005;18W000000000QK7F;ICLX005;25,5;Comercializadores mercado libre;IBCLI;ICLIR01
ICLX006;18W000000000QK8D;ICLX006;18;Comercializadores mercado libre;IBCLI;ICLIR01
ICLX007;18W000000000QK9B;ICLX007;9;Comercializadores mercado libre;IBCLI;ICLIR01
ICLX008;18W000000000S3F5;ICLX008;22;Comercializadores mercado libre;IBCLI;ICLIR01
ICLX009;18W000000000S3OO;ICLX009;3,1;Comercializadores mercado libre;IBCLI;ICLIR01
ICLX010;18W000000000S3PM;ICLX010;6,2;Comercializadores mercado libre;IBCLI;ICLIR01
ICLX011;18W000000000S3QK;ICLX011;19,8;Comercializadores mercado libre;IBCLI;ICLIR01
ICLX012;18W000000000S3RI;ICLX012;13,5;Comercializadores mercado libre;IBCLI;ICLIR01
ICLX013;18W000000000S3SG;ICLX013;7,9;Comercializadores mercado libre;IBCLI;ICLIR01
ICLX014;18W000000000S3TE;ICLX014;90;Comercializadores mercado libre;IBCLI;ICLIR01
ICLX015;18W000000000S3UC;ICLX015;75;Comercializadores mercado libre;IBCLI;ICLIR01
ICLX016;18W000000000S3VA;ICLX016;10;Comercializadores mercado libre;IBCLI;ICLIR01
ICLX017;18W000000000S3W8;ICLX017;4,5;Comercializadores mercado libre;IBCLI;ICLIR01
ICLX018;18W000000000S3X6;ICLX018;6,6;Comercializadores mercado libre;IBCLI;ICLIR01
ICLX019;18W000000000S3Y4;ICLX019;3,8;Comercializadores mercado libre;IBCLI;ICLIR01
ICUPCX1;18W000000000ADNV;UNID PORF IBCUR  COMPRA;9.999,00;Porfolio;IBCUR;ICUPCX1
ICUPVX1;18W000000000ADMX;UNID PORF IBCUR  VENTA;9.999,00;Porfolio;IBCUR;ICUPVX1
IDACSA;18W0000000005CJP;ISACSA BOMASA;2,2;Biomasa;GESTE;RIDAGST
IDESC01;18W000000000RRTK;IDESC01 UP;0;Comercializadores mercado libre;IDESE;IDESC01
IENOC01;18W-IENOC01-7--A;COMERCIALIZADORA IENOV;10;Comercializadores mercado libre;IENOV;IENOC01
IERRV01;18W000000000QR08;IERRV01;13;Solar fotovoltaica;GNRA;UPIER1
IERRV02;18W000000000QR16;IERRV02;2;Solar fotovoltaica;GNRA;UPIER2
IESADRI;18WIESADRI-12-D4;18WIESADRI-12-D4;9,9;Gas Natural Cogeneracion;EGLE;TINMAL
IESALBA;18WIESALBA-12-D5;18WIESALBA-12-D5;3,3;Gas Natural Cogeneracion;EGLE;TINMAL
IFAVG;18W0000000006ZLM;IB CUR  ( EÓLICA, PRUEBAS);0,2;Eolica terrestre;GNRA;IFAVG
IGAFW;18W000000000P350;IGAFW;2,5;Solar fotovoltaica;GNRA;FVGNRA
IGEA;18WIGEA-12345-E9;P.E. IGEA CORNAGO SUR 1ª FASE;28;Eolica terrestre;IBGES;EMRIBGE
IGESC01;18W-IGESC01-8--1;IGESC01;13.000,00;Comercializadores mercado libre;IBGES;IGESC01
IGNIC01;18W-IGNIC01-8--1;UNIDAD PROGRAMACION IGNIS COMP;1;Comercializadores mercado libre;IGNIS;IGNIC01
IM2SOLR;18W000000000KSMM;IM2SOLR;1;Solar fotovoltaica;GESTE;FIM2SLR
IM3B01;18W000000000S4LR;IM3B01;1,5;Solar fotovoltaica;IM3;IM3V02
IM3C01;18W-IM3C01-37--F;IM3ENER;0,2;Comercializadores mercado libre;IM3;IM3C01
IM3V01;18W000000000RZII;IB CUR  ( TARIFA, FOTOVOLTAICA;2;Solar fotovoltaica;IM3;IM3V01
IMANZAN;18W000000000M8XF;IMANZAN;35;Solar fotovoltaica;GALP;GALPS3
IMOLINA;18WIMOLINA-12-EV;18WIMOLINA-12-EV;8;Eolica terrestre;CEG;ECASAR
IMPEC01;18W000000000NKI5;IMPERIUM LUMEN;0,1;Comercializadores mercado libre;IMPER;IMPEC01
INARC01;18W000000000SJDZ;INARGY SPOT;5,5;Comercializadores mercado libre;INARG;INARC01
INDAC01;18W000000000RSDC;INDAREL KUDEAKETA SLU;1;Comercializadores mercado libre;INDAR;INDAC01
INDAIGU;18W000000000QSWF;INDAIGUADEVALLS;1,2;Hidraulica no UGH;RSPRA;HHRSPRA
INDEC01;18W-INDEC01-6--V;INDEC01;40;Comercializadores mercado libre;INDEX;INDEC01
INDIANA;18W000000000RNAX;UF SOLAR LA INDIANA;3,3;Solar fotovoltaica;NEXU;FINDINA
INDIPUN;18WINDIPUN-12-EY;18WINDIPUN-12-EY;2;Gas Natural Cogeneracion;EGLE;TINDIP
INDLC01;18W000000000T2BC;UP INDALO;0,1;Comercializadores mercado libre;INDA;INDLC01
INDUL;18W000000000I0AR;INDUL;9,6;Gas Natural Cogeneracion;ENUFR;ENUFRV7
INDXC01;18W000000000Q7W4;INDEXA ENERGIA INTELIGENTE;0;Comercializadores mercado libre;INDEA;INDXC01
INEMC01;18W000000000T19J;INER MADRID;0,2;Comercializadores mercado libre;INERM;INEMC01
INERC01;18W-INERC01-8--7;INERC01;0,2;Comercializadores mercado libre;INER1;INERC01
INFFW;18W000000000QYIP;INFFW;1,6;Solar fotovoltaica;GNRA;FVGNRA
INGAROI;18WINGAROI-123-G;INGAROIL;15,6;Residuos varios;INGAR;TINGARO
INGEC01;18W000000000J06V;INGEM ENERGIA SL;0,1;Comercializadores mercado libre;INGEM;INGEC01
INICC01;18W000000000SSCA;INICC01;0,1;Comercializadores mercado libre;INICB;INICC01
INIES;18W000000000ISRK;INIESTA;5;Eolica terrestre;WMARK;EFWMARK
INLOSAN;18WINLOSAN-12-DL;INDUSTRIAS LOSAN;13,3;Gas Natural Cogeneracion;IGNIS;UPINLOS
INPELCG;18W000000000T49A;INPELCG;2,4;Gas Natural Cogeneracion;DETIC;COGINPE
INPELSA;18W000000000HXXY;INPELSA;2,4;Gas Natural Cogeneracion;DETIC;TFINPEL
INQUE;18W000000000MIVQ;INQUE;4,3;Gas Natural Cogeneracion;AME;TZAME2
INROKO1;18WINROKO1-123-B;18WINROKO1-123-B;0,2;Gas Natural Cogeneracion;EGLE;TPEGLE
INTABLE;18W000000000S6T5;INTABLE;2;Comercializadores mercado libre;DETIC;DETIR01
INTARDU;18W000000000ORYM;INTARDU;3;Consumos directos en mercado;DETIC;CD02R01
INTBORD;18W000000000S49E;INTBORD;0;Consumos directos en mercado;DETIC;CD03R01
INTCEP1;18W000000000S9JG;INTCEP1;0;Consumos directos en mercado;DETIC;CD03R01
INTCEP2;18W000000000S9KE;INTCEP2;0;Consumos directos en mercado;DETIC;CD03R01
INTEC01;18W-INTEC01-9--7;INTEC01;90;Comercializadores mercado libre;INTEG;INTEC01
INTGEOT;18W000000000S4AC;INTGEOT;0;Consumos directos en mercado;DETIC;CD03R01
INTOLAR;18W000000000S4BA;INTOLAR;2.600,00;Consumos directos en mercado;DETIC;CD05R01
INTRC01;18W000000000MIEN;INTERENERGIA;0,1;Comercializadores mercado libre;INTEA;INTRC01
INTREIN;18W000000000QOTX;INTREIN;55;Consumos directos en mercado;DETIC;CD04R01
INUSA;18WINUSA-12345-1;INUSA;2,1;Biogas;CEG;RINUSA
INUSC01;18W000000000JKQ5;INUSC01;0,2;Comercializadores mercado libre;INUSK;INUSC01
INVES;18WINVES-12345-5;P.E. INVESTIGACION VILLANUEVA;6;Eolica terrestre;EGED;EGREEN
IONC01;18W-IONC01-72--F;ION ENERGI;0,1;Comercializadores mercado libre;ION;IONC01
IP1;18WIP1-123456-FU;IP GR.1 GENERAC.;30;Turbinacion bombeo;ENDG;CHIPG
IP1B;18WIP1B-123456-6;IP GR.1 BOMBEO;33;Consumo bombeo;ENDG;CHIPB
IP2;18WIP2-123456-FJ;IP GR.2 GENERAC.;29,9;Turbinacion bombeo;ENDG;CHIPG
IP2B;18WIP2B-123456-W;IP GR.2 BOMBEO;33;Consumo bombeo;ENDG;CHIPB
IP3;18WIP3-123456-F8;IP GR.3 GENERAC.;28,8;Turbinacion bombeo;ENDG;CHIPG
IP3B;18WIP3B-123456-L;IP GR.3 BOMBEO;33;Consumo bombeo;ENDG;CHIPB
IPLANA;18WIPLANA-123-EV;I+D PLANA;2;Eolica terrestre;WMARK;EFWMARK
IPLANAA;18WIPLANAA-12-EC;I+D PLANA AMPLIACION;2;Eolica terrestre;WMARK;EFWMARK
IRABIA;18WIRABIA-1234-U;IRABIA;1,7;Hidraulica no UGH;EGED;HFEGED
IRATI;18WIRATI-12345-H;IRATI;2,4;Hidraulica no UGH;EGED;HFEGED
IRISC01;18W000000000CGMG;IRIS ENERGIA EFICIENTE SA;0,1;Comercializadores mercado libre;IRIS;IRISC01
IRUELAS;18WIRUELAS-12-E0;IRUELAS;13,6;Eolica terrestre;EGED;EGREEN
IRUGU;18WIRUGU-12345-4;UF CENTRAL IRUGURUTZETA;1,3;Hidraulica no UGH;GNRA;ZERBI
ISABELA;18WISABELA-12-E6;P.E. ISABELA;48;Eolica terrestre;IBGES;EHIBGES
ISAEC01;18W000000000RW6E;ISAE COMERCIALIZACION SL;0,1;Comercializadores mercado libre;ISAEC;ISAEC01
ISEOC01;18W000000000QEVM;ISEOC01;0,1;Consumos directos en mercado;ISEO;ISEOC01
ISIDRO1;18WISIDRO1-12-AD;SAN ISIDRO1;1,5;Hidraulica UGH;HC G;HCHI
ISIDRO2;18WISIDRO2-12-A6;SAN ISIDRO2;1,5;Hidraulica UGH;HC G;HCHI
ISLA;18WISLA-123456-J;ISLALUZ;1,8;Hidraulica no UGH;CEG;HYISLA
ISLETES;18WISLETES-123-1;ISLETES;9,9;Eolica terrestre;IBGES;EHIBGES
ISLONIA;18W000000000L9BN;UF ISLONIA;1,9;Biomasa;GEMSL;RISLON
ISMCCXF;18W000000000QFM0;PORT_GEN_CMPRA;9.999,00;Porfolio;ISMSL;ISMCCX1
ISMCVXF;18W000000000QFQT;PORT_GEN_VNTA;9.999,00;Porfolio;ISMSL;ISMCVX1
ISMPCXF;18W000000000QHWB;PORT_GEN_CMPRA;9.999,00;Porfolio;ISMSL;ISMPCX1
ISMPVXF;18W000000000QHUF;PORT_GEN_VNTA;9.999,00;Porfolio;ISMSL;ISMPVX1
ISMSC01;18W000000000FDNB;ISMCOMER;0,1;Comercializadores mercado libre;ISMSL;ISMSC01
ISYDC01;18W000000000GQP1;UP COMPRA INVESYDE;1;Comercializadores mercado libre;ISYDE;ISYDC01
ITALCO;18WITALCO-123-DK;ITALCOGENERACIÓN;4,2;Gas Natural Cogeneracion;ITACO;ITALCO
IURRETA;18WIURRETA-123-X;COGENERACIÓN IURRETA;21,4;Residuos varios;SMURF;RSMURFT
IZBOR;18WIZBOR-1234-AN;C.H. IZBOR;11,9;Hidraulica no UGH;ECYR;HREGPE
IZN1;18WIZN1-12345-A2;IZNAJAR 1;37,8;Hidraulica UGH;ENDG;GDLQ
IZN2;18WIZN2-12345-AT;IZNAJAR 2;38,3;Hidraulica UGH;ENDG;GDLQ
JAB1;18WJAB1-12345-AE;JABARELLA 1;4,9;Hidraulica UGH;ENDG;EBRACC1
JAB2;18WJAB2-12345-A4;JABARELLA 2;4,9;Hidraulica UGH;ENDG;EBRACC1
JAB3;18WJAB3-12345-AV;JABARELLA 3;4,9;Hidraulica UGH;ENDG;EBRACC1
JABALQU;18WJABALQU-123-K;COMPAÑÍA ENERGÉTICA DE JABALQU;13,7;Gas Natural Cogeneracion;DETIC;TGCOOSU
JABVE;18W000000000T3IW;JABVE;1;Solar fotovoltaica;GNRA;UPJAB
JAC1;18WJAC1-12345-A3;JACA 1;7,6;Hidraulica UGH;ENDG;EBRACC1
JAC2;18WJAC2-12345-AU;JACA 2;8,2;Hidraulica UGH;ENDG;EBRACC1
JADRAQU;18W000000000S8S1;PSF JADRAQUE;2;Solar fotovoltaica;WMARK;FVJADRA
JAN1;18WJAN1-12345-AU;JANDULA 1;2,8;Hidraulica UGH;ENDG;GDLQ
JAN2;18WJAN2-12345-AK;JANDULA 2;5,8;Hidraulica UGH;ENDG;GDLQ
JAN3;18WJAN3-12345-AA;JANDULA 3;5,9;Hidraulica UGH;ENDG;GDLQ
JANCOLI;18WJANCOLI-123-2;18WJANCOLI-123-2;9;Eolica terrestre;NEXU;EJANCOL
JANDAPE;18WJANDAPE-123-3;18WJANDAPE-123-3;9;Eolica terrestre;NEXU;EJANDAP
JANDSUY;18WJANDSUY-123-V;18WJANDSUY-123-V;8;Eolica terrestre;NEXU;EJANDSU
JAR1;18WJAR1-12345-AN;SANTIAGO-JARES GR.1 GENERAC.;25,9;Hidraulica UGH;IBEG;SIL
JAR1B;18WJAR1B-12345-V;SANTIAGO-JARES GR.1 BOMBEO;25;Consumo bombeo;IBEG;SILB
JAR2;18WJAR2-12345-AD;SANTIAGO-JARES GR.2 GENERAC.;27,1;Hidraulica UGH;IBEG;SIL
JAR2B;18WJAR2B-12345-L;SANTIAGO-JARES GR.2 BOMBEO;25;Consumo bombeo;IBEG;SILB
JARALES;18WJARALES-123-S;PARQUE EÓLICO LOS JARALES;16,5;Eolica terrestre;CEG;EUJARAL
JARALOZ;18WJARALOZ-123-A;18WJARALOZ-123-A;3,7;Gas Natural Cogeneracion;GUIS;GUISGN
JARRETA;18WJARRETA-12-EK;P. E. PLANA DE JARRETA;49,5;Eolica terrestre;EGLE;EPPJAR
JAT1;18WJAT1-12345-A1;JAVIERRELATRE 1;5,2;Hidraulica UGH;ENDG;EBRACC1
JAT2;18WJAT2-12345-AS;JAVIERRELATRE 2;5,2;Hidraulica UGH;ENDG;EBRACC1
JAU1;18WJAU1-12345-AR;JAUJA 1;1,7;Hidraulica UGH;ENDG;GDLQ
JAU2;18WJAU2-12345-AH;JAUJA 2;1,7;Hidraulica UGH;ENDG;GDLQ
JAU3;18WJAU3-12345-A7;JAUJA 3;1,2;Hidraulica UGH;ENDG;GDLQ
JAUFIL;18WJAUFIL-1234-L;18WJAUFIL-1234-L;4;Eolica terrestre;EBLCO;ERIANSA
JERQE;18W000000000QY96;JERQE;1,4;Solar fotovoltaica;GNRA;FVGNRA
JGCDAIM;18WJGCDAIM-123-F;JGCDAIM;8,3;Gas Natural Cogeneracion;GNCO;TEGASN
JMFEC01;18W000000000RXIO;JMFEC01;0,1;Comercializadores mercado libre;JMFEN;JMFEC01
JMO1;18WJMO1-12345-AN;JOSE MARIA ORIOL 1;237;Hidraulica UGH;IBEG;TAJO
JMO2;18WJMO2-12345-AD;JOSE MARIA ORIOL 2;239;Hidraulica UGH;IBEG;TAJO
JMO3;18WJMO3-12345-A3;JOSE MARIA ORIOL 3;239,3;Hidraulica UGH;IBEG;TAJO
JMO4;18WJMO4-12345-AU;JOSE MARIA ORIOL 4;237,8;Hidraulica UGH;IBEG;TAJO
JOINC01;18W0000000007PIH;JOINC01;1.101,50;Consumos directos en mercado;JOIN;JOINC01
JORGE1;18W000000000QJ2S;PSFV SAN JORGE MERCADO;17,3;Solar fotovoltaica;IGNIS;UPJORGE
JORGEP;18W000000000S2MV;JORGEP;1;Comercializadores mercado libre;ENDCO;ENDER01
JOSEC01;18W-JOSEC01-5--A;JOSEC01;0,7;Comercializadores mercado libre;JOSEP;JOSEC01
JOVEC01;18W000000000SLYO;UPROGRAMACION JOVE;0,1;Comercializadores mercado libre;JOVE;JOVEC01
JRONCP3;18W-JRONCP3-1--O;JARON EXP CN DER(INT CN FRAN);0;Importacion Francia;JARON;JRONCP3
JRONVP3;18W-JRONVP3-6--0;JARON IMP CN DER(INT CN FRAN);0;Exportacion Francia;JARON;JRONVP3
JUANC01;18W000000000IZ2C;JUAN_ENERGY_UP;0,6;Comercializadores mercado libre;JUANX;JUANC01
JUE1;18WJUE1-12345-A0;JUEU;20;Hidraulica UGH;ENDG;EBRFEN
JUGLANS;18W000000000QAS3;UF SOLAR JUGLANS;8;Solar fotovoltaica;NEXU;FABLITA
JUMSAL;18W000000000OGQY;JUMSAL;1;Gas Natural Cogeneracion;DETIC;COGJUMS
JUNEDA;18W000000000RC60;RE-3886    1;1,3;Biogas;EGLE;RVGARR
JUNEDA2;18W000000000RC44;ADS JUNEDA 2  RE-3886   2;15;Gas Natural Cogeneracion;EGLE;TVGARR
JUNIPER;18W000000000QAT1;UF SOLAR JUNIPERUS;2;Solar fotovoltaica;NEXU;FABLITA
JUNO;18WJUNO-12345-EX;JUNO;49,5;Eolica terrestre;HISPE;DANSZN
JUSEC01;18W000000000OY1U;JUSEC01;0,1;Comercializadores mercado libre;JUSEP;JUSEC01
KAIBC01;18W000000000SF3U;KAIBI INVESTMENT SL;1;Comercializadores mercado libre;KAIBI;KAIBC01
KARMC01;18W000000000R2FC;KARMA ALIMUR;1;Comercializadores mercado libre;KARMA;KARMC01
KAUNITE;18WKAUNITE-12-DQ;KAUNITE;1,9;Gas Natural Cogeneracion;KAEN;KAUNITE
KELC01;18W000000000M3YS;KELC01;1,1;Consumos directos en mercado;CALEA;KELC01
KEPILAS;18W000000000SG4P;KELLYPILAS;4,5;Solar fotovoltaica;EGLE;FKELLY
KERABEN;18WKERABEN-12-D2;KERABEN;9,6;Gas Natural Cogeneracion;WMARK;TKERAB
KILVC01;18W000000000442D;KILOWATIOS VERDES UP;4;Comercializadores mercado libre;KILVE;KILVC01
KINA1;18W000000000NLI2;KINANOS SOLAR 1;3;Solar fotovoltaica;GAC;FKGAC
KINA2;18W000000000NLJ0;KINANOS SOLAR 2;2;Solar fotovoltaica;GAC;FIGAC
KINEC01;18W000000000PS33;COMPRA KINESTALIA;1;Comercializadores mercado libre;KINE;KINEC01
KIRIC01;18W000000000RY1I;KIRIN RENOVABLES;0;Comercializadores mercado libre;KIRIN;KIRIC01
KISHC01;18W0000000006C2I;KISHOA COMERCIALIZADORA;1;Comercializadores mercado libre;KISHO;KISHC01
KODLC01;18W000000000JGQH;KODLC01;0,1;Comercializadores mercado libre;KODLC;KODLC01
KONYC01;18W000000000DRVZ;KONERY EFICIENCIA ENERGTICA SL;0,1;Comercializadores mercado libre;KONRY;KONYC01
KREAC01;18W000000000IYHM;KREAN ENERGIA COMERCIALIZADORA;10;Comercializadores mercado libre;KREAN;KREAC01
KRONO1;18W000000000S2NT;KRONO1;1;Comercializadores mercado libre;ENDCO;ENDER01
KRONO2;18W000000000S2OR;KRONO2;1;Comercializadores mercado libre;ENDCO;ENDER01
KRONO3;18W000000000S2PP;KRONO3;1;Comercializadores mercado libre;ENDCO;ENDER01
KWFC01;18W000000000K3NL;KWFVI ENERGIA;1;Comercializadores mercado libre;KWFVI;KWFC01
LABA;18WLABA-12345-A9;LA BAELLS;6,9;Hidraulica UGH;ENDG;EBRFEN
LABAS;18WLABAS-1234-A8;LABAS;4,6;Hidraulica no UGH;IBGES;HFIBGES
LABOC01;18W-LABOC01-6--V;LABOIL CC;4,3;Comercializadores mercado libre;LABOI;LABOC01
LABRA;18WLABRA-1234-ET;P.E. LABRADAS;36,5;Eolica terrestre;IBGES;EHIBGES
LABRADO;18WLABRADO-12-EE;P.E. LOS LABRADOS;24;Eolica terrestre;HISPE;RWESZN
LACABRI;18W000000000KZCL;LACABRITA;42,4;Solar fotovoltaica;HISPE;FLACAB
LACAYA;18WLACAYA-1234-2;18WLACAYA-1234-2;4,9;Eolica terrestre;EGLE;EMTORR
LACOC01;18W000000000F7BG;LA CORRIENTE S COOP;0,1;Comercializadores mercado libre;LACOR;LACOC01
LACUES;18WLACUES-1234-N;P.E.CUESTA MAÑERA;49,5;Eolica terrestre;WMARK;EFWMARK
LACUEST;18WGUADALCUESTAH;PE LA CUESTA GUADALTEBA;27,2;Eolica terrestre;HC G;HCGSCSA
LADYC01;18W000000000SQPR;LADY WARSAW INVESTMENT SL;0,6;Comercializadores mercado libre;LADYW;LADYC01
LAESTAN;18W000000000F5UL;PE LA ESTANCA;24;Eolica terrestre;ECYR;EREGPES
LAF1;18WLAF1-12345-AI;LAFORTUNADA-CINCA GR.1;13,8;Hidraulica UGH;ENDG;EBRACC1
LAF2;18WLAF2-12345-A8;LAFORTUNADA-CINCA GR.2;13,8;Hidraulica UGH;ENDG;EBRACC1
LAF3;18WLAF3-12345-AZ;LAFORTUNADA-CINCA GR.3;13,8;Hidraulica UGH;ENDG;EBRACC1
LAF4;18WLAF4-12345-AP;LAFORTUNADA-CINQUETA GR.1;20,4;Hidraulica UGH;GNRA;EBROF
LAF5;18WLAF5-12345-AF;LAFORTUNADA-CINQUETA GR.2;20,4;Hidraulica UGH;GNRA;EBROF
LAFTORE;18W000000000P03D;FLATORRE;42;Solar fotovoltaica;GESTE;FLTORRE
LAG;18WLAG-123456-AG;LA GOTERA;0,5;Hidraulica UGH;IBEG;DUER
LAGOS;18WLAGOS-1234-ER;P.E. SIERRA DE LOS LAGOS;38,9;Eolica terrestre;HC G;HCGSCSA
LAGUNAS;18W000000000QXFY;PF LAS LAGUNAS;2,1;Solar fotovoltaica;EGLE;FKALEL
LAHERRE;18W000000000SG2T;PSFV LA HERRERA;39;Solar fotovoltaica;HC G;HCGFVSA
LAHUESA;18W000000000LV0G;PE LA HUESA;17,8;Eolica terrestre;IBGES;EHIBGES
LAISA;18WLAISA-1234-DI;ROQUETTE LAISA ESPAÑA;14,6;Gas Natural Cogeneracion;EGLE;TRLE
LAISA1;18W000000000NSEQ;UFI MECANISMO LAISA;4;Gas Natural Cogeneracion;EGLE;TRLE1
LALBT;18W000000000QXV2;LALBT;3;Solar fotovoltaica;GNRA;FVGNRA
LALCON;18WLALCON-1234-H;P.E. LA ALCONADA;4,5;Eolica terrestre;WMARK;EFWMARK
LALMEND;18WLOMALMENDARA0;P.E.LOMA DE ALMENDARACHE;12;Eolica terrestre;EGED;EGREEN
LALOMA;18WLALOMA-1234-J;LA LOMA;16;Biomasa;ENCEG;RLALOM
LALOMBA;18WLALOMBA-123-W;18WLALOMBA-123-W;4,9;Eolica terrestre;EGLE;ELODOS
LAMESA;18WLAMESA-123--W;LA MESA;9;Eolica terrestre;BURGE;EBURGE
LAMOR;18W000000000FGFI;LAMOR;7,5;Solar fotovoltaica;GNRA;FVGNRA
LAMR;18WLAMR-12345-AE;LA MORCA;0,6;Hidraulica UGH;ENDG;EBRACC1
LAMUEL1;18WLAMUEL1-12-EZ;P.E. LA MUELA 1;49,5;Eolica terrestre;IBGES;EHIBGES
LAMUN;18WLAMUN-12345-W;P.E.LA MUÑECA;40,5;Eolica terrestre;WMARK;EFWMARK
LAMURTA;18W000000000N641;CH LA MURTA;0,9;Hidraulica no UGH;HC G;HCHI2
LAN1;18WLAN1-12345-A4;LANCARA DE LUNA 1;0,3;Hidraulica UGH;CHDUE;LANCAR
LAN2;18WLAN2-12345-AV;LANCARA DE LUNA 2;0,8;Hidraulica UGH;CHDUE;LANCA2
LANAVA;18W000000000SXO8;PSF LA NAVA;45;Solar fotovoltaica;EGLE;FSONAV
LANAVAE;18WLANAVAEOLICAJ;P.E. LA NAVA;27,2;Eolica terrestre;HC G;HCGSCSA
LANCES;18WLANCES-123-EU;P. E. LOS LANCES;10,6;Eolica terrestre;ECYR;EREGPEM
LANCHAL;18WPE-LANCHAL--M;PE LANCHAL;21,2;Eolica terrestre;ECYR;EEGPEM
LANDC01;18W-LANDC01-3--M;LANDS AND BUILDING S.L;1,7;Consumos directos en mercado;LAND;LANDC01
LANDRO;18WLANDRO-1234-O;18WLANDRO-1234-O;8,2;Hidraulica no UGH;EGLE;HSOLUE
LANTER;18WLANTER-123-EG;P.E. LANTERNOSO;24;Eolica terrestre;HISPE;RWESZN
LAOBC01;18W000000000ONT7;LAOBC01 UP;0,1;Comercializadores mercado libre;LABOA;LAOBC01
LAOFW;18W000000000O6XD;LAOFW;5;Solar fotovoltaica;GNRA;FVGNRA
LAPAC01;18W000000000QEM3;GALAPAGO ENERGIA;0,1;Comercializadores mercado libre;GALAP;LAPAC01
LAPBLA;18W000000000FZQD;CH LA POBLA;7,5;Hidraulica no UGH;NEXU;HPOBLA
LAPEF;18W000000000M0SC;LAPEF;2;Solar fotovoltaica;GNRA;LAPEN
LAPENA;18W000000000FGIC;PE LA PEÑA;28,8;Eolica terrestre;HC G;HCGSIHA
LAPENA1;18W000000000RT7L;UF SOLAR LA PENA 1;40;Solar fotovoltaica;NEXU;FLPENA1
LAPENA2;18W000000000RT8J;UF SOLAR LA PENA2;40;Solar fotovoltaica;NEXU;FLPENA2
LARFW;18W000000000OC5E;LARFW;1,4;Solar fotovoltaica;GNRA;FVGNRA
LARISA;18WLARISA-1234-X;P.E. LA RISA;12;Eolica terrestre;HC G;HCGSIHA
LARISCA;18WLARISCA-123-1;LA RISCA;50;Solar térmica;GNRA;SALVAR
LAROUCO;18WLAROUCO-12-ET;P. E. LAROUCO;28,9;Eolica terrestre;IBGES;EHIBGES
LARRAL;18W000000000RPHD;UF SOLAR LARRAL;40;Solar fotovoltaica;NEXU;FLARRAL
LARRIH;18WLARRIH-123--T;P. E. LARRIBA - HORNILLOS;32;Eolica terrestre;IBGES;EMCIBGE
LARUYA;18WLARUYA-1234-7;18WLARUYA-1234-7;1,6;Eolica terrestre;EGLE;EERUYA
LAS1;18WLAS1-12345-AN;LASPUÑA 1;7,1;Hidraulica UGH;ENDG;EBRACC1
LAS2;18WLAS2-12345-AD;LASPUÑA 2;7,1;Hidraulica UGH;ENDG;EBRACC1
LASARDA;18W000000000SG5N;PE LAS SARDAS;20;Eolica terrestre;HC G;HCGSIHA
LASBRIS;18W000000000RT5P;UF SOLAR LAS BRISAS;2,4;Solar fotovoltaica;NEXU;FBRISAS
LASE;18W000000000NWPT;LASE;1,5;Solar fotovoltaica;GNRA;FVGNRA
LASLANA;18W000000000L9K5;UF LASLANA;6;Solar fotovoltaica;NEXU;FLSOLAN
LASMAJA;18W000000000Q6RH;PE LAS MAJAS;49,5;Eolica terrestre;WMARK;ELASMAJ
LASMINA;18WLASMINA-123-Q;18WLASMINA-123-Q;1,7;Hidraulica no UGH;EGLE;HCMINE
LASORDA;18WLASORDA-123-5;18WLASORDA-123-5;6,6;Eolica terrestre;EGLE;EMTORR
LASP;18WLASP-12345-A5;LAS PORTAS;0,3;Hidraulica UGH;IBEG;SIL
LASSJ;18W000000000QYA4;LASSJ;2,4;Solar fotovoltaica;GNRA;FVGNRA
LASTR2;18W000000000NZZ0;LASTRA2;35;Solar fotovoltaica;GESTE;FLASTR2
LASTRA;18WLASTRA-123--A;PARQUE EÓLICO LA LASTRA;11,6;Eolica terrestre;EGLE;ELBOGA
LASVAG;18W000000000QBUX;LASVAG;10;Solar fotovoltaica;HISPE;FLASVAG
LASVIN;18WLASVIN-1234-Q;P. E. LAS VIÑAS;48,4;Eolica terrestre;IBGES;EHIBGES
LATINF;18W000000000T0G8;UF LATIN;6,4;Derivados del petroleo o carbon;GEMSL;TLATINF
LATORRE;18WPE-LA-TORRE-A;LATORRE;16;Eolica terrestre;EGED;EGREEN
LAUCCX1;18W000000000APVG;PORT_GEN_CMPRA;9.999,00;Porfolio;LAUEI;LAUCCX1
LAUCVX1;18W000000000APUI;PORT_GEN_VNTA;9.999,00;Porfolio;LAUEI;LAUCVX1
LAUEC01;18W-LAUEC01-7--1;LA UNIÓN ELECTRO INDUSTRIAL, S;15;Comercializadores mercado libre;LAUEI;LAUEC01
LAURUS;18W000000000QAVY;UF SOLAR LAURUS;2;Solar fotovoltaica;NEXU;FABLITA
LAV1;18WLAV1-12345-AR;LAVIANA 1;0,3;Hidraulica UGH;HC G;HCHI
LAV2;18WLAV2-12345-AH;LAVIANA 2;0,3;Hidraulica UGH;HC G;HCHI
LAV3;18WLAV3-12345-A7;LAVIANA 3;0,3;Hidraulica UGH;HC G;HCHI
LAVAC01;18W000000000NXUG;LA VALL COMERCIALIZADORA ELECT;3;Comercializadores mercado libre;LAVAL;LAVAC01
LAVEGA1;18WLAVEGA1-12--B;PE LA VEGA I;5;Eolica terrestre;GNCO;EGASNE1
LAVEGA2;18WLAVEGA2-123-T;P.E. LA VEGA II;5;Eolica terrestre;GNCO;EGASNE1
LAVERNE;18WLAVERNE-123-1;18WLAVERNE-123-1;1,4;Hidraulica no UGH;EGLE;HLAVERN
LAVINYA;18W000000000T11Z;PS LA VINYA;1,9;Solar fotovoltaica;SOMEN;SENFV1
LAYNA;18WLAYNA-12345-D;ALTO LAYNA;50;Eolica terrestre;IBGES;EHIBGES
LAZAN;18WLAZAN-12345-F;LAZAN;4,9;Eolica terrestre;IBGES;EHIBGES
LAZAR;18WLAZAR-12345-G;P. E. LOMA DE LAZARO;16;Eolica terrestre;EGED;EGREEN
LAZBG;18W000000000QZJK;LAZBG;1,8;Solar fotovoltaica;GNRA;FVGNRA
LBANEZA;18W000000000RU4O;LA BAÑEZA;12,8;Gas Natural Cogeneracion;EGLE;TAZUCAR
LBAT;18WLBAT-12345-A3;LOS BATANEJOS;0,6;Hidraulica UGH;BARER;LBAT
LBTSP;18W000000000RRI5;LBTSP;28;Solar fotovoltaica;GNRA;LOBOH
LCA1;18WLCA1-12345-AC;LOS CANTOS 1;2,3;Hidraulica UGH;EGLE;HHYDRO2
LCA2;18WLCA2-12345-A2;LOS CANTOS 2;2,4;Hidraulica UGH;IBEG;JUCA
LCASTRO;18WLCASTRO-123-M;UF EL CASTRO F2;1,4;Hidraulica no UGH;GNRA;HCASTRO
LCOCB;18W000000000SUJR;LCOCB;8;Solar fotovoltaica;GNRA;FVGNRA
LCOSC01;18W000000000JY71;LOW COST 01;40;Comercializadores mercado libre;LCOST;LCOSC01
LDGIC01;18W-LDGIC0184--2;LDGIA;0,1;Comercializadores mercado libre;LDGIA;LDGIC01
LDO1;18WLDO1-12345-AV;LOS DORNAJOS 1;0,8;Hidraulica UGH;BARER;BERJUCA
LDO2;18WLDO2-12345-AL;LOS DORNAJOS 2;0,8;Hidraulica UGH;BARER;BERJUCA
LDOFW;18W000000000P36Z;LDOFW;1,2;Solar fotovoltaica;GNRA;FVGNRA
LEB1;18WLEB1-12345-AE;LEBOREIRO 1;1,1;Hidraulica UGH;GNFG;UFGC
LEB2;18WLEB2-12345-A4;LEBOREIRO 2;1,1;Hidraulica UGH;GNFG;UFGC
LEBOREI;18WLEBOREI-12-EP;P.E. LEBOREIRO;21,1;Eolica terrestre;ECYR;EEGPEM
LEBRETE;18WLEBRETE-123-1;UF EL CULEBRETE;1,4;Biogas;GNRA;RCULEBR
LEBRIJA;18WLEBRIJA-12--B;PLANTA TERMOSOLAR LEBRIJA;49,9;Solar térmica;NEXU;STSOLUC
LECRIN;18WLECRIN-1234-9;LECRIN;11,3;Eolica terrestre;EBLCO;ERIANSA
LEDCC01;18W0000000001V2I;LEDESMA COMERCIALIZADORA UNIDA;0,1;Comercializadores mercado libre;LEDCE;LEDCC01
LEGAC01;18W000000000F4QW;ELEGA UNIDAD DE PROGRAMACION;0;Comercializadores mercado libre;ELEGA;LEGAC01
LEI1;18WLEI1-12345-AB;LEIZA 1;0,5;Hidraulica UGH;IBEG;EBRA
LEI2;18WLEI2-12345-A1;LEIZA 2;0,4;Hidraulica UGH;IBEG;EBRA
LEIRA;18W000000000T1DB;UF HIDRO LEITA;1,4;Hidraulica no UGH;NEXU;HLEIRA
LEONC01;18W000000000RXHQ;ESLECOMUP;0;Comercializadores mercado libre;LEONC;LEONC01
LEPFW1;18W000000000S0PV;LEPFW1;1,2;Solar fotovoltaica;GNRA;FVGNRA
LEPFW2;18W000000000S0M0;LEPFW2;2,4;Solar fotovoltaica;GNRA;FVGNRA
LERC01;18W-LERC01-34--O;LERC01;7;Comercializadores mercado libre;LER;LERC01
LERIN;18WLERIN-12345-C;C.H. LERÍN;1,1;Hidraulica no UGH;EGED;HFEGED
LESROTE;18WLESROTE-123-K;18WLESROTE-123-K;44;Eolica terrestre;EBLCO;ELESROT
LEYREN2;18W000000000RY92;UF SOLAR LEYRENE 2;1,6;Solar fotovoltaica;NEXU;FLEMAZR
LEYRENE;18W000000000RY76;UF SOLAR LEYRENE;1,4;Solar fotovoltaica;NEXU;FLENOEZ
LEZ1;18WLEZ1-12345-A9;LEIZARAN;3,5;Hidraulica UGH;IBEG;EBRA
LFA1;18WLFA1-12345-AD;LOS FAYOS 1;0,1;Hidraulica UGH;IBEG;EBRA
LFA2;18WLFA2-12345-A3;LOS FAYOS 2;0,1;Hidraulica UGH;IBEG;EBRA
LFLECHA;18WLFLECHA-123-3;18WLFLECHA-123-3;0,9;Hidraulica no UGH;EGLE;HVADOC
LFUE;18WLFUE-12345-AX;FUENROSARIO;0,1;Hidraulica UGH;IBEG;DUER
LG08MC;18W000000000OTAR;LG08MC;1;Comercializadores mercado libre;FORTI;FORTR01
LG08VL;18W000000000OTCN;LG08VL;1;Comercializadores mercado libre;FORTI;FORTR01
LGA1;18WLGA1-12345-A1;LOS GAVILANES 1;0,5;Hidraulica UGH;ASIE;ASITAJ
LGA2;18WLGA2-12345-AS;LOS GAVILANES 2;0,5;Hidraulica UGH;ASIE;ASITAJ
LGOS;18WLGOS-12345-AL;LA GOSALVEZ;0,7;Hidraulica UGH;BARER;BERJUCA
LGR1;18WLGR1-123456-0;LAS GRAJAS 1;0,2;Hidraulica UGH;CTNU;JUCAR2
LGR2;18WLGR2-123456-R;LAS GRAJAS 2;0,1;Hidraulica UGH;CTNU;JUCAR2
LGUIJO1;18WLGUIJO1-123-I;P.E. EL GUIJO I;38;Eolica terrestre;EBLCO;ELGUIJ1
LGUIJO2;18WLGUIJO2-123-B;P.E. EL GUIJO II;26;Eolica terrestre;EBLCO;ELGUIJ1
LHID;18WLHID-12345-A3;LA HIDRO;0,9;Hidraulica UGH;ENDG;EBRACC1
LIDEC01;18W000000000KACM;LIDEC01;0,1;Comercializadores mercado libre;LIDER;LIDEC01
LIDEV01;18W000000000O69O;LIDEV01;2,8;Solar fotovoltaica;LIDER;LIDEV01
LILL;18WLILL-12345-AQ;LES ILLES;0,9;Hidraulica UGH;ENDG;EBRFEN
LILLA;18W000000000GCTZ;LILLA;1,1;Solar fotovoltaica;GNRA;FVGNRA
LIMSAM;18W000000000P3PY;UF LIMSAM;3,1;Biogas;NEXU;RRUICES
LIN1;18WLIN1-12345-AJ;LINARES DEL ARR.I-A;0,9;Hidraulica UGH;GNFG;UFTA
LIN2;18WLIN2-12345-A9;LINARES DEL ARR.II-A;0,8;Hidraulica UGH;GNFG;UFTA
LINAC01;18W000000000T5T4;LINAC01;2.000,00;Consumos directos en mercado;LINAM;LINAC01
LINARES;18WLINARES-123-7;18WLINARES-123-7;5;Hidraulica no UGH;EGLE;HLOURG
LINASA;18WLINASA-1234-O;LINASA;14,7;Gas Natural Cogeneracion;DETIC;COGLINA
LIND01;18W000000000QOAY;LIND01;1;Comercializadores mercado libre;ENDCO;ENDER01
LINERA;18WLINERA-1234-U;LINERA;28;Eolica terrestre;IBGES;EHIBGES
LINGOT;18W000000000OUL2;LINGOT;1;Comercializadores mercado libre;ENDCO;ENDER01
LINKC01;18W000000000QZR4;UP LINK PENINSULA;5;Comercializadores mercado libre;LINKE;LINKC01
LIPMES;18W000000000HNCW;LIPMES;1,9;Solar fotovoltaica;RSPRA;FFRSPRA
LIRIOS;18WLIRIOS-1234-E;P.E. LOS LIRIOS;48;Eolica terrestre;IBGES;EHIBGES
LITTC;18W000000000T03Y;LITTC;10;Solar fotovoltaica;GNRA;UPLIT
LIUPC01;18W-LIUPC01-1--N;LIGHT UP SL;0,1;Comercializadores mercado libre;LIUP;LIUPC01
LLAD;18WLLAD-12345-A6;LLADRES;0,8;Hidraulica UGH;ENDG;EBRFEN
LLANO;18WLLANO-12345-J;LLANOS DE MOJANA;7,8;Gas Natural Cogeneracion;CEG;TCUALIN
LLANO1;18W000000000P87I;FV LLANO1;42,2;Solar fotovoltaica;CEG;FLLANO1
LLANO2;18W000000000P89E;LLANO2;42,2;Solar fotovoltaica;CEG;FLLANO2
LLANO3;18W000000000P8AC;LLANO3;40,2;Solar fotovoltaica;CEG;FLLANO3
LLANOS;18WLLANOS-123-EQ;P.E. LLANOS;33,4;Eolica terrestre;GNCO;EGASNE1
LLAPR;18W000000000P8BA;LLAPR;2,1;Solar fotovoltaica;GNRA;FVGNRA
LLBSP;18W000000000LD9F;LLBSP;1,2;Solar fotovoltaica;GNRA;FVGNRA
LLBSP1;18W000000000LD8H;LLBSP1;5,2;Solar fotovoltaica;GNRA;FVGNRA
LLEI;18WLLEI-12345-AN;LERIDA;11,8;Hidraulica UGH;ENDG;EBRFEN
LLERPR;18WLLERPR-1234-U;UNIDAD FISICA LLERPROTEIN;7,7;Gas Natural Cogeneracion;AME;TLLERPR
LLICB;18W000000000RX95;LLICB;4;Solar fotovoltaica;GNRA;FVGNRA
LLLANOS;18WPE-LOSLLANOSZ;P.E. LOS LLANOS;38;Eolica terrestre;ECYR;EEGPES
LLO1;18WLLO1-12345-A9;LA LOSA 1;0,1;Hidraulica UGH;BARER;LLO1
LLO2;18WLLO2-12345--L;LA LOSA 2;0,1;Hidraulica UGH;BARER;LLO2
LLO3;18WLLO3-12345-AQ;LA LOSA 3;0,1;Hidraulica UGH;BARER;LLO3
LLSMART;18WLLSMART-12-E5;P.E. LLANOS DE SAN MARTÍN;14,4;Eolica terrestre;HC G;EBRUJUL
LLV1;18WLLV1-12345-A6;LLAVORSI CARDOS 1;26;Hidraulica UGH;ENDG;EBRFEN
LLV2;18WLLV2-12345-AX;LLAVORSI CARDOS 2;26;Hidraulica UGH;ENDG;EBRFEN
LMA1;18WLMA1-12345-A3;LA MANCHEGA;0,5;Hidraulica UGH;BARER;LMA1
LMA7A;18W000000000IVB6;LAS MAJAS 7A;49,4;Eolica terrestre;REPSB;EREPSOL
LMA7B;18W000000000IVC4;LAS MAJAS 7B;49,4;Eolica terrestre;REPSB;EREPSOL
LMA7C;18W000000000IVD2;LAS MAJAS 7C;49,4;Eolica terrestre;REPSB;EREPSOL
LMA7D;18W000000000IV9A;LAS MAJAS 7D;49,4;Eolica terrestre;REPSB;EREPSOL
LMA7E;18W000000000IVE0;LAS MAJAS 7E;19;Eolica terrestre;REPSB;EREPSOL
LMARINA;18WLMARINA-123-U;UF LA MARINA;1,9;Biomasa;GNRA;RMARINA
LMERC01;18WLMERC01UF---I;LONJAS TECNOLOGÍA, S.A. COMPRA;0,5;Comercializadores mercado libre;LMER;LMERC01
LMI1;18WLMI1-12345-AQ;LA MILAGROSA 1;0,1;Hidraulica UGH;IBEG;TAJO
LMI2;18WLMI2-12345-AG;LA MILAGROSA 2;0,1;Hidraulica UGH;IBEG;TAJO
LMI3;18WLMI3-12345-A6;LA MILAGROSA 3;0,6;Hidraulica UGH;IBEG;TAJO
LMJ1;18W000000000QS9O;LMJ1;92,6;Eolica terrestre;REPSB;EARTIG
LMM1;18WLMM1-12345-AJ;LA MARMOTA 1;0,2;Hidraulica UGH;BARER;LMM1
LMM2;18WLMM2-12345-A9;LA MARMOTA 2;0,2;Hidraulica UGH;BARER;LMM2
LMONJAS;18WLMONJAS-123-X;P.E. LAS MONJAS;34;Eolica terrestre;NEXU;EMONJAS
LMPVB;18W000000000T0AK;LMPVB;38,5;Eolica terrestre;GNRA;UPLMP
LMUELAI;18W000000000SPPU;P.E. LA MUELA I-SANTIUSTE;25,4;Eolica terrestre;EGLE;EDENCA
LNAVARA;18WLNAVARA-123-I;UF LA MARINA;5,7;Biogas;GNRA;RNAVARA
LNU1;18WLNU1-12345-AU;LOS NUEVOS 1;0,1;Hidraulica UGH;BARER;LNU1
LNU2;18WLNU2-12345-AK;LOS NUEVOS 2;0,3;Hidraulica UGH;BARER;LNU2
LNZ1;18WLNZ1-12345-AC;LANUZA 1;26,9;Hidraulica UGH;ENDG;EBRACC1
LNZ2;18WLNZ2-12345-A2;LANUZA 2;25,7;Hidraulica UGH;ENDG;EBRACC1
LOARCOS;18W000000000F5RR;PE LOS ARCOS;34,6;Eolica terrestre;ECYR;EEGPES
LOAYALA;18WLOAYALA-123-O;PARQUE EÓLICO LOMA DE AYALA;19,5;Eolica terrestre;CEG;EULAYAL
LOBALB;18W000000000OXTE;LOBALB;2,7;Solar fotovoltaica;GNRA;FVGNRA
LOBOC01;18W-LOBOC01-6--P;EL LOBO;0,9;Consumos directos en mercado;LOBO;LOBOC01
LOBSC;18W000000000O6NX;LOBSC;3;Solar fotovoltaica;GNRA;FVGNRA
LOBSILL;18W000000000M7YG;UF SOLAR LOBOSILLO;7,7;Solar fotovoltaica;NEXU;FLOBSIL
LOCAPON;18WLOCAPON-123-T;LOMA DEL CAPON;30;Eolica terrestre;WMARK;EFWMARK
LOGROSA;18WLOGROSA-123-V;FMOJONGORDO;5;Solar fotovoltaica;GESTE;FLOGROS
LOKSP;18W000000000RRH7;LOKSP;24,1;Solar fotovoltaica;GNRA;LOKOH
LOMAG;18WLOMAG-12345-G;PARQUE EÓLICO LOMA GORDA;50;Eolica terrestre;GNCO;EGASNE1
LOMAGOR;18W000000000F5VJ;PE LOMA GORDA I;23,9;Eolica terrestre;ECYR;EREGPES
LOMAPE;18W000000000ONFZ;18W000000000ONFZ;28,6;Eolica terrestre;EGLE;EPRADA
LOMAS;18WLOMAS-1234-E7;LOMAS;15;Eolica terrestre;NEXU;EPLOMAS
LOMAV1;18W000000000I976;LOMA VISO 1;2;Eolica terrestre;WMARK;EFWMARK
LOMAV2;18W000000000I984;LOMA VISO 2;3;Eolica terrestre;WMARK;EFWMARK
LOMILAS;18WLOMILAS-123-Q;PARQUE EÓLICO LAS LOMILLAS;12;Eolica terrestre;CEG;ELOMILA
LOMILLA;18WLOMILLA-12-E9;PE LAS LOMILLAS;49,5;0;HC G;HIBSIHA
LOMOLIN;18W000000000N66Y;CH LOS M OLINOS;1,2;Hidraulica no UGH;HC G;HCHI2
LOMOS;18W000000000MGYQ;UF SOLAR LOMOS;2,7;Solar fotovoltaica;NEXU;FSLOBON
LOMOSII;18W000000000MPIV;UF SOLAR LOMOSII;2,2;Solar fotovoltaica;NEXU;FLOMOS2
LOR1;18WLOR1-12345-AE;LOS ORGANOS 1;0,9;Hidraulica UGH;ENDG;GDLQ
LOR2;18WLOR2-12345-A4;LOS ORGANOS 2;0,9;Hidraulica UGH;ENDG;GDLQ
LORAI;18WLORAI-12345-H;P.E. LA LORA I;49,6;Eolica terrestre;EGLE;ELBOGA
LORAII;18WLORAII-1234-8;P.E. LA LORA II;49,6;Eolica terrestre;EGLE;ELBOGA
LORC;18WLORC-12345-AF;LORCHA;0,6;Hidraulica UGH;BARER;LORC
LORENZ1;18W000000000RR12;LORENZO SOLAR;3,6;Solar fotovoltaica;WMARK;FVLOREN
LORIGUI;18WLORIGUI-12-AR;LORIGUI;4,5;Hidraulica no UGH;IBGES;HFIBGES
LOSAN;18WLOSAN-1234-DP;BIOMASA LOSAN;4,2;Biomasa;IGNIS;UPLOSAN
LOSAN2;18WLOSAN2-123-DU;LOSAN II;22,9;Gas Natural Cogeneracion;IGNIS;UPTOLOS
LOSGONZ;18W000000000IG7M;PSF LOS GONZALEZ;39,8;Solar fotovoltaica;EGLE;FNAVID
LOSILL;18WLOSILL-1234-E;P.E. LOSILLA;24;Eolica terrestre;EGED;EGREEN
LOSILLA;18WLOSILLA-12-EH;LOSILLA;11,9;Eolica terrestre;GNCO;EGASNE1
LOSLLNS;18W000000000QQFI;LOSLLANOSS;42,3;Solar fotovoltaica;GNRA;FLLANOS
LOSMANU;18WLOSMANU-123-C;18WLOSMANU-123-C;2,9;Hidraulica no UGH;EGLE;HACUAM
LOTZ;18WLOTZ-12345-AM;LOZABIAN;0,1;Hidraulica UGH;GNRA;HLASJO
LOUREIR;18WLOUREIR-123-2;18WLOUREIR-123-2;1,5;Hidraulica no UGH;EGLE;HLOURG
LOVEC01;18W000000000IYO8;LOVE PENINSULA;0,1;Comercializadores mercado libre;LOVEE;LOVEC01
LPARDAS;18WPELASPARDAS-F;P.E.LAS PARDAS;49,5;Eolica terrestre;ECYR;EREGPEM
LPE1;18WLPE1-12345-AY;LA PEA 1;0,3;Hidraulica UGH;ASIE;ASIJUCA
LPE2;18WLPE2-12345-AO;LA PEA 2;0,3;Hidraulica UGH;ASIE;ASIJUCA
LPE3;18WLPE3-12345-AE;LA PEA 3;0,3;Hidraulica UGH;IBEG;JUCA
LPE4;18WLPE4-12345-A4;LA PEA 4;0,3;Hidraulica UGH;ASIE;ASIJUCA
LPOIX;18W000000000PZXX;LPOIX;10;Solar fotovoltaica;GNRA;FVPOSA
LPUERTO;18W000000000NKJ3;PUERTOBRERAS;43,4;Solar fotovoltaica;GESTE;FBRERAS
LRB1;18WLRB1-12345-A6;LOS RABANOS 1;2,2;Hidraulica UGH;ENDG;EBRACC1
LRB2;18WLRB2-12345-AX;LOS RABANOS 2;2,1;Hidraulica UGH;ENDG;EBRACC1
LRC1;18WLRC1-12345-AW;LA RECUEJA 1;1,8;Hidraulica UGH;BARER;BERJUCA
LRC2;18WLRC2-12345-AM;LA RECUEJA 2;1,5;Hidraulica UGH;BARER;BERJUCA
LRE1;18WLRE1-12345-AA;LA RETORNA 1;1,1;Hidraulica UGH;IBEG;EBRA
LRE2;18WLRE2-12345-A0;LA RETORNA 2;1,1;Hidraulica UGH;IBEG;EBRA
LRIB;18WLRIB-12345-AE;LA RIBEIRA;5,9;Hidraulica UGH;ENDG;SBEU
LSARCOS;18W000000000OK5R;UF SOLAR LOS ARCOS;40;Solar fotovoltaica;NEXU;FARCOS
LSER;18WLSER-12345-AY;LA SERENA;22;Hidraulica UGH;ENDG;GDNA
LSERN;18W000000000P4ZB;LA SERNA;9,8;Eolica terrestre;REPSB;EPI
LSINC01;18W000000000NOA9;LUZ SOLIDARIA INCLUSIVA SL;0,1;Comercializadores mercado libre;LSINC;LSINC01
LSP1;18WLSP1-12345-AP;LLESP 1;6,1;Hidraulica UGH;ENDG;EBRFEN
LSP2;18WLSP2-12345-AF;LLESP 2;6,1;Hidraulica UGH;ENDG;EBRFEN
LSPICOS;18W000000000QPTU;LOSPICOS;16,8;Solar fotovoltaica;GNRA;FLPICOS
LTAIX;18W000000000PZWZ;LTAIX;12,5;Solar fotovoltaica;GNRA;FVTABA
LTRR;18WLTRR-12345-AR;LA TORRASA;4,2;Hidraulica UGH;ENDG;EBRFEN
LUBAC01;18W-LUBAC01-4--J;LUBALOO;0,3;Comercializadores mercado libre;LUBAL;LUBAC01
LUBIAN;18WLUBIAN-123-EC;P.E. LUBIAN;50;Eolica terrestre;WMARK;EFWMARK
LUBRISU;18W-LUBRISU-1--F;COG. LUBRISUR;39,2;Gas Natural Cogeneracion;SEDAE;TFLUBRB
LUC1;18WLUC1-12345-AX;LUCAS DE URQUIJO 1;5,9;Hidraulica UGH;IBEG;JUCA
LUC2;18WLUC2-12345-AN;LUCAS DE URQUIJO 2;5,9;Hidraulica UGH;IBEG;JUCA
LUC3;18WLUC3-12345-AD;LUCAS DE URQUIJO 3;13,4;Hidraulica UGH;IBEG;JUCA
LUC4;18WLUC4-12345-A3;LUCAS DE URQUIJO 4;13,7;Hidraulica UGH;IBEG;JUCA
LUCAC01;18W000000000R4MT;LUCIFERASA-2 ENERGIA SL;1;Comercializadores mercado libre;LUCIA;LUCAC01
LUCAINE;18W000000000S5U6;FV LUCAINENA;33,1;Solar fotovoltaica;CEG;FLUCA
LUCEC01;18W000000000I0GF;UP COMPRA COMERCIALIZADORA;10;Comercializadores mercado libre;LUCEC;LUCEC01
LUCFC01;18W000000000R33X;LUCIFERASA-1 ENERGIA SL;1;Comercializadores mercado libre;LUCIF;LUCFC01
LUCIC01;18W00000000065GB;COMERCIALIZADORA;1;Comercializadores mercado libre;LUCIE;LUCIC01
LUCKC01;18W000000000SXZN;UP LUCKY LUZ;0,1;Comercializadores mercado libre;LUCK;LUCKC01
LUG1;18WLUG1-12345-AQ;LUGAN 1;0,5;Hidraulica UGH;IBEG;DUER
LUG2;18WLUG2-12345-AG;LUGAN 2;0,1;Hidraulica UGH;IBEG;DUER
LUISA;18WLUISA-1234-EZ;P.E. LUISA;21,7;Eolica terrestre;EGED;EFEGEL2
LUM1C01;18W-LUM1C01-4--R;HIDROELÉCTRICA LUMYMEY, S.L. C;6,4;Comercializadores mercado libre;LUM1;LUM1C01
LUMBRIA;18W000000000RV8D;LA UMBRIA;2,4;Solar fotovoltaica;EGLE;FANSA
LUMEC01;18W000000000N9CD;18W000000000LOWA;1;Comercializadores mercado libre;LUMEN;LUMEC01
LUMIC01;18W-LUMIC01-5--I;LUMISA;2;Comercializadores mercado libre;LUMIE;LUMIC01
LUNA;18WLUNA-12345--T;LUNA;49,5;Eolica terrestre;HISPE;DANSZN
LUOJI;18W000000000QWT9;FUENTEALBILLA;1;Solar fotovoltaica;SECOB;LUOJI
LUXC01;18W0000000000CK6;UP LUX FORUM COMERCIALIZACION;0,1;Comercializadores mercado libre;LUX;LUXC01
LUXIC01;18W000000000SKS2;LUXIC01;0;Comercializadores mercado libre;LUXIA;LUXIC01
LUZNOR;18WLUZNOR-123-EL;LUZNOR;38;Eolica terrestre;IBGES;EHIBGES
LUZPC01;18W000000000NA1W;LUZ DEL PUEBLO COMPRA;25;Comercializadores mercado libre;LUZDA;LUZPC01
LUZSC01;18W000000000GN6B;UPR LUZ SOLIDARIA;0,1;Comercializadores mercado libre;LUZSO;LUZSC01
LUZYC01;18W000000000NYTF;LUZYC01;0,1;Comercializadores mercado libre;LUZYE;LUZYC01
LVG1;18WLVG1-12345-AE;LA VEGA 1;0,9;Hidraulica UGH;ENDG;GDLQ
LVG2;18WLVG2-12345-A4;LA VEGA 2;0,9;Hidraulica UGH;ENDG;GDLQ
LVI1;18WLVI1-12345-AT;LOS VILLANUEVAS 1;1;Hidraulica UGH;IBEG;JUCA
LVI2;18WLVI2-12345-AJ;LOS VILLANUEVAS 2;0,8;Hidraulica UGH;IBEG;JUCA
LVI3;18WLVI3-12345-A9;LOS VILLANUEVAS 3;1,4;Hidraulica UGH;IBEG;JUCA
MACEC01;18W000000000IVW1;MACEC01;1,7;Consumos directos en mercado;MACEB;MACEC01
MACFW;18W000000000R0VN;MACFW;1,4;Solar fotovoltaica;GNRA;FVGNRA
MACHIN;18WMACHIN-123-AQ;SALTO DE MACHIN;4;Hidraulica no UGH;EGED;HFEGED
MADBE;18W000000000QXW0;MADBE;1,6;Solar fotovoltaica;GNRA;FVGNRA
MADEPMM;18W000000000PB3H;MADEPMM;0;Gas Natural Cogeneracion;IBCUR;TDIBCUR
MADRIGA;18WMADRIGA-12--B;MADRIGAL;1,3;Solar fotovoltaica;WMARK;FFWMARK
MADRON;18WMADRON-1234-G;P.E. MADROÑALES;34;Eolica terrestre;ECYR;EEGPES
MAGAL26;18WMAGAL26-12-E9;MAGAL26;10,8;Eolica terrestre;SHELL;SESAWIN
MAGALLN;18W000000000OR72;PE CAMPO DE MAGALLON;10;Eolica terrestre;CEG;EMGALLN
MAGALLO;18WMAGALLO-12-ER;P.E. SANTO CRISTO DE MAGALLON;40;Eolica terrestre;CEG;EGEAMG
MAGANA;18WMAGANA-123-ET;P.E. MAGAÑA;24,7;Eolica terrestre;EGLE;ETASA
MAGASQ;18W000000000JRY5;UF MAGASQUILLA;10;Solar fotovoltaica;NEXU;FMAGVE
MAGAZ;18WMAGAZ-12345-T;P.E.MAGAZ;30;Eolica terrestre;CEG;EMAGAZ
MAGDAL;18WMAGDAL-123-ES;P.E LA MAGDALENA;23,8;Eolica terrestre;IBGES;EHIBGES
MAGOSA;18W0000000009YN9;18W0000000009YN9;2;Gas Natural Cogeneracion;EGLE;TTINTS
MAHORA;18W000000000PXHY;PARQUE FV MAHORA;5;Solar fotovoltaica;EBLCO;FMAHOR
MAITENA;18WMAITENA-123-F;18WMAITENA-123-F;2,5;Hidraulica no UGH;EGLE;HGUEJG
MAJADAA;18W000000000N9I1;FV MAJADA ALTA;38;Solar fotovoltaica;IBGES;FIIBGES
MAJADAS;18WMAJADAS-123-X;TERMOSOLAR MAJADAS;50;Solar térmica;GNRA;SMAJADA
MAJAL;18WMAJAL-12345-B;P.E. MAJAL ALTO;50;Eolica terrestre;IBGES;EHIBGES
MAJALE1;18WMAJALE1-12--J;P.E. MAJALES (1ª FASE);49,5;Eolica terrestre;EGED;EGREEN1
MAJOGAZ;18WMAJOGAZ-123-2;P.E. MAJOGAZAS;49,5;Eolica terrestre;EBLCO;EMAJOGA
MAL1;18WMAL1-12345-AD;LA MALVA 1;2,2;Hidraulica UGH;HC G;HCHI
MAL2;18WMAL2-12345-A3;LA MALVA 2;2,2;Hidraulica UGH;HC G;HCHI
MAL3;18WMAL3-12345-AU;LA MALVA 3;2,2;Hidraulica UGH;HC G;HCHI
MAL4;18WMAL4-12345-AK;LA MALVA 4;2,2;Hidraulica UGH;HC G;HCHI
MALA1;18WMALA1-1234567;CCC MALAGA 1;415,5;Ciclo Combinado;GNCC;MALA1
MALAC01;18W000000000R8HR;COMPRA COMERCIALIZADORA;1;Comercializadores mercado libre;MALAK;MALAC01
MALAG01;18WMALAG01-123-V;P.E. MALAGON I;36;Eolica terrestre;GNCO;EGASNE1
MALAG02;18WMALAG02-123-O;P.E. MALAGÓN II;50;Eolica terrestre;GNCO;EGASNE1
MALEF;18WMALEF-1234-ES;P.E. MALEFATON;49,5;Eolica terrestre;IBGES;EHIBGES
MALLADA;18WMALLADA-123-U;P.E. LA MALLADA;44,8;Eolica terrestre;HC G;HCGSCSA
MALLEN;18WMALLEN-123-EQ;P. E. MALLEN;29,8;Eolica terrestre;GNRA;PEVER2
MALPICA;18WMALPICA-12-EJ;PARQUE EOLICO DE MALPICA;16,4;Eolica terrestre;IGNIS;EGMALP
MANDEO;18W000000000F3N4;MANDEO ZARZO;25,6;Hidraulica no UGH;ECYR;HEGPE
MANDRES;18WMANDRES-12-AD;18WMANDRES-12-AD;4,6;0;EGLE;HFCEREG
MANGA;18WMANGA-1234-EV;P. E. LA MANGA;12;Eolica terrestre;EGED;EGREEN
MANID;18W000000000QYMH;MANID;1,9;Solar fotovoltaica;GNRA;FVGNRA
MANTECA;18WMANTECA-123-B;18WMANTECA-123-B;4;Eolica terrestre;EBLCO;ERIANSA
MANUC01;18W000000000MZVC;MANUC01;0,4;Consumos directos en mercado;PRODU;MANUC01
MANZAN;18WMANZAN-123-EB;MANZAN;25,5;Eolica terrestre;MEDI;EMEDI
MANZANL;18W000000000OND2;PE MANZANAL F002;41,2;Eolica terrestre;CEG;EMANZAN
MANZNRE;18W000000000OK4T;UF SOLAR MANZANARES;33;Solar fotovoltaica;NEXU;FMANZAN
MARCETA;18W000000000GP73;CH MARCETA;1,5;Hidraulica no UGH;NEXU;HFNEXU
MARE;18WMARE-123456-3;SECADO TÉRMICO FANGOS REOCIN;12;Gas Natural Cogeneracion;CEG;TMARE
MARGL;18W000000000G3QV;MARGL;1,8;Solar fotovoltaica;GNRA;FVGNRA
MARINAD;18WMARINAD-123-S;18WMARINAD-123-S;3,1;Gas Natural Cogeneracion;EGLE;TMARDG
MARIOLA;18WMARIOLA-123-Q;18WMARIOLA-123-Q;5,4;Derivados del petroleo o carbon;EGLE;TMARIG
MARMELL;18WMARMELL-12--B;P.E.MARMELLAR;49,5;Eolica terrestre;EGLE;EMARME
MARQUES;18W000000000HIBC;MARQUES;9,9;Solar fotovoltaica;HISPE;FMARQUE
MARTC01;18W000000000MNE8;MARTB_UP_COMPRAS;1;Comercializadores mercado libre;MARTB;MARTC01
MARTIAR;18WMARTIAR-123-D;UF MARTIARTU;3,3;Gas Natural Cogeneracion;GNRA;TMARTIA
MARTINJ;18W000000000N1JN;PE MARTIN DE LA JARA;36;Eolica terrestre;IBGES;EHIBGES
MARTON;18W000000000N3FP;MARTON;10;Solar fotovoltaica;WMARK;FMARTON
MASAC01;18W000000000SSIZ;MASAC01;0,1;Comercializadores mercado libre;MASAL;MASAC01
MASGALA;18WMASGALA-12-EW;P.E. MASGALAN-CAMPO DO COCO;49,5;Eolica terrestre;IBGES;EHIBGES
MASIC01;18W00000000054RX;MAS INTELIGENCIA UNIDAD DE PR;0;Comercializadores mercado libre;MASIN;MASIC01
MASIRP;18W000000000Q7Y0;FYRSPRA;0,5;Solar fotovoltaica;MASIN;MASIRP
MASNC01;18W000000000SSBC;MASNORTE GLOBAL UP;5;Comercializadores mercado libre;MASNA;MASNC01
MASQC01;18W000000000IYNA;MASQLUZ PENINSULA;0,1;Comercializadores mercado libre;MASQL;MASQC01
MATABUE;18WMATABUE-123-R;P. E. MATABUEY;16,2;Eolica terrestre;GNRA;PEVER
MATAC01;18W-MATAC01-1--M;MATACOUTA;0,5;Consumos directos en mercado;MATA;MATAC01
MATAT;18W000000000BZEG;HSF LA MATALLANA;2;Solar fotovoltaica;SOMRE;SREFV1
MATEOS;18WMATEOS-123-DS;COGENERACION MATEOS;6,6;Gas Natural Cogeneracion;WMARK;TCMATEO
MAXIC01;18W000000000QA78;MAXI ENERGIA;0;Comercializadores mercado libre;MAXEN;MAXIC01
MAZA;18WMAZA-12345-EK;P. E. LA MAZA;49,5;Eolica terrestre;IBGES;EHIBGES
MAZGD;18W000000000QYHR;MAZGD;2,4;Solar fotovoltaica;GNRA;FVGNRA
MAZNARS;18W000000000QR40;MANZANARS;30;Solar fotovoltaica;GESTE;FMNZARS
MAZORAJ;18WPEMAZO-RAJ--I;P.E. MAZORRAL-CERRO RAZOLA;32,3;Eolica terrestre;EGED;EGREEN
MAZORRA;18WMAZORRA-12-E7;P.E. LAS MAZORRAS;28,3;Eolica terrestre;EGED;EGREEN
MCABEZA;18WMCABEZA-12-EY;P. E. MONTE CABEZA;36,8;Eolica terrestre;IGNIS;EGVENTO
MCAVE;18W000000000F5GC;MAGASCONA;20;Solar fotovoltaica;GNRA;VEMTR
MCH1;18WMCH1-12345-AX;MORANCHEL 1;1,4;Hidraulica UGH;BARER;BERJUCA
MCH2;18WMCH2-12345-AN;MORANCHEL 2;1,5;Hidraulica UGH;BARER;BERJUCA
MCHONI;18WMCHONI-123-EC;MCHONI;18;Eolica terrestre;IBGES;EHIBGES
MCHONIV;18WMCHONIV-12-EV;MCHONIV;48;Eolica terrestre;IBGES;EHIBGES
MCHONSU;18WMCHONSU-12-EW;MCHONSU;12;Eolica terrestre;IBGES;EHIBGES
MDAUGAS;18WMDAUGAS-123-H;18WMDAUGAS-123-H;3;Eolica terrestre;EGLE;EMDAUG
MDN1;18WMDN1-12345-AT;MEDIANO 1;33,5;Hidraulica UGH;ENDG;EBRACC2
MDN2;18WMDN2-12345-AJ;MEDIANO 2;33,4;Hidraulica UGH;ENDG;EBRACC2
MEGAC01;18W000000000Q0HI;MEGAC01;0,1;Comercializadores mercado libre;MEGAW;MEGAC01
MEGC01;18W0000000000NM6;MEGARA UNIDAD COMPRA;0,1;Comercializadores mercado libre;MEG;MEGC01
MEH;18W000000000JE4U;MUSEO EVOL HUMANA;2,3;Gas Natural Cogeneracion;CEG;TMEH
MEIRA;18WMEIRA-1234-E2;P. E. SERRA DE MEIRA;49,3;Eolica terrestre;IBGES;EHIBGES
MELENCH;18WMELENCH-123-5;MELENCHONES NORTE;4;Gas Natural Cogeneracion;CEG;T1CEG
MELIDA;18WMELIDA-1234-P;MELIDA;4;Hidraulica no UGH;EGED;HATUDEL
MELUC01;18W-MELUC01-4--E;HISPANO TEX S.A.;94,1;Consumos directos en mercado;MELUL;MELUC01
MEN1;18WMEN1-12345-AH;MENDARAZ 1;0,2;Hidraulica UGH;IBEG;EBRA
MEN2;18WMEN2-12345-A7;MENDARAZ 2;0,3;Hidraulica UGH;IBEG;EBRA
MENAUTE;18WMENAUTE-123-U;MENAUTE;37,4;Eolica terrestre;ECYR;EEGPEM
MENEC01;18W-MENEC01-7--F;MOSCOSO ENERGIA;4;Comercializadores mercado libre;MENER;MENEC01
MERC01;18W000000000OL7K;MERC01;0,6;Consumos directos en mercado;MEROL;MERC01
MERCA;18WMERCA-1234--9;18WMERCA-1234--9;4,8;Hidraulica no UGH;EGLE;HMERCA
MERCCP3;18W-MERCCP3-1--F;RIGHT EXP;500;Importacion Francia;MERCU;MERCCP3
MERCVP3;18W-MERCVP3-8--K;RIGHT IMP;500;Exportacion Francia;MERCU;MERCVP3
MERID19;18W000000000RXT2;UF SOLAR MERIDA 19;5;Solar fotovoltaica;NEXU;FMERI19
MERIDA;18W000000000PH13;SAN SERVAN 2020;43,2;Solar fotovoltaica;SHEEN;SHEPV11
MERML;18W000000000QZDW;MERML;1;Solar fotovoltaica;GNRA;FVGNRA
MEROL;18W000000000GPAY;CH MEROLA;1,1;Hidraulica no UGH;NEXU;HFNEXU
MERUELO;18WMERUELO-12-DJ;MERUELO;2,8;Biogas;CEG;RMERU
METCEL2;18W000000000S1FB;METCEL2;1;Comercializadores mercado libre;METEN;METER01
METCEL3;18W000000000S1G9;METCEL3;1;Comercializadores mercado libre;METEN;METER01
METCEL4;18W000000000S1H7;METCEL4;1;Comercializadores mercado libre;METEN;METER01
METCEL5;18W000000000S1I5;METCEL5;1;Comercializadores mercado libre;METEN;METER01
METCEL6;18W000000000S1J3;METCEL6;1;Comercializadores mercado libre;METEN;METER01
METCEL7;18W000000000S1K1;METCEL7;1;Comercializadores mercado libre;METEN;METER01
METCEL8;18W000000000S1MY;METCEL8;1;Comercializadores mercado libre;METEN;METER01
METCELS;18W000000000QKQE;ES-MET_;1;Comercializadores mercado libre;METEN;METER01
METEC01;18W000000000MYBI;METEC01;120;Comercializadores mercado libre;METEN;METEC01
METEV01;18W000000000RR6T;IB CUR  ( TARIFA, FOTOVOLTAICA;0,1;Solar fotovoltaica;METEN;METEV01
MEZ1;18WMEZ1-12345-AX;MEZONZO 1;0,5;Hidraulica UGH;GNFG;UFGC
MEZ2;18WMEZ2-12345-AN;MEZONZO 2;0,4;Hidraulica UGH;GNFG;UFGC
MFREC01;18W000000000F345;MFREC01;3;Consumos directos en mercado;MFRSA;MFREC01
MGUASCH;18WMGUASCH-123-P;UF MGUASCH;1,4;Gas Natural Cogeneracion;AME;TWAME
MIAJADA;18WMIAJADA-123-1;BIOMASA MIAJADAS;15;Biomasa;EGED;RFEGED
MIBAIDA;18W000000000SZ29;UF SOLAR MIRALBAIDA 15;1,5;Solar fotovoltaica;NEXU;FMBAIDA
MICHAR;18WMICHAR-123-D1;MICHELIN ARANDA;32,8;Gas Natural Cogeneracion;IBGES;TFIBGES
MICHVAL;18WMICHVAL-12-D0;MICHELIN VALLADOLID;46;Gas Natural Cogeneracion;IBGES;TFIBGES
MICHVIT;18WMICHVIT-12-DS;MICHELIN VITORIA;47;Gas Natural Cogeneracion;IBGES;TFIBGES
MIDCOTR;18W000000000QV4P;TERMOLLANO;48;Solar térmica;GESTE;TERMLNO
MIESA;18W000000000QDM6;MIESA;2;Hidraulica no UGH;GNRA;HFGNRA
MIGASA;18WMIGASA-123-D1;MIGASA;5;Gas Natural Cogeneracion;DETIC;COGMIGA
MIGFW;18W000000000LC4S;MIGFW;1,3;Solar fotovoltaica;GNRA;FVGNRA
MIGRODA;18WMIGRODA-12-D9;MIGRODA;9,7;Gas Natural Cogeneracion;EGLE;TNEOROD
MIL1;18WMIL1-12345-AS;MILLER 1;8,2;Hidraulica UGH;IBEG;JUCA
MIL2;18WMIL2-12345-AI;MILLER 2;8,6;Hidraulica UGH;IBEG;JUCA
MIL3;18WMIL3-12345-A8;MILLER 3;8,1;Hidraulica UGH;IBEG;JUCA
MILAGRO;18WMILAGRO-123-2;MILAGRO;7,4;Gas Natural Cogeneracion;IBGES;TSIBGES
MILANO;18W000000000R4G4;UF FV MILANO SOLAR;43,8;Solar fotovoltaica;IGNIS;SMILANO
MILII;18WMILII-1234--6;MILLAS II;0,9;Gas Natural Cogeneracion;LMER;MILII
MILLAN;18WMILLAN-1234-I;MILLAN;7,4;Gas Natural Cogeneracion;IBGES;TSIBGES
MILLII1;18WMILLII1-12-AN;MILLARES II 1;34,9;Hidraulica UGH;IBEG;JUCA
MILLII2;18WMILLII2-12-AG;MILLARES II 2;35,2;Hidraulica UGH;IBEG;JUCA
MINAC01;18W0000000001YBS;MINAC01;0,5;Consumos directos en mercado;MINAL;MINAC01
MINGORR;18WMINGORR-123-C;P.E.MINGORRUBIO;25;Eolica terrestre;GNRA;PEVER
MINIC01;18W000000000I3G6;MINAI SERVICIOS ENERGETICOS;1;Comercializadores mercado libre;MINAI;MINIC01
MINON;18W000000000GEO2;UF EOLICA MINON;23,3;Eolica terrestre;NEXU;EMINON
MIRABE;18W000000000J7FT;PE MIRABEL;26,4;Eolica terrestre;GNCO;EGASNE2
MIRAFL;18W000000000N9Z4;SFV MIRAFLORES;20;Solar fotovoltaica;GNCO;FGASNE2
MIRALCA;18WMIRALCA-123-Z;MIRALCAMP ARGAL;2;Gas Natural Cogeneracion;LMER;TMIRALP
MIRAMU;18W000000000GD72;FV MIRAMUNDO;45,8;Solar fotovoltaica;NEXU;FMIRAMU
MISTRAL;18W000000000PR52;UF SOLAR MISTRAL;3,3;Solar fotovoltaica;NEXU;FMISTRA
MJIMENA;18WMJIMENA-123-E;P. E. MONTE VILLAJIMENA;6;Eolica terrestre;MIRAS;EMIRASI
ML1;18WML1-123456--L;BARCENA DEL SIL 1;30,1;Hidraulica UGH;ENDG;SBEU
ML2;18WML2-123456-AP;BARCENA DEL SIL 2;31;Hidraulica UGH;ENDG;SBEU
MLAGROF;18W000000000IPWJ;MLAGROF;7;Solar fotovoltaica;GESTE;FMILGRO
MLIN;18WMLIN-123456-S;MOLINO DE SANTIAGO;0,1;Hidraulica UGH;CTNU;JUCAR2
MLT1;18WMLT1-12345-F5;MORALETS GR.1 GENERAC.;73,4;Turbinacion bombeo;ENDG;MLTG
MLT1B;18WMLT1B-12345-N;MORALETS GR.1 BOMBEO;73;Consumo bombeo;ENDG;MLTB
MLT2;18WMLT2-12345-FW;MORALETS GR.2 GENERAC.;72,8;Turbinacion bombeo;ENDG;MLTG
MLT2B;18WMLT2B-12345-D;MORALETS GR.2 BOMBEO;73;Consumo bombeo;ENDG;MLTB
MLT3;18WMLT3-12345-FM;MORALETS GR.3 GENERAC.;72,9;Turbinacion bombeo;ENDG;MLTG
MLT3B;18WMLT3B-12345-3;MORALETS GR.3 BOMBEO;73;Consumo bombeo;ENDG;MLTB
MMARBAN;18WMMARBAN-12-E1;PARQUE EÓLICO MONTE MARBÁN;11,4;Eolica terrestre;GNCO;EFPART
MMATAS;18W000000000P6KZ;UF SOLAR MATAS;2,2;Solar fotovoltaica;NEXU;FMATAS
MMOLON;18WMMOLON-123-EI;P.E. MONTE MOLÓN;29,7;Eolica terrestre;IBGES;EHIBGES
MNCHASL;18W000000000OOHS;MANCHASOL 2;49,9;Solar térmica;CEG;STMNCHA
MNDALA;18W000000000P2FK;UF SOLAR MANDALA;1,7;Solar fotovoltaica;NEXU;FMANDLA
MNE1;18WMNE1-12345-A8;MANERU 1;2,3;Hidraulica UGH;ASIE;ASIEBRO
MNE2;18WMNE2-12345-AZ;MANERU 2;2,3;Hidraulica UGH;ASIE;ASIEBRO
MNG1;18WMNG1-12345-AN;MENGIBAR 1;1,3;Hidraulica UGH;ENDG;GDLQ
MNG2;18WMNG2-12345-AD;MENGIBAR 2;1,3;Hidraulica UGH;ENDG;GDLQ
MNG3;18WMNG3-12345-A3;MENGIBAR 3;1,3;Hidraulica UGH;ENDG;GDLQ
MNI1;18WMNI1-12345-A1;MANISES 1;0,3;Hidraulica UGH;IBEG;JUCA
MNI2;18WMNI2-12345-AS;MANISES 2;0,3;Hidraulica UGH;IBEG;JUCA
MNJU;18WMNJU-12345-AX;EL MENJU;0,2;Hidraulica UGH;IBEG;JUCA
MNQU;18WMNQU-12345-AU;MONTESQUIU;0,9;Hidraulica UGH;ENDG;EBRFEN
MNS1;18WMNS1-12345-A2;MANSILLA 1;2,6;Hidraulica UGH;IBEG;EBRA
MNS2;18WMNS2-12345-AT;MANSILLA 2;2,6;Hidraulica UGH;IBEG;EBRA
MNUZA;18WMNUZA-12345-R;MENUZA;13,8;Hidraulica no UGH;EBLCO;HGDF01
MNZNQUE;18W000000000SU4K;UF SOLAR MANZANEQUE;1,5;Solar fotovoltaica;NEXU;FMANZQE
MO08SV;18W000000000OT34;MO08SV;1;Comercializadores mercado libre;FORTI;FORTR01
MOARBOL;18WMOARBOL-12-ER;18WMOARBOL-12-ER;1,5;Eolica terrestre;EGLE;EMOARG
MOCCB;18W000000000QP9X;MOCCB;1,1;Solar fotovoltaica;GNRA;FVGNRA
MOCLIN2;18WMOCLIN2-123-D;FMOCLIN2;1,2;Solar fotovoltaica;GESTE;FESLAR1
MODIC01;18W-MODIC01-1--U;MODISPREM SA;1,2;Consumos directos en mercado;MODI;MODIC01
MODSP;18W000000000RRG9;MODSP;40,1;Solar fotovoltaica;GNRA;MODOH
MOIAC01;18W-MOIAC01-2--B;MATADERO MOIA;0,9;Consumos directos en mercado;MOIA;MOIAC01
MOINSA;18WMOINSA-123--R;MOINSA;24,9;Gas Natural Cogeneracion;CEG;TFINSA
MOJADO;18W000000000SKME;MOJADO;4,6;Solar fotovoltaica;CEG;FMOJADO
MOLAC01;18W000000000ROUR;MOLAC01;0,1;Comercializadores mercado libre;MOLAL;MOLAC01
MOLARM;18WMOLARM-123-E7;P.E. MOLAR DEL MOLINAR;49,5;Eolica terrestre;IBGES;EHIBGES
MOLEC01;18W-MOLEC01-5--7;MOLECOR;1,7;Consumos directos en mercado;MOLE;MOLEC01
MOLI;18WMOLI-12345-A8;MOLI;0,7;Hidraulica UGH;ENDG;EBRFEN
MOLINAF;18W000000000F3L8;CH MOLINAFERRERA;1;Hidraulica no UGH;ECYR;HEGPE
MOLINO;18W000000000SLGN;MOLINO-3MW;3,5;Solar fotovoltaica;ALDRO;PLENFV1
MOLSE;18W000000000MAI2;MOLSE;1,4;Solar fotovoltaica;GNRA;FVGNRA
MOLTO;18WMOLTO-1234-D1;MOLTO;6;Gas Natural Cogeneracion;DETIC;COGMOLT
MOM1;18WMOM1-12345-F9;MONTAMARA GR.1 GENERAC.;45,8;Hidraulica UGH;ENDG;EBRFEN
MOM1B;18WMOM1B-12345-R;MONTAMARA GR.1 BOMBEO;50;Consumo bombeo;ENDG;ENDPRB
MOM2;18WMOM2-12345--V;MONTAMARA GR.2 GENERAC.;46,5;Hidraulica UGH;ENDG;EBRFEN
MOM2B;18WMOM2B-12345-H;MONTAMARA GR.2 BOMBEO;50;Consumo bombeo;ENDG;ENDPRB
MONCA;18W000000000GZZS;MONCA;40;Solar fotovoltaica;GNRA;UPMONC
MONCAYU;18WMONCAYU-12-EB;P. E. EL MONCAYUELO;48;Eolica terrestre;EGED;EGREEN1
MONCIR;18W000000000GB1K;P E MONCIRO;41,5;Eolica terrestre;GNCO;EGASNE2
MONCLUE;18WMONCLUE-123-0;P.E. MONCLUES;30;Eolica terrestre;EBLCO;EMONCLU
MONDONE;18WMONDONE-123-J;P.E. MONDOÑEDO;48,4;Eolica terrestre;EGLE;EFGVDO
MONG1;18W000000000QYT3;MONG1;3;Solar fotovoltaica;GNRA;FVGNRA
MONG2;18W000000000QYWY;MONG2;1,3;Solar fotovoltaica;GNRA;FVGNRA
MONREAL;18WMONREAL-123-O;PE MONREAL;4,5;Eolica terrestre;EGED;EGREEN
MONSEI;18WMONSEI-123-ES;P. E. MONSEIVANE;41,4;Eolica terrestre;HC G;HCGSIHA
MONTAMA;18W-MONTAMA-5--U;P.E. MONTAMARTA;22,4;Eolica terrestre;GNCO;EGASNE0
MONTARG;18WMONTARG-123-D;P.E.MONTARGULL;44;Eolica terrestre;ECYR;EEGPES
MONTC01;18WMONTC01UF---A;ELECTRICA DEL MONTSEC, S.L. CO;0,8;Comercializadores mercado libre;MONTS;MONTC01
MONTCEO;18WMONTCEO-12-EP;18WMONTCEO-12-EP;2,5;Eolica terrestre;EGLE;EOITAV
MONTERO;18WMONTERO-12-EE;P. E. MONTERO;25,5;Eolica terrestre;IGNIS;UPEBRO
MONTESO;18W000000000IG5Q;UF MONTESOL;40;Solar fotovoltaica;NEXU;FMONTES
MONTET;18W000000000GBIN;PE MONTETOURADO;39,6;Eolica terrestre;GNCO;EGASNE2
MONTIJA;18WMONTIJA-12-ET;MONTIJA;30,8;Eolica terrestre;GNCO;EFGASN
MONTOU;18WMONTOU-123-EH;P.E MONTOUTO;20,4;Eolica terrestre;HISPE;EALP1
MONTOUT;18WMONTOUT-12-ED;P. E. MONTOUTO 2000;47,7;Eolica terrestre;EGLE;EMONTOU
MONZON;18WMONZON-1234-S;ENERGYWORKS MONZÓN;14,8;Gas Natural Cogeneracion;IBGES;TSIBGES
MOR1;18WMOR1-12345-A1;MORANA 1;0,3;Hidraulica UGH;ENDG;EBRACC1
MOR2;18WMOR2-12345-AS;MORANA 2;0,4;Hidraulica UGH;ENDG;EBRACC1
MORAL;18WMORAL-12345-E;P.E.EL MORAL;40;Eolica terrestre;EGED;EFEGED
MORAL1;18WMORAL1-123-EF;18WMORAL1-123-EF;6;Eolica terrestre;EBLCO;EMORAL1
MORAL2;18WMORAL2-123-E7;EL MORALEJO II;11;Eolica terrestre;EBLCO;EMORAL1
MORALAS;18W000000000RFBI;MORALAS;5;Solar fotovoltaica;CEG;FMORALA
MORATLL;18W000000000N67W;CH MORATALLA;1,7;Hidraulica no UGH;HC G;HCHI2
MORAVIA;18WMORAVIA-12-DV;MORAVIA;5,3;Gas Natural Cogeneracion;DETIC;COGMORA
MORE;18WMORE-12345-AJ;MORES;0,4;Hidraulica UGH;ENDG;EBRERZ
MOREDA;18WMOREDA-123-AK;18WMOREDA-123-AK;1,3;Hidraulica no UGH;EGLE;HCOHIG
MORELA1;18WMORELA1-123-2;MORELLA 1 RO;3,4;Fuel;NEXU;EENRO
MORELA2;18WMORELA2-123-W;MORELLA 2 RO;4,5;Fuel;NEXU;EENRO2
MORERAS;18W000000000SR5R;FV LAS MORERAS;2,7;Solar fotovoltaica;SOMEN;SENFV1
MORON;18WMORON-12345-4;PARQUE EÓLICO MORÓN DE ALMAZAN;50;Eolica terrestre;IBGES;EHIBGES
MORRAB;18WMORRAB-123-EC;P.E. MORRABLANCAR;13,2;Eolica terrestre;IBGES;EHIBGES
MORRONE;18WPE-MORRONES-R;P.E. LOS MORRONES;30;Eolica terrestre;EGED;EGREEN1
MORTC01;18W000000000SRH3;MORTERO PENINSULA;5;Comercializadores mercado libre;MORTE;MORTC01
MORTLLA;18W000000000S9EQ;UF SOLAR MORATALLA;30;Solar fotovoltaica;NEXU;FMRTLLA
MOSTAZA;18WMOSTAZAVEJER3;PARQUE EOLICO MOSTAZA;18;Eolica terrestre;NEXU;EMOSTAZ
MOTAC01;18W000000000PUFA;UP MONTARTO TECHNOLOGIES;0,1;Comercializadores mercado libre;MONTR;MOTAC01
MOTILLA;18W000000000F5SP;PE MOTILLA;51;Eolica terrestre;ECYR;EEGPES
MOURIN;18W000000000GA1N;P E MOURIÑOS;9,6;Eolica terrestre;GNCO;EGASNE2
MOVALS3;18WMOVALS3-123-P;MOVIALSA 3;9,9;Gas Natural Cogeneracion;CEG;TMOVIAL
MOVALS5;18WMOVALS5-123-B;MOVIALSA 5;9,9;Gas Natural Cogeneracion;CEG;TMOVIAL
MOVALSA;18WMOVALSA-123-D;MOVIALSA 2;5,9;Biomasa;CEG;RCMOVA
MOVHC01;18W000000000N05H;MOVHERA COMERCIALIZADORA;300;Comercializadores mercado libre;MOVHE;MOVHC01
MOVIASA;18WMOVIASA-12-DG;MOVIALSA;23,7;Derivados del petroleo o carbon;CEG;TMOVIAS
MOVIC01;18W000000000QE42;COMPRA COMERCIALIZADORA;1;Comercializadores mercado libre;MOVIE;MOVIC01
MOYGIRA;18WMOYGIRA-123-T;ESCOMBRERAS MOYRESA GIRASOL;9,9;Gas Natural Cogeneracion;CEG;TMOYGI
MOYZIER;18WMOYZIER-123-9;MOYRESA ZIERBENA;9,9;Gas Natural Cogeneracion;CEG;TMOYGI
MPUNTE;18W00000000058H4;HIDMPUNTE;2,4;Hidraulica no UGH;NEXU;HMPUNTE
MQN1;18WMQN1-12345-AL;MEQUINENZA 1;79,7;Hidraulica UGH;ENDG;EBRFEN
MQN2;18WMQN2-12345-AB;MEQUINENZA 2;79,7;Hidraulica UGH;ENDG;EBRFEN
MQN3;18WMQN3-12345-A1;MEQUINENZA 3;79,7;Hidraulica UGH;ENDG;EBRFEN
MQN4;18WMQN4-12345-AS;MEQUINENZA 4;79,7;Hidraulica UGH;ENDG;EBRFEN
MQUESA;18W000000000FXNP;18W000000000FXNP;24;Eolica terrestre;GNRA;PEVER
MRAPG;18W000000000S5X0;MRAPG;9,3;Eolica terrestre;GNRA;UPMRA
MRD1;18WMRD1-12345-A8;MIRANDA 1  (HC);17,9;Hidraulica UGH;HC G;HCHI
MRD2;18WMRD2-12345-AZ;MIRANDA 2  (HC);17,9;Hidraulica UGH;HC G;HCHI
MRD3;18WMRD3-12345-AP;MIRANDA 3  (HC);17,8;Hidraulica UGH;HC G;HCHI
MRD4;18WMRD4-12345-AF;MIRANDA 4  (HC);18,1;Hidraulica UGH;HC G;HCHI
MREDON;18WMREDON-123-E0;PE MONTE REDONDO;49,5;Eolica terrestre;GNCO;EGASNE0
MRIGAL1;18W000000000SMGK;UF SOLAR MADRIGAL 1;3,3;Solar fotovoltaica;NEXU;FRIGAL1
MRIGAL2;18W000000000SMHI;UF SOLAR MADRIGAL 2;3,3;Solar fotovoltaica;NEXU;FRIGAL2
MRM1;18WMRM1-12345-AK;MARMOLEJO 1;8,3;Hidraulica UGH;ENDG;GDLQ
MRM2;18WMRM2-12345-AA;MARMOLEJO 2;8,3;Hidraulica UGH;ENDG;GDLQ
MRR1;18WMRR1-12345-A2;MARRACOS 1;3,3;Hidraulica UGH;ENDG;EBRACC1
MRR2;18WMRR2-12345-AT;MARRACOS 2;3,3;Hidraulica UGH;ENDG;EBRACC1
MSALAZA;18WMSALAZA-123-I;MARMOLES SALAZAR;0,4;Hidraulica no UGH;GNRA;HPGNRA
MSERRA;18WMSERRA-123--T;PARQUE EÓLICO MONTE DA SERRA;14,4;Eolica terrestre;GNCO;EFPART
MSM;18WMSM-1234567-F;MINERA DE SANTA MARTA;19,7;Derivados del petroleo o carbon;IGNIS;UPBELOR
MSSR01;18W000000000OUM0;MSSR01;1;Comercializadores mercado libre;ENDCO;ENDER01
MSSR02;18W000000000S2QN;MSSR02;1;Comercializadores mercado libre;ENDCO;ENDER01
MSUSO;18W00000000058EA;HIDSUSO;3,9;Hidraulica no UGH;GESTE;HIDAGST
MSVSC01;18W-MSVSC01-5--X;MUNICIPAL DE SERVICIOS VILLAHE;2,1;Comercializadores mercado libre;MSVSL;MSVSC01
MTF1;18WMTF1-12345--L;MONTEFURADO 1;14,7;Hidraulica UGH;IBEG;SIL
MTF2;18WMTF2-12345-AQ;MONTEFURADO 2;15;Hidraulica UGH;IBEG;SIL
MTF3;18WMTF3-12345-AG;MONTEFURADO 3;14,5;Hidraulica UGH;IBEG;SIL
MTN1;18WMTN1-12345-AM;SAN MARTIN;10,2;Hidraulica UGH;IBEG;SIL
MUDARRA;18W000000000MBCB;MUDARRA;2;Solar fotovoltaica;CEG;FMUDARA
MUDEFER;18WMUDEFER-123-Z;PE MUDEFER;45;Eolica terrestre;EGLE;ECATER
MUE1;18WMUE1-12345-FP;LA MUELA DE CORTES 1 GENERAC.;211,5;Turbinacion bombeo;IBEG;MUEL
MUE1B;18WMUE1B-12345-6;LA MUELA DE CORTES 1 BOMBEO;190;Consumo bombeo;IBEG;MUEB
MUE2;18WMUE2-12345-FF;LA MUELA DE CORTES 2 GENERAC.;211,4;Turbinacion bombeo;IBEG;MUEL
MUE2B;18WMUE2B-12345-X;LA MUELA DE CORTES 2 BOMBEO;190;Consumo bombeo;IBEG;MUEB
MUE3;18WMUE3-12345-F5;LA MUELA DE CORTES 3 GENERAC.;211;Turbinacion bombeo;IBEG;MUEL
MUE3B;18WMUE3B-12345-N;LA MUELA DE CORTES 3 BOMBEO;190;Consumo bombeo;IBEG;MUEB
MUE4;18WMUE4-123456-6;LA MUELA DE CORTES 4 GEN;218,9;Turbinacion bombeo;IBEG;MUEL
MUE4B;18WMUE4B-12345-D;LA MUELA DE CORTES 4 BOMBEO;205;Consumo bombeo;IBEG;MUEB
MUE5;18WMUE5-123456-X;LA MUELA DE CORTES 5 GEN;220,8;Turbinacion bombeo;IBEG;MUEL
MUE5B;18WMUE5B-12345-3;LA MUELA DE CORTES 5 BOMBEO;205;Consumo bombeo;IBEG;MUEB
MUE6;18WMUE6-123456-N;LA MUELA DE CORTES 6 GEN;218,7;Turbinacion bombeo;IBEG;MUEL
MUE6B;18WMUE6B-12345-U;LA MUELA DE CORTES 6 BOMBEO;205;Consumo bombeo;IBEG;MUEB
MUE7;18WMUE7-123456-D;LA MUELA DE CORTES 7 GEN;219,4;Turbinacion bombeo;IBEG;MUEL
MUE7B;18WMUE7B-12345-K;LA MUELA DE CORTES 7 BOMBEO;205;Consumo bombeo;IBEG;MUEB
MUELA;18WMUELA-1234-EP;P.E. LA MUELA;45,5;Eolica terrestre;IBGES;EHIBGES
MUELA2;18WMUELA2-123-EU;PARQUE EOLICO LA MUELA II;13,2;Eolica terrestre;ECYR;EREGPEM
MUELA3;18WMUELA3-123-EM;PARQUE EOLICO LA MUELA III;16,5;Eolica terrestre;ECYR;EREGPEM
MUELCUB;18WMUELACUBILLOR;P.E. MUELA CUBILLO;50;Eolica terrestre;IBGES;EHIBGES
MUELLE;18W000000000I9GP;UF MUELLE;9;Solar fotovoltaica;NEXU;FMUELLE
MUESC01;18W000000000PSN0;MUESC01;0,3;Consumos directos en mercado;MUEST;MUESC01
MULA001;18W000000000RAZM;PSF MULA;1,3;Solar fotovoltaica;WMARK;FFWMARK
MULATON;18WPE-MULATON--8;P. E. EL MULATON;38;Eolica terrestre;EGED;EGREEN1
MULTC01;18W-MULTC01-5--S;MULTIC01;0,1;Comercializadores mercado libre;MULTI;MULTC01
MUNE2;18WMUNE2-12345-6;P.E. MUNERA II;30,6;Eolica terrestre;HC G;HCGSCSA
MUNIESA;18W000000000F612;PE MUNIESA;46,8;Eolica terrestre;ECYR;EEGPES
MUNLASA;18WMUNLASA-12-E0;P. E. MUNILLA-LASANTA;46;Eolica terrestre;IBGES;EMCIBGE
MURAS1;18WMURAS1-123-ES;P.E. MURAS I;24,4;Eolica terrestre;IBGES;EHIBGES
MURAS2;18WMURAS2-123-EK;P.E. MURAS II;24,4;Eolica terrestre;IBGES;EHIBGES
MURIAS;18WMURIAS-1234-K;18WMURIAS-1234-K;7;Hidraulica no UGH;EGLE;HHIAST
MURILLO;18WMURILLO-12-A1;MURILLO;5;Hidraulica no UGH;EGED;HFEGED
MUTAC01;18W000000000M7QW;MULTISEVICIOS TECNOLOGICOS SA;1;Comercializadores mercado libre;MULTA;MUTAC01
MUTODO;18WMUTODO-123-E2;MUTODO;40,5;Eolica terrestre;MEDI;EMEDI
MUTORTO;18WMUTORTO-12-EF;P.E. MUELA DE TORTOSILLA;36,9;Eolica terrestre;IBGES;EHIBGES
MUXIA1;18W000000000B6IL;PE MUXIA1;46;Eolica terrestre;HC G;HCGSCSA
MUXIA2;18W000000000B6JJ;PE MUXIA 2;22;Eolica terrestre;HC G;HCGSCSA
MVILLAL;18WMVILLAL-12-EB;PARQUE EÓLICO MONTE VILALBESA;22,2;Eolica terrestre;GNCO;EFPART
MXXIC01;18W000000000M40J;MYENXXI;1;Comercializadores mercado libre;MYENX;MXXIC01
MYENC01;18W-MYENC01-6--U;MYENC01;0,5;Comercializadores mercado libre;MYEN;MYENC01
MYENV01;18W000000000L754;IB CUR  ( FOTOVOLTAICA, PRUEBA;7,9;Solar fotovoltaica;MYEN;MYENV01
MYENV03;18W000000000NY9I;MYENERGIA VENTA 3;2,9;Solar fotovoltaica;MYEN;MYENV02
MYENV04;18W000000000OMIW;MYENV04;3,4;Solar fotovoltaica;MYEN;MYENV02
MYENV06;18W000000000QJ0W;ES-MYENV06F;2;Solar fotovoltaica;MYEN;MYENV02
MYENV07;18W000000000QJ1U;ES-MYENV07F;2;Solar fotovoltaica;MYEN;MYENV02
MYENV09;18W000000000RPEJ;MYENV09F;2;Solar fotovoltaica;MYEN;MYENV02
MYENV11;18W000000000S5IU;ES-MYENV11F;4;Solar fotovoltaica;MYEN;MYENV02
MYLIC01;18W000000000PUAK;MY LIGHT ENERGY;0,1;Comercializadores mercado libre;MYLIG;MYLIC01
NABAC01;18W-NABAC01-3--Y;NABALIA ENERGIA;0,2;Comercializadores mercado libre;NABAL;NABAC01
NAC1;18WNAC1-12345-AP;NACIMIENTO 1;0,5;Hidraulica UGH;ENDG;GDLQ
NAC2;18WNAC2-12345-AF;NACIMIENTO 2;0,5;Hidraulica UGH;ENDG;GDLQ
NACIMIE;18WNACIMIE-123-7;NACIMIENTO;23,8;Eolica terrestre;IBGES;EHIBGES
NAFSP;18W000000000GTXD;NAFSP;25;Solar fotovoltaica;GNRA;UPFLOR
NAGAC01;18W-NAGAC01-1--T;NAGAC01;500;Comercializadores mercado libre;NATGA;NAGAC01
NAGIC01;18W000000000K6YR;NAGIC01;1;Comercializadores mercado libre;NAGIN;NAGIC01
NAJ1;18WNAJ1-12345-AM;NAJERILLA 1;1,1;Hidraulica UGH;IBEG;EBRA
NAJ2;18WNAJ2-12345-AC;NAJERILLA 2;1,1;Hidraulica UGH;IBEG;EBRA
NALSAMA;18WNALSAMA-123-N;18WNALSAMA-123-N;3,9;Residuos varios;EGLE;RQUINA
NARDO;18W000000000M3CZ;NARDO;2;Solar fotovoltaica;GNRA;LAPEN
NASSN;18W000000000SBK8;NASSN;3,4;Solar fotovoltaica;GNRA;FVGNRA
NAV1;18W000000000GBEV;PLANTA BIOGASTUR NAVIA;4,1;Biogas;LMER;GASRGAN
NAVA;18W000000000F29Z;SFV LA NAVA;46,2;Solar fotovoltaica;GNCO;FGASNE2
NAVAC01;18W0000000002OY8;PETRONAVARRA PEN;0,1;Comercializadores mercado libre;NAVAR;NAVAC01
NAVALMO;18WNAVALMO-123-7;UF NAVALMORALES;6,6;Solar fotovoltaica;EBLCO;FNAVALM
NAVALVI;18W000000000F6FB;FV NAVALVILLAR;34,3;Solar fotovoltaica;ECYR;FEGPEM
NAVAZO;18WNAVAZO-123-E1;P.E. EL NAVAZO;38,5;Eolica terrestre;IBGES;EHIBGES
NAVCART;18WNAVCART-12-EU;P.E. ALTOS DE CARTAGENA;21,1;Eolica terrestre;ECYR;EREGPEM
NAVDS;18W000000000MK16;NAVDS;41,5;Eolica terrestre;GNRA;PENAV
NAVELO;18WNAVELO-123-ED;P.E. NAVAZUELO;17,1;Eolica terrestre;ECYR;EREGPEM
NAVELOS;18W000000000SRCD;UF SOLAR NAVELOS;15,5;Solar fotovoltaica;NEXU;FNVELOS
NAVIG1;18W000000000S2RL;NAVIG1;1;Comercializadores mercado libre;ENDCO;ENDER01
NAVQUES;18WNAVQUES-12-E6;P.E. NAVAS DEL MARQUES;10,5;Eolica terrestre;ECYR;EREGPEM
NAZEN;18W000000000QYNF;NAZEN;1;Hidraulica no UGH;GNRA;HFGNRA
NBALBOA;18W000000000H02A;NUÑEZ BALBOA;391;Solar fotovoltaica;IBGES;FIBGENB
NCA;18WNCA-1234567-U;ABELAN CATALANA;4,8;Gas Natural Cogeneracion;AME;TNCA
NCAS;18WNCAS-12345-AC;NUEVO CASTILLO 1;4,2;Hidraulica UGH;ENDG;GDLQ
NCEC01;18W-NCEC01-67--E;NCEC01;0,1;Comercializadores mercado libre;NCE;NCEC01
NCEGE;18W000000000H78E;VENTA FV;0;Solar fotovoltaica;NCE;NCEGE
NCHO;18WNCHO-12345-AC;NUEVO CHORRO;9,9;Hidraulica UGH;ENDG;GDLQ
NEASC01;18W000000000N3P5;PROP TRADERS SPAIN;1.000,00;Comercializadores mercado libre;NEAS;NEASC01
NEASCP3;18W-NEASCP3-5--D;NEASCP3;350;Importacion Francia;NEAS;NEASCP3
NEASVP3;18W-NEASVP3-1--P;NEAS;350;Exportacion Francia;NEAS;NEASVP3
NEDAPE;18W000000000G1CS;18W000000000G1CS;34,6;Eolica terrestre;HISPE;EESTELO
NEGI;18WNEGI-123456-N;UNIDAD FISICA NESTLE GIRONA;5,1;Gas Natural Cogeneracion;AME;TNESGI
NEGR;18WNEGR-12345-A6;NEGRATIN;6,5;Hidraulica UGH;ENDG;GDLQ
NEGREDO;18WNEGREDO-123-F;PARQUE EÓLICO EL NEGREDO;18;Eolica terrestre;EBLCO;ENEGRED
NEME2;18W000000000O6L0;NEME2;2;Solar fotovoltaica;GNRA;FVGNRA
NEMOC01;18W-NEMOC01-5--5;NEMOC01;0,1;Comercializadores mercado libre;NEMON;NEMOC01
NEOEC01;18W-NEOEC01-6--Y;NEOELECTRA ENERGIA;0,1;Comercializadores mercado libre;NEOEN;NEOEC01
NEREA;18WNEREA-1234-EK;PE NEREA;39,7;Eolica terrestre;GNCO;EGASNE0
NESPE;18WNESPE-12345-N;UNIDAD FISICA NESTLE PENILLA;5,5;Gas Natural Cogeneracion;AME;TNESEP
NETOC01;18W000000000PPHL;NETON ENERGY SERVICES SLU;1;Comercializadores mercado libre;NETON;NETOC01
NEUCCX1;18W000000000SKDW;PORT_GEN_CMPRA;9.999,00;Porfolio;NEURO;NEUCCX1
NEUCVX1;18W000000000SKA1;PORT_GEN_VNTA;9.999,00;Porfolio;NEURO;NEUCVX1
NEURC01;18W000000000FCU0;NEURC01;0,6;Consumos directos en mercado;NEURO;NEURC01
NEWCC01;18W000000000HCRZ;COMERCIALIZADOR DE ENERGIA ELE;0,1;Comercializadores mercado libre;NEWCO;NEWCC01
NEXAC01;18W000000000M823;NEXT COMPRA;25;Comercializadores mercado libre;NEXAM;NEXAC01
NEXTC01;18W000000000SS5O;NEXT ENERGY PLUS SL;1;Comercializadores mercado libre;NEXAP;NEXTC01
NEXUC01;18W-NEXUC01-2--1;NEXUC01;0;Comercializadores mercado libre;NEXU;NEXUC01
NFOEL;18W000000000O78N;NFOEL;3,4;Solar fotovoltaica;GNRA;FVGNRA
NIDHCP3;18W000000000RO61;NIDHOG IMPORT RTE;100;Importacion Francia;NIDHO;NIDHCP3
NIDHVP3;18W000000000RO9W;NIDHOG EXP RTE;100;Exportacion Francia;NIDHO;NIDHVP3
NIEBLA;18W000000000RF5U;UF SOLAR NIEBLA;42;Solar fotovoltaica;NEXU;FNIEBLA
NIEVA1;18WNIEVA1-1234-A;PE SANTA MARIA DE NIEVA F1;14;Eolica terrestre;WMARK;EFWMARK
NIEVA2;18WNIEVA2-1234-2;PE SANTA MARIA DE NIEVA F II;34,5;Eolica terrestre;WMARK;EFWMARK
NIGUELA;18WNIGUELA-123-8;UP NIGUELAS;2,9;Hidraulica no UGH;GNRA;HNIGUEL
NILLA;18W000000000G5FA;NILLA;39;Solar fotovoltaica;GNRA;LAFRV
NIVAC01;18W00000000029PY;NIVAC01;0,4;Consumos directos en mercado;NIVA;NIVAC01
NIVAJ;18W000000000NNSD;NIVAJ;0,9;Derivados del petroleo o carbon;GNRA;COGAJ5
NIVELUR;18WNIVELUR-123-8;UF NIVELUR F2;0,8;Derivados del petroleo o carbon;GNRA;COGAJ5
NOBEC01;18W-NOBEC01-1--0;UNIDAD DE PROGRAMACIÓN DE NOBE;7;Comercializadores mercado libre;NOBE;NOBEC01
NOBLCP3;18W-NOBLCP3-4--Y;CONSUMPTION ACCOUNT;100;Importacion Francia;NOBLE;NOBLCP3
NOBLEJA;18W000000000RA0I;UF SOLAR NOBLEJA;4;Solar fotovoltaica;NEXU;FNOBLEJ
NOBLVP3;18W-NOBLVP3-8--E;PRODUCTION ACCOUNT;100;Exportacion Francia;NOBLE;NOBLVP3
NOCAST;18W000000000AZVN;NOVO CASTRELO;6,3;Hidraulica no UGH;IGNIS;HXAL2
NOCTC01;18W000000000T23S;NOCTILUCA ENERGIA SL;1;Comercializadores mercado libre;NOCTI;NOCTC01
NOCTIS6;18W000000000S6YW;UF SOLAR SOLNOCTIS 6;1,6;Solar fotovoltaica;NEXU;FNOCTI6
NOEL1;18WNOEL1-12345-T;18WNOEL1-12345-T;4;Gas Natural Cogeneracion;NOEL;TNOEL
NOEL2;18WNOEL2-12345-K;18WNOEL2-12345-K;4,9;Gas Natural Cogeneracion;NOEL;TNOEL
NOGUE;18WNOGUE-12345-M;NOGUE;2,5;Eolica terrestre;IBGES;EHIBGES
NOGUERA;18WNOGUERA-12--B;P.E. LA NOGUERA;28,9;Eolica terrestre;CEG;ENOGUER
NOPINDO;18WNOPINDO-12-AH;NOVO PINDO;9,8;Hidraulica no UGH;IGNIS;HXAL1
NOR1;18WNOR1-12345-AP;LAS NORIAS 1;0,9;Hidraulica UGH;IBEG;EBRA
NOR2;18WNOR2-12345-AF;LAS NORIAS 2;1;Hidraulica UGH;IBEG;EBRA
NORDCON;18WNORDCON-12--B;U F NORDCON;3,2;Derivados del petroleo o carbon;GNRA;TVGNRA2
NOREC01;18W000000000AKBY;UNIDAD NORTELECTRICA;1;Comercializadores mercado libre;NORE;NOREC01
NORTC01;18W-NORTC01-1--1;NORTC01;0;Comercializadores mercado libre;NORT;NORTC01
NOSAC01;18W-NOSAC01-2--A;NOSA ENERXIA SCP;0,1;Comercializadores mercado libre;NOSA;NOSAC01
NOSTIAN;18WNOSTIAN-12--9;NOSTIAN;6,2;Biogas;CEG;RALBAD
NOVAFRI;18W000000000R7T6;NOVAFRI;5;Gas Natural Cogeneracion;DETIC;COGNOVA
NOVELDA;18W000000000S1OU;UF SOLAR NOVELDA;0,9;Solar fotovoltaica;NEXU;FNOVELD
NOVO;18WNOVO-12345-E2;P.E: NOVO;18,7;Eolica terrestre;GNCO;EFGASN
NOVVB;18W000000000S62M;NOVVB;1,5;Solar fotovoltaica;GNRA;FVGNRA
NPCE2;18WNPCE2-12345-Q;NPCE2;6,8;Gas Natural Cogeneracion;WMARK;TNPCE
NSA;18WNSA-1234567-N;ABELAN SAN ANDRES;6,7;Gas Natural Cogeneracion;AME;TNSA
NSMER;18WNSMER-12345-P;NSMER;2,3;Hidraulica no UGH;REPSB;HNSMER
NSTINEO;18WNSTINEO-123-1;P.E. SIERRA DE TINEO;44;Eolica terrestre;GNRA;PEVER
NUCERA;18W000000000OTM3;NUCERA;8;Consumos directos en mercado;WMARK;EUCDR01
NUCERAM;18WNUCERAM-12-DD;NUCERAM;6,8;Gas Natural Cogeneracion;WMARK;TNPCE
NUEAT;18WNUEAT-1234-DR;18WNUEAT-1234-DR;4,8;Gas Natural Cogeneracion;IGNIS;UPATOMI
NUFRB01;18W000000000S81I;NUFRB01;0;Consumos directos en mercado;ENUFR;NUFRR01
NULENSE;18WNULENSE-12-DA;CERAMICA NULENSE SAU;6,8;Gas Natural Cogeneracion;DETIC;COGNULE
NUMAN;18W000000000T1X8;NUMAN;21,5;Solar fotovoltaica;CEG;FNUMAN
NUREL;18W000000000S201;NUREL;1;Comercializadores mercado libre;SHELL;SESAR01
NVARRA;18W000000000B7MA;FOT_NAVARRA;1;Solar fotovoltaica;GESTE;FNAVAR
NVLUC01;18W000000000GVJZ;NOVALUUP;0;Comercializadores mercado libre;NVLZE;NVLUC01
NWENC01;18W000000000SJEX;NWENC01;1;Comercializadores mercado libre;NORDW;NWENC01
NYCLC01;18W000000000N196;NATURGY CLIENTES COMPRA PE;2.000,00;Comercializadores mercado libre;NYCLI;NYCLC01
OBAGOLS;18W000000000S7OC;UF SOLAR OBAGOLS;1;Solar fotovoltaica;NEXU;FOBAGLS
OBISPO;18W000000000R9VX;UF SOLAR OBISPO;2,9;Solar fotovoltaica;NEXU;FOBISPO
ODFC01;18W-ODFC01-73--T;ODFC01;20;Comercializadores mercado libre;ODF;ODFC01
ODOB2;18W000000000QIG3;ODN DE BUEY II;15,5;Eolica terrestre;REPSB;EGALLE
ODOB3;18W000000000QO3B;ODOB3;11,8;Eolica terrestre;REPSB;EGALLE
OESTC01;18W-OESTC01-8--O;RONDA OESTE ENERGÍA, S.L.;1,2;Comercializadores mercado libre;OESTE;OESTC01
OHMIC01;18W00000000065FD;UNIDAD BASE DE PROGRAMACIN OHM;1;Comercializadores mercado libre;OHMIA;OHMIC01
OITURA;18W000000000SIGW;UF SOLAR OITURA;5;Solar fotovoltaica;NEXU;FOITURA
OIZ;18WOIZ-123456-EY;P. E. OIZ;34;Eolica terrestre;IBGES;EHIBGES
OIZ1;18WOIZ1-12345-AX;OIZ 1;0,4;Hidraulica UGH;IBEG;EBRA
OIZ2;18WOIZ2-12345-AN;OIZ 2;0,4;Hidraulica UGH;IBEG;EBRA
OJALBOS;18WOJALBOS-12-EZ;P.E. OJOS DE ALBOS;14,5;Eolica terrestre;HC G;HCGSCSA
OJER;18WOJER-12345-AT;OJER Y MARCOS;0,3;Hidraulica UGH;BARER;BEREBRO
OJUELOS;18W000000000S6HT;PFV PARAJE OJUELOS;2;Solar fotovoltaica;SOMEN;SENFV1
OKENC01;18W000000000JX82;OK ENERGIA;1;Comercializadores mercado libre;OKENE;OKENC01
OLALDE1;18WOLALDE1-123-L;OLALDE1;3,2;Hidraulica no UGH;EGED;HFEGED
OLALDE2;18WOLALDE2-123-E;C.H. OLALDEA II;0,9;Hidraulica no UGH;EGED;HFEGED
OLCESA;18WOLCESA-1234-U;OLCESA;20,7;Derivados del petroleo o carbon;DETIC;TCOOSU2
OLEC01;18W-OLEC01-57--J;OLE;0,2;Comercializadores mercado libre;OLE;OLEC01
OLEXTR;18W000000000O2VT;UF OLEXTRA;16,6;Gas Natural Cogeneracion;NEXU;TOLEXTR
OLI1;18WOLI1-12345--L;OLIANA 1;12,4;Hidraulica UGH;ENDG;EBRFEN
OLI2;18WOLI2-12345-AQ;OLIANA 2;12,4;Hidraulica UGH;ENDG;EBRFEN
OLI3;18WOLI3-12345-AG;OLIANA 3;12,4;Hidraulica UGH;ENDG;EBRFEN
OLISE;18W000000000O6Z9;OLISE;2;Solar fotovoltaica;GNRA;FVGNRA
OLIVA;18W000000000SRDB;UF SOLAR OLIVA;50;Solar fotovoltaica;NEXU;FOLIVA
OLIVC01;18W000000000ED0O;OLIVIA C01;0,1;Comercializadores mercado libre;OLIVC;OLIVC01
OLIVE23;18W000000000QA2I;OLIVENZA SOLAR 23;5;Solar fotovoltaica;ADXRE;OLIVE23
OLIVE24;18W000000000QA3G;OLIVENZA CENTRAL 24;5;Solar fotovoltaica;ADXRE;OLIVE24
OLIVENZ;18WOLIVENZ-12--7;OLIVENZA;50;Solar térmica;EGLE;SOLINZA
OLIVI;18WOLIVI-12345-E;PARQUE EÓLICO EL OLIVILLO;25,5;Eolica terrestre;WMARK;EFWMARK
OLIVNZA;18W000000000JVYU;OVNZA;4,7;Solar fotovoltaica;GESTE;FVENZA
OLIVRE2;18W000000000QHEA;UF SOLAR OLIVARES2;1,8;Solar fotovoltaica;NEXU;FOLIVR2
OLIVRE3;18W000000000QHG6;UF SOLAR OLIVARES3;1,8;Solar fotovoltaica;NEXU;FOLIVR3
OLIVRE4;18W000000000QHI2;UF SOLAR OLIVARES4;1,8;Solar fotovoltaica;NEXU;FOLIVR4
OLIVRES;18W000000000QFI8;UF SOLAR OLIVARES1;1,8;Solar fotovoltaica;NEXU;FOLIVRS
OLLEC01;18W000000000EYE7;OLLEC01;1,5;Consumos directos en mercado;OLLER;OLLEC01
OLMALR;18W000000000P2KA;UF SOLAR OLMALR;4,6;Solar fotovoltaica;NEXU;FOLMALC
OLMEDA;18W000000000LEU7;UF SOLAR OLMEDA;6;Solar fotovoltaica;NEXU;FOLMEDA
OLMEDIL;18W000000000N1LJ;FV OLMEDILLA;37,7;Solar fotovoltaica;IBGES;FIIBGES
OLMEDO;18WOLMEDO-1234-H;18WOLMEDO-1234-H;6,3;Gas Natural Cogeneracion;EGLE;TACOR
OLTEJAR;18WOLTEJAR-123-B;18WOLTEJAR-123-B;4,7;Biomasa;EGLE;ROLEIC
OLVE2;18W00000000005U7;CH PUENTE OLVEIRA II;6,3;Hidraulica no UGH;IGNIS;HXAL2
OLVEA;18W000000000S6R9;OLVEA;2;Solar fotovoltaica;GNRA;FVGNRA
OLVEIRA;18WOLVEIRA-12-A8;OLVEIRA;2,7;Hidraulica no UGH;IGNIS;HXAL2
OLVEN22;18W000000000QA1K;OLIVENZA SOLAR 22;5;Solar fotovoltaica;ADXRE;OLVEN22
OLVENZA;18W000000000L9I9;UF OLVENZA;5,3;Solar fotovoltaica;NEXU;FOLVNZ
OLVNOII;18WOLVNOII-12-EK;OLVEGA NOVIERCAS;13,8;Eolica terrestre;ECYR;EREGPEM
OLVNZA1;18W000000000QKHW;UF SOLAR OLIVENZA 1;5;Solar fotovoltaica;NEXU;FOLVNZ1
OLVNZA2;18W000000000QKJS;UF SOLAR OLIVENZA2;4,7;Solar fotovoltaica;NEXU;FOLVNZ2
OMHEC01;18W000000000LMTM;OMHEY;1;Comercializadores mercado libre;OHMEY;OMHEC01
ONCALA;18WONCALA-123-EK;P.E. ONCALA;24,7;Eolica terrestre;EGLE;ETASA
OND1;18WOND1-12345-AU;LAS ONDINAS 1;40,9;Hidraulica UGH;ENDG;SBEU
OND2;18WOND2-12345-AK;LAS ONDINAS 2;41,5;Hidraulica UGH;ENDG;SBEU
ONDA;18WONDA-12345-AE;ONDA 1;0,4;Hidraulica UGH;ASIE;ASIJUCA
ONDAB;18W000000000JLMA;ONDB;1,1;Solar fotovoltaica;GESTE;FONDAB
ONDAGEN;18WONDAGEN-12-DP;COGENERACIÓN ONDAGEN;13,2;Gas Natural Cogeneracion;EGLE;TTOVAG
ONDB;18WONDB-12345-A4;ONDA 2;0,4;Hidraulica UGH;ASIE;ASIJUCA
ONDC01;18W000000000SWXU;ONDC01;0,8;Consumos directos en mercado;ONDAR;ONDC01
ONDEC01;18W-ONDEC01-2--C;ONDEM;40;Comercializadores mercado libre;ONDEM;ONDEC01
ONDU;18W000000000QCJF;FV ONDUCART;1,3;Solar fotovoltaica;EFG;FGEFG
ONEACH;18W-ONEACH-19--4;ONEACH;0;Importacion Marruecos;ONE;ONEACH
ONEVEN;18W-ONEVEN-69--S;ONEVEN;0;Exportacion Marruecos;ONE;ONEVEN
ONIFW;18W000000000O6TL;ONIFW;1,3;Solar fotovoltaica;GNRA;FVGNRA
ONSEC01;18W000000000E0FX;ONSEC01;1,6;Consumos directos en mercado;ONS;ONSEC01
OOPPC01;18W000000000MMSK;OOPPC01;0,3;Consumos directos en mercado;OLIVA;OOPPC01
OPPIC01;18W-OPPIC01-8--W;OPPIDUM ENERGIA;2,5;Comercializadores mercado libre;OPPI;OPPIC01
ORBANEJ;18W000000000LV1E;PE ORBANEJA;31,2;Eolica terrestre;IBGES;EHIBGES
OREC;18WOREC-12345-A9;ORELLANA CANAL;3,6;Hidraulica UGH;ENDG;GDNA
OREL;18WOREL-12345-AU;ORELLANA;18;Hidraulica UGH;ENDG;GDNA
ORELLAN;18WORELLAN-123-7;TERMOSOLAR ORELLANA;49,9;Solar térmica;GNRA;NGORELL
OREMBER;18WOREMBER-123-R;OREMBER;11,9;Derivados del petroleo o carbon;EGLE;TOREMB
ORENSAN;18W000000000R7S8;ORENSAN;3,9;Gas Natural Cogeneracion;DETIC;COGRENS
ORFA;18WORFA-12345-AI;ORFA;0,3;Hidraulica UGH;ENDG;EBRFEN
ORGANO1;18WORGANO1-123-8;UF ORGANOGAS F1;10,4;Biogas;SHELL;SESBIO4
ORIA;18WORIA-12345-DG;18WORIA-12345-DG;5,4;Gas Natural Cogeneracion;EGLE;TORIA
ORKO;18W000000000Q4DE;PE ORKOIEN;5,7;Eolica terrestre;HISPE;EORKO
ORO1;18WORO1-12345-A9;ORONOZ 1;0,4;Hidraulica UGH;IBEG;EBRA
ORO2;18WORO2-12345--L;ORONOZ 2;0,4;Hidraulica UGH;IBEG;EBRA
ORTIZMA;18W000000000T0XB;ORTIZMAQUINARIA;2,9;Hidraulica no UGH;RSPRA;HHRSPRA
ORUJERA;18WORUJERA-123-H;ORUJERA;10;Gas Natural Cogeneracion;DETIC;COGORUJ
ORWEC01;18W000000000F0CZ;COMERCIALIZACION 1;0,1;Comercializadores mercado libre;ORWEL;ORWEC01
OSOSP;18W000000000Q7V6;OSOSP;36;Solar fotovoltaica;GNRA;PIZR
OSUNC01;18W-OSUNC01-7--J;OSUNC01;0,4;Consumos directos en mercado;OSUNA;OSUNC01
OTERO;18WOTERO-1234--3;P.E. OTERO Y PEÑA LA CUESTA;4,8;Eolica terrestre;BURGE;EBURGE
OUROL;18W000000000HTNT;UF EOLICA OUROL;22,5;Eolica terrestre;NEXU;EPOUROL
OUTES;18WOUTES-1234-E1;P. E. SERRA DE OUTES;33,6;Eolica terrestre;IGNIS;UPOUBAS
OVIEIRO;18WOVIEIRO-123-H;P.E. O VIEIRO;19,6;Eolica terrestre;IBGES;EHIBGES
OX81BK;18W000000000OSTT;OX81BK;1;Comercializadores mercado libre;FORTI;FORTR01
OXPEC01;18W000000000PRZG;OXPERTA ENERGA COMPRAS;5;Comercializadores mercado libre;OXPER;OXPEC01
P2PICOS;18WP2PICOS-123-Q;PE DOS PICOS;1,6;Eolica terrestre;WMARK;EFWMARK
PA11;18WPA11-12345-A9;PASTERAL I 1;6,3;Hidraulica UGH;ENDG;TERE
PA21;18WPA21-12345-AZ;PASTERAL II 1;0,8;Hidraulica UGH;ENDG;TERE
PA22;18WPA22-12345-AP;PASTERAL II 2;0,6;Hidraulica UGH;ENDG;TERE
PACESPA;18WPACESPA-123-D;18WPACESPA-123-D;1;Biogas;EGLE;RCESRE
PADORN3;18W000000000RXMG;PADORNELO3;20;Eolica terrestre;WMARK;EACIBER
PADUL;18WPADUL-12345-N;PARQUE EOLICO PADUL;18;Eolica terrestre;ECYR;EEGPEM
PAGU;18W000000000P4SP;PAGU;4;Eolica terrestre;GNRA;EFGNRA
PAJARIT;18W000000000PVF7;UF SOLAR PAJARITOS;2,4;Solar fotovoltaica;NEXU;FPJRTOS
PALACIO;18WPALACIO-123-J;18WPALACIO-123-J;9,9;Gas Natural Cogeneracion;EGLE;TPALAC
PALANAA;18W000000000046L;PALANAA;4,9;Hidraulica no UGH;RSPRA;HHRSPRA
PALEMAN;18W000000000IRXB;PSF EL PRIMO ALEMAN;39,8;Solar fotovoltaica;EGLE;FNEFTI
PALMAHI;18W000000000T3D5;FV PALMA HIVE;19,6;Solar fotovoltaica;HC G;HCGFVSA
PALO;18W000000000SVYV;PALO;10;Solar fotovoltaica;CEG;FPALO
PALOC01;18W0000000007JIZ;PALOC01;5;Consumos directos en mercado;PALAC;PALOC01
PALOM;18WPALOM-1234-AJ;PALOM;1,9;Hidraulica no UGH;IBGES;HFIBFZ
PALOS1;18WPALOS1-123-CB;PALOS G1;386,7;Ciclo Combinado;GNCC;PALOS1
PALOS2;18WPALOS2-123-C3;PALOS G2;389,1;Ciclo Combinado;GNCC;PALOS2
PALOS3;18WPALOS3-123-CW;PALOS G3;391;Ciclo Combinado;GNCC;PALOS3
PALRIO1;18WPALRIO1-123-J;PALMA DEL RIO I;50;Solar térmica;GNRA;SPSAETI
PALRIO2;18WPALRIO2-123-C;PALMA DEL RIO II;50;Solar térmica;GNRA;SPSAETI
PALS1;18W000000000O710;PALS1;1,5;Solar fotovoltaica;GNRA;FVGNRA
PALS2;18W000000000O72Z;PALS2;1,2;Solar fotovoltaica;GNRA;FVGNRA
PALTO;18WPALTO-1234-EH;P. E. PIEDRAS ALTO;34;Eolica terrestre;EGED;EGREEN
PAMESA;18WPAMESA-1234-2;18WPAMESA-1234-2;9,1;Gas Natural Cogeneracion;EGLE;TPAMEC
PAMP;18WPAMP-12345-AJ;PAMPANEIRA 1;12,6;Hidraulica UGH;ENDG;GDLQ
PAMPMO;18W000000000FW00;PE AMPLIACION MONTEJO;6,6;Eolica terrestre;GNCO;EGASNE1
PAMSA;18WPAMSA-12345-6;PAMSA;2;Hidraulica no UGH;CEG;HYPAMSA
PAN1;18WPAN1-12345-AQ;PANZARES 1;1,2;Hidraulica UGH;IBEG;EBRA
PAN2;18WPAN2-12345-AG;PANZARES 2;1,1;Hidraulica UGH;IBEG;EBRA
PANDERO;18WPEELPANDERO-O;PANDERO;20;Eolica terrestre;EGED;EGREEN
PANONDR;18W000000000K46F;PANONDRES;21;Eolica terrestre;IBGES;EHIBGES
PANRICO;18WPANRICO-123-6;HALAGO ALIMENTARIA, S.A;1,4;Gas Natural Cogeneracion;NEXU;TFNEXU
PANTANE;18WPANTANE-123-3;COG. BONNYSA PANTANET;5;Gas Natural Cogeneracion;CEG;TPANTA
PANUS;18W000000000O3CR;PAÑUELO SOLAR;1,9;Solar fotovoltaica;GAC;FAGAC
PAPERT;18WPAPERT-1234-B;PAPERTECH ENERGIA;8,4;Gas Natural Cogeneracion;COGEN;TAE6COG
PAPGUIZ;18WPAPGUIZ-123-9;PAPELERA GUIPUZCOANA;20;Residuos varios;EGLE;RPGUIZ
PAQUITO;18WPAQUITO-123-T;18WPAQUITO-123-T;3,6;Derivados del petroleo o carbon;EGLE;TCOPAQ
PAR1;18WPAR1-12345-AJ;PAREDONES 1;1,5;Hidraulica UGH;ENDG;GDLQ
PAR2;18WPAR2-12345-A9;PAREDONES 2;1,5;Hidraulica UGH;ENDG;GDLQ
PARADAS;18W000000000PXF1;PARQUE FV PARADAS;3;Solar fotovoltaica;EBLCO;FPARADA
PARADEL;18W000000000F5OX;PE PARADELA;12;Eolica terrestre;ECYR;EREGPES
PARAMO;18WPARAMO-1234-3;PE. PARAMO DE LOS ANGOSTILLOS;26;Eolica terrestre;EGED;EGREEN
PARCAS;18W000000000GEXL;FV PARCAS;33,1;Solar fotovoltaica;NEXU;FPARCAS
PARDINA;18WPARDINA-123-1;18WPARDINA-123-1;5;Hidraulica no UGH;EGLE;HBARDE
PARED3;18W000000000SYXO;UF SOLAR PARED 3;42;Solar fotovoltaica;NEXU;FPARED3
PARED4;18W000000000SYWQ;UF SOLAR PARED 4;42;Solar fotovoltaica;NEXU;FPARED4
PARED5;18W000000000SYZK;UF SOLAR PARED 5;42;Solar fotovoltaica;NEXU;FPARED5
PARED6;18W000000000SYVS;UF SOLAR PARED 6;42;Solar fotovoltaica;NEXU;FPARED6
PARED7;18W000000000SYYM;UF SOLAR PARED 7;42;Solar fotovoltaica;NEXU;FPARED7
PAREJ;18W000000000NVHB;PAREJ;2,5;Solar fotovoltaica;GNRA;FVGNRA
PARIDE;18W000000000IAJG;PARIDE;23,1;Eolica terrestre;EBLCO;EPARIDE
PARIZ;18WPARIZ-1234--T;PARIZ;19,2;Eolica terrestre;EGED;EGREEN
PARMADA;18WPARMADA-12-E8;P. E. PEÑA ARMADA;20,7;Eolica terrestre;ECYR;EREGPEM
PARMOF;18W000000000M0MO;PARMOF;2;Solar fotovoltaica;GNRA;PARMOC
PARQUE2;18W000000000SW86;UF SOLAR PARQUE2;8;Solar fotovoltaica;NEXU;FPRQUE2
PASAJES;18W000000000K0VE;UF FOTOVOLTAICA PASAJESOL;10;Solar fotovoltaica;NEXU;FPSJESO
PASCUAL;18WPASCUAL-123-U;18WPASCUAL-123-U;9,7;Gas Natural Cogeneracion;NEOSC;TNEOSC
PASERT;18W0000000005SM8;PASERTEX;5,3;Gas Natural Cogeneracion;COGEN;AE12COG
PASTOR;18W000000000GB2I;P E PASTORIZA RODEIRO;48,5;Eolica terrestre;GNCO;EGASNE2
PATAMUL;18WPATAMUL-12-D9;CEPM;17,2;Gas Natural Cogeneracion;GNRA;TCEPMSI
PATRON;18W000000000SWOB;PARQUE EOLICO EL PATRON;24;Eolica terrestre;EBLCO;EPATRON
PAUL;18W000000000SELY;PAUL;46,8;Eolica terrestre;REPSB;ESRQE
PAVISO;18W000000000S2SJ;PAVISO;1;Comercializadores mercado libre;ENDCO;ENDER01
PAXAMON;18WPAXAMON-12-EY;P.E. PAXAREIRAS-MONTEVOS;39,6;Eolica terrestre;EGLE;EEPLLG
PAXAR2;18WPAXAR2-123-EG;P.E. DE PAXAREIRAS II D Y E;34,8;Eolica terrestre;EGED;EPEAFG
PBAR;18W000000000SEI3;PBAR;36,4;Eolica terrestre;REPSB;ECERRAT
PBCN1;18WPBCN1-1234-PG;PUERTO BARCELONA GRUPO 1;434,8;Ciclo Combinado;GNCC;PBCN1
PBCN2;18WPBCN2-1234-P7;PUERTO BARCELONA GRUPO 2;431,4;Ciclo Combinado;GNCC;PBCN2
PBILBAO;18WPBILBAO-12-EM;PAR.EN. REN. PUERTO DE BILBAO;10;Eolica terrestre;EGED;EGREEN
PBLAN;18WPBLAN-1234-EJ;PBLAN;14,5;Eolica terrestre;EGED;EGREEN
PBLANCA;18WPBLANCA-12--T;PBLANCA;36,4;Eolica terrestre;EGED;EGREEN
PCANADA;18WPCANADA-12-ED;POZO DE CAÑADA;24,4;Eolica terrestre;IBGES;EHIBGES
PCD1;18WPCD1-12345-A1;LAS PICADAS 1;12,1;Hidraulica UGH;GNFG;UFTA
PCD2;18WPCD2-12345-AS;LAS PICADAS 2;12,2;Hidraulica UGH;GNFG;UFTA
PCOG;18WPCOG-12345-DK;P. COGENERACION SOGAMA;21,2;Gas Natural Cogeneracion;WMARK;TSOGAM
PCOGEN;18WPCOGEN-123-DJ;PENINSULAR COGENERACIÓN;7,3;Gas Natural Cogeneracion;EGLE;TPCOGEN
PCON;18WPCON-12345-AU;PUENTE CONGOSTO;0,8;Hidraulica UGH;ASIE;ASIDUE
PCRUZ;18WPCRUZ-1234-E3;P.E PENA DA CRUZ Y AMPLIACIÓN;22,9;Eolica terrestre;IBGES;EHIBGES
PCUERVO;18WPCUERVO-123-O;PARQUE EOLICO PEÑA DEL CUERVO;16;Eolica terrestre;WMARK;EFWMARK
PDIOS;18WPDIOS-12345-3;PARQUE EÓLICO PEÑAS DE DIOS I;39;Eolica terrestre;EGED;EMEDI1
PDIOS2;18WPDIOS2-1234-B;PARQUE EÓLICO PEÑAS DE DIOS II;28,5;Eolica terrestre;EGED;EMEDI1
PDM1;18WPDM1-12345-A1;PORTODEMOUROS 1;44;Hidraulica UGH;GNFG;UFGC
PDM2;18WPDM2-12345-AS;PORTODEMOUROS 2;44,1;Hidraulica UGH;GNFG;UFGC
PDRNOSO;18W000000000SQEC;UF SOLAR EL PEDERNOSO;2;Solar fotovoltaica;NEXU;FERNOSO
PE1;18WPE1-123456-A7;PORTO;17,3;Hidraulica UGH;ENDG;SBEU
PEA1;18WPEA1-12345-AA;LOS PEARES 1;59,9;Hidraulica UGH;GNFG;UFMI
PEA2;18WPEA2-12345-A0;LOS PEARES 2;60,3;Hidraulica UGH;GNFG;UFMI
PEA3;18WPEA3-12345-AR;LOS PEARES 3;60,6;Hidraulica UGH;GNFG;UFMI
PEABIL;18W000000000IGVB;PE ABLITAS;40;Eolica terrestre;CEG;EABILI
PEACSER;18WPEACSER-123-D;PARQUE EÓLICO AMPLIACIÓN COVA;25,2;Eolica terrestre;WMARK;EFWMARK
PEALMAT;18W-PEALMAT-5--W;P.E. ALMATRET;49,5;Eolica terrestre;WMARK;EFWMARK
PEANOIA;18WPEANOIA-123-Q;PARQUE EOLICO ALTA ANOIA;28;Eolica terrestre;EGLE;EALTAN
PEAPAS;18W000000000GC75;18W000000000GC75;36;Eolica terrestre;HISPE;EESTELO
PEARBO;18WPEARBO-1234-Y;18WPEARBO-1234-Y;2,7;Eolica terrestre;EGLE;EFERSA
PEARCAS;18W-PEARCAS-2--2;P.E. SIERRA DE ARCAS;22;Eolica terrestre;HISPE;ESIERAR
PEAREII;18WPEAREII-123-K;PEAREII;18,1;Hidraulica no UGH;GNCO;HFGASN
PEAYAMO;18W000000000QH8M;PE AYAMONTE;26;Eolica terrestre;WMARK;EAYAMON
PEBARA;18W000000000GTYB;P E BARASOAIN;36,3;Eolica terrestre;GNCO;EGASNE0
PEBARCH;18WPEBARCH-123-6;PARQUE EOLICO BARCHIN;28;Eolica terrestre;WMARK;EFWMARK
PEBECE;18W000000000NPV1;PARQUE EOLICO BECERRIL II-B;31;Eolica terrestre;CEG;EPEBECE
PECAMON;18WPECAMON-123-D;P.E. CARRASCALEJO-MONTE ALTO;15;Eolica terrestre;EBLCO;EECARAM
PECANRE;18WPECANRE-GU019;P.E. CANREDONDO;28;Eolica terrestre;GNCO;EGASNE1
PECARAM;18WPECARAM-123-D;P.E. CARAMONTE;49,9;Eolica terrestre;EBLCO;EECARAM
PECEATA;18W000000000SMTV;PE CERRO ATALAYA;1,6;Eolica terrestre;WMARK;EFWMARK
PECHAN;18WPECHAN-123-E3;P.E. PEDRA CHANTADA;21,7;Eolica terrestre;EGED;EFEGEL2
PECHU;18W000000000D4JH;PE CHMILLAS;50;Eolica terrestre;GNRA;EOTMR
PECON;18WPECON-12345-S;UF  PARQUE EÓLICO LOS CONCEJIL;11,6;Eolica terrestre;FEN;EMFEN
PECORII;18WPECORII-123-M;P.E.CORTIJO DE GUERRA II;28;Eolica terrestre;HISPE;ECORTG
PECORTI;18WPECORTI-123-8;P.E.CORTIJO GUERRA I(FASE 1);42;Eolica terrestre;EGLE;EPEPUR
PECOTER;18WPECOTER-123-A;P.E.EL COTEREJON;18;Eolica terrestre;CEG;EPECOTE
PECOUCE;18WPECOUCE-12-EG;P. E. COUCEPENIDO;33;Eolica terrestre;ECYR;EREGPEM
PECOUTE;18WPECOUTE-123-9;18WPECOUTE-123-9;7,8;Eolica terrestre;EGLE;EEOMAR
PECUEVA;18W000000000N3UW;18W000000000N3UW;100;Eolica terrestre;EGLE;EBOREA
PED1;18WPED1-12345-AE;PEDRALBA 1;0,6;Hidraulica UGH;ASIE;ASIJUCA
PED2;18WPED2-12345-A4;PEDRALBA 2;0,3;Hidraulica UGH;ASIE;ASIJUCA
PEDHIVE;18W000000000SS4Q;PEDREGAL HIVE;6,7;Solar fotovoltaica;HC G;HCGFVSA
PEDMA;18W000000000JJ5D;PEDMA;1;Solar fotovoltaica;GNRA;FVGNRA
PEDRAJA;18W000000000RD6Y;LA PEDRAJA I;3,2;Solar fotovoltaica;WMARK;FFWMARK
PEDREG;18W000000000NUZF;PE PEDREGALES;18;Eolica terrestre;EGED;EGREEN1
PEDREGA;18WPEDREGA-12--Y;P.E. PEDREGOSO A;15;Eolica terrestre;ADXRE;WAUDAX
PEDREGB;18WPEDREGB-12--R;P.E. PEDREGOSO B;15;Eolica terrestre;ADXRE;WAUDAX
PEDREGD;18WPEDREGD-12--D;P.E. PEDREGOSO D;15;Eolica terrestre;ADXRE;WAUDAX
PEDREJ;18W000000000T5QA;PE PEDREJONES;44;Eolica terrestre;SHEEN;SHEPV33
PEDRERO;18WPEDRERO-12-E3;PE PEDRERO;49,9;Eolica terrestre;GNCO;EFGASN
PEDROL;18W000000000MHLC;PEDROL;20,7;Eolica terrestre;NEXU;EPEDROL
PEDRON;18WPEDRON-1234-3;P.E. EL PEDRON;43,2;Eolica terrestre;HC G;HCGSCSA
PEDUENA;18WPEDUENA-12--M;PEDUENA;3,4;Eolica terrestre;IBGES;EHIBGES
PEEEE;18WPEEEE-12345-2;PEEEE;32;Eolica terrestre;ECYR;EREGPEM
PEESA;18WPEESA-1234-EY;PLANTA EOLICA EUROPEA;6;Eolica terrestre;ECYR;EREGPEM
PEGALLE;18WPEGALLE-12-EA;P. E. EL GALLEGO;24;Eolica terrestre;EGED;EGREEN
PEGNA01;18WPEGNA01-123-Y;P.E. PEÑA I;16;Eolica terrestre;GNCO;EGASNE1
PEGNA02;18WPEGNA02-123-R;P.E. PEÑA II;18;Eolica terrestre;ECYR;EEGPEM
PEIRIXO;18WPEIRIXO-123-U;PE.E IRIXO FASE I;19,8;Eolica terrestre;EGLE;EIRIXO
PEJAULI;18WPEJAULI-123-Y;PE ID JAULIN;4,5;Eolica terrestre;WMARK;EFWMARK
PEJEREZ;18WPEJEREZ-123-W;P.E. JEREZ;42,5;Eolica terrestre;EBLCO;EEJEREZ
PEL1;18WPEL1-12345-A0;EL PELGO 1;0,1;Hidraulica UGH;GNRA;HMSRO
PEL2;18WPEL2-12345-AR;EL PELGO 2;0,3;Hidraulica UGH;GNRA;HMSRO
PELACAM;18WPELACAM-123-C;PE LA CAMARA;18;Eolica terrestre;WMARK;EFWMARK
PELALIN;18WPELALIN-123-8;18WPELALIN-123-8;3;Eolica terrestre;EGLE;EDEPON
PELBAR;18W000000000P1IH;PE LES BARRANCS;22,9;Eolica terrestre;GNCO;EGASNE1
PELETES;18WPELETES-123-4;P.E. LOS ISLETES;26;Eolica terrestre;CEG;EANDAL
PELOMAS;18WPELOMAS-12--B;18WPELOMAS-12--B;2;Eolica terrestre;EBLCO;ERIANSA
PEMAMUT;18W000000000GDCT;18W000000000GDCT;2,4;Eolica terrestre;EGLE;EMAMUT
PEMARCA;18WPEMARCA-123-8;PARQUE EÓLICO MONTE ARCA;6;Eolica terrestre;WMARK;EFWMARK
PEMIJAN;18WPEMIJAN-12--B;PE PENA MIJAN;6;Eolica terrestre;WMARK;EFWMARK
PEMNTJO;18WPEMNTJO-BU02S;P.E. MONTEJO DE BRICIA;13,6;Eolica terrestre;GNCO;EGASNE1
PEMUEL;18WPEMUEL-123-E2;PEMUEL;16,2;Eolica terrestre;HISPE;RWESZN
PEMULTI;18W000000000NSP4;PE MULTITECNOLOGIA;36;Eolica terrestre;CEG;EPMULTI
PEMUR;18W000000000D4KF;PE MURCIA;37,6;Eolica terrestre;GNRA;EOTMR
PEN1;18WPEN1-12345-AF;PEÑADRADA 1;18,4;Hidraulica UGH;ENDG;SBEU
PEN2;18WPEN2-12345-A5;PEÑADRADA 2;19,7;Hidraulica UGH;ENDG;SBEU
PENA;18WPENA-12345--L;PENADEGUI;0,1;Hidraulica UGH;IBEG;EBRA
PENAS3;18W000000000SXGO;IB CUR  ( TARIFA, FOTOVOLTAICA;0,9;Solar fotovoltaica;ISMSL;PENAS3
PENAVA;18W000000000GB78;PE LA NAVA;17,1;Eolica terrestre;NEXU;ENAVA
PENAZA;18W000000000RPJ9;UF SOLAR LA PEÑAZA;10;Solar fotovoltaica;NEXU;FPENAZA
PEND1S;18W000000000GP65;CH PENDIS;1,2;Hidraulica no UGH;NEXU;HFNEXU
PENEDA;18WPENEDA-123-AY;C. H. PENEDA;10;Hidraulica no UGH;EGLE;HGIES
PENOUTA;18WPENOUTA-12-E9;ELECTRA NORTE PENOUTA;5,9;Eolica terrestre;NEXU;ENOUTA
PENTA;18W000000000RH7K;PENTA;1,1;Solar fotovoltaica;GNRA;FVGNRA
PENUCA;18WPENUCA-123-EN;P. E LA PEÑUCA;33;Eolica terrestre;CEG;EPENUCA
PEOCHAO;18WPEOCHAO-123-B;18WPEOCHAO-123-B;8;Eolica terrestre;EGLE;EARNO
PEOUROL;18WPEOUROL-123-K;P.E.OUROL;18;Eolica terrestre;EGLE;EOUROL
PEPALOM;18WPEPALOM-123-Y;P.E. PALOMAREJO;30;Eolica terrestre;WMARK;EPALOM
PEPRED;18W000000000P1JF;PE PUNTA REDONA;30;Eolica terrestre;GNCO;EGASNE1
PEQUINT;18WPEQUINT-123-V;P.E. QUINTANILLA;20;Eolica terrestre;HC G;HCGSCSA
PERAJ;18WPERAJ-12345-2;PARQUE EÓLICO PERALEJO FASE 1;42,5;0;EGED;EGREEN2
PERDIGU;18W000000000MJ43;PERDIGUERA;22;Eolica terrestre;HC G;HCGSCSA
PERDON;18WPERDON-123-EB;P. E. EL PERDÓN;20;Eolica terrestre;EGED;EGREEN
PERERU;18WPERERU-123-A0;PERERU;3,3;Hidraulica no UGH;IBGES;HFIBGES
PERIB;18W0000000006R2A;PE RIBEIRO;7,2;Eolica terrestre;FEN;EGFEN
PERODEN;18W000000000P1HJ;PE RODEN;7,2;Eolica terrestre;EGLE;EEOLEX
PERUCHO;18WPERUCHO-123-9;18WPERUCHO-123-9;1,3;Hidraulica no UGH;EGLE;HPERUC
PERUL;18WPERUL-1234-EV;P. E. EL PERUL S.L.;49,6;Eolica terrestre;EGLE;ELBOGA
PES1;18WPES1-12345-AY;PESQUERUELA 1;0,7;Hidraulica UGH;ASIE;ASIDUE
PES2;18WPES2-12345-AO;PESQUERUELA 2;0,7;Hidraulica UGH;ASIE;ASIDUE
PESERO;18WPESERO-1234-7;P.E.EOLICO SERON;49,5;Eolica terrestre;CEG;EPESERO
PESIL;18WPESIL-1234-ET;P.E. SIL;49,2;Eolica terrestre;IBGES;EHIBGES
PESLOA;18WPESLOA-1234-2;PARQUE EÓLICO SAN LORENZO A;48,7;Eolica terrestre;EGLE;EEPESLO
PESLOB;18WPESLOB-1234-V;PARQUE EÓLICO SAN LORENZO B;39,3;Eolica terrestre;EGLE;EEPESLO
PESLOC;18WPESLOC-1234-N;P.E. SAN LORENZO C (BAJOZ);28,1;Eolica terrestre;EGLE;EEBAJOZ
PESLOD;18WPESLOD-1234-F;P.E. SAN LORENZO D;33,7;Eolica terrestre;EGLE;EEHORN
PESTRIZ;18W000000000N3WS;18W000000000N3WS;49,9;Eolica terrestre;EGLE;EPTRIZ
PESURI;18WPESURI-1234-6;P.E.PESUR I;42;Eolica terrestre;ECYR;EREGPES
PETAE;18W000000000D4LD;PE TARAZONA;9,6;Eolica terrestre;GNRA;LECDE
PETAHUN;18W000000000KZYE;PE TAHUNA;20;Eolica terrestre;EBLCO;EETAHUN
PETELLA;18WPETELLA-123-L;PARQUE EÓLICO LA TELLA;50;Eolica terrestre;PEALT;EALTIPL
PETORSA;18WPETORSA-12--8;PETORSA;29,9;Eolica terrestre;EGED;EGREEN
PETRC01;18W-PETRC01-6--S;PETRC01;2,5;Comercializadores mercado libre;PESL;PETRC01
PEUADIX;18W000000000NXF9;18W000000000NXF9;3,4;Eolica terrestre;EGLE;EACCIT
PEUNTAL;18WPEUNTAL-123-7;P.E. EL PUNTAL;26;Eolica terrestre;EGLE;EUNTAL
PEVALI;18W0000000008A3E;PE VALIENTE;20;Eolica terrestre;CEG;E1CEG
PEVALV;18W000000000SENU;PEVALV;49,5;Eolica terrestre;GNCO;EFGASN
PEVEGAS;18WPEVEGAS-123-6;PEVEGAS;22;Eolica terrestre;CEG;EANDAL
PEVIL1;18W000000000S8IL;PEVIL1;48,3;Eolica terrestre;GNRA;EFGNRA
PEVIL2;18W000000000S8JJ;PEVIL2;18,4;Eolica terrestre;GNRA;EFGNRA
PEVIU1;18WPEVIU1-1234-H;P.E. EL VIUDO I;40;Eolica terrestre;CEG;EPEVIU1
PEVIU2;18WPEVIU2-1234-9;P.E. EL VIUDO II;26;Eolica terrestre;CEG;EPECATA
PEZARZU;18WPEZARZU-123-M;18WPEZARZU-123-M;41,8;Eolica terrestre;EGLE;ECYLEO
PEZORRE;18W000000000KZZC;PE ZORRERAS;20;Eolica terrestre;EBLCO;EEZORRE
PFACINA;18WPUERTOFACINAL;P.E. PUERTO FACINAS;12;Eolica terrestre;NEXU;EFACINA
PFLOR3;18WPFLOR3-1234-T;PE PEÑAFLOR 3;48,9;Eolica terrestre;IBGES;EHIBGES
PFLOR4;18WPFLOR4-1234-L;PE PEÑAFLOR 4;48,9;Eolica terrestre;IBGES;EHIBGES
PFORCA;18W000000000GA2L;P E PEÑA FORCADA;7,2;Eolica terrestre;GNCO;EGASNE2
PGALLO;18WPGALLO-123-E2;PGALLO;24,4;Eolica terrestre;GNRA;EFGNRA
PGATO;18WPGATO-12345-4;P.E. PEÑA DEL GATO;50;Eolica terrestre;ECYR;EEGPES
PGOM;18WPGOM-12345-AT;PIAGO DE MARTUL;0,3;Hidraulica UGH;WMARK;PGOM
PGORDO;18W000000000GEZH;FV PEROGORDO;38,7;Solar fotovoltaica;NEXU;FPEROGO
PGR5TG1;18WPGR5TG1-123-T;CC AS PONTES G.RODRI.G5 T.GAS1;276,6;Ciclo Combinado;ENDG;PGR5
PGR5TG2;18WPGR5TG2-123-M;CC AS PONTES G.RODRI.G5 T.GAS2;276,3;Ciclo Combinado;ENDG;PGR5
PGR5TV;18WPGR5TV-1234-A;CC AS PONTES G.RODRI.G5 T.VAP.;302,7;Ciclo Combinado;ENDG;PGR5
PGRANDE;18WPGRANDE-12-EM;PEÑAS GRANDES;14,4;Eolica terrestre;IGNIS;EGVENTO
PIC1;18WPIC1-12345-AE;PICOAGA 1;0,2;Hidraulica UGH;IBEG;EBRA
PIC2;18WPIC2-12345-A4;PICOAGA 2;0,2;Hidraulica UGH;IBEG;EBRA
PICAL;18WPICAL-1234-EF;PICAL;19,8;Eolica terrestre;EGED;EGREEN
PICAZO;18WPICAZO-1234-T;P.E. PICAZO;14;Eolica terrestre;ECYR;EEGPEM
PICOCOL;18WPICOCOLLALBA0;P.E. PICO COLLALBAS;30;Eolica terrestre;IBGES;EHIBGES
PICON2;18W000000000FW5R;ISFV PICON II;46;Solar fotovoltaica;GNCO;FGASNE2
PICON3;18W000000000FW4T;ISFV PICON III;46;Solar fotovoltaica;GNCO;FGASNE2
PICONI;18W000000000FW1Z;ISFV PICON I;46;Solar fotovoltaica;GNCO;FGASNE2
PIEBG;18W000000000QZIM;PIEBG;3;Solar fotovoltaica;GNRA;FVGNRA
PIEDRA;18W000000000NQU0;PE PIEDRAHITA;19,8;Eolica terrestre;HC G;HCGSIHA
PIEDRA2;18W000000000RB9Y;BECOSA FUENTE DE PIEDRA 2;8;Biomasa;EGLE;RFUENP
PIEDRAL;18WPIEDRAL-123-V;UF C.H. SALTO PIEDRALAVES;1;Hidraulica no UGH;INTRA;HHTTRIN
PIEITOI;18WPIEITOI-123-K;CENTRAL DE PIE DE PRESA DE ITO;28,6;Hidraulica no UGH;CEG;HHITOIZ
PIEROL;18WPIEROL-1234-Y;CERAM PIEROLA;4,4;Derivados del petroleo o carbon;CEG;TPIERO
PILAR;18WPILAR-1234-EA;P. E. EL PILAR;15;Eolica terrestre;GNCO;EFPART
PIN1;18WPIN1-12345-A4;PINTADO 1;12,2;Hidraulica UGH;ENDG;GDLQ
PIN2;18WPIN2-12345-AV;PINTADO 2;6,3;Hidraulica UGH;ENDG;GDLQ
PIN3;18WPIN3-12345-AL;PINTADO 3;14,1;Hidraulica UGH;ENDG;GDLQ
PIN3B;18WPINTADOBOMBAB;CH PINTADO GRUPO 3 - BOMBEO;14,4;Consumo bombeo;ENDG;GDLQB
PINCI;18W000000000T0CG;PINCI;2,3;Hidraulica no UGH;GNRA;HFGNRA
PINDC01;18W000000000R24Y;UP PINDO PENINSULA;10;Comercializadores mercado libre;PINDO;PINDC01
PINGUIN;18W000000000R1RS;PE PINTA Y GUINDALERA;100;Eolica terrestre;EGLE;EPRADA2
PINILLA;18WPINILLA-12-EI;PINILLA;22,9;Eolica terrestre;IBGES;EHIBGES
PINUS;18W000000000QAWW;UF SOLAR PINUS;2;Solar fotovoltaica;NEXU;FABLITA
PIOCB;18W000000000RH9G;PIOCB;8,5;Solar fotovoltaica;GNRA;FVGNRA
PIPSC;18W000000000QZ85;PIPSC;1,1;Solar fotovoltaica;GNRA;FVGNRA
PISUC01;18W000000000SK69;PISUE UP;1;Comercializadores mercado libre;PISUE;PISUC01
PITIEGU;18W000000000R9ZP;UF SOLAR PITIEGU;3,8;Solar fotovoltaica;NEXU;FPITIEG
PIZARR2;18W000000000SC8T;PSF LA PIZARRA II;4,9;Solar fotovoltaica;WMARK;FPIZAII
PIZARRO;18W000000000N9F7;FV FRANCISCO PIZARRO;430;Solar fotovoltaica;IBGES;FIBGEPI
PLA1;18WPLA1-12345-A0;PUENTELARRA 1;1,1;Hidraulica UGH;IBEG;EBRA
PLA2;18WPLA2-12345-AR;PUENTELARRA 2;1,1;Hidraulica UGH;IBEG;EBRA
PLA3;18WPLA3-12345-AH;PUENTELARRA 3;1,2;Hidraulica UGH;IBEG;EBRA
PLABALS;18WPLABALS-12-EK;P.E. PLANA DE LA BALSA;24;Eolica terrestre;HISPE;RWESZN
PLAEM;18WPLAEM-12345-1;P.E. PLA DEMBALAGUE;37,5;Eolica terrestre;MEDI;EMEDI
PLANA;18WPLANA-1234-AF;PLANA;5;Hidraulica no UGH;DETIC;HFPLANA
PLANA1;18WPLANA1-123-EK;PLANA1;4,1;Eolica terrestre;WMARK;EFWMARK
PLANA2;18WPLANA2-123-EC;P.E. LA PLANA II;16,5;Eolica terrestre;IBGES;EHIBGES
PLANA3;18WPLANA3-123-E4;P.E. LA PLANA III;21;Eolica terrestre;IBGES;EHIBGES
PLANAMA;18WPLANAMA-12-EI;P.E. PLANA DE MARIA;24;Eolica terrestre;HISPE;RWESZN
PLASC01;18W-PLASC01-7--H;INDUSTRIAS PLASTICAS DEL PISUE;0,9;Consumos directos en mercado;PLAS;PLASC01
PLASE1;18W000000000MHN8;PLASE1;4;Solar fotovoltaica;NEXU;FPLASE
PLASE2;18W000000000MHO6;PLASE2;6;Solar fotovoltaica;NEXU;FPLASE
PLASFO;18W000000000RCEL;UF SOLAR JUNEDA PLASOLFO;1,7;Solar fotovoltaica;NEXU;FJUNEDA
PLAST;18WPLAST-12345-K;UNIDAD FISICA PLASTIVERD;7,3;Gas Natural Cogeneracion;AME;TPLAST
PLATBIO;18WPLATBIO-123-C;PLATBIO;6;Biomasa;CEG;RCMOVA
PLATC01;18W0000000006C3G;PLATC01;0,6;Consumos directos en mercado;PLATA;PLATC01
PLAZARA;18WPLAZARA-12-E6;P.E. PLANA ZARAGOZA;24;Eolica terrestre;HISPE;RWESZN
PLCFW;18W000000000RUE4;PLCFW;1,8;Solar fotovoltaica;GNRA;FVGNRA
PLEN1;18W000000000QT8N;PLEN1;48,1;Eolica terrestre;HISPE;EPLEN1
PLEZUZA;18WPLEZUZA-123-W;P.E. LEZUZA;25;Eolica terrestre;CEG;EELEZU
PLIAC01;18W000000000SRX8;UP SIMPLIA;0,1;Comercializadores mercado libre;SIMP;PLIAC01
PLLANO;18W000000000N1NF;HB PUERTOLLANO II;80;0;IBGES;FBHIBHV
PLODOSO;18WPLODOSO-123-6;PARQUE EÓLICO LODOSO;49,5;Eolica terrestre;EGLE;ELBOGA
PLZ1;18WPLZ1-12345-AL;PLAZACOLA;0,2;Hidraulica UGH;BARER;BEREBRO
PMA1;18WPMA1-12345-AP;PEDRO MARIN 1;5,1;Hidraulica UGH;ENDG;GDLQ
PMA2;18WPMA2-12345-AF;PEDRO MARIN 2;7,8;Hidraulica UGH;ENDG;GDLQ
PMALAGA;18WPMALAGA-123-I;PARQUE EÓLICO PUERTO DE MÁLAGA;12;Eolica terrestre;IBGES;EHIBGES
PMERE2;18W000000000QJTB;PE MERENGUE II;49,5;Eolica terrestre;GNCO;EGASNE1
PMEREN;18W000000000EZAC;PARQUE EOLICO MERENGUE;39,3;Eolica terrestre;GNCO;EGASNE2
PMN1;18WPMN1-12345-AU;PUENTE MONTAÑANA 1;22;Hidraulica UGH;ENDG;EBRFEN
PMN2;18WPMN2-12345-AK;PUENTE MONTAÑANA 2;22;Hidraulica UGH;ENDG;EBRFEN
PMSU;18W000000000SWT1;PMSU;15;Eolica terrestre;REPSB;ECERRAT
PNDERAS;18W000000000QQAS;PANADERAS;45;Eolica terrestre;GESTE;EPDERAS
PNEBINA;18WPNEBINA-123-8;P. E. PEÑA NEBINA;20;Eolica terrestre;EGED;EGREEN1
PNO1;18WPNO1-12345-A7;PONTE NOVO 1;12,7;Hidraulica UGH;IBEG;SIL
PNO2;18WPNO2-12345-AY;PONTE NOVO 2;13;Hidraulica UGH;IBEG;SIL
PNO3;18WPNO3-12345-AO;PONTE NOVO 3;6;Hidraulica UGH;IBEG;SIL
PNO4;18WPNO4-12345-AE;PONTE NOVO 4;6,2;Hidraulica UGH;IBEG;SIL
POB1;18WPOB1-12345-AR;LA POBLA DE SEGUR GR. 1;6,5;Hidraulica UGH;ENDG;EBRFEN
POB2;18WPOB2-12345-AH;LA POBLA DE SEGUR GR. 2;6,5;Hidraulica UGH;ENDG;EBRFEN
POBRADO;18WPOBRADO-123-Y;18WPOBRADO-123-Y;3;Eolica terrestre;CEG;E1CEG
POCICO;18W000000000M00V;UF SOLAR POCICO SALAO;4,4;Solar fotovoltaica;NEXU;FPOCICO
POCILLO;18WPOCILLO-123-O;ALTO POCILLO;4;Eolica terrestre;MIRAS;EMIRASI
POINF;18W000000000D4MB;PONTE INFERNO;4,2;Hidraulica no UGH;GNRA;HFGNRA
POLAC01;18W000000000S15V;UP PEN POLAR;0,1;Comercializadores mercado libre;POLAR;POLAC01
POLLOS;18W000000000RTBD;UF SOLAR POLLOS;8,1;Solar fotovoltaica;NEXU;FPOLLOS
POLUX;18W000000000PSDK;POLUX;7,6;Eolica terrestre;REPSB;EVIENG
PONCC01;18W0000000006S7Y;PONTS COMERCIALITZADORA MUNICI;0,7;Comercializadores mercado libre;PONTC;PONCC01
PONIX;18W000000000P3GF;PONIX;12,5;Solar fotovoltaica;GNRA;FVPON
PONT;18W000000000GPCU;CH PONT;1,1;Hidraulica no UGH;NEXU;HFNEXU
PONXC01;18W-PONXC01-8--R;CONSUMO PONTEVEDRA;30;Consumos directos en mercado;ENCEG;PONXC01
POQ1;18WPOQ1-12345-AA;POQUEIRA 1;5,1;Hidraulica UGH;ENDG;GDLQ
POQ2;18WPOQ2-12345-A0;POQUEIRA 2;5,1;Hidraulica UGH;ENDG;GDLQ
POR1;18WPOR1-12345--L;PORTLUX 1;0,5;Hidraulica UGH;ASIE;ASIJUCA
POR2;18WPOR2-12345-AQ;PORTLUX 2;0,5;Hidraulica UGH;ASIE;ASIJUCA
PORCELA;18W0000000001U4H;PORCELA;3,8;Gas Natural Cogeneracion;CEG;TPORCE
PORTAC;18WPORTAC-123-EJ;P. E. EL PORTACHUELO;45;Eolica terrestre;HC G;HCGSIHA
PORTEL;18WPORTEL-1234-0;PORTEL;4,9;Eolica terrestre;IBGES;EHIBGES
PORTOLI;18WPORTOLI-123-N;PORTOLIN;1,5;Hidraulica no UGH;DETIC;HFDETIC
PORTOMO;18WPORTOMO-123-A;PORTODEMOUROS;9,7;Hidraulica no UGH;GNCO;HFGASN
PORVC01;18W000000000PSIA;PORVC01;1,5;Consumos directos en mercado;PORVE;PORVC01
POSOC01;18W000000000RAO7;POWER SOLAR TRADE SL;0,6;Comercializadores mercado libre;POWED;POSOC01
POTEC01;18W0000000003PMP;POTENZIA COMERCIALZADORA SL;0,5;Comercializadores mercado libre;POTEN;POTEC01
POTRA;18WPOTRA-1234--B;18WPOTRA-1234--B;2,6;Eolica terrestre;EGLE;EESBGG
POUSADO;18WPOUSADO-123-0;P.E. POUSADOIRO-FONSECA FASE I;23,5;Eolica terrestre;ECYR;EEGPEM
POWCP3;18W0000000000PBM;POWERMART EXPORT;300;Importacion Francia;POWER;POWCP3
POWEC01;18W000000000H4Y8;POWERMART RETAIL BUY;100;Comercializadores mercado libre;POWER;POWEC01
POWNC01;18W000000000R4NR;POWNC01;0;Comercializadores mercado libre;POWEN;POWNC01
POWRC01;18W000000000T51N;POWEC01;10;Comercializadores mercado libre;POWEE;POWRC01
POWSJ;18W000000000O9IY;POWSJ;2;Solar fotovoltaica;GNRA;FVGNRA
POWSJ2;18W000000000O77P;POWSJ2;1,1;Solar fotovoltaica;GNRA;FVGNRA
POWVP3;18W0000000000PCK;POWERMART APS;300;Exportacion Francia;POWER;POWVP3
POZALMU;18WPOZALMU-123-N;18WPOZALMU-123-N;1,5;Eolica terrestre;EGLE;EPOZAL
POZCB;18W000000000RWXY;POZCB;2,9;Solar fotovoltaica;GNRA;FVGNRA
POZOC01;18W-POZOC01-7--T;POZO;1,5;Comercializadores mercado libre;POZO;POZOC01
POZOHON;18W000000000R9XT;UF SOLAR POZOHONDO;3;Solar fotovoltaica;NEXU;FPZHON
PPE1;18WPPE1-12345-AJ;PUERTO PEÑA 1;18,2;Hidraulica UGH;ENDG;GDNA
PPE2;18WPPE2-12345-A9;PUERTO PEÑA 2;18,2;Hidraulica UGH;ENDG;GDNA
PPE3;18WPPE3-12345--L;PUERTO PEÑA 3;18,2;Hidraulica UGH;ENDG;GDNA
PPIEDRA;18W000000000M815;UF SOLAR PUENTE DE PIEDRA;2,2;Solar fotovoltaica;NEXU;FPPIEDR
PPOLA;18WPPOLA-1234-EA;P. E. PLANAS DE POLA;35,6;Eolica terrestre;HC G;HCGSIHA
PPOZA1;18WPPOZA1-123-EV;P. E. PARAMO DE POZA I;48,9;Eolica terrestre;IGNIS;EPPOZA
PPOZA2;18WPPOZA2-123-EN;P. E. PARAMO DE POZA II;48,7;Eolica terrestre;IGNIS;EPPOZA
PRADC01;18W0000000002HQ8;PRADC01;1,7;Consumos directos en mercado;PRADO;PRADC01
PRADILL;18W000000000H80R;PRADILLO;22,5;Eolica terrestre;IBGES;EHIBGES
PRADOS;18WPRADOS-1234-H;LOS PRADOS;1,2;Solar fotovoltaica;WMARK;FFWMARK
PRD1;18WPRD1-12345-A6;PRADA 1;35,5;Hidraulica UGH;ENDG;SBEU
PRD2;18WPRD2-12345-AX;PRADA 2;35,2;Hidraulica UGH;ENDG;SBEU
PRDLUN1;18W000000000OM9D;PRADO LUNA 1 SOLANA ENERGY SL;4,6;Solar fotovoltaica;CEG;FPLUNA1
PRDLUN2;18W000000000OMAB;PRADO LUNA2 STAR POWER ENERGY;4,6;Solar fotovoltaica;CEG;FPLUNA2
PRDLUN3;18W000000000OMB9;PRADO LUNA3 SUNNA POWER SL;4,6;Solar fotovoltaica;CEG;FPLUNA3
PRE1;18WPRE1-12345-AW;PONT DE REI GR.1 (ARTIES);22,8;Hidraulica UGH;ENDG;EBRFEN
PRE2;18WPRE2-12345-AM;PONT DE REI GR.2 (ARTIES);22,8;Hidraulica UGH;ENDG;EBRFEN
PREMB;18WPREMB-1234-D5;MB PAPELES ESPECIALES;3,4;Gas Natural Cogeneracion;NEXU;TMBPE
PRENCI;18WPRENCI-123-E9;P. E. PREJANO-ENCISO;29,7;Eolica terrestre;IBGES;EMRIBGE
PREVOLT;18WPREVOLT-123-X;P.E. PEÑA REVOLTA;14;Eolica terrestre;ECYR;EEGPEM
PRI1;18WPRI1-12345-AP;PRIAÑES 1;4,1;Hidraulica UGH;HC G;HCHI
PRI2;18WPRI2-12345-AF;PRIAÑES 2;4,1;Hidraulica UGH;HC G;HCHI
PRI3;18WPRI3-12345-A5;PRIAÑES 3;9,8;Hidraulica UGH;HC G;HCHI
PRIMC01;18W000000000OGWM;PRIME GREEN ENERGY;1;Comercializadores mercado libre;PRIME;PRIMC01
PRIMORL;18W000000000F66T;PRIMORAL;34,6;Eolica terrestre;ECYR;EEGPES
PRIOH;18W000000000QVKU;PRIOH;42;Solar fotovoltaica;GNRA;UPPRIOH
PROSC01;18W000000000M41H;PROSOL COMPRA;25;Comercializadores mercado libre;PROSA;PROSC01
PROTC01;18W-PROTC01-7--O;PROT ENERGIA COMERCIALIZACION;0,8;Comercializadores mercado libre;PROTC;PROTC01
PROVE;18W000000000M0RE;PROVE;1,8;Solar fotovoltaica;GNRA;LAPEN
PRTIDOR;18W000000000N68U;CH PARTIDOR;0,5;Hidraulica no UGH;HC G;HCHI2
PRTREAL;18W000000000OOYV;FV PUERTO REAL 2;44;Solar fotovoltaica;CEG;FPTREAL
PRY1;18WPRY1-12345-AY;LA PARAYA 1;1,4;Hidraulica UGH;REPSB;VIES
PRY2;18WPRY2-12345-AO;LA PARAYA 2;1,1;Hidraulica UGH;REPSB;VIES
PRZ1;18WPRZ1-12345-AN;PROAZA 1;24,7;Hidraulica UGH;HC G;HCHI
PRZ2;18WPRZ2-12345-AD;PROAZA 2;24,7;Hidraulica UGH;HC G;HCHI
PSAR;18W000000000S70N;PSAR;50;Eolica terrestre;REPSB;ECERRAT
PSE1;18WPSE1-12345-AK;PUERTO SEGURO 1;0,2;Hidraulica UGH;IBEG;DUER
PSE2;18WPSE2-12345-AA;PUERTO SEGURO 2;0,3;Hidraulica UGH;IBEG;DUER
PSFAGA1;18W000000000SC40;PSF AGATHA;40,8;Solar fotovoltaica;WMARK;FPSFAGA
PSFART1;18W000000000SC5Z;PSF ARTEMISA;40,8;Solar fotovoltaica;WMARK;FPSFART
PSFBARG;18W000000000SXQ4;PSF BARGAS;38,4;Solar fotovoltaica;EGLE;FGFBAR
PSFESM1;18W000000000SC6X;PSF ESMERALDA;40,8;Solar fotovoltaica;WMARK;FPSFESM
PSFGES1;18W000000000SC16;PSF GESTENIA;40,8;Solar fotovoltaica;WMARK;FPSFGES
PSFHER1;18W000000000SC7V;PSF HERACLES;40,8;Solar fotovoltaica;WMARK;FPSFHER
PSFJAD1;18W000000000SC32;PSF JADE;40,8;Solar fotovoltaica;WMARK;FPSFJAD
PSFMONT;18W000000000SI7D;FV MONTESUSIN;0,9;Solar fotovoltaica;WMARK;FFWMARK
PSFSES1;18W000000000SC24;PSF SENEN;40,8;Solar fotovoltaica;WMARK;FPSFSES
PSFVNIN;18W000000000N02N;PSFV NINOBE;4,8;Solar fotovoltaica;WMARK;FFWMARK
PSMORON;18WPSMORON-123-V;PST MORON;49,9;Solar térmica;EGLE;SGTSMOR
PSOFSAX;18W000000000RKPC;PARQUESAX;3;Solar fotovoltaica;GESTE;FPSFSAX
PSOL;18W000000000PYQD;FV PUERTA DEL SOL;44;Solar fotovoltaica;HISPE;FPSOL
PSOLAR3;18WPSOLAR3-123-C;TERMOSOLAR GEMASOLAR;17;Solar térmica;GNRA;TSGNR3
PSR1;18WPSR1-12345-AP;PONT DE SUERT 1;7,7;Hidraulica UGH;ENDG;EBRFEN
PSR2;18WPSR2-12345-AF;PONT DE SUERT 2;7,7;Hidraulica UGH;ENDG;EBRFEN
PTEJADA;18WPTEJADA-12-ER;18WPTEJADA-12-ER;9,6;Eolica terrestre;IGNIS;EGASUR
PTENC01;18W000000000O9RG;UP PARATIENERGIA;0,1;Comercializadores mercado libre;PTENG;PTENC01
PTRESTE;18W000000000RFZ7;PE TREST;30;Eolica terrestre;GNCO;EGASNE1
PTROC01;18W000000000I16W;SOLUCIONES PREMMIA ENERGIA;0,1;Comercializadores mercado libre;PTROL;PTROC01
PUBPT;18W000000000SFJZ;PUBPT;3,5;Solar fotovoltaica;GNRA;FVGNRA
PUCELA;18W000000000GEM6;FV PUCELA;15,9;Solar fotovoltaica;NEXU;FPUCELA
PUCHERU;18WPEPUCHERUELO6;PE PUCHERUELO FASE 2;22,9;Eolica terrestre;ECYR;EEGPEM
PUEBLA;18W000000000S7S4;PUEBLA;1,7;Solar fotovoltaica;GAC;FPGAC
PUEBLA1;18W000000000Q59J;FV PUEBLA1;13;Solar fotovoltaica;NEXU;FPUEBL1
PUEBLA2;18W000000000Q6IZ;PUEBLA2;7,8;Solar fotovoltaica;NEXU;FPUEBL2
PUEBLAC;18W000000000RT9H;UF SOLAR PUEBLA DE CASTRO;1,2;Solar fotovoltaica;NEXU;FPCSTRO
PUENTEN;18WPUENTEN-123-J;18WPUENTEN-123-J;2,7;Hidraulica no UGH;EGLE;HMICAN
PUERTO;18WPUERTO-123-ES;PUERTO;25;Eolica terrestre;ECYR;EREGPEM
PUERTOB;18W000000000OKQM;CERÁMICA DOBON;0,8;Derivados del petroleo o carbon;LMER;PUERTOB
PUERTOR;18W000000000KBH9;PV PUERTOREAL;110;Solar fotovoltaica;ADXRE;PREAL1
PUIC01;18W000000000MNDA;PUIC01;0,7;Consumos directos en mercado;TEXTB;PUIC01
PUIGPOR;18W000000000RSZ5;PUIGPORC;2,1;Solar fotovoltaica;RSPRA;FFRSPRA
PUJALT;18WPUJALT-1234-5;P.E PUJALT;42;Eolica terrestre;EGLE;EPUJAL
PULPAL;18WPULPAL-123-EI;PULPAL;17,2;Eolica terrestre;EGED;EGREEN
PULSC01;18W-PULSC01-9--M;PULSAR SERVICIOS ENERGETICOS;0,1;Comercializadores mercado libre;PULSA;PULSC01
PUMAR;18WPUMAR-12345-F;P.E. BAOS Y PUMAR;39,9;Eolica terrestre;HC G;HCGSCSA
PUN1;18WPUN1-12345-A8;PUENTE NUEVO 1 HIDRAUL.;6,5;Hidraulica UGH;GNFG;UFTA
PUN2;18WPUN2-12345-AZ;PUENTE NUEVO 1 HIDRAUL.;6,7;Hidraulica UGH;GNFG;UFTA
PUN3;18WPUN3-12345-AP;PUENTE NUEVO 1 HIDRAUL.;6,7;Hidraulica UGH;GNFG;UFTA
PUNAGO;18WPUNAGO-123-EV;P.E. PUNAGO;30,3;Eolica terrestre;EGED;EGREEN
PUNCB;18W000000000RH5O;PUNCB;3;Solar fotovoltaica;GNRA;FVGNRA
PUNIFA;18W000000000HK3M;PUNIFA;1,6;Solar fotovoltaica;RSPRA;FFRSPRA
PUNPI;18W000000000NWMZ;PUNPI;4,8;Solar fotovoltaica;GNRA;FVGNRA
PUNTAL;18W000000000N1KL;EL PUNTAL;15;Eolica terrestre;IBGES;EHIBGES
PURR;18WPURR-12345-A0;PURROY;0,5;Hidraulica UGH;ENDG;EBRACC1
PURSC;18W000000000O6MZ;PURSC;2,9;Solar fotovoltaica;GNRA;FVGNRA
PUYLOBO;18W000000000JUQC;PUYLOBO;48,5;Eolica terrestre;IBGES;EHIBGES
PVEGA;18WPVEGA-1234--H;P.E. PARAMO VEGA;18;Eolica terrestre;IBGES;EHIBGES
PVENT1;18WPVENT1-1234-X;PLANA DEL VENT1;420,1;Ciclo Combinado;GNCC;PVENT1
PVENT2;18WPVENT2-1234-P;PLANA DEL VENT2;414;Ciclo Combinado;HISPE;PVENT2
PVENT2X;18W-PVENT2X-5--M;PVENT2X;15;Consumo de Servicios Auxiliares;HISPE;PVENT2X
PVESAIC;18WPVESAIC-123-P;PLANTA DE VALORACIÓN ENERGET;49,9;Residuos varios;EGLE;RSAICA
PVPEDRE;18W000000000RMQ4;PVPEDRE;4,5;Solar fotovoltaica;EFG;UPGR031
PVVIDAL;18W000000000PHAM;PVVIDALUF;2,4;Solar fotovoltaica;TSRDE;PVVIDAL
PX31AV;18W000000000OSWN;PX31AV;1;Comercializadores mercado libre;FORTI;FORTR01
PX81BE;18W000000000SSG2;PX81BE;1;Comercializadores mercado libre;FORTI;FORTR01
PX81CB;18W000000000OSUR;PX81CB;1;Comercializadores mercado libre;FORTI;FORTR01
PX81PI;18W000000000OSVP;PX81PI;1;Comercializadores mercado libre;FORTI;FORTR01
PYCEUR;18WPYCEUR-123-DR;18WPYCEUR-123-DR;5;Gas Natural Cogeneracion;EGLE;TPYCE
PYCEUR2;18W0000000000QED;18W0000000000QED;4,9;Gas Natural Cogeneracion;EGLE;TPYCE
PYRSA1;18W000000000S2TH;PYRSA1;1;Comercializadores mercado libre;ENDCO;ENDER01
PZACB;18W000000000RHBC;PZACB;1,1;Solar fotovoltaica;GNRA;FVGNRA
PZBCB;18W000000000RM2F;PZBCB;1,2;Solar fotovoltaica;GNRA;FVGNRA
PZCP;18WPZCP-12345-AE;POZO CAPITAN;0,1;Hidraulica UGH;VIEG;PZCP
PZHCB;18W000000000RKV0;PZHCB;3,5;Solar fotovoltaica;GNRA;FVGNRA
PZICUNA;18WPZICUNA-123-Z;PAPELERA GUIPUZCOANA ZICUÑAGA;48,6;Gas Natural Cogeneracion;EGLE;TPGUIZ
QALME;18W000000000HBHL;QALME;1,4;Solar fotovoltaica;GNRA;FVGNRA
QAMAZ;18W000000000JJDY;QAMAZ;3;Solar fotovoltaica;GNRA;FVGNRA
QENEC01;18W0000000008L6C;QUASAR ENERGIA;0,1;Comercializadores mercado libre;QENER;QENEC01
QIJOTE;18W000000000LFFY;UF QUIJOTE;10;Solar fotovoltaica;NEXU;FQIJOTE
QLLKZ;18W000000000R1I9;QLLKZ;50;Solar fotovoltaica;GNRA;UPQLL
QRN1;18WQRN1-12345-AV;QUEREÑO GR. 1;18,2;Hidraulica UGH;ENDG;SBEU
QRN2;18WQRN2-12345-AL;QUEREÑO GR. 2;18,2;Hidraulica UGH;ENDG;SBEU
QTNCB;18W000000000RHE6;QTNCB;1,5;Solar fotovoltaica;GNRA;FVGNRA
QUALC01;18W000000000P4VJ;QUANTUM COMERCIALIZADORA PENIN;1;Comercializadores mercado libre;QUANA;QUALC01
QUALIC;18W0000000001HNI;QUALICAPS;2;Gas Natural Cogeneracion;WMARK;TQUALI
QUATC01;18W000000000OYIX;QUANTICA COMERCIALIZADORA;1;Comercializadores mercado libre;QUANT;QUATC01
QUE1;18WQUE1-12345-AK;QUEILES I 1;0,2;Hidraulica UGH;ASIE;ASIEBR2
QUE2;18WQUE2-12345-AA;QUEILES I 2;1;Hidraulica UGH;ASIE;ASIEBR2
QUE3;18WQUE3-12345-A0;QUEILES II 1;0,4;Hidraulica UGH;IBEG;EBRA
QUE4;18WQUE4-12345-AR;QUEILES II 2;0,4;Hidraulica UGH;IBEG;EBRA
QUE5;18WQUE5-12345-AH;QUEILES II 3;0,4;Hidraulica UGH;IBEG;EBRA
QUEBRAD;18WQUEBRAD-12-AE;18WQUEBRAD-12-AE;2,3;Hidraulica no UGH;EGLE;HBARLO
QUEMAD2;18W000000000R86C;LAS QUEMADAS;10;Solar fotovoltaica;WMARK;FQUEMA2
QUI1;18WQUI1-12345-AD;QUINTANILLA ESCALADA 1;0,3;Hidraulica UGH;IBEG;EBRA
QUI2;18WQUI2-12345-A3;QUINTANILLA ESCALADA 2;0,3;Hidraulica UGH;IBEG;EBRA
QUIJOT3;18W000000000R5W6;UF SOLAR EL QUIJOTE 3;5;Solar fotovoltaica;NEXU;FQIJOT3
QUIJOTE;18W000000000F6BJ;FV QUIJOTE;34,3;Solar fotovoltaica;ECYR;FREGPEM
QUIMICC;18W000000000S1YA;QUIMICC;21,9;Comercializadores mercado libre;EBLCO;EBLCR01
QUINI;18W000000000LS97;LAS QUINIENTAS SPV;90,7;Solar fotovoltaica;SHEEN;SHEPV07
QUINTA2;18W000000000JGU9;PE QUNITANILLA 2;10;Eolica terrestre;HC G;HCGSCSA
QUNT;18WQUNT-12345-AB;QUINTANA;7,6;Hidraulica UGH;IBEG;EBRA
R000079;18WR000079-123-5;AGUAS DE VALLADOLID;2,7;Gas Natural Cogeneracion;NEXU;TFNEXU
R000249;18WR000249-123-B;TARRIO;4,6;Hidraulica no UGH;ECYR;HEGPE
R000251;18WR000251-123-M;LA CASTELLANA;1,3;Hidraulica no UGH;NEXU;HFNEXU
R000287;18WR000287-123-U;HIDRENER;1,8;Hidraulica no UGH;NEXU;HFNEXU
R000667;18WR000667-123-A;HIJOS DE JOSE BASSOLS;1,4;Hidraulica no UGH;BECO;BECVH01
R000835;18WR000835-123-U;SALTO DEL MOLINO;2,5;Hidraulica no UGH;NEXU;HFNEXU
R000837;18WR000837-123-G;SAN RAFAEL DE NAVALLANA;4,2;Hidraulica no UGH;NEXU;HFNEXU
R000849;18W000000000IQFD;EOLICA SERRA DO CANDO;29,2;Eolica terrestre;NEXU;ESDCAND
R000850;18W000000000IQEF;EOLICA MONTE SEIXO;34,9;Eolica terrestre;NEXU;ESEIXO
R000855;18WR000855-123-E;R000855;2,3;Hidraulica no UGH;EBLCO;HGDF01
R000856;18WR000856-123-7;R000856;3;Hidraulica no UGH;EBLCO;HGDF01
R001000;18WR001000-123-3;R001000;3,2;Hidraulica no UGH;EBLCO;HGDF01
R001001;18WR001001-123-X;R001001;2,8;Hidraulica no UGH;EBLCO;HGDF01
R001002;18WR001002-123-Q;R001002;3,6;Hidraulica no UGH;EBLCO;HGDF01
R001003;18WR001003-123-J;R001003;4,8;Hidraulica no UGH;EBLCO;HGDF01
R001004;18WR001004-123-C;R001004;1,4;Hidraulica no UGH;EBLCO;HGDF01
R001005;18WR001005-123-5;R001005;1,4;Hidraulica no UGH;EBLCO;HGDF01
R001006;18WR001006-123-Z;R001006;1,4;Hidraulica no UGH;EBLCO;HGDF01
R001008;18WR001008-123-L;R001008;1,6;Hidraulica no UGH;EBLCO;HGDF01
R001009;18WR001009-123-E;R001009;1,2;Hidraulica no UGH;EBLCO;HGDF01
R001010;18WR001010-123-W;R001010;4;Hidraulica no UGH;EBLCO;HGDF01
R001011;18WR001011-123-P;R001011;4,8;Hidraulica no UGH;EBLCO;HGDF01
R001012;18WR001012-123-I;R001012;2,2;Hidraulica no UGH;EBLCO;HGDF01
R002032;18W000000000IQAN;EOLICA LA PLATA;21,2;Eolica terrestre;NEXU;EPLATA
R002395;18W000000000IQ8R;EOLICA SIERRA DE TRIGO;15,1;Eolica terrestre;NEXU;ETRIGO
R002635;18WR002635-123-S;UTE PLANTA D ASSECATGE DE RUBI;6,1;Gas Natural Cogeneracion;NEXU;TEDARUB
R003981;18W000000000IQ9P;EOLICA LA MUELA NORTE;29,7;Eolica terrestre;NEXU;EMUELA
R004036;18W000000000SD9O;UF EOLICA COMIOLICA;36;Eolica terrestre;NEXU;ECOMLIC
R00418;18W000000000OY4O;UF HIDRO LA PLANA;1,1;Hidraulica no UGH;NEXU;HFNEXU
R004851;18WR004851-123-2;CH PEÑA DEL AGUILA;1,6;Hidraulica no UGH;IGNIS;HAGUI
R006314;18W000000000IQCJ;EOLICA SERRA DA LOBA;36;Eolica terrestre;NEXU;EDALOBA
R007535;18W000000000IQDH;EOLICA EL SARDON;25,5;Eolica terrestre;NEXU;ESARDON
R009965;18W000000000IQGB;EOLICA EL CONJURO;17;Eolica terrestre;NEXU;ECONJUR
R011441;18W000000000IQH9;EOLICA VALDECONEJOS;32,3;Eolica terrestre;NEXU;EVDCONE
R023922;18W000000000IQL1;EOLICA LA CERRADILLA 2;22;Eolica terrestre;NEXU;ECERAD2
R023923;18W000000000IQJ5;EOLICA EL CARRASCAL 2;28;Eolica terrestre;NEXU;ECARRA2
R023925;18W000000000IQI7;EOLICA EL CARRASCAL;49,5;Eolica terrestre;NEXU;ECARRAI
R023926;18W000000000IQK3;EOLICA LA CERRADILLA;49,5;Eolica terrestre;NEXU;ECERADI
R051797;18WR051797-123-N;ARTEMISA PIRENAICA;1,4;Solar fotovoltaica;NEXU;FFNEXU
R057547;18WR057547-123-L;INVESIONES RECURSOS SOLARES;3,7;Solar fotovoltaica;NEXU;FFNEXU
R057548;18WR057548-123-E;INVERSIONES RECURSOS SOLARES;1,1;Solar fotovoltaica;NEXU;FFNEXU
R057852;18WR057852-123-L;RIOS ENERGOS;1,5;Solar fotovoltaica;NEXU;FFNEXU
R060380;18WR060380-123-4;CALASPARRA RENOVABLES SL;6;Solar fotovoltaica;GNRA;FSPARRA
R060381;18WR060381-123-Y;CALASPARRA RENOVABLES SL;6;Solar fotovoltaica;GNRA;FSPARRA
R061001;18WR061001-123-4;PROYECTOS CASTELLANOS;1,3;Solar fotovoltaica;NEXU;FFNEXU
R061778;18WR061778-123-L;SAN CLEMENTE SOLAR;5;Solar fotovoltaica;NEXU;FSANCTE
R061779;18WR061779-123-E;SAN CLEMENTE SOLAR;5;Solar fotovoltaica;NEXU;FFNEXU
R064483;18WR064483-123-8;FOT MEJORADA;1,5;Solar fotovoltaica;NEXU;FGAMNSA
R065394;18WR065394-123-T;RURAL SERV. Y TRAMITACIONES;3,8;Solar fotovoltaica;NEXU;FFNEXU
R066502;18WR066502-123-D;INFRACLASS RENEWABLES SPAIN SL;6,7;Solar fotovoltaica;NEXU;FINFREN
R066886;18WR066886-123-5;CONVERTIDOR SOLAR SESENTASEIS;7,2;Solar fotovoltaica;NEXU;FCONV61
R067048;18WR067048-123-B;ASSET SESTRA SOLAR SA;7,5;Solar fotovoltaica;NEXU;FASSEST
R067049;18WR067049-123-4;ASSET ENERGIA SOLAR SA;7;Solar fotovoltaica;NEXU;FASSENE
R067050;18WR067050-123-M;ASSET LOGISTIC SOLAR;7;Solar fotovoltaica;NEXU;FASSLOG
R067929;18WR067929-123-D;CASTILLEJA ENERGIA.;9,8;Solar fotovoltaica;NEXU;FCASTJA
R069263;18WR069263-123-T;I.F ATZENETA TRES;1,5;Solar fotovoltaica;NEXU;FFNEXU
R069924;18WR069924-123-S;ACTIU BERBEGAL Y FORMAS;1,9;Solar fotovoltaica;NEXU;FFNEXU
R072271;18WR072271-123-K;EL ESTERO SOLAR;4,4;Solar fotovoltaica;NEXU;FFNEXU
R072801;18WR072801-123-M;DISOLARFV PORTILLO;1,2;Solar fotovoltaica;NEXU;FFNEXU
R073084;18WR073084-12--B;SOLCAT ENERGIA;1,2;Solar fotovoltaica;NEXU;FFNEXU
R075266;18WR075266-123-0;FOTOVOLTAICA MADRIGAL;1,7;Solar fotovoltaica;NEXU;FFNEXU
R075839;18WR075839-123-N;VEGASVER;2,5;Biogas;TRADB;TYTRDB
R100197;18WR100197-123-J;ACTIU BERBEGAL Y FORMAS;1,5;Solar fotovoltaica;NEXU;FFNEXU
R100198;18WR100198-123-C;ACTIU BERBEGAL Y FORMAS;1,5;Solar fotovoltaica;NEXU;FFNEXU
R100228;18WR100228-123-M;AGUAS DE VALLADOLID;1,3;Biogas;NEXU;RFNEXU
R100293;18WR100293-123-1;TABLEROS GARFER;3,6;Gas Natural Cogeneracion;NEXU;TGARFER
R100336;18WR100336-123-J;GLORIA SOLAR, LTD;1,9;Solar fotovoltaica;NEXU;FFNEXU
R100591;18WR100591-123-P;PARQUE ARAGON U.T.E;2;Solar fotovoltaica;NEXU;FFNEXU
R101169;18WR101169-123-J;MONZINIMAN XXI;1,1;Solar fotovoltaica;NEXU;FFNEXU
R101887;18WR101887-123-S;GESTION CUBIERTAS SOLARES;2;Solar fotovoltaica;NEXU;FCABLDO
R102343;18WR102343-123-C;AAVYC GESTION 2000 SL;5,7;Solar fotovoltaica;NEXU;FAAVYC
R102344;18WR102344-123-5;UF SOLAR RE-102344;4,9;Solar fotovoltaica;NEXU;FAAVYC
R102793;18WR102793-123-A;FORMACION PARA LA PROYECCION;1,1;Solar fotovoltaica;NEXU;FFNEXU
R103299;18WR103299-123-3;MONTESOLAICA X;5;Solar fotovoltaica;NEXU;FFNEXU
R103347;18WR103347-123-B;INICIATIVAS SOLARES ANDALUZAS;1,8;Solar fotovoltaica;NEXU;FFNEXU
R104077;18WR104077-123-4;SOLARPARK SPANIEN 16;1,2;Solar fotovoltaica;NEXU;FFNEXU
R104208;18WR104208-123-Z;NET ENVIRONMENT;2;Solar fotovoltaica;NEXU;FFNEXU
R104436;18WR104436-123-7;PARQUE SOLAR  VERILLEJA I;9,9;Solar fotovoltaica;NEXU;FSCASTU
R104628;18WR104628-123-K;DESARROLLOS ENERGETICOS SOLARE;6,8;Solar fotovoltaica;NEXU;FDESENE
R104679;18WR104679-123-A;RINGSTED PV XI;1,5;Solar fotovoltaica;NEXU;FABACUS
R105181;18WR105181-123-J;TEQUI SOLAR 1;5;Solar fotovoltaica;NEXU;FTEQUI1
R105284;18WR105284-123-Q;PARQUE SOLAR  VERILLEJA II;9,9;Solar fotovoltaica;NEXU;FSCASTU
R105502;18WR105502-123-3;CARPIO FOTOVOLTAICA;3,4;Solar fotovoltaica;NEXU;FFNEXU
R105666;18WR105666-123-T;ALINA SOLAR;1,8;Solar fotovoltaica;NEXU;FFNEXU
R105667;18WR105667-123-M;ALINA SOLAR;1,7;Solar fotovoltaica;NEXU;FFNEXU
R105788;18WR105788-123-R;AR ZORITA SOLAR;2;Solar fotovoltaica;NEXU;FFNEXU
R105957;18WR105957-123-3;GRUPO SOLAR BASICO DELTA 2;1,6;Solar fotovoltaica;NEXU;FFNEXU
R106094;18WR106094-123-Q;PROMOC. FOTOV. BETULA;7,4;Solar fotovoltaica;NEXU;FBETULA
R106095;18WR106095-123-J;PROMOC. FOTOV. CASTANEA;2;Solar fotovoltaica;NEXU;FCTANEA
R106096;18WR106096-123-C;PROMOC. FOTOV. CORYLUS;2;Solar fotovoltaica;NEXU;FCRYLUS
R106097;18WR106097-123-5;PROMOCIONES FOT. FAGUS;1,4;Solar fotovoltaica;NEXU;FPFAGUS
R10618;18W0000000009REB;ISF DAGANZO;1,9;Solar fotovoltaica;NEXU;FFNEXU
R106200;18WR106200-123-Y;C2C INVERPARK I;2;Solar fotovoltaica;NEXU;FFNEXU
R106557;18WR106557-123-T;PROJECT GRIÑON;1,1;Solar fotovoltaica;NEXU;FCLASA
R106912;18WR106912-123-N;BROTOS GESTIONA;1;Solar fotovoltaica;NEXU;FFNEXU
R106990;18WR106990-123-A;PARQUE FOTOV. TARACENA;3;Solar fotovoltaica;NEXU;FFNEXU
R107649;18W000000000M3GR;FV BANYERES 1600;1,6;Solar fotovoltaica;DREUA;FDREU07
R10776;18W0000000009RF9;ISF MECO;2;Solar fotovoltaica;NEXU;FFNEXU
R107768;18WR107768-123-N;CONSULTAS Y ASESORAMIENTOS;1,4;Solar fotovoltaica;NEXU;FFNEXU
R107776;18WR107776-123-T;PUERTO REAL FV;1,5;Solar fotovoltaica;NEXU;FFNEXU
R107928;18WR107928-123-0;ZARZA M SOLAR SLU;7;Solar fotovoltaica;NEXU;FZARZMS
R108502;18WR108502-123-A;SAJA RENOVABLES;1,2;Solar fotovoltaica;NEXU;FFNEXU
R108503;18WR108503-123-3;SAJA RENOVABLES;1,2;Solar fotovoltaica;NEXU;FFNEXU
R109231;18WR109231-123-A;E. RENOV. DEL MAR MENOR;2;Solar fotovoltaica;NEXU;FFNEXU
R109313;18WR109313-123-3;MONTILLA FOTOVOLTAICA;7,1;Solar fotovoltaica;NEXU;FMONTFV
R109391;18WR109391-123-R;FOTOSOLARIUM 61;2;Solar fotovoltaica;NEXU;FFNEXU
R109450;18WR109450-123-K;CANTILLANA FOTOVOLTAICA;3,7;Solar fotovoltaica;NEXU;FFNEXU
R109455;18WR109455-123-M;VALFONDO DESARROLLOS;1,2;Solar fotovoltaica;NEXU;FFNEXU
R109584;18WR109584-123-X;SAJA RENOVABLES;1,2;Solar fotovoltaica;NEXU;FFNEXU
R109850;18WR109850-123-L;CUBIERTAS SOLARES PARKING VA;2;Solar fotovoltaica;NEXU;FFNEXU
R109856;18WR109856-123-G;CUBIERTAS SOLARES MONTAJE VA;2;Solar fotovoltaica;CYE;FFCYEES
R110022;18WR110022-123-Y;UNIBAIL RODAMCO INVERSIONES;1;Gas Natural Cogeneracion;NEXU;TFNEXU
R110167;18WR110167-123-W;MONZINIMAN XXI;1,7;Solar fotovoltaica;NEXU;FFNEXU
R110168;18WR110168-123-P;MONZINIMAN XXI;1;Solar fotovoltaica;NEXU;FFNEXU
R110205;18WR110205-123-B;ISA EOLICAS;3,6;Solar fotovoltaica;NEXU;FFNEXU
R110262;18WR110262-123-L;CUBIERTAS SOLARES PALENCIA 1;2;Solar fotovoltaica;NEXU;FFNEXU
R110362;18WR110362-123-C;FV 2000 IKEA JEREZ;2;Solar fotovoltaica;NEXU;FFNEXU
R110417;18WR110417-123-8;FOTOSOLARIUM 10 SL;6,3;Solar fotovoltaica;NEXU;FSARIUM
R110512;18WR110512-123-Y;FV INVERS. COLECTIVAS;2;Solar fotovoltaica;NEXU;FENRIOS
R110513;18WR110513-123-R;SOLAR GLOBAL INVESTMEN;3,7;Solar fotovoltaica;NEXU;FPEDROL
R110718;18WR110718-123-B;ESF SPANIEN 0427;1;Solar fotovoltaica;NEXU;FFNEXU
R110912;18W000000000SIV2;UF SOLAR R110912;2;Solar fotovoltaica;NEXU;FCELEO
R110961;18WR110961-123-2;BECERRO SOLAR;2,8;Solar fotovoltaica;NEXU;FFNEXU
R110986;18WR110986-123-P;IKEA VALLS DC 1;2;Solar fotovoltaica;NEXU;FFNEXU
R110987;18WR110987-123-I;IKEA VALLS DC 2;2;Solar fotovoltaica;NEXU;FFNEXU
R111020;18WR111020-123-1;FV IKEA MALAGA;2;Solar fotovoltaica;NEXU;FFNEXU
R111158;18WR111158-123-N;MIRALBAIDA ENERGIA VIII;1,2;Solar fotovoltaica;NEXU;FFNEXU
R111236;18WR111236-123-7;SOLNUEVE INFRAESTRUCTURAS;2;Solar fotovoltaica;NEXU;FAIRM1
R111237;18WR111237-123-0;SOLNUEVE INFRAESTRUCTURAS;2;Solar fotovoltaica;NEXU;FAIRM2
R111364;18W000000000APAL;FV MISTRAL;1,7;Solar fotovoltaica;DREUA;F1DREUA
R111696;18W000000000IQNY;UF VILLENA;49,9;Solar térmica;NEXU;STVILLE
R11257;18W00000000073UM;ALCARREÑAS;1,1;Solar fotovoltaica;NEXU;FYUNQUE
R11289;18W000000000G55U;FV FERNANDINA;45,8;Solar fotovoltaica;NEXU;FFERNAN
R112946;18W000000000GKNN;GOYA1;33;Eolica terrestre;EBLCO;EEBLCO1
R112947;18W000000000GKOL;GOYA3;33;Eolica terrestre;EBLCO;EEBLCO2
R112948;18W000000000GKPJ;GOYA2;30;Eolica terrestre;EBLCO;EEBLCO1
R112949;18W000000000GKQH;GOYA4;38,3;Eolica terrestre;EBLCO;EEBLCO2
R112986;18W000000000GKRF;SENECA;38,9;Solar fotovoltaica;EBLCO;FEBLCO4
R113031;18W000000000GTH8;MONLORA II;49,5;Eolica terrestre;EBLCO;EEBLCO3
R113033;18W000000000GTL0;LA SARDA;30;Eolica terrestre;EBLCO;EEBLCO7
R113041;18W000000000GTJ4;MONLORA V;30;Eolica terrestre;EBLCO;EEBLCO5
R113044;18W000000000H3QR;PARQUE EOLICO LA RINCONADA;30;Eolica terrestre;EBLCO;EEBLCO9
R113045;18W000000000H3L0;PARQUE ELICO EL SASO;10;Eolica terrestre;EBLCO;EEBLCO8
R113046;18W000000000GTK2;MONLORA I;49,5;Eolica terrestre;EBLCO;EEBLCO6
R113047;18W000000000GTI6;MONLORA III;49,5;Eolica terrestre;EBLCO;EEBLCO4
R113050;18W000000000H4Z6;PARQUE ELICO LA ESTANCIA;7,8;Eolica terrestre;EBLCO;EEBLC11
R113052;18W000000000H3RP;PARQUE ELICO MONFORTE I;49,4;Eolica terrestre;EBLCO;EEBLC10
R113081;18W000000000HJ0V;PARQUE ELICO CAACOLOMA;20,9;Eolica terrestre;EBLCO;EEBLC13
R113082;18W000000000HIZ1;PARQUE ELICO EL SASO;17,5;Eolica terrestre;EBLCO;EEBLC12
R113084;18W000000000HIW7;PARQUE ELICO SIERRA DE LUNA;17,5;Eolica terrestre;EBLCO;EEBLC14
R113101;18W000000000I0EJ;PARQUE ELICO MONFORTE II;22,8;Eolica terrestre;EBLCO;EEBLC16
R113102;18W000000000I0DL;PARQUE EOLICO MONLORA IV;21,6;Eolica terrestre;EBLCO;EEBLC15
R113142;18W000000000IUW4;LA ESCALARETA II;23,6;Eolica terrestre;EBLCO;EEBLC17
R113324;18W000000000KQF5;PE SOLIEDRA;21;Eolica terrestre;IGNIS;UPSOLI
R113352;18W000000000L0E7;PE BARRAX NORTE-SUR;40;Eolica terrestre;EBLCO;EEBLC19
R113371;18W000000000L8RV;CHINCHILLA DE MONTEARAGON;27,3;Eolica terrestre;EBLCO;EEBLC20
R113993;18W000000000RITA;UF SOLAR TRUCHA;33;Solar fotovoltaica;NEXU;FTRUCHA
R114294;18W000000000QCHJ;UF SOLAR MARPANI;42,2;Solar fotovoltaica;NEXU;FMRPANI
R114575;18W000000000RJ1Q;UF SOLAR LENTISCO;5;Solar fotovoltaica;NEXU;FLNTSCO
R114767;18W000000000RGE9;UF SOLAR ALYA;41;Solar fotovoltaica;NEXU;FVALYA
R114792;18W000000000RIX2;UF SOLAR CAPILLA;42;Solar fotovoltaica;NEXU;FCPILLA
R114799;18W000000000RIV6;UF SOLAR LAS MULAS;19,2;Solar fotovoltaica;NEXU;FLMULAS
R114812;18W000000000RJ4K;UF SOLAR CALATRAVA 2;41;Solar fotovoltaica;NEXU;FCTRAV2
R1O4580;18W000000000MHBW;UF SOLAR RE-104580;1,2;Solar fotovoltaica;NEXU;FPHLIPS
R1O4581;18W000000000MH81;UF SOLAR RE-104581;2;Solar fotovoltaica;NEXU;FFNEXU
R1O7032;18W000000000MHAY;UF SOLAR RE-107032;2;Solar fotovoltaica;NEXU;FFNEXU
R436-29;18W000000000IQBL;EOLICA EL REDONDAL;30,6;Eolica terrestre;NEXU;EREDON
R63672;18W000000000MH73;UF SOLAR RE-063672;2,2;Solar fotovoltaica;NEXU;FALBESA
R63984;18W000000000M16G;UF SOLAR HELIOS1;10;Solar fotovoltaica;NEXU;FHELIO1
R66288;18W000000000M19A;UF SOLAR HELIOS2;10;Solar fotovoltaica;NEXU;FHELIO2
R96F165;18WR96F165-123-4;LA ELECTRICA DE RIPOLL;1;Hidraulica no UGH;NEXU;HFNEXU
R96F343;18WR96F343-123-G;HIDROELECTRICA DEL GUADALOPE;2,8;Hidraulica no UGH;NEXU;HFNEXU
R97D339;18WR97D339-123-S;SOLVAY II;42;Gas Natural Cogeneracion;REPSB;TSOLVAY
R98D509;18WR98D509-123-N;MADERAS CAJARAVILLE, S.L;2,2;Derivados del petroleo o carbon;NEXU;TDNEXU
R99D578;18W000000000OIQS;UF COG CHAPELA;2,9;Derivados del petroleo o carbon;NEXU;TCHAPEL
R99D579;18WR99D579-123-U;ECOWARM DE GALICIA, S.L;4,3;Derivados del petroleo o carbon;NEXU;TDNEXU
R99D631;18WR99D631-123-Z;KAUMAN, S.A;2,7;Derivados del petroleo o carbon;NEXU;TDNEXU
RABIA;18W-RABIA-448--M;P.E. LA RABIA;21,7;Eolica terrestre;GNCO;EGASNE0
RABIDA2;18WRABIDA2-123-A;COGENERACION LA RABIDA II;49,4;Gas Natural Cogeneracion;CEPSA;RABIDA2
RABINAL;18WRABINAL-12-ES;P. E. RABINALDO;9;Eolica terrestre;HC G;HCGSCSA
RAC1;18WRAC1-12345-AA;RACIONEROS 1;1,1;Hidraulica UGH;ENDG;GDLQ
RAC2;18WRAC2-12345-A0;RACIONEROS 2;1,1;Hidraulica UGH;ENDG;GDLQ
RADONA1;18WRADONA1-123-U;PARQUE EÓLICA RADONA 1;24;Eolica terrestre;IBGES;EHIBGES
RADONA2;18WRADONA2-123-N;PARQUE EÓLICA RADONA 2;32;Eolica terrestre;IBGES;EHIBGES
RANCHOF;18W000000000RV3N;FGST145;40;Solar fotovoltaica;GESTE;FGST145
RANCHOV;18WRANCHO-VIEJOH;P.E. RANCHO VIEJO;14,4;Eolica terrestre;NEXU;ERANCHO
RAPOS;18WRAPOS-1234-EZ;RAPOS;40,5;Eolica terrestre;IGNIS;UPRASPO
RAYAC01;18W000000000F3AU;RAYAC01;0,1;Comercializadores mercado libre;RAYAN;RAYAC01
RBD1;18WRBD1-12345-AO;RIBADELAGO 1;1,3;Hidraulica UGH;ENDG;TEES
RBD2;18WRBD2-12345-AE;RIBADELAGO 2;11,3;Hidraulica UGH;ENDG;TEES
RBD3;18WRBD3-12345-A4;RIBADELAGO 3;11,3;Hidraulica UGH;ENDG;TEES
RBD4;18WRBD4-12345-AV;RIBADELAGO 4;11,3;Hidraulica UGH;ENDG;TEES
RBE1;18WRBE1-12345-AD;RIBESALBES 1;3,5;Hidraulica UGH;IBEG;JUCA
RBE2;18WRBE2-12345-A3;RIBESALBES 2;3,5;Hidraulica UGH;IBEG;JUCA
RBSERA;18WRBSERA-123-E3;RBSERA;38,6;0;HC G;HIBSHA2
RCABELL;18WRCABELL-123-M;P. E. RINCON DEL CABELLO;40;Eolica terrestre;EGED;EGREEN1
RCAFW;18W000000000QYLJ;RCAFW;5,1;Solar fotovoltaica;GNRA;FVGNRA
RCH1;18W000000000RJD2;LA ROCHA I;45;Eolica terrestre;REPSB;EROCH
RCH2;18W000000000RG4T;ROCHA 2;35;Eolica terrestre;REPSB;EROCH
RCONC01;18W000000000JGPJ;RENOVAE ENERGY;2;Comercializadores mercado libre;RCONS;RCONC01
RDGAC01;18W000000000SMSX;COMERCIALIZADORA;0;Comercializadores mercado libre;RDGCO;RDGAC01
RDQ1;18WRDQ1-12345-A5;RINCON DEL DUQUE 1;0,1;Hidraulica UGH;BARER;RDQ1
RDQ2;18WRDQ2-12345-AW;RINCON DEL DUQUE 2;0,1;Hidraulica UGH;BARER;RDQ2
RE-2220;18WRE-2220-123-O;LA MONTAÑESA;20,7;Residuos varios;NEXU;RTFTPZB
RE-3349;18WRE-3349-123-0;SARRIOPAPEL Y CELULOSA SA;7,2;Gas Natural Cogeneracion;NEXU;TLEITZA
RE1213;18W000000000796F;PE BAIX EBRE;4;Eolica terrestre;NEXU;EPEBRE
RE1VER;18W000000000OUNZ;RE1VER;1;Comercializadores mercado libre;ENDCO;ENDER01
RE2064;18W000000000MHCU;UF EOLICA CARCELEN;49,6;Eolica terrestre;NEXU;ECARCLN
RE2VER;18W000000000OUOX;RE2VER;1;Comercializadores mercado libre;ENDCO;ENDER01
RE75875;18WRE75875-12--B;ECOINVERSION EXTREMADURA 1 SL;9,9;Solar fotovoltaica;NEXU;FECOEX1
RE75876;18WRE75876-123-T;ECOINVERSION EXTREMADURA  2 SL;9,9;Solar fotovoltaica;NEXU;FECOEX2
RE75877;18WRE75877-123-M;ECOINVERSION EXTREMADURA 3 SL;9,9;Solar fotovoltaica;NEXU;FECOEX3
RE96D28;18WRE96D28-123-F;RELCAMP, A.I.E;3,6;Gas Natural Cogeneracion;DETIC;TRECKIT
REBDELO;18WREBDELO-12--W;P.E. PONTE REBORDELO;40,3;Eolica terrestre;HC G;HCGSIHA
REBOLLA;18WREBOLLA-123-J;P. E. REBOLLAR;4,9;Eolica terrestre;MIRAS;EMIRASI
REC2;18WREC2-12345-AQ;RECAJO 2;1,3;Hidraulica UGH;ASIE;ASIEBRO
REC3;18WREC3-12345-AG;RECAJO 3;1,3;Hidraulica UGH;ASIE;ASIEBRO
RECOC0F;18W000000000QEZE;EMECE ENERGIA COMERCIALIZADORA;2;Comercializadores mercado libre;RECON;RECOC01
RECQUPO;18WRECQUPO-12-AQ;PROMOTORA DEL RECQUPO;1,8;Hidraulica no UGH;NEXU;HFNEXU
REFOYAS;18WREFOYAS-12-EO;REFOYAS;49,5;Eolica terrestre;MEDI;EMEDI
REG1;18WREG1-12345-AT;REGUEIRO (MAO) 1;14,3;Hidraulica UGH;GNFG;UFGC
REG2;18WREG2-12345-AJ;REGUEIRO (MAO) 2;14,3;Hidraulica UGH;GNFG;UFGC
REGANTE;18W000000000Q1EL;FV REGANTES SANTA MARIA;3,5;Solar fotovoltaica;CEG;FREGANT
REGFM;18W000000000QXU4;REGFM;2;Solar fotovoltaica;GNRA;FVGNRA
REHISAA;18WREHISAA-123-1;REHISAA;5;Hidraulica no UGH;RSPRA;HHRSPRA
RELECO;18W0000000001U89;RELECO;4,7;Derivados del petroleo o carbon;CEG;TRELECO
RELUC01;18W000000000KAUN;U PROGRAMACION RELUZCA;2;Comercializadores mercado libre;RELUZ;RELUC01
RELUMBR;18WPE-RELUMBRAR1;P.E. EL RELUMBRAR;40;Eolica terrestre;EGED;EGREEN1
REM1;18WREM1-12345-A0;REMOLINA 1;41,8;Hidraulica UGH;REPSB;VIES
REM2;18WREM2-12345-AR;REMOLINA 2;41,3;Hidraulica UGH;REPSB;VIES
REMIC01;18W0000000003V62;REMIC01;0,9;Comercializadores mercado libre;REMIC;REMIC01
REMOLIN;18WREMOLIN-12-EZ;P.E. PUNTAZA DE REMOLINOS;11,7;Eolica terrestre;HC G;HCGSIHA
RENDIJA;18WRENDIJA-123-3;RENDIJA;1,5;Biogas;NEXU;RFNEXU
RENEDO;18W000000000QKC5;UF SOLAR RENEDO;25,9;Solar fotovoltaica;NEXU;FRENEDO
RENOVL2;18W000000000PMA7;RENOVL2;95,1;Solar fotovoltaica;CEG;FYREN2
RENUC01;18W000000000S9XP;RENU ENERGY;0;Comercializadores mercado libre;RENUE;RENUC01
REPC01;18W000000000F0XU;REPC01;18,5;Consumos directos en mercado;REPSB;REPC01
REPEC01;18W00000000075I3;REPEC01;910,9;Consumos directos en mercado;REPP;REPEC01
REPFOTV;18W000000000O68Q;UP FOTOVOLTAICA FUTURA GREEN;1;Solar fotovoltaica;INER1;REPFOTV
REPPLL;18WREPPLL-123-D6;REPSOL P. PUERTOLLANO;84;Derivados del petroleo o carbon;REPP;REPPLL
REPR;18WREPR-12345-A3;REPRIMALA;0,3;Hidraulica UGH;BARER;REPR
REPRC01;18W000000000CQMN;REPRC01;86;Consumos directos en mercado;REPP;REPRC01
REQUEI;18WREQUEI-123-EU;PARQUE EÓLICO REQUEIXO;10,5;Eolica terrestre;EGLE;ESOMERS
REQUEIX;18W000000000ATQE;CH REQUEIXO;3;Hidraulica no UGH;ECYR;HEGPE
RERERSA;18W000000000JYP2;RERERSA;1;Comercializadores mercado libre;ENDCO;ENDER01
RESTANO;18W000000000RJW1;CHRESTANO;14,4;Hidraulica no UGH;CEG;HALTANO
RETAL1;18W000000000S2UF;RETAL1;1;Comercializadores mercado libre;ENDCO;ENDER01
RETAM;18W000000000SDUJ;RETAM;5;Solar fotovoltaica;CEG;FRETA
RETAMA;18W000000000IBVQ;UF SOLAR RETAMA;1,8;Solar fotovoltaica;NEXU;FAZARA
RETAMAR;18W000000000SJIP;PROYECTO FOTOVOLTAICO I;3;Solar fotovoltaica;ELEIA;FV_RETA
RETORNO;18W000000000S72J;RETORNO;1,3;Hidraulica no UGH;DETIC;HYINDIG
RETUE;18WRETUE-12345-L;P.E. LA RETUERTA;38;Eolica terrestre;IBGES;EHIBGES
REUSC01;18W000000000NOC5;REUSC01;0,4;Comercializadores mercado libre;REUSS;REUSC01
REVENTO;18WREVENTO-123-F;P.E.LOS REVENTONES;34;Eolica terrestre;IBGES;EHIBGES
REVERTE;18WREVERTE-123-C;REVERTE;13,4;Gas Natural Cogeneracion;NEXU;TTFTREN
REVILLA;18W000000000N1IP;FV REVILLA-VALLEJERA;41;Solar fotovoltaica;IBGES;FIIBGES
REYSC01;18W-REYSC01-5--N;REYSC01;0,1;Comercializadores mercado libre;REYSE;REYSC01
RIALB-1;18WCH-RIALB-1--D;RIALB-1;5,9;Hidraulica no UGH;EGED;HESEGRE
RIALB-2;18WCH-RIALB-2--9;C.H.RIALB 2;24,7;Hidraulica no UGH;EGED;HESEGRE
RIALP;18W000000000GP57;CH RIALP;1,2;Hidraulica no UGH;NEXU;HFNEXU
RIBE;18WRIBE-12345-AH;RIBERA DE GATA;0,5;Hidraulica UGH;IBEG;TAJO
RIBOTA;18W000000000RKGU;CHRIBOTA;3,2;Hidraulica no UGH;CEG;HMINI
RIBPELL;18WRIBPELL-123-L;RIBPELL;1,2;Biomasa;DETIC;RFDETIC
RIC1;18WRIC1-12345-AP;RICOBAYO 1;42,4;Hidraulica UGH;IBEG;DUER
RIC2;18WRIC2-12345-AF;RICOBAYO 2;44;Hidraulica UGH;IBEG;DUER
RIC21;18WRIC21-1234-AZ;RICOBAYO 220 TM1/15;153;Hidraulica UGH;IBEG;DUER
RIC3;18WRIC3-12345-A5;RICOBAYO 3;41,9;Hidraulica UGH;IBEG;DUER
RIC4;18WRIC4-12345-AW;RICOBAYO 4;45,1;Hidraulica UGH;IBEG;DUER
RIE1;18WRIE1-12345-A3;LA RIERA 1;2,5;Hidraulica UGH;HC G;HCHI
RIE2;18WRIE2-12345-AU;LA RIERA 2;2,5;Hidraulica UGH;HC G;HCHI
RIE3;18WRIE3-12345-AK;LA RIERA 3;2,5;Hidraulica UGH;HC G;HCHI
RINCO;18W000000000SDPT;RINCO;5;Solar fotovoltaica;CEG;FRINCO
RINCON;18WRINCON-1234-6;18WRINCON-1234-6;8;Eolica terrestre;IGNIS;ESAV
RINF;18W000000000NPYW;RINF;1;Solar fotovoltaica;GNRA;FVGNRA
RIO;18W000000000QIZ2;ELCTRICA RO ANTIGUO;4;Hidraulica no UGH;LMER;RIOANTI
RIO1;18WRIO1-12345-A4;RIOSCURO 1;7,6;Hidraulica UGH;ENDG;SBEU
RIO2;18WRIO2-12345-AV;RIOSCURO 2;7,5;Hidraulica UGH;ENDG;SBEU
RIOBOO;18WRIOBOO-123--C;P.E.RIOBOO;20,8;Eolica terrestre;EGED;EPBUIO1
RIOE2;18W000000000Q0O4;RIO EBRO 2;15;Eolica terrestre;NEXU;ERIO2
RIOE2A;18W000000000Q0Q0;RIO EBRO 2 AMPLIACION;23;Eolica terrestre;NEXU;ERIO2A
RITCB;18W000000000RGSI;RITCB;7,5;Solar fotovoltaica;GNRA;FVGNRA
RIV1;18WRIV1-12345-A1;RIVERA;1,1;Hidraulica UGH;ENDG;EBRACC1
RIVAC01;18W0000000006XRG;RIVAC01;1.411,40;Consumos directos en mercado;RIVAS;RIVAC01
RIVAV01;18W000000000INYL;UP RIVAVACIAMADRID VENTA;0,4;Solar fotovoltaica;RIVAS;RIVAV01
RIXRAB;18W000000000LUFQ;UF SOLAR RIXIRABA;12;Solar fotovoltaica;NEXU;FRIXRAB
RMNEXU;18W0000000005KAJ;IB CUR  ( TERMICA RENOVABLE, P;0,2;Biomasa;NEXU;RMNEXU
RMU1;18WRMU1-12345-A1;RIO MUERTO 1;0,1;Hidraulica UGH;BARER;RMU1
RMU2;18WRMU2-12345-AS;RIO MUERTO 2;0,1;Hidraulica UGH;IBEG;JUCA
RNBBC01;18W-RNBBC01-5--B;RNBBC01;1;Consumos directos en mercado;RNBB;RNBBC01
RNSAC01;18W000000000T2D8;RNSAC01;13,1;Consumos directos en mercado;GEMSL;RNSAC01
ROALA;18WROALA-12345-E;P. E. ROALABOTA;28;Eolica terrestre;WMARK;EFWMARK
ROBLA3;18W000000000MBBD;ROBLA3;5;Solar fotovoltaica;CEG;FROBLA3
ROBLA5;18W000000000MB9H;ROBLA5;5;Solar fotovoltaica;CEG;FROBLA5
ROBLEDO;18W000000000PXIW;PARQUE FV ROBLEDO;1,2;Solar fotovoltaica;EBLCO;FFIRSTW
ROBRES;18WROBRES-1234-3;P.E.ROBRES;24;Eolica terrestre;CEG;EEOBRO
ROCGU;18W000000000QZCY;ROCGU;3,2;Solar fotovoltaica;GNRA;FVGNRA
ROCIO;18W000000000RM91;FOTOVOLTAICA ROCIO;24,6;Solar fotovoltaica;HC G;HCGFVSA
RODAL;18WRODAL-12345-T;P. E. EL RODAL;4,5;Eolica terrestre;MIRAS;EMIRASI
RODERA;18WRODERA-1234-R;P.E. RODERA ALTA;34;Eolica terrestre;EGLE;ERALTA
RODILLA;18WRODILLA-12-EU;P.E. MONASTERIO DE RODILLA;11,4;Eolica terrestre;HC G;EBRUJUL
RODNO;18W000000000QXT6;RODNO;1,2;Solar fotovoltaica;GNRA;FVGNRA
ROFEC01;18W-ROFEC01-8--W;ROFEICA ENERGIA, S.L.;1,5;Comercializadores mercado libre;ROFEN;ROFEC01
ROFENF;18WROFENF-1234-1;ROFEICA ENERGIA SA;9,1;Derivados del petroleo o carbon;ROFEN;ROFENV1
ROJEA;18W000000000O6WF;ROJEA;2;Solar fotovoltaica;GNRA;FVGNRA
ROLDANA;18W-ROLDANA-3--O;P.E. PEÑAROLDANA;35,2;Eolica terrestre;GNCO;EGASNE0
ROME;18W000000000SP6V;ROME;14,4;Eolica terrestre;REPSB;EROME
ROMERAL;18WROMERAL-12-E2;P.E. SIERRA DEL ROMERAL;31,4;Eolica terrestre;IBGES;EHIBGES
ROMPI;18W000000000JJ4F;ROMPI;3;Solar fotovoltaica;GNRA;FVGNRA
ROMS1;18W000000000IVFZ;ROMERALES 1;49,4;Eolica terrestre;REPSB;EREPSOL
ROMS2;18W000000000IVGX;ROMERALES 2;49,4;Eolica terrestre;REPSB;EREPSOL
RON1;18WRON1-12345-AH;RONDA 1;1,1;Hidraulica UGH;ENDG;GDLQ
RON2;18WRON2-12345-A7;RONDA 2;1,1;Hidraulica UGH;ENDG;GDLQ
RONDC01;18W-RONDC01-5--A;RONDA;4;Comercializadores mercado libre;RONDA;RONDC01
ROQUET;18W000000000S2VD;ROQUET;1;Comercializadores mercado libre;ENDCO;ENDER01
ROSARIT;18WROSARIT-123-M;C.HIDRAULICA ROSARITO;4,9;Hidraulica no UGH;ECYR;HEGPE
ROTOND1;18W000000000PR8X;ROTON1;17,5;Solar fotovoltaica;GESTE;FROTON1
ROTOND2;18W000000000PRAT;ROTOND2;17,5;Solar fotovoltaica;GESTE;FROTON2
ROTOND3;18W000000000PRCP;ROTOND3;34,5;Solar fotovoltaica;GESTE;FROTON3
ROZADIO;18WROZADIO-12-AM;ROZADIO;12,6;Hidraulica no UGH;EGED;HENANSA
ROZAS;18W000000000T2TD;ROZAS;31,5;Solar fotovoltaica;CEG;FROZAS
ROZASV;18WROZASV-123-AB;ROZASV;6,3;Hidraulica no UGH;ASIE;HFASIE
RPAME;18W-RPAME-693--4;RYAME;3;Biogas;AME;RPAME
RPCABAN;18WRPCABAN-12--4;RPCABANME;0,3;Biogas;LMER;RPCABAN
RPCART2;18WRPCART2-123-S;REPSOL CARTAGENA2;39,9;Gas Natural Cogeneracion;REPP;TRPCAR2
RPEEXXI;18W-RPEEXXI-1--2;END CUR  ( TERMICA RENOVABLE,;0,7;Biomasa;EEXXI;RPEEXXI
RPEONUR;18W-RPEONUR-5--H;E.ON CUR ( TERMICA RENOVABLE,;0;Biomasa;EONUR;RPEONUR
RPHCCUR;18W-RPHCCUR-6--V;HC CUR ( TERMICA RENOVABLE, PR;0;Biomasa;HCCUR;RPHCCUR
RPIBCUR;18W-RPIBCUR-5--Y;IB CUR  ( TERMICA RENOVABLE, P;1;Biogas;IBCUR;RPIBCUR
RPTRTAR;18WRPTRTAR-12-DL;REPSOL PET. TARRAGONA;85,1;Gas Natural Cogeneracion;REPP;RPTRTAR
RRASI;18W000000000O73X;RRASI;1,1;Solar fotovoltaica;GNRA;FVGNRA
RRBIOCO;18W-RRBIOCO-6--Q;TÉRMICA RENOVABLE;1,3;Biogas;LMER;RRBIOCO
RRJ1;18WRRJ1-12345-AP;RIBARROJA 1;64,7;Hidraulica UGH;ENDG;EBRFEN
RRJ2;18WRRJ2-12345-AF;RIBARROJA 2;64,7;Hidraulica UGH;ENDG;EBRFEN
RRJ3;18WRRJ3-12345-A5;RIBARROJA 3;64,7;Hidraulica UGH;ENDG;EBRFEN
RRJ4;18WRRJ4-12345-AW;RIBARROJA 4;64,7;Hidraulica UGH;ENDG;EBRFEN
RSPAC01;18W000000000SK5B;RSPAC01;0;Comercializadores mercado libre;RESPA;RSPAC01
RSPEC01;18W0000000005ABA;RSPEC01;1;Comercializadores mercado libre;RSPRE;RSPEC01
RSPRC01;18W-RSPRC01-7--Y;RSPRC01;0,2;Comercializadores mercado libre;RSPRA;RSPRC01
RTCEASA;18WRTCEASA-123-8;BIOMASA CEASA NAVIA;36,6;Biomasa;CEASA;RCEASA
RTDPN;18W000000000RRVG;RTDPN;41,2;Solar fotovoltaica;GNRA;UPRTD
RTS1;18WRTS1-123456-E;RENOV RTS1 CASA DEL ANGEL;1,2;Solar fotovoltaica;CEG;FRTS1
RTTPN;18W000000000RRYA;RTTPN;41,2;Solar fotovoltaica;GNRA;UPRTT
RTUPN;18W000000000RS01;RTUPN;41,2;Solar fotovoltaica;GNRA;UPRTU
RUBIO2;18WRUBIO2-1234-S;PE.SERRA DE RUBIO II;25,5;Eolica terrestre;EGED;EGREEN
RUEDO;18WRUEDO-1234-EP;P. E. EL RUEDO;16;Eolica terrestre;EGED;EGREEN
RUGUI;18W000000000OU5Y;RUGUI;1;Comercializadores mercado libre;ENDCO;ENDER01
RUIDE;18W000000000RK1N;CHRUIDERA;1,2;Hidraulica no UGH;CEG;HALTANO
RUMBLAR;18WRUMBLAR-123-R;18WRUMBLAR-123-R;1,9;Hidraulica no UGH;EGLE;HRUMBLA
RUNA;18WRUNA-12345-EW;P.E. A RUÑA;24,6;Eolica terrestre;EGED;ERUNAG
RYCEG;18W-RYCEG-651--6;RYCEG;2,4;Biogas;CEG;RYCEG
RYEEXXI;18W-RYEEXXI-8--N;END CUR  ( TARIFA, TERMICA REN;6,9;Biomasa;EEXXI;RYEEXXI
RYEGLE;18W-RYEGLE-54--1;RYEGLE;3,6;Biogas;EGLE;RYEGLE
RYEONUR;18W-RYEONUR-1--8;E.ON CUR ( TARIFA, TERMICA REN;0;Biomasa;EONUR;RYEONUR
RYGENER;18W-RYGENER-8--E;UNIDAD PROGRAMACIÓN TÉRMICA RE;0,7;Biogas;ADXRE;RYGENER
RYGESTE;18W-RYGESTE-5--X;RYGESTE;1,8;Biogas;GESTE;RYGESTE
RYGNRA;18W-RYGNRA-68--P;GNRA(RENOV,TARIFA,NO EXENTO);12,1;Biogas;GNRA;RYGNRA
RYGNSUR;18W-RYGNSUR-2--R;GN SUR SDG ( TARIFA, TERMICA R;2,3;Biogas;GNSUR;RYGNSUR
RYHCCUR;18W-RYHCCUR-9--V;HC CUR ( TARIFA, TERMICA RENOV;0;Biomasa;HCCUR;RYHCCUR
RYIBCUR;18W-RYIBCUR-6--5;IB CUR  ( TARIFA, TERMICA RENO;71,5;Biogas;IBCUR;RYIBCUR
RYNEXU;18W-RYNEXU-62--K;NEXU(COGENERACION ALTA EFICIEN;5,3;Biogas;NEXU;RYNEXU
RYWMARK;18W-RYWMARK-6--U;E.ON CUR ( TARIFA, FOTOVOLTAIC;0;Biogas;WMARK;RYWMARK
SA11;18WSA11-12345-A7;SAUCELLE I 1;62;Hidraulica UGH;IBEG;DUER
SA12;18WSA12-12345-AY;SAUCELLE I 2;63,3;Hidraulica UGH;IBEG;DUER
SA13;18WSA13-12345-AO;SAUCELLE I 3;62,2;Hidraulica UGH;IBEG;DUER
SA14;18WSA14-12345-AE;SAUCELLE I 4;62,2;Hidraulica UGH;IBEG;DUER
SA21;18WSA21-12345-AX;SAUCELLE II 1;136,1;Hidraulica UGH;IBEG;DUER
SA22;18WSA22-12345-AN;SAUCELLE II 2;135,7;Hidraulica UGH;IBEG;DUER
SABINA;18WSABINA-1234-F;P.E. SABUBA;48;Eolica terrestre;IBGES;EHIBGES
SABUCED;18WSABUCED-12--B;P.E.SABUCEDO;13,2;Eolica terrestre;EGLE;EMORRA
SACIMP;18W000000000MGZO;UF SACRO IMPERIO;2,3;Solar fotovoltaica;NEXU;FSACIMP
SADRIAN;18WSADRIAN-123-Q;P. E. SAN ADRIAN;4;Eolica terrestre;MIRAS;EMIRASI
SAECB01;18W000000000QPKB;SAECB01;5;Solar fotovoltaica;GNRA;FVGNRA
SAECB02;18W000000000QPL9;SAECB02;5;Solar fotovoltaica;GNRA;FVGNRA
SAECH;18WSAECH-12345-4;C.H. SAHECHORES;20,2;Hidraulica no UGH;GNRA;HSAECH
SAG1;18WSAG1-12345-AR;SAN AGUSTIN 1;31;Hidraulica UGH;ENDG;SBEU
SAG2;18WSAG2-12345-AH;SAN AGUSTIN 2;31,8;Hidraulica UGH;ENDG;SBEU
SAGO1;18WSAGO1-12345-6;SASTAGO-I;2,9;Hidraulica no UGH;EBLCO;HGDF01
SAGO2;18WSAGO2-12345-Y;SASTAGO-II;16,4;Hidraulica no UGH;EBLCO;HGDF01
SAGU1;18WSAGU1-1234-CC;CC SAGUNTO GRUPO 1;409,7;Ciclo Combinado;GNCC;SAGU1
SAGU2;18WSAGU2-1234-C3;CC SAGUNTO GRUPO 2;411,8;Ciclo Combinado;GNCC;SAGU2
SAGU3;18WSAGU3-1234-CV;CC SAGUNTO GRUPO 3;410,6;Ciclo Combinado;GNCC;SAGU3
SAHKC01;18W000000000SK4D;SAHKOA PEN;0,1;Comercializadores mercado libre;SAHKO;SAHKC01
SAICA1;18WSAICA1-123-DQ;SAICA1;49,3;Gas Natural Cogeneracion;EGLE;SAICA1
SAICA2;18WSAICA2-123-DI;SAICA2;46,9;Gas Natural Cogeneracion;EGLE;SAICA2
SAICA3;18WSAICA3-123-DA;SAICA3;46,5;Gas Natural Cogeneracion;EGLE;SAICA3
SAICA4;18WSAICA4-123-D2;SAICA4;46,5;Gas Natural Cogeneracion;EGLE;SAICA4
SAIMC01;18W000000000RGRK;SAIMC01;2;Consumos directos en mercado;SAIMP;SAIMC01
SAJ1;18WSAJ1-12345-AV;ALBENTOSA 1 (S. AGUSTIN-JUCAR);5,9;Hidraulica UGH;IBEG;JUCA
SAJ2;18WSAJ2-12345-AL;ALBENTOSA 2 (S. AGUSTIN-JUCAR);5,9;Hidraulica UGH;IBEG;JUCA
SAL1;18WSAL1-12345-A9;SALAS;52,8;Hidraulica UGH;GNFG;UFGC
SALAJON;18WSALAJON-12-E6;P. E. SALAJONES;19,1;Eolica terrestre;EGED;EGREEN
SALANAN;18W0000000001U6D;SALANAN;7,1;Derivados del petroleo o carbon;CEG;TSALIA
SALB;18WSALB-12345-AK;SOTO ALBUREZ;0,2;Hidraulica UGH;ASIE;ASIDUE
SALI;18WSALI-12345-AO;SALINAS;2,3;Hidraulica UGH;ENDG;EBRACC1
SALINAS;18W000000000QPVQ;SALINAS;25,5;Solar fotovoltaica;GNRA;FSLINAS
SALLENF;18WSALLENF-12-AD;SALLENT;11,3;Hidraulica no UGH;EGED;HEALTOG
SALLENT;18W000000000QSVH;SALLENTG;2,8;Hidraulica no UGH;RSPRA;HHRSPRA
SALOBRA;18W000000000HTQN;SALOBRAL;38;Solar fotovoltaica;HISPE;FSALOB
SALOMON;18W-SALOMON-3--Y;P. E. SALOMON;37,5;Eolica terrestre;EGED;EGREEN
SALONI;18W000000000NL4U;UF SALONI;4,4;Gas Natural Cogeneracion;NEXU;TSALONI
SALPC01;18W0000000004SNA;ELECTRICA_SALAS_UP;0,7;Comercializadores mercado libre;SALPA;SALPC01
SALVADO;18WSALVADO-123-D;18WSALVADO-123-D;1;Hidraulica no UGH;EGLE;HVADOC
SAMAC01;18W000000000RYNB;SAMAC01;0;Comercializadores mercado libre;SAMAR;SAMAC01
SAMEC01;18W000000000SF2W;SAMEC01;0,1;Comercializadores mercado libre;SAMA2;SAMEC01
SAMFW;18W000000000P342;SAMFW;2;Solar fotovoltaica;GNRA;FVGNRA
SAMPC01;18W-SAMPC01-7--9;SAMPC01;2;Comercializadores mercado libre;SAMP;SAMPC01
SAMPOL;18WSAMPOL-123-DA;SAMPOL;33;Gas Natural Cogeneracion;SAMP;TFSAMP
SAN1;18WSAN1-12345-AO;SANGUESA;0,6;Hidraulica UGH;BARER;SAN1
SANAGU;18W000000000GOFR;PE SAN AGUSTIN;34,6;Eolica terrestre;GNCO;EGASNE2
SANBLA;18W000000000GOGP;PE SAN BLAS;39,6;Eolica terrestre;GNCO;EGASNE2
SANGIL;18WSANGIL-1234-8;P.E. SAN GIL;36;Eolica terrestre;GNCO;EGASNE1
SANIC;18W000000000FGGG;SANIC;1,8;Solar fotovoltaica;GNRA;FVGNRA
SANJOSE;18WSANJOSE-123-9;18WSANJOSE-123-9;1,5;Eolica terrestre;EGLE;EUEUZA
SANMIGD;18W000000000T42O;FV SAN MIGUEL D;33,2;Solar fotovoltaica;WMARK;FVSANMI
SANPE;18W000000000RKEY;SANPE;1,8;Hidraulica no UGH;CEG;HMINI
SANPEDR;18W000000000PXKS;PARQUE FV PEÑAS DE SAN PEDRO;1,3;Solar fotovoltaica;EBLCO;FFIRSTW
SANPONS;18WSANPONS-123-2;18WSANPONS-123-2;2;Hidraulica no UGH;EGLE;HHICAG
SANROCC;18W000000000SS1W;CABE;23,2;Eolica terrestre;RENSP;REROQUE
SANSO;18WSANSO-12345-F;PL SOLAR TERMELÉCTRICA PS 10;11;Solar térmica;EGLE;STSANSO
SANT;18WSANT-12345-A3;SAN ANTOLIN;0,3;Hidraulica UGH;IBEG;EBRA
SANTAAN;18WSANTAAN-123-5;P.E. ABUELA SANTA ANA;49,5;Eolica terrestre;CEG;ESANTAN
SANTAC;18WSANTAC-123-AF;SANTACARA-CAPARROSO;5;Hidraulica no UGH;EGED;HFEGED
SANTAO;18W000000000NQT2;SANTAO;1,8;Solar fotovoltaica;RSPRA;FFRSPRA
SANTONI;18W000000000N9KY;FV SAN ANTONIO;38;Solar fotovoltaica;IBGES;FIIBGES
SAPIC01;18W000000000M2IQ;SAPIENS UNIDAD COMPRA;0,1;Comercializadores mercado libre;SAPIE;SAPIC01
SAPLANO;18WSAPLANO-12-E8;P.E. SASO PLANO (UNIFICADO);39,2;Eolica terrestre;ECYR;EREGPEM
SAPRELO;18W000000000S13Z;GSTV153;1,4;Solar fotovoltaica;GESTE;FGST153
SARDA;18W000000000LF0R;UF SARDA;1,6;Solar fotovoltaica;NEXU;FSARDA
SARGENT;18WSARGENT-123-K;PARQUE EOLICO SARGENTES;24;Eolica terrestre;EGLE;ELBOGA
SARGUIL;18W000000000RD33;PARQUE EOLICO LA SARGUILLA;1,6;Eolica terrestre;WMARK;EFWMARK
SARIA1;18W000000000S2WB;SARIA1;1;Comercializadores mercado libre;ENDCO;ENDER01
SARIA2;18W000000000S2X9;SARIA2;1;Comercializadores mercado libre;ENDCO;ENDER01
SARIA3;18W000000000S2Y7;SARIA3;1;Comercializadores mercado libre;ENDCO;ENDER01
SARIA4;18W000000000S2Z5;SARIA4;1;Comercializadores mercado libre;ENDCO;ENDER01
SARIA5;18W000000000S30Z;SARIA5;1;Comercializadores mercado libre;ENDCO;ENDER01
SARRAF;18WSARRAF-123-A4;LA SARRA;24;Hidraulica no UGH;EGED;HEGEDGS
SARRI2;18WSARRI2-1234-6;CH SARRIA 2;4,7;Hidraulica no UGH;SHELL;SESAHID
SARRIA1;18WSARRIA1-123-Q;CH SARRIA1;6,3;Hidraulica no UGH;SHELL;SESAHID
SARRIA3;18WSARRIA3-123-C;CH SARRIA 3;2,9;Hidraulica no UGH;SHELL;SESAHID
SARTAG;18WSARTAG-123-AD;SARTAGUDA;4,6;Hidraulica no UGH;EGED;HFEGED
SASDOI;18W000000000G1JE;18W000000000G1JE;9,9;Eolica terrestre;HISPE;EESTELO
SASDON;18W000000000G1AW;18W000000000G1AW;18;Eolica terrestre;HISPE;ESASDON
SASOL2;18W000000000O76R;SASOL2;3,4;Solar fotovoltaica;GNRA;FVGNRA
SASTA;18WSASTA-12345-2;SASTAGO;1,5;Gas Natural Cogeneracion;GEMSL;TYESYF
SATIR;18W000000000QYU1;SATIR;1,1;Solar fotovoltaica;GNRA;FVGNRA
SATSC01;18W000000000HUKW;SATSC01;1,5;Consumos directos en mercado;SATSP;SATSC01
SAU1;18WSAU1-12345-AL;SAU 1;27,5;Hidraulica UGH;ENDG;TERE
SAU2;18WSAU2-12345-AB;SAU 2;27,5;Hidraulica UGH;ENDG;TERE
SAUAL;18W000000000QY7A;SAUAL;2,9;Solar fotovoltaica;GNRA;FVGNRA
SAUCI;18WSAUCI-12345-4;P.E. EL SAUCITO;30,2;Eolica terrestre;IBGES;EHIBGES
SAVA;18W000000000O39X;UF SAVA;15;Gas Natural Cogeneracion;NEXU;TSAVA
SAVALLA;18WSAVALLA-123-B;SAVALLA;20;Eolica terrestre;IBGES;EHIBGES
SBAIA;18WSBAIA-1234-AZ;18WSBAIA-1234-AZ;1,4;Hidraulica no UGH;EGLE;HCOHIG
SBAR1;18W000000000P9KQ;SAN BARTOLOME 1;49,5;Eolica terrestre;REPSB;ECMTA
SBAR2;18W000000000P9LO;SAN BARTOLOME 2;49;Eolica terrestre;REPSB;ECMTA
SBC01;18W000000000QXKO;SBC01;0,9;Consumos directos en mercado;SASKI;SBC01
SBN1;18WSBN1-12345-AC;SABIÑANIGO GR. 1;3,3;Hidraulica UGH;ENDG;EBRACC1
SBN2;18WSBN2-12345-A2;SABIÑANIGO GR. 2;3,3;Hidraulica UGH;ENDG;EBRACC1
SBO3;18WSBO3-12345-CE;CC SABON GRUPO 3;391,3;Ciclo Combinado;GNCC;SBO3
SBR1;18WSBR1-12345-A5;SOBRON 1;13,5;Hidraulica UGH;IBEG;EBRA
SBR2;18WSBR2-12345-AW;SOBRON 2;14,2;Hidraulica UGH;IBEG;EBRA
SBURGO;18WSBURGO-123-EA;P.E. SERRA DO BURGO  Y AMPL;27,2;Eolica terrestre;IBGES;EHIBGES
SCALONA;18W000000000MCIX;ESCALONA;17,3;Solar fotovoltaica;GESTE;FSCALNA
SCL1;18WSCL1-12345-AM;SAN CLODIO;19,5;Hidraulica UGH;IBEG;SIL
SCR1;18WSCR1-12345-AU;SAN CRISTOBAL 1;6;Hidraulica UGH;IBEG;SIL
SCR2;18WSCR2-12345-AK;SAN CRISTOBAL 2;6,3;Hidraulica UGH;IBEG;SIL
SCRAL;18W000000000FGHE;SCRAL;4,5;Solar fotovoltaica;GNRA;FVGNRA
SCRUC01;18W000000000SW94;SCRUC01;43;Consumos directos en mercado;ADXRE;SCRUC01
SCX2;18WSCX2-12345-AS;SAN CALIXTO 2;0,2;Hidraulica UGH;ENDG;GDLQ
SCX3;18WSCX3-12345-AI;SAN CALIXTO 3;0,5;Hidraulica UGH;ENDG;GDLQ
SCZ1;18W000000000SVZT;SCZ1;18;Eolica terrestre;REPSB;ECINCA
SCZ2;18W000000000SW1K;SCZ2;15;Eolica terrestre;REPSB;ECINCA
SCZ3;18W000000000SW2I;SCZ3;24,4;Eolica terrestre;REPSB;ECINCA
SCZ4;18W000000000SPFD;SCZ4;24,4;Eolica terrestre;REPSB;ECINCA
SCZA;18W000000000SW0M;SCZA;12;Eolica terrestre;REPSB;ECINCA
SDDLUNA;18W000000000F5WH;PE DOMINGO LUNA;29,8;Eolica terrestre;ECYR;EREGPES
SDGOMIL;18W0000000000INJ;SALTO DEL GOMIL;9;Hidraulica no UGH;WMARK;HFWMARK
SDNFW;18W000000000QZ77;SDNFW;1,5;Solar fotovoltaica;GNRA;FVGNRA
SDPANDA;18WSDPANDA-12-EW;P.E. SERRA DA PANDA;18,4;Eolica terrestre;IBGES;EHIBGES
SDPENAS;18W000000000F5PV;PE SERRA DAS PENAS;42;Eolica terrestre;ECYR;EEGPES
SEAT01;18W000000000J1XB;SEAT SOL 1;2;Solar fotovoltaica;CEG;F1CEG
SEAT02;18W000000000J1Y9;SEAT SOL 2;2;Solar fotovoltaica;CEG;F1CEG
SEAT03;18W000000000J1Z7;SEAT SOL 3;2;Solar fotovoltaica;CEG;F1CEG
SEAT04;18W000000000J200;SEAT SOL 4;2;Solar fotovoltaica;CEG;F1CEG
SEAT05;18W000000000J21Z;SEAT SOL 5;1,8;Solar fotovoltaica;CEG;F1CEG
SEB1;18WSEB1-12345-AY;SAN SEBASTIAN 1;8,8;Hidraulica UGH;ENDG;SBEU
SEB2;18WSEB2-12345-AO;SAN SEBASTIAN 2;8,8;Hidraulica UGH;ENDG;SBEU
SECOCP3;18W000000000R7V2;EXPORT UNIT SECOB;100;Importacion Francia;SECOB;SECOCP3
SECOVP3;18W000000000R7W0;IMPORT UNIT SECOB;100;Exportacion Francia;SECOB;SECOVP3
SECPCX1;18W000000000QXJQ;PORT_GEN_CMPRA;9.999,00;Porfolio;SECOB;SECPCX1
SECPVX1;18W000000000QXHU;PORT_GEN_VNTA;9.999,00;Porfolio;SECOB;SECPVX1
SEDAC01;18W000000000HWRC;SEDAC01;10,1;Consumos directos en mercado;SEDAT;SEDAC01
SEDOPU;18W000000000GB3G;P E SERRA DO PUNAGO;39,5;Eolica terrestre;GNCO;EGASNE2
SEELC01;18W000000000RLCZ;COMERCIALIZADORA SHEEN;0;Comercializadores mercado libre;SHEEN;SEELC01
SEFOM;18W000000000JJ87;SEFOM;1,5;Solar fotovoltaica;GNRA;FVGNRA
SEFRAN;18W000000000OGN3;SEFRAN;1;Gas Natural Cogeneracion;DETIC;COGSEFR
SEG1;18W000000000RR4X;SEGURA1;28,6;Eolica terrestre;REPSB;ESEG
SEG2;18W000000000RR3Z;SEGURA2;48,9;Eolica terrestre;REPSB;ESEG
SEGADE;18WSEGADE-123-A6;18WSEGADE-123-A6;8,1;Hidraulica no UGH;EGLE;HCOHIG
SEGREDA;18WSEGREDA-123-B;PE EL SEGREDAL;36;Eolica terrestre;IBGES;EHIBGES
SEI1;18WSEI1-12345-AV;SEIRA 1;8,7;Hidraulica UGH;ENDG;EBRACC2
SEI2;18WSEI2-12345-AL;SEIRA 2;8,6;Hidraulica UGH;ENDG;EBRACC2
SEI3;18WSEI3-12345-AB;SEIRA 3;19;Hidraulica UGH;ENDG;EBRACC2
SELVA;18WSELVA-1234--T;SELVA;33;Eolica terrestre;EGED;EGREEN
SEN1;18WSEN1-12345-AD;SENET 1;4,2;Hidraulica UGH;ENDG;EBRFEN
SEN2;18WSEN2-12345-A3;SENET 2;4,2;Hidraulica UGH;ENDG;EBRFEN
SENEC01;18W000000000KFZZ;SENEC01;1;Comercializadores mercado libre;SENEO;SENEC01
SEPIOLS;18WSEPIOLS-123-I;SEPIOLSA;5,2;Gas Natural Cogeneracion;AME;TSEPIOL
SEQUINO;18W000000000RYP7;SEQUINO;49,9;Solar fotovoltaica;CEG;FSEQUIN
SERMC01;18W000000000NJ9Q;SERMAT UP;74,4;Comercializadores mercado libre;SERMA;SERMC01
SERON;18WSERON-12345-9;P.E. SERON II;10;Eolica terrestre;CEG;ESSERON
SERRA;18W000000000RX2J;LA SERRA;2,3;Solar fotovoltaica;SOMRE;SREFV1
SERRA1;18W000000000N5HF;SERRA1;1,3;Hidraulica no UGH;RSPRA;HHRSPRA
SERRADO;18W000000000QCWQ;SERRADO;2,3;Hidraulica no UGH;EGED;HESERRA
SERRAL;18WSERRAL-123-EB;SERRAL;19,5;Eolica terrestre;CEG;EECAB
SERRANA;18W000000000M04N;UF SOLAR LA SERRANA;5,5;Solar fotovoltaica;NEXU;FSRRANA
SERRE;18W000000000SX1H;SERRE;6;Solar fotovoltaica;CEG;FSERRE
SERRET;18W000000000NWOV;SERRET;1,3;Solar fotovoltaica;GNRA;FVGNRA
SERRETA;18WSERRETA-12-E3;P. E. SERRETA;49,5;Eolica terrestre;IGNIS;UPEBRO
SERRZLA;18W000000000MXVI;UF SOLAR SERRZLA;4,6;Solar fotovoltaica;NEXU;FSERRZL
SERVAN3;18W000000000P407;SERVAN3;41,6;Solar fotovoltaica;GESTE;FSERVN3
SERVAN4;18W000000000P423;SERVAN4;41,6;Solar fotovoltaica;GESTE;FSERVN4
SERVAN5;18W000000000P45Y;SERVAN5;41,6;Solar fotovoltaica;GESTE;FSERVN5
SERVC0F;18W000000000QWJT;SERV PEN;1;Comercializadores mercado libre;SERVC;SERVC01
SERVIKE;18WSERVIKE-123-Q;SERVIKER 1;14,2;Gas Natural Cogeneracion;EGLE;TSERVI
SERXXI;18WSERXXI-1234-5;SERREZUELA SOLAR XXI SL;10;Solar fotovoltaica;NEXU;FSERXXI
SESAC01;18W-SESAC01-1--R;SESAC01;0;Comercializadores mercado libre;SHELL;SESAC01
SESAG;18W000000000JJ79;SESAG;1,8;Solar fotovoltaica;GNRA;FVGNRA
SESAN;18W000000000MSJK;SESAN;39,6;Solar fotovoltaica;GNRA;FVSESAN
SESAUX;18W000000000PMU4;CONSUMO AUXILIAR;10;Consumo de Servicios Auxiliares;SHELL;SESAUX
SESBIO8;18W000000000DEJO;GNRA(RENOV,TARIFA,NO EXENTO);2;Biogas;SHELL;SESBIO8
SESENTA;18W000000000IRY9;PSF HAZAS DE LAS SESENTA;39,8;Solar fotovoltaica;EGLE;FNARGS
SESFV;18W000000000G1RZ;SESFV;1,6;Solar fotovoltaica;GNRA;SESOL
SESTEB;18WSESTEB-123-EO;P.E. SAN ESTEBAN;30,4;Eolica terrestre;EGED;EGREEN
SESTEB2;18WSESTEB2-12-EO;P.E. SAN ESTABAN FASE 2;42;Eolica terrestre;EGED;EGREEN
SESUEF;18WSESUEF-123-AR;SESUE;36;Hidraulica no UGH;EGED;HEGEDGS
SEVILA;18W000000000GEUR;UF FV SEVILLA;33,2;Solar fotovoltaica;NEXU;FSEVILL
SEXTC01;18W000000000A8MB;SEXTC01;33,7;Consumos directos en mercado;SEXTS;SEXTC01
SFA1;18WSFA1-12345-AX;SAN FAUSTO 1;0,7;Hidraulica UGH;BARER;SFA1
SFA2;18WSFA2-12345-AN;SAN FAUSTO 2;1,7;Hidraulica UGH;BARER;SFA2
SFADCA1;18W-SFADCA1-1--P;SFADCA1;1,5;Comercializadores mercado libre;SFAD;SFADCA1
SFBORJA;18W000000000F68P;PE FRANCISCO BORJA;23,2;Eolica terrestre;ECYR;EREGPES
SFERNAN;18W000000000RCYI;INSTSANFER;5;Hidraulica no UGH;GESTE;HSFERND
SFRAV;18W000000000S64I;SFRAV;2,5;Solar fotovoltaica;GNRA;UPSFR
SGAVI;18WSGAVI-1234-EO;P.E. SIERRA DE LOS GAVILANES;22,5;Eolica terrestre;IBGES;EHIBGES
SGREGO;18WSGREGO-123-E2;SGREGO;15;Eolica terrestre;CEG;EECAB
SGTOL;18W000000000L29B;SGTOL;1;Solar fotovoltaica;GNRA;FVGNRA
SGU1;18WSGU1-12345-AN;SAN AUGUSTO 1;0,9;Hidraulica UGH;ENDG;GDLQ
SGU2;18WSGU2-12345-AD;SAN AUGUSTO 2;0,9;Hidraulica UGH;ENDG;GDLQ
SGU3;18WSGU3-12345-A3;SAN AUGUSTO 3;0,5;Hidraulica UGH;ENDG;GDLQ
SGUZMAN;18WSGUZMAN-123-L;SOLUZ GUZMAN;50;Solar térmica;WMARK;SZWMARK
SHAULA;18W000000000F21E;SHAULA FV;3,4;Solar fotovoltaica;EFG;UPGR029
SHEECP3;18W-SHEECP3-3--E;SHEEN EXP. ENER. FRANCIA CD;0;Importacion Francia;SHEEN;SHEECP3
SHEENX;18W000000000PULZ;CONSUMOS AUXILIARES;10;Consumo de Servicios Auxiliares;SHEEN;SHEENX
SHEEVP3;18W-SHEEVP3-2--E;SHEEN EXP. ENER. FRANCIA CD;500;Exportacion Francia;SHEEN;SHEEVP3
SIA;18WSIA-123456-EZ;SIA;29,7;Eolica terrestre;GNCO;EFPART
SIBERIA;18WSIBERIA-123-S;PARQUE SOLAR FOTOVOLTAICA SIBE;10;Solar fotovoltaica;NEXU;FSIBERI
SIBOQUE;18WSIBOQUE-12-EH;P. E. SIERRA DEL BOQUERÓN;22;Eolica terrestre;HC G;HCGSCSA
SIBRAVA;18W000000000IYJI;FV SIERRA BRAVA;0,9;Solar fotovoltaica;EGED;FFEGED
SICABRE;18WSICABRE-12-E9;P.E. SIERRA CABRERA;20,4;Eolica terrestre;WMARK;EFWMARK
SICDC;18W000000000LJVR;SICDC;1,1;Solar fotovoltaica;GNRA;FVGNRA
SICORT;18WSICORT-123-EF;P.E. SIERRA DEL CORTADO;18,4;Eolica terrestre;ECYR;EREGPEM
SICOST;18W000000000F604;SIERRA COSTERA I;48,9;Eolica terrestre;ECYR;EEGPES
SICOST2;18WPESCOSTERA2-V;P.E.SIERRA COSTERA II;40,8;Eolica terrestre;ECYR;EREGPES
SIEBUEY;18WSIEBUEY-12-ET;SIERRA DEL BUEY;19,5;Eolica terrestre;IBGES;EHIBGES
SIEMINI;18WSIEMINI-123-B;SIERRA MINISTRA;42;Eolica terrestre;EGLE;ESIEMIN
SIEOLIV;18WSIEOLIV-12-E6;SIEOLIV;30;Eolica terrestre;GNCO;EFGASN
SIERQUE;18WSIERQUE-12-ES;P.E. SIERRA QUEMADA;26,2;Eolica terrestre;IBGES;EHIBGES
SIERRAS;18WSIERRAS-123-P;SIERRAS;24,5;Derivados del petroleo o carbon;DETIC;DPDETIC
SIERRO;18WSIERRO-123-E3;P.E. SIERRO;19,5;Eolica terrestre;IBGES;EHIBGES
SIESESN;18WSIESESN-123-N;SIERRA SESNÁNDEZ;20;Eolica terrestre;WMARK;EFWMARK
SIGCB;18W000000000RWV1;SIGCB;3;Solar fotovoltaica;GNRA;FVGNRA
SIGLOS;18WSIGLOS-1234-E;P.E. LOS SIGLOS;27,2;Eolica terrestre;HISPE;RWESZN
SIGMA;18W000000000LQKS;SIGMA;24,1;Solar fotovoltaica;HISPE;FSIGMA
SIGNC01;18W000000000K2LS;SIGNO;0,1;Comercializadores mercado libre;SIGNO;SIGNC01
SIGNIS7;18W000000000M08F;UF SF IGNI GENERACION SOLAR;6,7;Solar fotovoltaica;IGNIS;IGNIS7
SIL1;18WSIL1-12345-AO;SILVON 1;40,3;Hidraulica UGH;REPSB;VIES
SIL2;18WSIL2-12345-AE;SILVON 2;41,2;Hidraulica UGH;REPSB;VIES
SILAN;18WSILAN-1234-E7;P.E: SILAN;13,2;Eolica terrestre;EGED;EFEGEL1
SILLONE;18WSILLONE-12-EB;P.E. LOS SILLONES;16,1;Eolica terrestre;EGED;ECEGRG
SILOC01;18W0000000008Z2F;SILOC01;0,1;Consumos directos en mercado;SILOS;SILOC01
SILVRRE;18WSILVRRE-12-E0;SILVRRE;16,9;Eolica terrestre;GNCO;EGASNE0
SIMADI;18WSIMADI-123-E0;P.E. SIERRA MADERO I;14,8;Eolica terrestre;ECYR;EREGPEM
SIMENE1;18WSIERRAMENERAL;P.E. SIERRA MENERA I;40;Eolica terrestre;IBGES;EHIBGES
SIMPV01;18W000000000F7I2;FYGNRA;0,7;Solar fotovoltaica;SIMPE;SIMPV01
SININDI;18WSININDI-123-O;PE SINGULAR INDITEX;0,8;Eolica terrestre;WMARK;EFWMARK
SIPLA;18W000000000JJEW;SIPLA;1,9;Solar fotovoltaica;GNRA;FVGNRA
SIRIU5;18W000000000QZA1;SIRIU5;1,8;Solar fotovoltaica;GNRA;FVGNRA
SIRIU9;18W000000000QZ4D;SIRIU9;1,7;Solar fotovoltaica;GNRA;FVGNRA
SIRUSA;18WSIRUSA-12345A;MANCOMUNIDAD DE INCINERACIÓN;7,4;Residuos domésticos y similares;SIRUS;TSIRUS
SIRUSFV;18W000000000MP3O;FVSIRIUS;41,5;Solar fotovoltaica;GESTE;FSIRIUS
SIS1;18W000000000RGBF;SAN ISISDRO 1;48;Eolica terrestre;REPSB;ECINCA
SIS2;18W000000000SP7T;SIS2;15;Eolica terrestre;REPSB;ECINCA
SISTRAL;18WSISTRAL-12-EU;SISTRAL;8,5;Eolica terrestre;EGED;EGREEN
SIVENTA;18W000000000PUH6;PE SIERRA DE LA VENTA;47,4;Eolica terrestre;HC G;HCGSCSA
SIZCO;18WSIZCO-1234-E9;P. E. SIERRA DE IZCO;33;Eolica terrestre;EGED;EGREEN
SJN1;18WSJN1-12345-AR;SAN JUAN 1;19;Hidraulica UGH;GNFG;UFTA
SJN2;18WSJN2-12345-AH;SAN JUAN 2;19,8;Hidraulica UGH;GNFG;UFTA
SJORGE;18W000000000PVTG;UF SOLAR SAN JORGE;21,2;Solar fotovoltaica;NEXU;FSJORGE
SJS1;18WSJS1-12345-A9;SAN JOSE 1;0,2;Hidraulica UGH;IBEG;EBRA
SJS2;18WSJS2-12345--L;SAN JOSE 2;0,2;Hidraulica UGH;IBEG;EBRA
SJT1;18WSJT1-12345-AZ;SAN JUAN TORAN;13;Hidraulica UGH;ENDG;EBRFEN
SJUBAR;18WSJUBAR-123-EU;P. E. SAN JUAN DE BARGAS;44,8;Eolica terrestre;HC G;HCGSIHA
SLALD;18W000000000FFBT;SLALD;1,8;Solar fotovoltaica;GNRA;FVGNRA
SLM1;18WSLM1-12345-AE;SALIME 1;39,4;Hidraulica UGH;HC G;HCHI
SLM2;18WSLM2-12345-A4;SALIME 2;39,2;Hidraulica UGH;HC G;HCHI
SLM3;18WSLM3-12345-AV;SALIME 3;40,3;Hidraulica UGH;ENDG;TEES
SLM4;18WSLM4-12345-AL;SALIME 4;38,2;Hidraulica UGH;ENDG;TEES
SLNVB;18W000000000T09M;SLNVB;17,5;Solar fotovoltaica;GNRA;UPSLN
SLPRO;18WSLPRO-12345-J;PS20;20;Solar térmica;EGLE;STSLPRO
SLQUISA;18WSLQUISA-12-DM;S.A. SULQUISA;14,8;Gas Natural Cogeneracion;AME;TSLQ
SLT1;18WSLT1-12345-F1;ESTANGENTO-SALLENTE G1 GENERAC;109,8;Turbinacion bombeo;ENDG;SLTG
SLT1B;18WSLT1B-12345-J;ESTANGENTO-SALLENTE G1 BOMBEO;100;Consumo bombeo;ENDG;SLTB
SLT2;18WSLT2-12345-FS;ESTANGENTO-SALLENTE G2 GENERAC;109,8;Turbinacion bombeo;ENDG;SLTG
SLT2B;18WSLT2B-12345-9;ESTANGENTO-SALLENTE G2 BOMBEO;100;Consumo bombeo;ENDG;SLTB
SLT3;18WSLT3-12345-FI;ESTANGENTO-SALLENTE G3 GENERAC;109,8;Turbinacion bombeo;ENDG;SLTG
SLT3B;18WSLT3B--1234-V;ESTANGENTO-SALLENTE G3 BOMBEO;100;Consumo bombeo;ENDG;SLTB
SLT4;18WSLT4-12345-F8;ESTANGENTO-SALLENTE G4 GENERAC;109,8;Turbinacion bombeo;ENDG;SLTG
SLT4B;18WSLT4B-12345-Q;ESTANGENTO-SALLENTE G4 BOMBEO;100;Consumo bombeo;ENDG;SLTB
SMA1;18WSMA1-12345-AN;SANTA MARINA 1;10,5;Hidraulica UGH;ENDG;SBEU
SMA2;18WSMA2-12345-AD;SANTA MARINA 2;10,1;Hidraulica UGH;ENDG;SBEU
SMA3;18WSMA3-12345-A3;SANTA MARINA 3;13,9;Hidraulica UGH;ENDG;SBEU
SMAFW;18W000000000QH5S;SMAFW;4,5;Solar fotovoltaica;GNRA;FVGNRA
SMAT;18WSMAT-12345-A2;SAN MATEO;0,5;Hidraulica UGH;ENDG;EBRACC1
SMBARDA;18WSMBARDA-12-E5;18WSMBARDA-12-E5;3;Eolica terrestre;IGNIS;UPOUBAS
SMGCP3;18W-SMGCP3-21--O;SMGCP3;300;Importacion Francia;SMG;SMGCP3
SMGVP3;18W-SMGVP3-41--S;SMGVP3;300;Exportacion Francia;SMG;SMGVP3
SMI1;18WSMI1-12345-A9;SAN MIGUEL 1;0,2;Hidraulica UGH;IBEG;SIL
SMI2;18WSMI2-12345--L;SAN MIGUEL 2;0,3;Hidraulica UGH;IBEG;SIL
SMIRA;18WSMIRA-1234-ED;P.E. SIERRA DE MIRA;38,2;Eolica terrestre;IBGES;EHIBGES
SMONZON;18WSMONZON-123-H;COGEN. EN SALES DE MONZON;14,3;Gas Natural Cogeneracion;DETIC;COGSMON
SMPINO;18WSMPINO-123-A5;SMPINO;2,1;Hidraulica no UGH;IBGES;HFIBGES
SMU1;18WSMU1-12345-AP;S. MAURI 1;5;Hidraulica UGH;ENDG;EBRFEN
SMU2;18WSMU2-12345-AF;S. MAURI 2;4,8;Hidraulica UGH;ENDG;EBRFEN
SMU3;18WSMU3-12345-A5;S. MAURI 3;5,1;Hidraulica UGH;ENDG;EBRFEN
SMULA;18W000000000F3CQ;UNIDAD FISICA SOLAR MULA;392,8;Solar fotovoltaica;EGLE;SIGMU
SNGUES;18W0000000004RHP;SANGUESA NAVARRA;8,2;Biomasa;WMARK;RSMUNAV
SNIAC01;18W-SNIAC01-6--8;SNIACONS;4,5;Consumos directos en mercado;SNIA;SNIAC01
SNICOG;18WSNICOG-123-DV;SNIACE COGENERADOR;84,1;Gas Natural Cogeneracion;COGEN;SNICOG
SNRAPAZ;18W000000000SS2U;SNRAPAZ;14;Solar fotovoltaica;HC G;HCGFVSA
SOB1;18WSOB1-12345-AP;SOBRADELO 1;22,6;Hidraulica UGH;IBEG;SIL
SOB2;18WSOB2-12345-AF;SOBRADELO 2;21,6;Hidraulica UGH;IBEG;SIL
SOCAL;18W000000000QYGT;SOCAL;1,6;Solar fotovoltaica;GNRA;FVGNRA
SOCAS;18W000000000JNPZ;SOCAS;1,2;Solar fotovoltaica;GNRA;FVGNRA
SOCED;18W000000000P3WK;SOCED;1,7;Solar fotovoltaica;GAC;FOGAC
SOECC01;18W000000000POR4;SECONF FOUNDATION ENERGY;1;Comercializadores mercado libre;SECOB;SOECC01
SOFCB;18W000000000QP70;SOFCB;1,6;Solar fotovoltaica;GNRA;FVGNRA
SOGAMA1;18WSOGAMA1-12-DN;P.TERMOEL.APROV.R.S.U. SOGAMA;50;Residuos domésticos y similares;WMARK;RSOGAM
SOGAMA2;18WSOGAMA2-12-DG;P.GEN. BIOGASA SOGAMA;3,6;Biogas;WMARK;RSOGBI
SOL1;18WSOL1-12345-AQ;EL SOLVENTE 1;0,8;Hidraulica UGH;IBEG;JUCA
SOL2;18WSOL2-12345-AG;EL SOLVENTE 2;2,1;Hidraulica UGH;BARER;SOL2
SOLABE1;18WSOLABE1-123-E;SOLABEN ELECTRICIDAD UNO;50;Solar térmica;EGLE;STSOLB1
SOLABE2;18WSOLABE2-123-7;SOLABEN 2;50;Solar térmica;EGLE;STSOLB2
SOLABE3;18WSOLABE3-123-0;SOLABEN ELECTRICIDAD TRES;50;Solar térmica;EGLE;STSOLB3
SOLABE6;18WSOLABE6-123-G;SOLABEN TERMOSOLAR 6;50;Solar térmica;EGLE;STSOLB6
SOLACO1;18WSOLACO1-12--B;SOLACOR1;50;Solar térmica;EGLE;STSOLA1
SOLACO2;18WSOLACO2-123-T;SOLACOR2;50;Solar térmica;EGLE;STSOLA2
SOLANA;18WPE-LA-SOLANAT;P. E. LA SOLANA;44,2;Eolica terrestre;EGED;EGREEN
SOLANG;18W000000000EZOL;NAT SOLAR ALANGE;9,1;Solar fotovoltaica;CEG;FSOLANG
SOLANS;18W000000000PLLP;PARQUE EOLICO SOLANS;44;Eolica terrestre;EBLCO;ESOLANS
SOLARGE;18W000000000Q57N;SOLARGE;7;Solar fotovoltaica;CEG;FSOLARG
SOLARPL;18W000000000MHQ2;SOLARPL;1,5;Solar fotovoltaica;NEXU;FPLAZA
SOLFC01;18W000000000QE34;COMPRA COMERCIALIZADORA;1;Comercializadores mercado libre;SOLFL;SOLFC01
SOLGEN;18W000000000SLER;SOLGENERA FISICA;3,5;Solar fotovoltaica;TRISO;SOLGEN
SOLIVA;18WSOLIVA-123-EK;P.E. SIERRA DE LA OLIVA;46,8;Eolica terrestre;IBGES;EHIBGES
SOLLANA;18W000000000QMS4;UF SOLAR SOLLANA;1,2;Solar fotovoltaica;NEXU;FSOLLAN
SOLLC01;18W-SOLLC01-0--3;SOLLC01;0,3;Comercializadores mercado libre;SOLL;SOLLC01
SOLMURC;18W000000000PVH3;UF SOLAR VERGELES SOLARES;3,3;Solar fotovoltaica;NEXU;FSMURC
SOLN1;18WSOLN1-12345-F;SOLNOVA ELECTRICIDAD;50;Solar térmica;EGLE;STSOLN1
SOLN3;18WSOLN3-12345-Y;SOLNOVA ELECTRICIDAD TRES;50;Solar térmica;EGLE;STSOLN3
SOLN4;18WSOLN4-12345-P;SOLNOVA ELECTRICIDAD CUATRO;50;Solar térmica;EGLE;STSOLN4
SOLNOC1;18W000000000PT4Z;UF SOLAR SOLNOCTIS3;1,8;Solar fotovoltaica;NEXU;FSLNOC1
SOLREF;18W000000000M0OK;SOLREF;2,1;Solar fotovoltaica;GNRA;SOLRED
SOLTC01;18W000000000QBO8;SOLTC01;0,1;Comercializadores mercado libre;SOLTE;SOLTC01
SOLUTEX;18WSOLUTEX-123-K;SOLUTEX;1;Gas Natural Cogeneracion;DETIC;TCHPAGR
SOLVAY1;18WSOLVAY1-12-D7;SOLVAY I;47;Derivados del petroleo o carbon;REPSB;TSOLVAI
SOLVAYM;18WSOLVAYM-123-O;SOLVAYM;21;Gas Natural Cogeneracion;EBLCO;SOLVAYM
SOLWC01;18W000000000KCLZ;SOLWE ENERGIA;0,2;Comercializadores mercado libre;SOLWE;SOLWC01
SOLWEJU;18W000000000SK0L;SOLWE JUNDESOL;0,9;Solar fotovoltaica;SOLWE;SOLWEJU
SOLWESO;18W000000000SJZS;FYNEXU;0,9;Solar fotovoltaica;SOLWE;SOLWESO
SOLYVIE;18W000000000JGG0;UF SOLAR MAYOR DE 1MW;1,8;Solar fotovoltaica;NEXU;FVIENTO
SOMBRIO;18WSOMBRIO-123-Q;P.E. EL SOMBRIO;28;Eolica terrestre;IBGES;EHIBGES
SOMEC01;18W-SOMEC01-1--F;SOMENERGIA;200;Comercializadores mercado libre;SOMEN;SOMEC01
SOMENFV;18W000000000RL6A;FYLAUEI;0,9;Solar fotovoltaica;SOMEN;SOMENFV
SOMLLA;18W000000000SUIT;SOMLLA;3,2;Solar fotovoltaica;GNRA;UPLLA
SOMOLIN;18WSOMOLIN-12-ED;P.E.SOMOLINOS;10,5;Eolica terrestre;IBGES;EHIBGES
SOMRE_F;18W000000000FKW9;FYLAUEI;13,8;Solar fotovoltaica;SOMRE;SOMRE_F
SOMRE_H;18W000000000GH4X;END CUR  ( TARIFA, HIDRÁULICA,;1,8;Hidraulica no UGH;SOMRE;SOMRE_H
SONAC;18W000000000JJ95;SONAC;1,8;Solar fotovoltaica;GNRA;FVGNRA
SONCA;18W000000000JNM4;SONCA;5,4;Solar fotovoltaica;GNRA;SONES
SONIS;18W000000000JJKK;SONIS;2,7;Solar fotovoltaica;GNRA;FVGNRA
SONSP;18W000000000JMZI;SONSP;1,8;Solar fotovoltaica;GNRA;FVGNRA
SONVI;18W000000000JNO0;SONVI;3,2;Solar fotovoltaica;GNRA;FVGNRA
SOPAG;18WSOPAG-1234--L;FSOPAG;5,8;Solar fotovoltaica;GNRA;SOPAG
SOPRC01;18W000000000POT0;SOPRO PEN;1;Comercializadores mercado libre;SOPRO;SOPRC01
SORICHE;18W000000000GWMQ;PE SIERA DE ORICHE;13,8;Eolica terrestre;ECYR;EEGPES
SORIG;18WSORIG-1234--U;SORIG;4,3;Gas Natural Cogeneracion;DETIC;COGSORI
SORXC01;18W000000000K3MN;SORS MARKETS LTD;100;Comercializadores mercado libre;SOREX;SORXC01
SOSRC;18WSOSRC-1234-E9;P. E. SOS DEL REY CATÓLICO;48,7;Eolica terrestre;EGED;EGREEN
SOTAVEN;18W000000000QJ7I;UFI PE SOTAVENTO;17,6;Eolica terrestre;NEXU;ESTVNTO
SOTILLA;18WSOTILLA-123-7;SOTILLA;1,1;Hidraulica no UGH;DETIC;HFDETIC
SOTILLO;18W000000000GE53;PE SOTILLO-VM;15;Eolica terrestre;CEG;PESOTIL
SOTONER;18WSOTONER-12-EX;SOTONER;18,9;Eolica terrestre;HC G;HCGSIHA
SOTTC;18W000000000SZYJ;SOTTC;10;Solar fotovoltaica;GNRA;UPSOT
SOU1;18WSOU1-12345-A1;SOUTELO GR.1;131,9;Hidraulica UGH;IBEG;SIL
SOU2;18WSOU2-12345-AS;SOUTELO GR.2 GENERAC;81,6;Hidraulica UGH;IBEG;SIL
SOU2B;18WSOU2B--1234-V;SOUTELO GR.2 BOMBEO;78;Consumo bombeo;IBEG;SILB
SPARAMO;18WSPARAMO-123-X;P.E. SERRA DO PARAMO;20;Eolica terrestre;WMARK;EFWMARK
SPBBC01;18W-SPBBC01-8--2;SPBBC01;4,4;Consumos directos en mercado;SPBB;SPBBC01
SPCKC01;18W000000000RBAW;SPOCK COMERCIALIZADORA PENINSU;0,1;Comercializadores mercado libre;SPOCK;SPCKC01
SPEEXXI;18W-SPEEXXI-2--N;END CUR  ( SOLAR TERMICA, PRUE;0;Solar térmica;EEXXI;SPEEXXI
SPELARD;18W000000000F5YD;PE SIERRA PELARDA;14,4;Eolica terrestre;ECYR;EEGPES
SPELAYO;18W000000000QRBN;UF SOLAR SAN PELAYO;2,8;Solar fotovoltaica;NEXU;FSPELYO
SPEONUR;18W-SPEONUR-9--Q;E.ON CUR ( SOLAR TERMICA, PRUE;0;Solar térmica;EONUR;SPEONUR
SPGGC01;18W000000000GQO3;SPGGC01;4,8;Consumos directos en mercado;SPGG;SPGGC01
SPHCCUR;18W-SPHCCUR-1--2;HC CUR ( SOLAR TERMICA, PRUEBA;0;Solar térmica;HCCUR;SPHCCUR
SPIBCUR;18W-SPIBCUR-5--M;IB CUR  ( SOLAR TERMICA, PRUEB;0;Solar térmica;IBCUR;SPIBCUR
SPINC01;18W000000000DTII;SPINC01;1;Consumos directos en mercado;SPINR;SPINC01
SPR1;18WSPR1-12345-AM;SAN PEDRO 1;17,2;Hidraulica UGH;IBEG;SIL
SPR2;18WSPR2-12345-AC;SAN PEDRO 2;17,1;Hidraulica UGH;IBEG;SIL
SPR21;18WSPR21-1234--H;SAN PEDRO2 1;25,8;Hidraulica UGH;IBEG;SIL
SPS1;18WSPS1-12345-AB;SAN PASCUAL 1;0,4;Hidraulica UGH;ENDG;GDLQ
SPS2;18WSPS2-12345-A1;SAN PASCUAL 2;0,4;Hidraulica UGH;ENDG;GDLQ
SPXVE;18W000000000MIAV;SPXVE;9,9;Solar fotovoltaica;GNRA;FVGNRA
SQR1;18WSQR1-12345-AA;SEQUEIROS 1;6,6;Hidraulica UGH;IBEG;SIL
SQR2;18WSQR2-12345-A0;SEQUEIROS 2;6,2;Hidraulica UGH;IBEG;SIL
SQR3;18WSQR3-12345-AR;SEQUEIROS 3;6,5;Hidraulica UGH;IBEG;SIL
SQUITE;18WSQUITE-123-EV;P.E. SANTA QUITERIA;36;Eolica terrestre;HC G;HCGSIHA
SRI3;18WSRI3-12345-DY;SOTO DE LA RIBERA  (G.3);346,2;Hulla antracita;HC G;SRI3
SRI4;18WSRI4-123456-V;SOTO RIBERA GRUPO 4;426;Ciclo Combinado;HC G;SRI4
SRI5;18WSRI5-12345--5;C.C. SOTO DE RIBERA 5;428,1;Ciclo Combinado;CCSR4;SRI5
SRM1;18WSRM1-12345-AG;SAN RAMON 1;0,2;Hidraulica UGH;ENDG;GDLQ
SRM2;18WSRM2-12345-A6;SAN RAMON 2;0,3;Hidraulica UGH;ENDG;GDLQ
SRM3;18WSRM3-12345-AX;SAN RAMON 3;0,4;Hidraulica UGH;ENDG;GDLQ
SROM;18WSROM-12345-A6;SAN ROMAN;5,5;Hidraulica UGH;IBEG;DUER
SROQ1;18WSROQ1-1234-CJ;SAN ROQUE 1;389,8;Ciclo Combinado;GNCC;SROQ1
SROQ2;18WSROQ2-1234-CA;SAN ROQUE 2;401,8;Ciclo Combinado;ENDG;SROQ2
SRQE;18W000000000S9GM;SRQE;15;Eolica terrestre;REPSB;ESRQE
SRS1;18WSRS1-12345-AO;SEROS 1;10,9;Hidraulica UGH;ENDG;EBRFEN
SRS2;18WSRS2-12345-AE;SEROS 2;10,9;Hidraulica UGH;ENDG;EBRFEN
SRS3;18WSRS3-12345-A4;SEROS 3;10,9;Hidraulica UGH;ENDG;EBRFEN
SRS4;18WSRS4-12345-AV;SEROS 4;10,9;Hidraulica UGH;ENDG;EBRFEN
SRUBIO;18WSRUBIO-123-EY;P.E. SERRA DE RUBIO;49,5;Eolica terrestre;EGED;EGREEN
SRVGC01;18W-SRVGC01-1--M;GASHOGAR15;50;Comercializadores mercado libre;SRVGS;SRVGC01
SRVIC01;18W000000000SHKR;SERVINERGIA;1;Comercializadores mercado libre;SERV;SRVIC01
SS41AL;18W000000000OSN4;SS41AL;1;Comercializadores mercado libre;FORTI;FORTR01
SSEECP3;18W000000000T2NP;COMPRA_FRANCIA;20;Importacion Francia;SSEEN;SSEECP3
SSEEVP3;18W000000000T2MR;VENTA_FRANCIA;20;Exportacion Francia;SSEEN;SSEEVP3
SSL1;18WSSL1-12345-AF;SANTIAGO-SIL 1;7,4;Hidraulica UGH;IBEG;SIL
SSL2;18WSSL2-12345-A5;SANTIAGO-SIL 2;7,4;Hidraulica UGH;IBEG;SIL
SSVAN;18W000000000MSHO;SSVAN;40;Solar fotovoltaica;GNRA;FVSSVAN
ST4-UF;18WST4-UF-1234-P;ST4 PAR ALBA;9,7;Gas Natural Cogeneracion;LMER;ST4
STA1;18WSTA1-12345-AD;SANTA ANA 1;15;Hidraulica UGH;ENDG;EBRFEN
STA2;18WSTA2-12345-A3;SANTA ANA 2;15;Hidraulica UGH;ENDG;EBRFEN
STALINA;18WSTALINA-123-Q;18WSTALINA-123-Q;56,5;Eolica terrestre;CEG;ECATAL
STAQC01;18W0000000004VZE;ELEC MUN S COLOMA DE QUERALT;1,6;Comercializadores mercado libre;STACO;STAQC01
STBUTQ;18WSTBUTQ-1234-3;SECADERO TÉRMICO BUTARQUE;18;Gas Natural Cogeneracion;CEG;TBUTARQ
STC4;18WSTC4-12345-CV;SANTURCE (G.4);396,4;Ciclo Combinado;IBGT;STC4
STE1;18WSTE1-12345-A6;SANTA TERESA 1;10,3;Hidraulica UGH;IBEG;DUER
STE2;18WSTE2-12345-AX;SANTA TERESA 2;10,3;Hidraulica UGH;IBEG;DUER
STENBA;18WSTENBA-123-DL;STENBA;46;Gas Natural Cogeneracion;EGLE;TSTENBA
STEV;18W000000000SAL9;STEV;31;Eolica terrestre;REPSB;ESTEV
STIB;18WSTIB-12345-AA;SAN TIBURCIO;1,3;Hidraulica UGH;IBEG;EBRA
STINC01;18W0000000001UYV;STIN UNIDAD COMERCIALIZACION;1;Comercializadores mercado libre;STIN;STINC01
STMCOG;18W000000000S22Y;STMCOG;1;Comercializadores mercado libre;SHELL;SESAR01
STMMIN;18W000000000S23W;STMMIN;1;Comercializadores mercado libre;SHELL;SESAR01
STOC01;18W000000000R8WY;STOC01;0,1;Consumos directos en mercado;STOCK;STOC01
STODC;18W000000000QX7D;STODC;2;Solar fotovoltaica;GNRA;FVGNRA
STOMAS;18W000000000QKD3;UF SOLAR ST TOMAS;17,2;Solar fotovoltaica;NEXU;FSTOMAS
STROC01;18W-STROC01-5--Q;STROC1;0,1;Comercializadores mercado libre;STROM;STROC01
SUCAC01;18W0000000006ZNI;SUCA SOCIEDAD COOPERATIVA;3;Comercializadores mercado libre;SUCAS;SUCAC01
SUESO;18W000000000JNJA;SUESO;1,5;Solar fotovoltaica;GNRA;FVGNRA
SULAC01;18W-SULAC01-1--W;SULAYR GLOBAL SERVICE;0,7;Consumos directos en mercado;SULA;SULAC01
SUMAC01;18W000000000IAAY;SUMA ENERGIA SL;0,6;Comercializadores mercado libre;SUMAE;SUMAC01
SUNAC01;18W-SUNAC01-3--4;SUNAIR ONE;0,1;Comercializadores mercado libre;SUNAI;SUNAC01
SUNCC01;18W000000000FSM5;SUNCA PENINSULA;0,1;Comercializadores mercado libre;SUNCA;SUNCC01
SUNFC01;18W000000000QE26;COMPRA ALDERAAN;1;Comercializadores mercado libre;SUNFL;SUNFC01
SUNHC01;18W-SUNHC01----V;SUNAIR ONE HOME;0,1;Comercializadores mercado libre;SUNHO;SUNHC01
SUNPC01;18W000000000OUPV;UP SUN POWER 365;0,1;Comercializadores mercado libre;SUNPS;SUNPC01
SUS1;18WSUS1-12345-AP;SUSQUEDA 1;38,5;Hidraulica UGH;ENDG;TERE
SUS2;18WSUS2-12345-AF;SUSQUEDA 2;36,3;Hidraulica UGH;ENDG;TERE
SUS3;18WSUS3-12345-A5;SUSQUEDA 3;13,3;Hidraulica UGH;ENDG;TERE
SVIRGEN;18WSVIRGEN-12-EK;P.E. SIERRA DE LA VIRGEN;28,8;Eolica terrestre;ECYR;EREGPEM
SVOLTOR;18WSVOLTOR-123-T;PE SERRA VOLTORERA;16;Eolica terrestre;NEXU;EVOLTOR
SWAPC01;18W-SWAPC01-8--V;SWAP ENERGIA;0,1;Comercializadores mercado libre;SWAPE;SWAPC01
SXOAN;18WSXOAN-1234-EG;SXOAN;15,8;Eolica terrestre;EGED;EGREEN
SYEEXXI;18W-SYEEXXI-9--7;END CUR  ( TARIFA, SOLAR TERMI;0;Solar térmica;EEXXI;SYEEXXI
SYEGUAS;18WSYEGUAS-123-R;18WSYEGUAS-123-R;4,9;Hidraulica no UGH;EGLE;HSYEGU
SYENC01;18W000000000MDD3;SYENE_UP;1;Comercializadores mercado libre;SYENE;SYENC01
SYEONUR;18W-SYEONUR-2--T;E.ON CUR ( TARIFA, SOLAR TERMI;0;Solar térmica;EONUR;SYEONUR
SYGNSUR;18W-SYGNSUR-2--F;GN SUR SDG ( TARIFA, SOLAR TER;0;Solar térmica;GNSUR;SYGNSUR
SYHCCUR;18W-SYHCCUR-2--A;HC CUR ( TARIFA, SOLAR TERMICA;0;Solar térmica;HCCUR;SYHCCUR
SYIBCUR;18W-SYIBCUR-3--5;IB CUR  ( TARIFA, SOLAR TERMIC;0;Solar térmica;IBCUR;SYIBCUR
TAB1;18WTAB1-12345-AW;TABESCAN 1;31,5;Hidraulica UGH;ENDG;EBRFEN
TAB2;18WTAB2-12345-AM;TABESCAN 2;59,3;Hidraulica UGH;ENDG;EBRFEN
TAB3;18WTAB3-12345-AC;TABESCAN 3;59,3;Hidraulica UGH;ENDG;EBRFEN
TABER1;18W000000000OYPJ;SFV TABERNAS;45;Solar fotovoltaica;GNCO;FGASNE2
TABER2;18W000000000OYQH;SFV TABERNAS2;45;Solar fotovoltaica;GNCO;FGASNE2
TABERNS;18W000000000NKMY;TABNERSII;41,6;Solar fotovoltaica;GESTE;FTABRNS
TABLADO;18WTABLADO-12-E7;P.E. EL TABLADO;19,8;Eolica terrestre;IBGES;EHIBGES
TABLARE;18W000000000GI6Q;PE TABLARES;11,9;Eolica terrestre;CEG;PETABLA
TABLERO;18WTABLERO-123-P;INDUSTRIAS DEL TABLERO;24,8;Derivados del petroleo o carbon;WMARK;TTABLER
TABLICI;18WTABLICI-123-3;TABLEROS HISPANOS;7,2;Gas Natural Cogeneracion;DETIC;COGTABL
TACBR;18W000000000R0QX;TACBR;35;Solar fotovoltaica;GNRA;UPTAC
TACICAP;18WTACICADEPLATJ;TACICA DE PLATA;26;Eolica terrestre;IBGES;EHIBGES
TAEEXXI;18WTAEEXXI-12--8;ATLANTIC COOPER;11,5;Energía residual;EEXXI;TAEEXXI
TAGUS1;18W000000000QIBD;FV TAGUS I;37;Solar fotovoltaica;IBGES;FHIBGES
TAGUS2;18W000000000QICB;FV TAGUS II;37;Solar fotovoltaica;IBGES;FHIBGES
TAGUS3;18W000000000QID9;FV TAGUS III;37;Solar fotovoltaica;IBGES;FHIBGES
TAGUS4;18W000000000QIE7;FV TAGUS IV;37;Solar fotovoltaica;IBGES;FHIBGES
TAHIVI;18WTAHIVI-123-E7;P.E. TAHIVILLA;30;Eolica terrestre;HC G;HCGSIHA
TAJTN;18W000000000O6YB;TAJTN;1,7;Hidraulica no UGH;GNRA;HFGNRA
TALAR1;18W000000000GERX;FV TALARRUBIAS I;34,3;Solar fotovoltaica;NEXU;FTALAR1
TALAR2;18W000000000GESV;FV TALARRUBIAS II;34,3;Solar fotovoltaica;NEXU;FTALAR2
TALARN;18WTALARN-1234-H;UF TALARN III;2,4;Hidraulica no UGH;EFG;HGEFG
TALARRU;18WTALARRU-123-E;TALARRUBIAS;1,9;Solar fotovoltaica;GESTE;FTALARR
TALASOL;18W000000000JQVE;TALASOL SOLAR PV;243,9;Solar fotovoltaica;EGLE;FTASOL
TALAVE;18W000000000JLVT;TALAVE;5,2;Hidraulica no UGH;CEG;HYTLAVE
TALAVER;18WTALAVER-12-AJ;TALAVER;2,8;Hidraulica no UGH;IBGES;HFIBFZ
TALAYAS;18W000000000T25O;PE LAS ATALAYAS;49,5;Eolica terrestre;EGLE;EPRADA4
TALAYEL;18W000000000PWSF;TALAYUELA2;44;Solar fotovoltaica;GESTE;FTALYEL
TALAYU;18W000000000JVZS;PFV TALAYUELA SOLAR;250;Solar fotovoltaica;EGLE;FGENIA
TALEC01;18W0000000004VYG;TALARN_UNIDAD_PROGRAMACION;0,2;Comercializadores mercado libre;TALEN;TALEC01
TALEGA;18W000000000ROCQ;TALEGA;1,6;Solar fotovoltaica;CEG;FTALEGA
TALGC01;18W000000000PRRW;TALGC01;0,3;Consumos directos en mercado;TALGA;TALGC01
TALLAT;18WTALLAT-1234-C;P.E. SERRA DEL TALLAT;49,5;Eolica terrestre;EGED;EGREEN1
TALLI;18WTALLI-12345-0;P.E. LA TALLISCA;40;Eolica terrestre;IBGES;EHIBGES
TAM1;18WTAM1-12345-AM;TAMBRE 1 (TAMBRE I G1);4,2;Hidraulica UGH;GNFG;UFGC
TAM2;18WTAM2-12345-AC;TAMBRE 2 (TAMBRE I G2);4,3;Hidraulica UGH;GNFG;UFGC
TAM3;18WTAM3-12345-A2;TAMBRE 3 (TAMBRE I G3);4,3;Hidraulica UGH;GNFG;UFGC
TAM4;18WTAM4-12345-AT;TAMBRE 4 (TAMBRE I G4);10,3;Hidraulica UGH;GNFG;UFGC
TAM5;18WTAM5-12345-AJ;TAMBRE 5 (TAMBRE II G1);62,7;Hidraulica UGH;GNFG;UFGC
TAN1;18WTAN1-12345-F1;TANES GR.1 GENERAC.;62,3;Hidraulica UGH;HC G;HCHI
TAN1B;18WTAN1B-12345-J;TANES GR.1 BOMBEO;55;Consumo bombeo;HC G;TANB
TAN2;18WTAN2-12345-FS;TANES GR.2 GENERAC.;61,8;Hidraulica UGH;HC G;HCHI
TAN2B;18WTAN2B-12345-9;TANES GR.2 BOMBEO;55;Consumo bombeo;HC G;TANB
TANGUBU;18WTANGUBU-123-X;UF COG ANGULO BURGOS;6,3;Gas Natural Cogeneracion;DETIC;COGTANG
TANGURO;18WTANGURO-123-L;UF COG ANGULO RONDA;3;Gas Natural Cogeneracion;DETIC;COGTAN2
TAPOWER;18WTAPOWER-12-C7;TARRAGONA POWER;416,9;Ciclo Combinado;TAPOW;TAPOWER
TARACEN;18W000000000QIJY;TARACNAN;6,6;Solar fotovoltaica;GESTE;FTARACN
TARACES;18W000000000QILU;TARACENS;5,1;Solar fotovoltaica;GESTE;FTARACS
TARAYUE;18WTARAYUE-12-ET;P.E.TARAYUELA;30;Eolica terrestre;IBGES;EHIBGES
TARBA;18W000000000JYQ0;UF TARBA;2,7;Residuos varios;GEMSL;TTARBA
TARDI1;18WTARDI1-123-EF;P.E. TARDIENTA I;49,5;Eolica terrestre;IBGES;EHIBGES
TARDI2;18WTARDI2-123-E7;P.E. TARDIENTA II;44,2;Eolica terrestre;IBGES;EHIBGES
TAULELL;18WTAULELL-12-DH;TAULELL;9,9;Gas Natural Cogeneracion;WMARK;TCTAULE
TAUSTE;18W000000000SZDO;UF SOLAR TAUSTE;1,9;Solar fotovoltaica;NEXU;FTAUSTE
TAUTC01;18W000000000LD2T;TAUTRA COMPRA;0,1;Comercializadores mercado libre;TAUTR;TAUTC01
TCIBCUR;18W000000000PMV2;COGENERACION MECANISMO AJUSTE;0;Gas Natural Cogeneracion;IBCUR;TCIBCUR
TCINCA;18WTCINCA-123-DB;TRUCHAS DEL CINCA;24,9;Gas Natural Cogeneracion;HISPE;GENGEST
TCOTIL;18W000000000GEQZ;TORRES COTILLAS;42,2;Solar fotovoltaica;NEXU;FCOTILL
TEA;18WTEA-123456-EX;P.E. DE TEA;48,1;Eolica terrestre;EGED;EDEVAG
TEA1;18WTEA1-123456-X;18WTEA1-123456-X;2,6;Hidraulica no UGH;EGLE;HENGAG
TEBAR;18W000000000SZEM;UF SOLAR TEBAR;1;Solar fotovoltaica;NEXU;FTEBAR
TECNUTR;18W000000000OGJB;TECNUTR;1;Derivados del petroleo o carbon;DETIC;COGTECN
TECQU;18WTECQU-12345-4;TECNICAS COGENERACIÓN QUART;7,3;Gas Natural Cogeneracion;IGNIS;TTECQU
TEIXIDO;18WTEIXIDO-12-EN;TEIXIDO;23,1;Eolica terrestre;ECYR;EEGPEM
TEJEDA;18W000000000J22X;PS TEJEDA;5;Solar fotovoltaica;CEG;FTEJEDA
TEJES;18W000000000N2YR;TEJES;7;Solar fotovoltaica;GNRA;FVTEJES
TEJONER;18WTEJONEROVEJER;PARQUE EOLICO TEJONERO;32;Eolica terrestre;NEXU;ETEJONE
TELEST2;18W000000000PPUW;FV TELESTO SOLAR 2;40;Solar fotovoltaica;EGLE;FFV155
TELEST3;18W000000000PPVU;FV TELESTO SOLAR 3;40;Solar fotovoltaica;EGLE;FFV154
TENDC01;18W0000000006OEW;TENDC01;1;Comercializadores mercado libre;TENDE;TENDC01
TEOTC01;18W000000000SWCZ;TORNAENER;0;Comercializadores mercado libre;TORNA;TEOTC01
TERM;18WTERM-12345-A5;TERMENS;11,8;Hidraulica UGH;ENDG;EBRFEN
TERMESO;18WTERMESO-123-5;TERMESOL 50;50;Solar térmica;GNRA;TSGNR2
TERMOS1;18W000000000RWNH;TGST148;49,9;Solar térmica;GESTE;TGST148
TERMOS2;18W000000000RWQB;TGST149;49,9;Solar térmica;GESTE;TGST149
TEROYO;18W000000000OIAN;UF COG TEJ ROYO;1;Gas Natural Cogeneracion;NEXU;TTROYO
TERSC01;18W0000000006Q0H;TERSA COMPRA PEN;0,1;Comercializadores mercado libre;TERSA;TERSC01
TERUELO;18WTERUELO-12-E0;P.E. EL TERUELO;43,3;Eolica terrestre;IBGES;EHIBGES
TESOPA;18W000000000GA3J;P E TESOPARDO;36,3;Eolica terrestre;GNCO;EGASNE2
TESORI;18W000000000GODV;PE TESORILLO;26;Eolica terrestre;GNCO;EGASNE2
TETOURA;18W000000000RJ8C;PE MONTE TOURADO;22,1;Eolica terrestre;EGLE;ENORVE
TEV2C01;18W000000000Q1CP;TEV2C01;3,5;Consumos directos en mercado;TEVI;TEV2C01
TEVIC01;18W0000000004DIS;TEVIC01;13,5;Consumos directos en mercado;TEVI;TEVIC01
TEXTILS;18WTEXTILS-12-DU;TEXTIL SANTANDERINA;4,5;Gas Natural Cogeneracion;NEXU;TSANTA
TEXZC01;18W-TEXZC01-4--O;FABRICA FORRERIA;1,5;Consumos directos en mercado;TEXOR;TEXZC01
TFAPRO;18WTFAPRO-1234-V;TFAPRO;10;Solar fotovoltaica;NEXU;FTFAPRO
TFGALL;18WTFGALL-1234-8;TFGALL;14,8;Gas Natural Cogeneracion;NEXU;TTFGALL
TFTPSJ;18W-TFTPSJ-18--G;COG.TORRAS PAPEL  ST.JOAN (TAR;24,9;Gas Natural Cogeneracion;NEXU;TTFTPSJ
TGBSC01;18W0000000008CAV;TGBSC01;0,6;Consumos directos en mercado;TGBSA;TGBSC01
TGROSA;18W000000000LKGH;UF TORREGROSA;1;Solar fotovoltaica;NEXU;FRULAOR
TGYEC01;18W00000000069U8;TOTAL GAS Y ELECTRICIDAD ESPAÑ;1;Comercializadores mercado libre;TGYE;TGYEC01
THARIM;18W-THARIM-56--S;UP HARIMASA;1;Gas Natural Cogeneracion;GNRA;THARIM
THARSIS;18WTHARSIS-12--7;THARSIS;4;Eolica terrestre;WMARK;ESIAM
THELC01;18W000000000R9DW;UP THE ELECTRICTY;0,1;Comercializadores mercado libre;THELE;THELC01
THERC01;18W-THERC01-7--J;THERMOLYMPIC S.L;0,7;Consumos directos en mercado;THER;THERC01
TICO;18W000000000KMDL;PARQUE EOLICO TICO;180;Eolica terrestre;ECYR;TICO
TICOSO1;18W000000000LRML;TICO SOLAR 1;41,6;Solar fotovoltaica;ECYR;FEGPEM
TICOSO2;18W000000000LRNJ;TICO SOLAR 2;28,1;Solar fotovoltaica;ECYR;FEGPEM
TIEATOM;18WTIEATOM-123-K;18WTIEATOM-123-K;3,8;Gas Natural Cogeneracion;EGLE;TATOM
TIGUEIR;18WTIGUEIR-123-K;18WTIGUEIR-123-K;2,9;Eolica terrestre;EGLE;EORTIV
TIJOL;18WTIJOL-12345-H;TIJOL;36;Eolica terrestre;CEG;ETIJOLA
TIJOLA;18WTIJOLA-123--D;18WTIJOLA-123--D;5,3;Hidraulica no UGH;EGLE;HACUAM
TILOS;18W000000000RKB3;CHTILOS;1,5;Hidraulica no UGH;CEG;HALTANO
TINAJE1;18W000000000R5SE;UF SOLAR TINAJEROS 1;5;Solar fotovoltaica;NEXU;FTINJR1
TINAJR2;18W000000000R5TC;UF SOLAR TINAJEROS 2;5;Solar fotovoltaica;NEXU;FTINJR2
TIOHERR;18WTIOHERR-123-R;SOCIEDAD DE TRATAMIENTO HORNIL;7,4;Gas Natural Cogeneracion;GNCO;TFGASN
TIPMEGA;18WTIPMEGA-12-D9;TIPMEGA;3,4;Gas Natural Cogeneracion;TIP;TTIP
TIRAPU;18W000000000HGQP;PE TIRAPU;13,2;Eolica terrestre;GNCO;EGASNE1
TIRCC01;18W0000000007VMS;SOCIETAT MUNICIPAL DE COMERCIA;0,3;Comercializadores mercado libre;COTIR;TIRCC01
TIRMADR;18WTIRMADR-123-I;TIRMADRID;29,8;Residuos domésticos y similares;EGLE;RTIRMA
TJE1;18WTJE1-12345-FT;TAJO DE LA ENCANTADA 1 GENERAC;96,7;Turbinacion bombeo;ENDG;TJEG
TJE1B;18WTJE1B-12345-A;TAJO DE LA ENCANTADA 1 BOMBEO;105;Consumo bombeo;ENDG;TJEB
TJE2;18WTJE2-12345-FJ;TAJO DE LA ENCANTADA 2 GENERAC;94,5;Turbinacion bombeo;ENDG;TJEG
TJE2B;18WTJE2B-12345-0;TAJO DE LA ENCANTADA 2 BOMBEO;105;Consumo bombeo;ENDG;TJEB
TJE3;18WTJE3-12345-F9;TAJO DE LA ENCANTADA 3 GENERAC;89,5;Turbinacion bombeo;ENDG;TJEG
TJE3B;18WTJE3B-12345-R;TAJO DE LA ENCANTADA 3 BOMBEO;105;Consumo bombeo;ENDG;TJEB
TJE4;18WTJE4-12345--V;TAJO DE LA ENCANTADA 4 GENERAC;96;Turbinacion bombeo;ENDG;TJEG
TJE4B;18WTJE4B-12345-H;TAJO DE LA ENCANTADA 4 BOMBEO;105;Consumo bombeo;ENDG;TJEB
TLA1;18WTLA1-12345-AM;TALARN 1;8,6;Hidraulica UGH;ENDG;EBRFEN
TLA2;18WTLA2-12345-AC;TALARN 2;8,6;Hidraulica UGH;ENDG;EBRFEN
TLA3;18WTLA3-12345-A2;TALARN 3;8,6;Hidraulica UGH;ENDG;EBRFEN
TLA4;18WTLA4-12345-AT;TALARN 4;8,6;Hidraulica UGH;ENDG;EBRFEN
TLAYUE2;18W000000000RAVU;UF SOLAR TALAYUELA 2;5;Solar fotovoltaica;NEXU;FTLAYL2
TLAYUEL;18W000000000R9T0;UF SOLAR TALAYUELA 1;5;Solar fotovoltaica;NEXU;FTLAYL1
TLCMC01;18W000000000K2SE;TELECOR COMERCIALIZADORA 01;1;Comercializadores mercado libre;TLCOR;TLCMC01
TLCRC01;18W000000000JGBA;TLCRC01;16.675,90;Consumos directos en mercado;TLCOR;TLCRC01
TLLANO;18W000000000PS6Y;PUERTOLLANO;26,5;Solar fotovoltaica;SHEEN;SHEPV09
TMADRIN;18WTMADRIN-123-8;TORRE MADRINA;50;Eolica terrestre;IGNIS;ETMA
TMSIX;18W000000000NBJU;TMSIX;38,7;Solar fotovoltaica;GNRA;TMGAL
TOBA;18WTOBA-12345-AX;LA TOBA;0,5;Hidraulica UGH;GNFG;UFTA
TOCONAL;18W000000000NAF4;EL TOCONAL-CENTAURO;4,4;Solar fotovoltaica;ADXRE;FAUDAX
TOCOTI;18W000000000EP89;TOCOTI;3,3;Solar fotovoltaica;CEG;F1CEG
TODOSON;18WTODOSON-123-6;18WTODOSON-123-6;3;Eolica terrestre;CEG;E1CEG
TOECC01;18W000000000S4NN;TRISOLARIS;1;Comercializadores mercado libre;TRISO;TOECC01
TOJ1;18WTOJ1-12345-AZ;TORREJON GR.1 GENERAC.;32,1;Hidraulica UGH;IBEG;TAJO
TOJ1B;18WTOJ1B-12345-6;TORREJON GR.1 BOMBEO;18;Consumo bombeo;IBEG;TAJB
TOJ2;18WTOJ2-12345-AP;TORREJON GR.2 GENERAC.;32,3;Hidraulica UGH;IBEG;TAJO
TOJ2B;18WTOJ2B-12345-X;TORREJON GR.2 BOMBEO;18;Consumo bombeo;IBEG;TAJB
TOJ3;18WTOJ3-12345-AF;TORREJON GR.3 GENERAC.;32,3;Hidraulica UGH;IBEG;TAJO
TOJ3B;18WTOJ3B-12345-N;TORREJON GR.3 BOMBEO;18;Consumo bombeo;IBEG;TAJB
TOJ4;18WTOJ4-12345-A5;TORREJON GR.4 GENERAC.;33,6;Hidraulica UGH;IBEG;TAJO
TOJ4B;18WTOJ4B-12345-D;TORREJON GR.4 BOMBEO;18;Consumo bombeo;IBEG;TAJB
TOLLO1;18W000000000SGAD;UF SOLAR TOLLO1;4;Solar fotovoltaica;NEXU;FTOLLO1
TOLLO2;18W000000000SGBB;UF SOLAR TOLLO 2;2,9;Solar fotovoltaica;NEXU;FTOLLO2
TOLLO3;18W000000000SGC9;UF SOLAR TOLLO 3;3;Solar fotovoltaica;NEXU;FTOLLO3
TOLSA;18WTOLSA-1234--0;TOLSA;12,5;Gas Natural Cogeneracion;CEG;TTOLSA
TOMACAN;18WTOMACAN-123-7;TOMA CANAL DE NAVARRA;20;Hidraulica no UGH;CEG;HPCANAV
TOMI;18W000000000RM4B;EL TOMILLAR;13;Solar fotovoltaica;REPSB;FTOMI
TOMIRO1;18WTOMIRO1-12--V;P.E.TORRE MIRO I;49,5;Eolica terrestre;MEDI;EMEDI
TOMIRO2;18WTOMIRO2-12--O;P.E. TORRE MIRO II;49,5;Eolica terrestre;MEDI;EMEDI
TOMMC01;18W000000000SA70;TOMMI ENERGY SL;1;Comercializadores mercado libre;TOMMY;TOMMC01
TOR;18WTOR-123456-AU;TORINA 1;4,5;Hidraulica UGH;REPSB;VIES
TOR2;18WTOR2-12345-AB;TORINA 2;4,2;Hidraulica UGH;REPSB;VIES
TOR3;18WTOR3-12345-A1;TORINA 3;5,6;Hidraulica UGH;REPSB;VIES
TORANZA;18WTORANZA-12-EM;TORANZA;25,2;Eolica terrestre;EGLE;EEWING
TORDES1;18W000000000LCSH;TORDES1;20,8;Solar fotovoltaica;GESTE;FTORDE1
TORDES2;18W000000000LCTF;TORDES2;13,5;Solar fotovoltaica;GESTE;FTORDE1
TORDES3;18W000000000RJE0;TORDESILLAS;3;Solar fotovoltaica;WMARK;FFWMARK
TORDOS;18W000000000N9X8;PE TOROZOS II;35,2;Eolica terrestre;GNCO;EGASNE2
TOREC;18WTOREC-12345-1;PARQUE EÓLICO LA TORRECILLA;38,2;Eolica terrestre;IBGES;EHIBGES
TOREC01;18W0000000003EJR;TOREC01;0,1;Comercializadores mercado libre;TOREN;TOREC01
TORIJA3;18W000000000IRVF;TR3;4,7;Solar fotovoltaica;GESTE;FTORIJ3
TORIJN;18W000000000G7MR;TORIJANORTE;4,7;Solar fotovoltaica;GESTE;FTORIJ2
TORIJS;18W000000000G7NP;TORIJASUR;4,7;Solar fotovoltaica;GESTE;FTORIJ2
TORIL;18W000000000RK3J;CHTORILES;1,3;Hidraulica no UGH;CEG;HALTANO
TORJAIV;18W000000000KSOI;TORIJA4;4,7;Solar fotovoltaica;GESTE;FTORIJ4
TOROZA;18W000000000G9YY;PE TOROZOS A;41,8;Eolica terrestre;GNCO;EGASNE2
TOROZB;18W000000000G9ZW;P E TOROZOS B;33;Eolica terrestre;GNCO;EGASNE2
TOROZC;18W000000000GA0P;P E TOROZOS C;39,6;Eolica terrestre;GNCO;EGASNE2
TORR;18W000000000PKQI;TORRIJOS ELW;42,5;Solar fotovoltaica;IGNIS;FTORRIJ
TORREC1;18W000000000RSF8;TORRECILLA1;3,5;Solar fotovoltaica;GESTE;FGST135
TORREC2;18W000000000RSH4;TORRECILLA2;2,2;Solar fotovoltaica;GESTE;FGST136
TORREMO;18W000000000MSDW;LA PIZARRA TORREMOCHA;8,5;Solar fotovoltaica;WMARK;FFWMARK
TORRIJ;18W000000000MBD9;UF ELAWAN TORRIJOS;30;Solar fotovoltaica;IGNIS;FTORRJ
TORRNOR;18W000000000REYC;TORRIJOS NORTE;4,7;Solar fotovoltaica;WMARK;FFWMARK
TORRSUR;18W000000000REZA;TORRIJOS SUR;4,7;Solar fotovoltaica;WMARK;FFWMARK
TORTE01;18W-TORTE01-5--8;TORTE01;100;Consumos directos en mercado;TORTE;TORTE01
TORTE2;18WTORTOSA2-12-7;TORTOSA 2;13,5;Gas Natural Cogeneracion;COGEN;TAE3COG
TORTOSA;18WTORTOSA-12-DT;TORTOSA;32;Gas Natural Cogeneracion;COGEN;TAE2COG
TORVISC;18WTORVISC-12-EA;P.E. TORVISCAL;24;Eolica terrestre;EGED;EGREEN
TOTAM;18W000000000FA3N;TOTAM;1,9;Solar fotovoltaica;GNRA;FVGNRA
TOTANA;18W000000000F6AL;FV TOTANA II;73,8;Solar fotovoltaica;ECYR;FEGPEM
TOTANA4;18W000000000RNBV;UF SOLAR TOTANA IV;4,5;Solar fotovoltaica;NEXU;FTOTANA
TOTEC01;18W000000000R7IS;TOTEC01;0,1;Comercializadores mercado libre;TOTEM;TOTEC01
TOTGA;18W000000000F9Y1;TOTGA;2;Solar fotovoltaica;GNRA;FVGNRA
TOTGCP3;18W-TOTGCP3-1--O;TOTGCP3;1.400,00;Importacion Francia;TOTGA;TOTGCP3
TOTGVP3;18W-TOTGVP3-6--0;TOTGVP3;1.400,00;Exportacion Francia;TOTGA;TOTGVP3
TOTHS;18W000000000FA0T;TOTHS;2;Solar fotovoltaica;GNRA;FVGNRA
TOTMP;18W000000000F9X3;TOTMP;2;Solar fotovoltaica;GNRA;FVGNRA
TOTNX;18W000000000FA2P;TOTNX;1,9;Solar fotovoltaica;GNRA;FVGNRA
TOTRA;18W000000000FA1R;TOTRA;2;Solar fotovoltaica;GNRA;FVGNRA
TOURADO;18W000000000LA5W;ETOURDO;10,3;Eolica terrestre;NEXU;EMTOURD
TOURINA;18WTOURINA-123-F;P.E. TOURIÑAN IV;24,6;Eolica terrestre;ECYR;EREGPEM
TOURO;18WTOURO-12345-Q;C.H. TOURO - 2;12,8;Hidraulica no UGH;WMARK;HRWMARK
TPEEXXI;18W-TPEEXXI-1--F;END CUR  ( TERMICA NO RENOVABL;0,9;Gas Natural Cogeneracion;EEXXI;TPEEXXI
TPEONUR;18W-TPEONUR-1--9;E.ON CUR ( TERMICA NO RENOVABL;0;Gas Natural Cogeneracion;EONUR;TPEONUR
TPHCCUR;18W-TPHCCUR-2--N;HC CUR ( TERMICA NO RENOVABLE,;0;Gas Natural Cogeneracion;HCCUR;TPHCCUR
TPIBCUR;18W-TPIBCUR-2--M;IB CUR  (  TERMICA NO RENOVABL;3,6;Gas Natural Cogeneracion;IBCUR;TPIBCUR
TPODEBO;18W000000000OKH3;CEG(TARIFA,NO RENOV,NO EXENTO);0,5;Gas Natural Cogeneracion;CEG;TPODEBO
TPPURI;18WTPPURI-1234-3;COGENERACION PURI;0;Derivados del petroleo o carbon;FEN;TPFEN
TRA1;18WTRA1-12345-AO;TRANCO DEL LOBO 1;1,2;Hidraulica UGH;IBEG;JUCA
TRA2;18WTRA2-12345-AE;TRANCO DEL LOBO 2;1,2;Hidraulica UGH;IBEG;JUCA
TRA3;18WTRA3-12345-A4;TRANCO DEL LOBO 3;1,2;Hidraulica UGH;IBEG;JUCA
TRACTA;18W000000000RD25;TRACTA;1,3;Biogas;DETIC;TTRACTA
TRADC01;18W000000000H8A7;TRADC01;11.136,00;Consumos directos en mercado;TRADB;TRADC01
TRAFO;18W0000000008QRT;UF TRAFO FOTOVOLTAICA;1,9;Solar fotovoltaica;GNRA;TOFGE
TRAJUN;18W000000000RD17;TRAJUN;15;Gas Natural Cogeneracion;DETIC;TTRAJUN
TRALMAZ;18WTRALMAZ-123-4;PLANTA TRATAMIENTO PURINES ALM;14,8;Gas Natural Cogeneracion;GNCO;TFGASN
TRAPERA;18WTRAPERA-123-1;18WTRAPERA-123-1;9,9;Eolica terrestre;EGLE;EPEGLE
TRARGIS;18WTRARGIS-123-K;TRARGISA;2;Residuos domésticos y similares;AME;RESIAME
TRASESA;18WTRASESA-12-DL;TRASESA;31,7;Residuos domésticos y similares;TERSA;TYTERSA
TRATPUR;18W000000000RA3C;TRATAMIENTO DE PURINES;15;Gas Natural Cogeneracion;EGLE;TECONAV
TRB1;18WTRB1-12345-AD;TRANCO DE BEAS 1;15,7;Hidraulica UGH;ENDG;GDLQ
TRB2;18WTRB2-12345-A3;TRANCO DE BEAS 2;7,6;Hidraulica UGH;ENDG;GDLQ
TRB3;18WTRB3-12345-AU;TRANCO DE BEAS 3;15,7;Hidraulica UGH;ENDG;GDLQ
TRBGN;18W000000000MHFO;TRBGN;42,2;Solar fotovoltaica;GNRA;HABGN
TRBON;18W000000000GOZO;TRBON;36,7;Solar fotovoltaica;GNRA;UPBON3
TRC2;18WTRC2-12345--E;TRC2;0,9;Hidraulica UGH;WMARK;TRC2
TRCD;18WTRCD-12345-AU;TRONCEDA;2,2;Hidraulica UGH;WMARK;TRCD
TRD1;18WTRD1-12345-AS;TERRADETS 1;16;Hidraulica UGH;ENDG;EBRFEN
TRD2;18WTRD2-12345-AI;TERRADETS 2;16;Hidraulica UGH;ENDG;EBRFEN
TRDESI;18W000000000L9M1;UF TRDESI;9,9;Solar fotovoltaica;NEXU;FTRDESI
TRDESIL;18W000000000R9WV;UF SOLAR TORDESILLAS;2,9;Solar fotovoltaica;NEXU;FTRDSL
TRE1;18WTRE1-12345-AH;TRESPADERNE 1;7,4;Hidraulica UGH;IBEG;EBRA
TRE2;18WTRE2-12345-A7;TRESPADERNE 2;7,4;Hidraulica UGH;IBEG;EBRA
TREAQ1;18W000000000T694;TREAQ1;24,5;Solar fotovoltaica;GNRA;UPTREV1
TREAQ2;18W000000000T686;TREAQ2;24,5;Solar fotovoltaica;GNRA;UPTREV2
TREITO;18WTREITO-123-ES;P.E. MONTE TREITO;30,3;Eolica terrestre;IBGES;EHIBGES
TREMISO;18W000000000RS4U;UF SOLAR TREMISOL;8;Solar fotovoltaica;NEXU;FTRMISL
TREMUZO;18WTREMUZO-12-EX;P.E. TREMUZO;44,6;Eolica terrestre;IBGES;EHIBGES
TRESPIC;18WTRESPIC-12--9;P.E. TRES PICOS;2,4;Eolica terrestre;WMARK;EFWMARK
TRGU;18WTRGU-12345-A1;TREGURA;4,5;Hidraulica UGH;ENDG;EBRFEN
TRI3;18W000000000S779;TRILLO 3;42,5;Solar fotovoltaica;REPSB;FTRI
TRICC01;18W000000000SZ8Y;TRICLINIUM INVERSIONES SL;0,6;Comercializadores mercado libre;TRICL;TRICC01
TRILLO1;18W000000000Q0VR;THERMISTO FV147;40;Solar fotovoltaica;SHEEN;SHEPV22
TRILLO2;18W000000000Q6BC;TELESTO7;40;Solar fotovoltaica;SHEEN;SHEPV23
TRILLO3;18W000000000Q4BI;TETHYS FV144 TRILLO3;40;Solar fotovoltaica;SHEEN;SHEPV24
TRILLO4;18W000000000Q0XN;TRILLO4;40;Solar fotovoltaica;SHEEN;SHEPV25
TRILLO5;18W000000000Q6D8;TELESTO;40;Solar fotovoltaica;SHEEN;SHEPV26
TRIPCX1;18W000000000SU0S;PORT_GEN_CMPRA;9.999,00;Porfolio;TRISO;TRIPCX1
TRIPVX1;18W000000000SU2O;PORT_GEN_VNTA;9.999,00;Porfolio;TRISO;TRIPVX1
TRIVINO;18W000000000OGGH;TRIVINO;2;Gas Natural Cogeneracion;DETIC;COGTRIV
TRL1;18WTRL1-12345-BC;TRILLO I;1.003,40;Nuclear;IGNU;TRL1
TROFW;18W000000000QZEU;TROFW;3,5;Solar fotovoltaica;GNRA;FVGNRA
TRRSMA;18WTRRSMA--12-DK;TRA I REV R SOLIDS DEL MARESME;11,2;Residuos domésticos y similares;UTTEM;TUTETEM
TRUCAF;18WTRUCAF-123-E7;P.E. EL TRUCAFORT;29,8;Eolica terrestre;GNCO;EFPART
TRUET;18W00000000001TL;UF TRUETA;1,4;Gas Natural Cogeneracion;AME;TWAME
TRUJSER;18W-TRUJSER-7--V;TRUJILLO 3;10;Solar fotovoltaica;GNRA;VEMTR
TSEAT;18WTSEAT-1234--1;SEAT;22,8;Gas Natural Cogeneracion;CLIDM;TSEAT
TSOLC01;18W-TSOLC01-6--4;TSOL_UPC01;75;Comercializadores mercado libre;TSOL;TSOLC01
TSRDCP3;18W000000000IY3D;TSRDE EXPORT;500;Importacion Francia;TSRDE;TSRDCP3
TSRDVP3;18W000000000IY4B;TSR DE IMPORT UNIT;500;Exportacion Francia;TSRDE;TSRDVP3
TUCAC01;18W000000000K97Z;TUCAN_ENERGIA;1;Comercializadores mercado libre;TUCAN;TUCAC01
TUDEAB;18W000000000OSFK;TUDEAB;1;Comercializadores mercado libre;EDPCL;EDPCR01
TUDELA;18WTUDELA-123-AD;SALTO DE TUDELA;5;Hidraulica no UGH;EGED;HFEGED
TUDELR;18W000000000OSHG;TUDELR;1;Comercializadores mercado libre;EDPCL;EDPCR01
TUDETV;18W000000000OSGI;TUDETV;1;Comercializadores mercado libre;EDPCL;EDPCR01
TUELC01;18W000000000OX9H;UP TU ELECTRICA;0,1;Comercializadores mercado libre;TUELE;TUELC01
TUREGAN;18WTUREGAN-123-Q;TURÉGANO;14,6;Gas Natural Cogeneracion;FUTGR;TIGTUR
TUROMAG;18WTUROMAG-123-W;P.E TURO;28;Eolica terrestre;EGLE;ETUROM
TURRNRO;18W000000000LPZ1;UF SOLAR TURRONEROS;42,2;Solar fotovoltaica;NEXU;FTURRON
TUSSBA;18W000000000MIFL;TUSSBA;4,2;Solar fotovoltaica;GNRA;FVGNRA
TWINHS1;18W000000000S44O;FGST155;1,4;Solar fotovoltaica;GESTE;FGST155
TXUTXU;18WTXUTXU-123-EU;P.E. TXUTXU;17,4;Eolica terrestre;EGED;EGREEN
TYAME;18W-TYAME-890--T;AME (NORENOV.,TARIFA,NOEXENTA);8,1;Gas Natural Cogeneracion;AME;TYAME
TYCEG;18W-TYCEG-579--K;CEG(TARIFA,NO RENOV,NO EXENTO);5,4;Gas Natural Cogeneracion;CEG;TYCEG
TYDETIC;18W-TYDETIC-3--H;TYDETIC;12,9;Gas Natural Cogeneracion;DETIC;TYDETIC
TYEEXXI;18W-TYEEXXI-3--J;END CUR  ( TARIFA, TERMICA NO;282;Gas Natural Cogeneracion;EEXXI;TYEEXXI
TYEGLE;18W-TYEGLE-12--5;TYEGLE;7,2;Gas Natural Cogeneracion;EGLE;TYEGLE
TYEONUR;18W-TYEONUR-8--U;E.ON CUR ( TARIFA, TERMICA NO;6,7;Gas Natural Cogeneracion;EONUR;TYEONUR
TYGENER;18W-TYGENER-2--E;TYGENER;0,9;Gas Natural Cogeneracion;ADXRE;TYGENER
TYGNRA;18W-TYGNRA-53--Q;TYGNRA;3,4;Gas Natural Cogeneracion;GNRA;TYGNRA
TYGNSUR;18W-TYGNSUR-6--O;GN SUR SDG ( TARIFA, TERMICA N;121,2;Gas Natural Cogeneracion;GNSUR;TYGNSUR
TYHCCUR;18W-TYHCCUR-8--B;HC CUR ( TARIFA,TERMICA NO REN;15,8;Gas Natural Cogeneracion;HCCUR;TYHCCUR
TYHCG;18W000000000DA4T;VENTA COGENERACIONES Y MICROS;0;Gas Natural Cogeneracion;HC G;TYHCG
TYIBCUR;18W-TYIBCUR-6--I;IB CUR  ( TARIFA, TERMICA NO R;313,2;Gas Natural Cogeneracion;IBCUR;TYIBCUR
TYLAUE3;18W000000000R1EH;UF DE TYLAUE3;9,2;Derivados del petroleo o carbon;LAUEI;TYLAUE3
TYLMER;18W-TYLMER-10--2;CERÁMICA DOBON;52,7;Gas Natural Cogeneracion;LMER;TYLMER
TYNEXU;18W-TYNEXU-65--L;TYNEXU;9,7;Gas Natural Cogeneracion;NEXU;TYNEXU
TYWMARK;18W-TYWMARK-7--2;COGENERACION SIN UF;3,8;Gas Natural Cogeneracion;WMARK;TYWMARK
UB09BU;18W000000000OSQZ;UB09BU;1;Comercializadores mercado libre;FORTI;FORTR01
UBE000;18W000000000S31X;UBE000;1;Comercializadores mercado libre;ENDCO;ENDER01
UCARRIL;18W000000000HG3Y;UF SOLAR CARRIL;42,2;Solar fotovoltaica;NEXU;FCARRIL
UCHE;18WUBE-CHEMICALR;UBE CHEMICAL EUROPE;16,8;Gas Natural Cogeneracion;DETIC;COGUCHE
UF_ALBO;18W000000000T2AE;UF_ALBOLOTE_FV;1,5;Solar fotovoltaica;LIDER;ALBOLOT
UF-MOLI;18W00000000032FY;UF-MOLIVI;0,1;Hidraulica UGH;AMADR;MOLIVI
UF-RESS;18W00000000032D1;UF RESSEC;0,2;Hidraulica UGH;AMADR;RESSEC
UFACAMP;18W000000000RRAL;UF CF ACAMPO ESTREN 11498;25;Solar fotovoltaica;IGNIS;UPACAMP
UFAG001;18W000000000KI4E;UF AG001;3;Solar fotovoltaica;GNRA;FVGNRA
UFAG002;18W000000000KI5C;UF AG002;4,5;Solar fotovoltaica;EFG;FGEFG
UFAG003;18W000000000KI6A;UF AG003;3,8;Solar fotovoltaica;EFG;FGEFG
UFAG004;18W000000000KI78;UF AG004;3,5;Solar fotovoltaica;GNRA;FVGNRA
UFAG005;18W000000000KI86;UF AG005;1,7;Solar fotovoltaica;EFG;FGEFG
UFAG006;18W000000000KI94;UF AG006;3;Solar fotovoltaica;GNRA;FVGNRA
UFAG007;18W000000000KIA2;UF AG007;2;Solar fotovoltaica;EFG;FGEFG
UFAG008;18W000000000KIB0;UF AG008;2,7;Solar fotovoltaica;EFG;FGEFG
UFAG009;18W000000000KICZ;UFAG009;2,3;Solar fotovoltaica;EFG;FGEFG
UFAG012;18W000000000KIFT;UF AG012;1,9;Solar fotovoltaica;EFG;FGEFG
UFAG013;18W000000000KIGR;UF AG013;0,2;Solar fotovoltaica;EFG;FGEFG
UFAG014;18W000000000KIHP;UF AG014;1,5;Solar fotovoltaica;GNRA;FVGNRA
UFAG015;18W000000000KIIN;UF AG015;1,5;Solar fotovoltaica;GNRA;FVGNRA
UFAG017;18W000000000KIKJ;UF AG017;1,3;Solar fotovoltaica;EFG;FGEFG
UFAG018;18W000000000KILH;UF AG018;1,2;Solar fotovoltaica;EFG;FGEFG
UFAG019;18W000000000KIMF;UF AG019;1,2;Solar fotovoltaica;EFG;FGEFG
UFAG021;18W000000000KIOB;UF AG021;1,2;Solar fotovoltaica;EFG;FGEFG
UFAG022;18W000000000KIP9;UF AG022;0,8;Solar fotovoltaica;EFG;FGEFG
UFAG023;18W000000000KIQ7;UF AG023;1,1;Solar fotovoltaica;EFG;FGEFG
UFAG027;18W000000000MDHW;UFAG027;10;Solar fotovoltaica;EFG;UPGR025
UFAG028;18W000000000MDIU;UFAG028;10;Solar fotovoltaica;EFG;UPGR026
UFAG029;18W000000000MDJS;UFAG029;7,2;Solar fotovoltaica;EFG;UPGR027
UFAG030;18W000000000MDKQ;UFAG030;1,8;Solar fotovoltaica;EFG;FGEFG
UFAG031;18W000000000MDLO;UFAG031;6,6;Solar fotovoltaica;EFG;UPGR028
UFAG032;18W000000000MDMM;UFAG032;3,3;Solar fotovoltaica;EFG;FGEFG
UFAG033;18W000000000SPJ5;UFAG033;7,9;Solar fotovoltaica;EFG;UPGR030
UFAG034;18W000000000T3E3;UFAG034;3,7;Solar fotovoltaica;EFG;FGEFG
UFAG035;18W000000000T3F1;UFAG035;3;Solar fotovoltaica;EFG;FGEFG
UFAGFO1;18W000000000RBDQ;UFAGFO1;1,6;Solar fotovoltaica;EFG;FGEFG
UFAGFO2;18W000000000RBEO;UFAGFO2;2,3;Solar fotovoltaica;EFG;UPGR032
UFAGFO3;18W000000000RBFM;UFAGFO3;1;Solar fotovoltaica;EFG;FGEFG
UFAIRPO;18W000000000RR8P;UF SOLAR AIRPORT FV 1133327;43,6;Solar fotovoltaica;IGNIS;UPAIRPO
UFALAMB;18W000000000SEAJ;ALAMBOR SOLAR SLU;44,5;Solar fotovoltaica;IGNIS;UPALAMB
UFALMAN;18W000000000SMWP;UF ERG SOLAR ALMANSA SLU;42;Solar fotovoltaica;IGNIS;UPALMAN
UFALME;18W000000000T50P;UF ALMENDRO SOLAR;46,2;Solar fotovoltaica;IGNIS;UPALME
UFANDEL;18W000000000RQHA;UF PE ANDELLA;48,2;Eolica terrestre;IGNIS;UPANDEL
UFARCH2;18W000000000S7B1;UF MATILDE SOLAR SL;43,5;Solar fotovoltaica;IGNIS;UPARCH2
UFARCHI;18W000000000S795;UF IRINEO INERGIA SL;43,5;Solar fotovoltaica;IGNIS;UPARCHI
UFARENA;18W000000000QQWL;UF FV ARENOSAS;43,5;Solar fotovoltaica;IGNIS;UPARENA
UFAZUBI;18W000000000QH01;PE LAS AZUBAS;46;Eolica terrestre;IGNIS;UPMONCA
UFBAD2;18W000000000SWB0;UF BADAJOZ 2;41,6;Solar fotovoltaica;IGNIS;UPBAD2
UFBAD4;18W000000000SWZQ;UF BADAJOZ 4;41,6;Solar fotovoltaica;IGNIS;UPBAD4
UFBAD7;18W000000000SUGX;UF BADAJOZ 7;24,9;Solar fotovoltaica;IGNIS;UPBAD7
UFBAOB;18W000000000SOUN;UF BAOBAB;81,2;Solar fotovoltaica;IGNIS;UPBAOB
UFBARR;18W000000000SKKI;UF PSF BARRANQUILLA;40;Solar fotovoltaica;IGNIS;UPBARR
UFBERRO;18W000000000Q4RN;FV BERROCAL - FERROVIAL;44,1;Solar fotovoltaica;IGNIS;UPBERRO
UFBOOR;18W000000000P3SS;UFBOOR;2,2;Gas Natural Cogeneracion;DETIC;COGBOOR
UFBORJA;18W000000000OHBO;UFBORJA;3;Gas Natural Cogeneracion;DETIC;COGBORJ
UFBRAZA;18W000000000S7GS;UF ELAWAN FOTOVOLTAICA BRAZATO;44,1;Solar fotovoltaica;IGNIS;UPBRAZA
UFBRAZO;18W000000000RYVW;UF BRAZOINVES I;30;Solar fotovoltaica;IGNIS;UPBRAZO
UFBRIKE;18W000000000OHEI;UFBRIKE;1;Gas Natural Cogeneracion;DETIC;COGBRIK
UFCABEZ;18W000000000RDM2;UF CABEZO;49,4;Eolica terrestre;IGNIS;UPCABEZ
UFCAMP;18W000000000Q35X;CAMPANARIO;38;Eolica terrestre;IGNIS;UPALFOZ
UFCASTA;18W000000000SNJB;UF CASTAÑO SOLAR;112,8;Solar fotovoltaica;IGNIS;UPCASTA
UFCERN;18W000000000SL0I;UF CERNEGULA;45;Eolica terrestre;IGNIS;UPCERN
UFCERR;18W000000000SI99;MATRIX-CERRO;40,3;Solar fotovoltaica;IGNIS;UPCERR
UFCHAM;18W000000000SZ45;UF CHAMORRO;8;Solar fotovoltaica;IGNIS;UPCHAM
UFCIERZ;18W000000000S0K4;UF CIERZO AMARENCO;20;Solar fotovoltaica;IGNIS;UPCIERZ
UFCIMER;18W000000000SE9L;CIMERA SOLAR SLU;40;Solar fotovoltaica;IGNIS;UPCIMER
UFCIPRI;18W000000000R80O;UFCIPRI;3,4;Derivados del petroleo o carbon;DETIC;COGCIPR
UFCORA1;18W000000000QSOV;PE CORRAL DEL MOLINO I;23,2;Eolica terrestre;IGNIS;UPRCIER
UFCORA2;18W000000000QSPT;PE CORRAL DE LMOLINO II;29;Eolica terrestre;IGNIS;UPRCIER
UFCORAC;18W000000000SE6R;CORACHA SOLAR SLU;40;Solar fotovoltaica;IGNIS;UPCORAC
UFCOV2;18W000000000SOYF;UF COVATILLAS 2;41,7;Solar fotovoltaica;IGNIS;UPCOV2
UFCOV3;18W000000000SP14;UF COVATILLAS 3;41,7;Solar fotovoltaica;IGNIS;UPCOV3
UFCOV4;18W000000000SP30;UF COVATILLAS 4;41,7;Solar fotovoltaica;IGNIS;UPCOV4
UFCUCO;18W000000000RYWU;UF PLANTA FOTOVOLTAICA EL CUCO;32;Solar fotovoltaica;IGNIS;UPCUCO
UFDHESA;18W000000000RVPG;UF PE DEHESA DE CUELLAR;4,3;Eolica terrestre;IGNIS;UPCUEYA
UFDULCI;18W000000000Q330;PE LA DEHESICA;28,5;Eolica terrestre;IGNIS;UPDULCI
UFEDMUN;18W000000000OZKQ;UFEDMUN;2,3;Hidraulica no UGH;DETIC;HYEDMUN
UFELVIS;18W000000000QPJD;UF FV ELVISA;40,8;Solar fotovoltaica;IGNIS;UPELVIS
UFENE01;18W000000000S5E1;UFENE01;4,8;Solar fotovoltaica;EFG;UPENE01
UFENE02;18W000000000S5GY;UFENE02;4,8;Solar fotovoltaica;EFG;UPENE02
UFERES;18W000000000SW5C;UF ERESMA SOLAR;44;Solar fotovoltaica;IGNIS;UPERES
UFESC;18W000000000QGYA;PE AMPLIACIN PUERTO ESCAND;23,5;Eolica terrestre;IGNIS;UPJALON
UFESQUE;18W000000000QEQW;UF SUNRISE VENTURES 1 ESQUEDA;12,5;Solar fotovoltaica;IGNIS;UPESQUE
UFESTAN;18W000000000OH6Y;UFESTAN;4,3;Gas Natural Cogeneracion;DETIC;COGESTA
UFFUENT;18W000000000Q3BL;LAS FUENTES;18;Eolica terrestre;IGNIS;UPALFOZ
UFFUEVA;18W000000000Q39P;FUENTE VAN;32;Eolica terrestre;IGNIS;UPALFOZ
UFGARNA;18W000000000S8FR;UF GARNACHA SOLAR SL;114,4;Solar fotovoltaica;IGNIS;UPGARNA
UFGAZ1;18W000000000SQ03;UF GAZULES 1;45,8;Solar fotovoltaica;IGNIS;UPGAZ1
UFGAZ2;18W000000000SPZA;UF GAZULES 2;45,8;Solar fotovoltaica;IGNIS;UPGAZ2
UFGER2;18W000000000SZ61;UF GERENA 2;45;Solar fotovoltaica;IGNIS;UPGER2
UFGINES;18W000000000RDL4;UF VENTA DEL GINESTAR;48;Eolica terrestre;IGNIS;UPGINES
UFGUARD;18W000000000S0L2;UF GUARDIAN AMARENCO;32;Solar fotovoltaica;IGNIS;UPGUARD
UFGUITA;18W000000000QQZF;UF FV LA GUITA;43,5;Solar fotovoltaica;IGNIS;UPGUITA
UFICS;18WUFICS-12345-Y;UNION INDUSTRIAL PAPELERA;32,5;Gas Natural Cogeneracion;AME;TUFICS
UFINCUS;18W000000000OHAQ;UFINCUS;1,9;Gas Natural Cogeneracion;DETIC;COGINCU
UFJENAR;18W000000000R3H5;UF JENARIZ PE NAVARRA;24;Eolica terrestre;IGNIS;UPJENAR
UFLINTE;18W000000000R3I3;UF LINTE PE NAVARRA;22,1;Eolica terrestre;IGNIS;UPJENAR
UFLLANO;18W000000000QGXC;ET PE LLANO;49,9;Eolica terrestre;IGNIS;UPEBRO
UFLUBIA;18W000000000QERU;UF ALTOS DE LUBIA;14,6;Solar fotovoltaica;IGNIS;UPLUBIA
UFLUZ1;18W000000000SHB8;ALTER ENERSUN SA LA LUZ I;49,9;Solar fotovoltaica;IGNIS;UPLUZ1
UFLUZ2;18W000000000SHC6;ALTER ENERSUN LA LUZ II;49,8;Solar fotovoltaica;IGNIS;UPLUZ2
UFLUZ3;18W000000000SHF0;ALTER ENERSUNLA LUZ III;17,7;Solar fotovoltaica;IGNIS;UPLUZ3
UFLUZ4;18W000000000SHD4;ALTER ENERSUN LA LUZ IV;17,7;Solar fotovoltaica;IGNIS;UPLUZ4
UFLUZ5;18W000000000SHGZ;ALTER ENERSUN LA LUZ V;17,7;Solar fotovoltaica;IGNIS;UPLUZ5
UFLUZ6;18W000000000SHHX;ALTER ENERSUN LA LUZ VI;19,2;Solar fotovoltaica;IGNIS;UPLUZ6
UFLUZ7;18W000000000SHIV;ALTER ENERSUN LA LUZ VII;19,2;Solar fotovoltaica;IGNIS;UPLUZ7
UFLUZ8;18W000000000SHAA;LA LUZ VIII;3,3;Solar fotovoltaica;IGNIS;UPLUZ8
UFMACHO;18W000000000RXDY;UF LOS MACHOS;44;Solar fotovoltaica;IGNIS;UPMACHO
UFMADER;18W000000000QH3W;COGENERACIN MADERUELO MYTA;1,2;Derivados del petroleo o carbon;IGNIS;UPMADER
UFMAJ6B;18W000000000RUY1;LAS MAJAS VIB;49,4;Eolica terrestre;IGNIS;UPMAJAS
UFMAJ6C;18W000000000RV0T;LAS MAJAS VIC;49,4;Eolica terrestre;IGNIS;UPMAJAS
UFMAJ6D;18W000000000RV1R;LAS MAJAS VID;14,5;Eolica terrestre;IGNIS;UPMAJAS
UFMALAB;18W000000000QQXJ;UF FV MALABRIGO;43,5;Solar fotovoltaica;IGNIS;UPMALAB
UFMANZT;18W000000000RYUY;UF MANZTIERRA I;30;Solar fotovoltaica;IGNIS;UPMANZT
UFMARC2;18W000000000R3LY;UF SAN MARCOS II PE NAVARRA;6;Eolica terrestre;IGNIS;UPJENAR
UFMENGI;18W000000000OH7W;UFMENGI;3,6;Gas Natural Cogeneracion;DETIC;COGMENG
UFMFUS;18W000000000SVEY;UF MAS FUSTE;1,4;Solar fotovoltaica;TRISO;MFUSTE
UFMONEG;18W000000000QH2Y;CSF LOS LIMONETES;46,1;Solar fotovoltaica;IGNIS;UPMONEG
UFMONTE;18W000000000QSNX;PE MONTECILLO;39;Eolica terrestre;IGNIS;UPRCIER
UFMUGA2;18W000000000RDJ8;UF LA MUGA III;49,4;Eolica terrestre;IGNIS;UPMUGA2
UFMUGA3;18W000000000RDK6;UF LA MUGA III;30,4;Eolica terrestre;IGNIS;UPMUGA3
UFMUGAI;18W000000000RDIA;UF LA MUGA I;15;Eolica terrestre;IGNIS;UPMUGAI
UFNAVIC;18W000000000Q34Z;PE LA NAVICA;30;Eolica terrestre;IGNIS;UPNAVIC
UFNIEST;18W000000000RWFX;UF PARQUE ELICO INIESTA SLU;50;Eolica terrestre;IGNIS;UPNIEST
UFNOGAL;18W000000000Q3AN;EL NOGAL;24;Eolica terrestre;IGNIS;UPALFOZ
UFONDA;18W000000000QH4U;COGENERACIN ONDA;4,8;Gas Natural Cogeneracion;IGNIS;UPONDA
UFONDA1;18W000000000QH7O;UFONDA1;4,4;Gas Natural Cogeneracion;IGNIS;UPONDA1
UFPATO;18W000000000SOWJ;UF PATO SOLAR;95,6;Solar fotovoltaica;IGNIS;UPPATO
UFPAVAS;18W000000000QTCF;UFPAVAS;2,1;Solar fotovoltaica;DETIC;PAVASFT
UFPEP3;18W000000000SSAE;UF PEPINO 3;3;Solar fotovoltaica;IGNIS;UPPEP3
UFPICA;18W000000000QGZ8;PE PICADOR;50;Eolica terrestre;IGNIS;UPMONCA
UFPICON;18W000000000RON4;UF PSFV PICN;34,3;Solar fotovoltaica;IGNIS;UPPICON
UFPIRON;18W000000000QGWE;COGE RIO PIRON;6,1;Derivados del petroleo o carbon;IGNIS;UPPIRON
UFPORT2;18W000000000RGKY;UF PORTILLO 2;38;Eolica terrestre;IGNIS;UPPORTI
UFPORTI;18W000000000RDN0;UF PORTILLO;44,8;Eolica terrestre;IGNIS;UPPORTI
UFPOWER;18W000000000Q1O1;UF POWER ELECTRONICS;3,6;Solar fotovoltaica;IGNIS;UPPOWER
UFPTCHA;18WUFPTCHA-123-P;PORTOCHAO UF RO;0,1;Hidraulica UGH;LUM1;UPPTCHA
UFPTDIS;18WUFPTDIS-123-U;CH PORTODIS RO;0,5;Hidraulica UGH;LUM1;UPPTDIS
UFQUIJO;18W000000000Q322;PE MUNERA I;39,6;Eolica terrestre;IGNIS;UPQUIJO
UFRADON;18W000000000Q38R;PE CERROS DE RADONA;40;Eolica terrestre;IGNIS;UPRADON
UFREAL3;18W000000000QH6Q;PUERTO REAL III;44;Solar fotovoltaica;IGNIS;UPREAL3
UFREBEN;18W000000000SNTS;UFREBENTO;4,3;Solar fotovoltaica;IGNIS;UPREBEN
UFRETA;18W000000000T53J;UF RETAMA SOLAR;46,2;Solar fotovoltaica;IGNIS;UPRETA
UFROCI1;18W000000000Q0CS;ROLWIND HUELVA 1 SLU;46;Solar fotovoltaica;IGNIS;UPROCI1
UFROCI2;18W000000000Q0DQ;ROLWIND HUELVA 2 SLU;46;Solar fotovoltaica;IGNIS;ES-SROC
UFRODRI;18W000000000QPIF;UF FV DON RODRIGO II;40,8;Solar fotovoltaica;IGNIS;UPRODRI
UFSALI2;18W000000000SNQY;UFSALINETES;4,7;Solar fotovoltaica;IGNIS;UPSALI2
UFSERBA;18W000000000SNL7;UF SERBAL SOLAR;126;Solar fotovoltaica;IGNIS;UPSERBA
UFSIERA;18W000000000RVOI;UF PE CUELLAR DE LA SIERRA;8,6;Eolica terrestre;IGNIS;UPCUEYA
UFSOCO;18W000000000T3TA;UF SOCOVOS;19,4;Solar fotovoltaica;IGNIS;UPSOCO
UFSRG;18W000000000Q5BF;SANCHEZ ROMERO;1,6;Gas Natural Cogeneracion;LMER;UPSRC
UFSSALI;18W000000000R73L;UF SALINETES SUN FARM SL S;4;Solar fotovoltaica;IGNIS;UPSSALI
UFTABER;18W000000000SMXN;UF ERG SOLAR TABERNAS SLU;35;Solar fotovoltaica;IGNIS;UPTABER
UFTDAMM;18W000000000OITM;UFTDAMM;1,1;Biomasa;DETIC;COGDAMM
UFTORJ;18W000000000T3V6;UF TORRIJOS RJE;7,1;Solar fotovoltaica;IGNIS;UPTORJ
UFTORR;18W000000000SRSI;UF PS TORRUBIA;40;Solar fotovoltaica;IGNIS;UPTORR
UFTOSCA;18W000000000QBWT;UF FV TOSCANO;41,5;Solar fotovoltaica;IGNIS;UPTOSCA
UFTREG1;18W000000000SBGG;UF  PLANTA SOLAR OPDE 42 SL;30;Solar fotovoltaica;IGNIS;UPTREG1
UFTREG2;18W000000000SBHE;UF;30;Solar fotovoltaica;IGNIS;UPTREG2
UFTROVE;18W000000000OJ03;UFTROVE;4,2;Gas Natural Cogeneracion;DETIC;COGTROV
UFTRUJI;18W000000000QI2V;UF FV TRUJILLO;42;Solar fotovoltaica;IGNIS;UPTRUJI
UFUNION;18W000000000OHCM;UFUNION;1,5;Gas Natural Cogeneracion;DETIC;COGUNIO
UFURENA;18W000000000OH09;UFURENA;4,8;Gas Natural Cogeneracion;DETIC;COGUREN
UFUTZUB;18W000000000OH9S;UFUTZUB;3,1;Gas Natural Cogeneracion;DETIC;COGUTZU
UFVALD1;18W000000000QX4J;UF VALDOMPERE MDO SUB 1;40;Solar fotovoltaica;IGNIS;UPVALD1
UFVALD2;18W000000000QX5H;UF VALDOMPERE MDO SUB 2;40;Solar fotovoltaica;IGNIS;UPVALD2
UFVALD3;18W000000000QX6F;UF VALDOMPERE MDO SUB 3;40;Solar fotovoltaica;IGNIS;UPVALD3
UFVALDE;18W000000000QCYM;UF VALDENEBRO SOLAR SL VALDE;39,2;Solar fotovoltaica;IGNIS;UPVALDE
UFVALLE;18W000000000SLJH;PSFV VALLE DEL SOL;40;Solar fotovoltaica;IGNIS;UPVALLE
UFVENAT;18W000000000SDWF;UF VENATOR PA SPAIN SL;10;Gas Natural Cogeneracion;IGNIS;UPVENAT
UFVILA2;18W000000000R90L;UF - VILLANUEVA 2;42,2;Solar fotovoltaica;IGNIS;UPVILA2
UFVIRG2;18W000000000RDPX;UF VIRGEN DE RODANAS II;49,5;Eolica terrestre;IGNIS;UPVIRG2
UFVIRGE;18W000000000RDOZ;UF VIRGEN DE RODANAS I;49,5;Eolica terrestre;IGNIS;UPVIRGE
UFVISCO;18W000000000RCBR;UFVISCO;48,2;Gas Natural Cogeneracion;IGNIS;UPVISCO
UFVLEBR;18W000000000Q37T;PE LA FATARELLA;49,9;Eolica terrestre;IGNIS;UPVLEBR
UFVOLAN;18W000000000QSMZ;UF PE VOLANDIN;43,4;Eolica terrestre;IGNIS;UPRCIER
UFVVILA;18W000000000Q36V;PE VILALBA;48,9;Eolica terrestre;IGNIS;UPVVILA
UFYARTE;18W000000000QQYH;UF FV EL YARTE;43,5;Solar fotovoltaica;IGNIS;UPYARTE
UGIBT;18W000000000L25J;UGIBT;1,1;Solar fotovoltaica;GNRA;FVGNRA
UIPSA1;18W000000000S32V;UIPSA1;1;Comercializadores mercado libre;ENDCO;ENDER01
ULDCONA;18W000000000SUA8;UF SOLAR ULLDECONA;2;Solar fotovoltaica;NEXU;FULCONA
ULEA;18WULEA-12345-AN;ULEA;1,5;Hidraulica UGH;BARER;ULEA
ULIB;18WULIB-12345-A6;ULLIVARRI-GAMBOA;0,1;Hidraulica UGH;IBEG;EBRA
ULSOC01;18W000000000L5FR;SOL ULTREYA COMERCIALIZADORA;1;Comercializadores mercado libre;ULSOL;ULSOC01
UMBRC01;18W000000000Q3RQ;UMBRELLA ELECTRON SL;1;Comercializadores mercado libre;UMBRE;UMBRC01
UMEMC01;18W000000000F3BS;UMEME UPR1;30;Comercializadores mercado libre;UMEME;UMEMC01
UMIA;18WUMIA-12345-A4;18WUMIA-12345-A4;3,2;Hidraulica no UGH;EGLE;HENGAG
UNAR;18WUNAR-12345-AL;UNARRE;7,8;Hidraulica UGH;ENDG;EBRFEN
UNELC01;18W-UNELC01-1--J;UNELC01;0,2;Comercializadores mercado libre;UNEL;UNELC01
UNIFG;18W000000000JJB1;UNIFG;1,9;Solar fotovoltaica;GNRA;FVGNRA
UNILEVE;18WUNILEVE-123-2;UNILEVER;2,6;Gas Natural Cogeneracion;EGED;TFEGED
UNION;18WUNION-1234--T;18WUNION-1234--T;5,2;Eolica terrestre;REPSB;EUNION
UPFVSER;18W000000000RL86;GN SUR SDG ( TARIFA, FOTOVOLTA;0;Solar fotovoltaica;LUM1;UPFVSER
UPINILA;18W000000000HG4W;UF PINILLA;43,8;Solar fotovoltaica;NEXU;FPINILA
URACC0F;18W000000000QG4X;URANOSCOPIDAE VII ENERGIA SL;1;Comercializadores mercado libre;URANC;URACC01
URAIC01;18W000000000J07T;URANOSCOPIDAE IV;1;Comercializadores mercado libre;URAIV;URAIC01
URANO;18WURANO-1234-E3;URANO;30,4;Eolica terrestre;HISPE;DANNZN
URBAMER;18WURBAMER-123-3;URBASER MERUELO - TIRCANTABRIA;9,9;Residuos domésticos y similares;TIRCA;RTIRCA
URBCC01;18W00000000076MT;URBENER COMERCAIZADADORA;0,1;Comercializadores mercado libre;URBEN;URBCC01
URBNC01;18W-URBNC01-1--O;URBENER CD;12,3;Consumos directos en mercado;URBEN;URBNC01
URBZARA;18WURBZARA-123-O;URBZARA;5,4;Biogas;EGLE;RURBZA
URCAST2;18WURCAST2-123-U;URBEL DEL CASTILLO II;50;Eolica terrestre;IBGES;EHIBGES
URD1;18WURD1-12345-AF;URDON 1;1,4;Hidraulica UGH;REPSB;VIES
URD2;18WURD2-12345-A5;URDON 2;1,6;Hidraulica UGH;REPSB;VIES
URD3;18WURD3-12345-AW;URDON 3;3,2;Hidraulica UGH;REPSB;VIES
URR1;18WURR1-12345-A9;URROZ 1;0,4;Hidraulica UGH;IBEG;EBRA
URR2;18WURR2-12345--L;URROZ 2;0,4;Hidraulica UGH;IBEG;EBRA
URSAM;18W000000000NDPC;URSAMAIOR;42,5;Solar fotovoltaica;GESTE;FURSAMA
URT1;18WURT1-12345-AO;URDICETO 1;3,5;Hidraulica UGH;GNRA;CHURD
URT2;18WURT2-12345-AE;URDICETO 2;3,5;Hidraulica UGH;GNRA;CHURC
URU1;18WURU1-12345-AD;SANTIAGO-URUMEA 1;0,6;Hidraulica UGH;IBEG;EBRA
URU2;18WURU2-12345-A3;SANTIAGO-URUMEA 2;0,3;Hidraulica UGH;IBEG;EBRA
URU3;18WURU3-12345-AU;SANTIAGO-URUMEA 3;0,1;Hidraulica UGH;IBEG;EBRA
URVIC01;18W000000000SF1Y;URANOSCOPIDAE ENERGIA VI SL;1;Comercializadores mercado libre;URANB;URVIC01
USEEA;18W000000000R8A4;USEEA;3;Solar fotovoltaica;GNRA;UPUSE
UTGTA2;18WUTGTA2-123--E;UFI GTA2 UTE TEM;1,9;Residuos domésticos y similares;UTTEM;TUTETEM
UZKITA;18WUZKITA-123-E2;P. E. ALTOS DE UZKITA;24,6;Eolica terrestre;GNCO;EGASNE0
VACARIS;18WVACARIS-123-P;VACARIS;1,9;Biogas;NEXU;RFNEXU
VADCB;18W000000000SI5H;VADCB;4;Solar fotovoltaica;GNRA;FVGNRA
VADI;18W000000000RK97;CHVADILLO;4,4;Hidraulica no UGH;CEG;HALTANO
VALBA;18WVALBA-1234-EN;P.E. DE VILLALBA;24,7;Eolica terrestre;EGED;EGREEN
VALBON;18WVALBON-123-EU;P.E. VALBONILLA;11,1;Eolica terrestre;IBGES;EHIBGES
VALBUEN;18WVALBUEN-123-U;P.E. VALBUENA;30,4;Eolica terrestre;GNRA;PEVALB
VALCAIR;18W000000000RWLL;EGST147;16;Eolica terrestre;GESTE;EGST147
VALCALA;18WPEVI-ALCALA-M;P.E. VIENTO DE ALCALA (FASE I);42;Eolica terrestre;EGED;EGREEN
VALD1;18W000000000SDRP;VALD1;3,8;Solar fotovoltaica;CEG;FVALD1
VALD2;18W000000000SDTL;VALD2;5;Solar fotovoltaica;CEG;FVALD2
VALDECA;18WVALDECA-123-2;P.E. VALDECARRIÓN;34;Eolica terrestre;IBGES;EHIBGES
VALDECB;18W000000000F6G9;FV VALDECABALLEROS;34,3;Solar fotovoltaica;ECYR;FEGPEM
VALDECR;18W000000000Q6G2;UF SOLAR VALDECARRETAS;30;Solar fotovoltaica;NEXU;FVALDEC
VALDECU;18WVALDECU-123-A;18WVALDECU-123-A;2,1;Eolica terrestre;EGLE;EVESTA
VALDEHO;18WVALDEHO-123-C;P. E. VALDEHORNO;8;Eolica terrestre;MIRAS;EMIRASI
VALDELU;18W000000000N30I;PE VALDELUGO;18;Eolica terrestre;CEG;EVALDLU
VALDEMI;18WVALDEMI-12-DZ;VALDEMINGOMEZ 2000;18,9;Biogas;DETIC;RFVALDE
VALDEMO;18W000000000T26M;PE VALDEMORO;49,5;Eolica terrestre;IBGES;EFIBGES
VALDENA;18WVALDENA-123-P;PE VALDELANAVE;10;Eolica terrestre;IBGES;EHIBGES
VALDEP;18WVALDEP-1234-P;P.E. VALDEPERONDO;46;Eolica terrestre;IBGES;EHIBGES
VALDEPE;18WVALDEPE-123-I;P.E.VALDEPERO;30;Eolica terrestre;GNCO;EGASNE1
VALDESA;18WVALDESA-123-M;ENERGÍAS ESPECIALES ALTO ULLA;24;Eolica terrestre;ECYR;EEGPEM
VALDESN;18W000000000LV48;PE VALDESANTOS;13,3;Eolica terrestre;IBGES;EHIBGES
VALDIHU;18W-VALDIHU-9--1;PE VALDIHUELO;16,1;Eolica terrestre;ECYR;EEGPEM
VALDIV;18WVALDIV-1234-F;P.E. LA VALDIVIA;28,5;Eolica terrestre;EGED;EGREEN
VALDJOS;18WVALDJOS-123-V;18WVALDJOS-123-V;1,4;Hidraulica no UGH;EGLE;HTAJUN
VALDUN2;18W000000000R7D1;VALDUNO II;5;Hidraulica no UGH;EGLE;HHIMEG
VALDUNO;18W000000000R7C3;VALDUNO I;5;Hidraulica no UGH;EGLE;HHIMEG
VALFU;18WVALFU-12345-0;P.E. VALDEFUENTES;28;Eolica terrestre;IBGES;EHIBGES
VALFW;18WVALFW-12345-J;VALFW;10;Solar fotovoltaica;GNRA;FVALFW
VALGEVE;18WVALGEVE-123-E;18WVALGEVE-123-E;1,1;Hidraulica no UGH;EGLE;HENREU
VALIC01;18W-VALIC01-8--5;VALIC01;0;Comercializadores mercado libre;VALI;VALIC01
VALLE;18W0000000000GZ1;IF VALLEHERMOSO I;2,1;Solar fotovoltaica;SOMRE;SREFV1
VALLHEB;18WVALLHEB-123-K;VALL HEBRON;4,1;Gas Natural Cogeneracion;AME;TZAME
VALLKAS;18W000000000NGHJ;VALLKAS;1,2;Solar fotovoltaica;CEG;FVALLKA
VALLOBA;18W000000000RT6N;UF SOLAR VALLOBA;40;Solar fotovoltaica;NEXU;FVALLOB
VALOC01;18W000000000IHAD;VALOC01;1;Consumos directos en mercado;VALOR;VALOC01
VALPARD;18WVALPARD-12-EI;P.E.VALPARDO;21,2;Eolica terrestre;EGED;EGREEN
VALPBA;18WVALPBAN-123-J;VALPBA;16,5;Gas Natural Cogeneracion;NEXU;TVALPBA
VALPC2;18W0000000009Z71;VALPC2 F002;16,5;Gas Natural Cogeneracion;NEXU;TVCOMAT
VALRC01;18W000000000OWZ5;VALRC01;3,5;Consumos directos en mercado;VALEA;VALRC01
VALSA;18WVALSA-12345-D;P.E.VALSAGUEIRO;32,5;Eolica terrestre;HC G;HCGSIHA
VALSE;18WVALSE-12345-E;VEGASVER;2,5;Biogas;TRADB;TYTRDB
VALVERD;18W000000000QMKK;UF SOLAR VALVERDE;2,4;Solar fotovoltaica;NEXU;FVLVERD
VAN2;18WVAN2-12345-BA;VANDELLOS II;1.045,30;Nuclear;ENDG;VAN2
VAP1;18WVAP1-12345-A0;VALPARAISO GR.1 GENERAC.;32,6;Hidraulica UGH;IBEG;DUER
VAP1B;18WVAP1B-12345-8;VALPARAISO GR.1 BOMBEO;40;Consumo bombeo;IBEG;DUEB
VAP2;18WVAP2-12345-AR;VALPARAISO GR.2 GENERAC.;32,4;Hidraulica UGH;IBEG;DUER
VAP2B;18WVAP2B-12345-Z;VALPARAISO GR.2 BOMBEO;40;Consumo bombeo;IBEG;DUEB
VAQC01;18W-VAQC01-28--L;VAQC01;0;Comercializadores mercado libre;VAQ;VAQC01
VARAC01;18W000000000POS2;COMERCIALIZADORA VARAENER;0,1;Comercializadores mercado libre;VARAE;VARAC01
VARCB;18W000000000RHKV;VARCB;8,6;Solar fotovoltaica;GNRA;FVGNRA
VASVB;18W000000000SLKF;VASVB;5;Solar fotovoltaica;GNRA;FVGNRA
VBOTOA;18WVBOTOA-1234-Z;VEGA DE BOTOA;2,5;Solar fotovoltaica;GESTE;FVBOTOA
VC11;18WVC11-12345-AI;VILLALCAMPO I 1;32,5;Hidraulica UGH;IBEG;DUER
VC12;18WVC12-12345-A8;VILLALCAMPO I 2;32,2;Hidraulica UGH;IBEG;DUER
VC13;18WVC13-12345-AZ;VILLALCAMPO I 3;32,4;Hidraulica UGH;IBEG;DUER
VC21;18WVC21-12345-A7;VILLALCAMPO II;118,5;Hidraulica UGH;IBEG;DUER
VCARM;18W000000000OBA7;PV VIRGEN DEL CARMEN;20;Solar fotovoltaica;SHEEN;SHEPV06
VCASTIN;18WVCASTIN-12-ER;P.E VILLACASTIN;25,4;0;HC G;HIBSIHA
VCN1;18WVCN1-12345-AZ;VALDECAÑAS GR.1 GENERAC.;82,7;Hidraulica UGH;IBEG;TAJO
VCN1B;18WVCN1B-12345-6;VALDECAÑAS GR.1 BOMBEO;56;Consumo bombeo;IBEG;TAJB
VCN2;18WVCN2-12345-AP;VALDECAÑAS GR.2 GENERAC.;82,3;Hidraulica UGH;IBEG;TAJO
VCN2B;18WVCN2B-12345-X;VALDECAÑAS GR.2 BOMBEO;56;Consumo bombeo;IBEG;TAJB
VCN3;18WVCN3-12345-AF;VALDECAÑAS GR.3 GENERAC.;82;Hidraulica UGH;IBEG;TAJO
VCN3B;18WVCN3B-12345-N;VALDECAÑAS GR.3 BOMBEO;56;Consumo bombeo;IBEG;TAJB
VDECRO;18W000000000G1YL;VALDECARRO;41;Solar fotovoltaica;GALP;GALPS1
VDLACAS;18WVDLACAS-123-F;P.E VALDELACASA;10,8;Eolica terrestre;GNCO;EGASNE1
VDLIN01;18WVDLIN01-123-V;P.E. VALDELIN;24;Eolica terrestre;GNCO;EGASNE1
VDLIN02;18WVDLIN02-123-O;VDLIN02;6;Eolica terrestre;GNCO;EGASNE1
VDLUC01;18W000000000NFR2;VERDELUZ;1;Comercializadores mercado libre;VDLUZ;VDLUC01
VDMON;18WVDMON-1234-EP;P.E. VIRXE DO MONTE;19,2;Eolica terrestre;EGED;EVDMOG
VDPORRE;18WVDPORRE-12-EA;P.E. VALDEPORRES;31,4;Eolica terrestre;IBGES;EHIBGES
VECCC01;18W000000000RZHK;UP COMPRA VECTOR;5;Comercializadores mercado libre;VECTO;VECCC01
VECIANA;18WVECIANA-123-P;VECIANA;30;Eolica terrestre;EGLE;EVECIA
VECONSA;18WVECONSA-123-U;VECONSA;6,4;Biomasa;DETIC;COGVECO
VEDADI;18WVEDADI-123-EY;P. E. EL VEDADILLO;49,5;Eolica terrestre;EGED;EGREEN1
VEG1;18WVEG1-12345-AE;VEGACERVERA 1;0,2;Hidraulica UGH;ASIE;ASIDUE
VEG2;18WVEG2-12345-A4;VEGACERVERA 2;0,2;Hidraulica UGH;ASIE;ASIDUE
VEGCU;18W000000000NQWX;VEGCU;2,4;Hidraulica no UGH;GNRA;HCUER
VEL1;18WVEL1-12345-AX;VELLE 1;45,7;Hidraulica UGH;GNFG;UFMI
VEL2;18WVEL2-12345-AN;VELLE 2;40,7;Hidraulica UGH;GNFG;UFMI
VELCB1;18W000000000QP8Z;VELCB1;1,5;Solar fotovoltaica;GNRA;FVGNRA
VELCB2;18W000000000QPAV;VELCB2;1,2;Solar fotovoltaica;GNRA;FVGNRA
VELCB3;18W000000000QPBT;VELCB3;3;Solar fotovoltaica;GNRA;FVGNRA
VELETA;18WVELETA-123-EB;PE.E LA VELETA;17,8;Eolica terrestre;HC G;EBRUJUL
VELILLA;18W000000000S9WR;VELILLA;250;Solar fotovoltaica;IBGES;FIBGEVE
VELTC01;18W000000000Q0IG;VELTC01;0,1;Comercializadores mercado libre;VELTA;VELTC01
VEN1;18WVEN1-12345-AB;LAS VENCIAS (A);2,2;Hidraulica UGH;GNFG;UFTA
VENIS;18W0000000001U5F;VENIS;2,5;Gas Natural Cogeneracion;CEG;TVENIS
VENTDUC;18WVENTOSADUCADD;VENTOSA DEL DUCADO;44;Eolica terrestre;IBGES;EHIBGES
VENTOS2;18W000000000F5QT;PENA VENTOSA REF;8;Eolica terrestre;ECYR;EEGPEM
VENTOSA;18WVENTOSA-123-Z;P.E. PENA VENTOSA;44,8;Eolica terrestre;ECYR;EEGPES
VENTUM;18W000000000NJBM;SAGGITA VENTUM F1;20,5;Eolica terrestre;CEG;E1VENTU
VENZO;18WVENZO-12345-6;VENZO;8;Eolica terrestre;IBGES;EHIBGES
VER1;18WVER1-12345-A4;VERA DE BIDASOA 1;0,2;Hidraulica UGH;IBEG;EBRA
VER2;18WVER2-12345-AV;VERA DE BIDASOA 2;0,2;Hidraulica UGH;IBEG;EBRA
VERALLI;18W000000000S4HZ;VERALLI;1;Comercializadores mercado libre;EGED;EGEDR01
VERDIGU;18W000000000K4A7;VERDIGUEIRO;36,7;Eolica terrestre;IBGES;EHIBGES
VERDNLS;18W000000000S6V1;UF SOLAR VERDINALES;15;Solar fotovoltaica;NEXU;FVERDLS
VERJERE;18WVERJERE-123-D;VERJERE;2,5;Biogas;NEXU;RVJEREZ
VERTALC;18WVERTALC-123-B;VERTALC;2,3;Biogas;NEXU;RFNEXU
VERTI;18W000000000NHIE;VERTI;2,3;Solar fotovoltaica;GNRA;FVGNRA
VERVD;18W000000000P8QH;VERVD;1,7;Solar fotovoltaica;GNRA;FVGNRA
VESTC01;18W000000000QXS8;VESTA RENOVABLES SLL;0;Comercializadores mercado libre;VESTB;VESTC01
VESVB;18W000000000R6ZY;VESVB;1,4;Solar fotovoltaica;GNRA;FVGNRA
VETEJAR;18WVETEJAR-123-4;VETEJAR;12,9;Biomasa;EGLE;ROLEIC
VFR1;18WVFR1-12345-AT;VILLAFRANCA 1;2,4;Hidraulica UGH;ENDG;GDLQ
VFR2;18WVFR2-12345-AJ;VILLAFRANCA 2;2,4;Hidraulica UGH;ENDG;GDLQ
VGO1;18WVGO1-12345-AD;VILLAGONZALO 1;1,9;Hidraulica UGH;IBEG;DUER
VGO2;18WVGO2-12345-A3;VILLAGONZALO 2;1,9;Hidraulica UGH;IBEG;DUER
VGSKN;18W000000000O4XJ;VGSKN;4,5;Solar fotovoltaica;NEXU;FVRUBIO
VIANA2;18WVIANA2-123-AF;VIANA II;5;Hidraulica no UGH;EGED;HFEGED
VIANA3;18WVIANA3-123-A7;VIANA III;6,2;Hidraulica no UGH;EGED;HFEGED
VICAD1;18W000000000SBPZ;VICAD1;3,5;Solar fotovoltaica;GNRA;FVGNRA
VICAD2;18W000000000SBQX;VICAD2;4,4;Solar fotovoltaica;GNRA;FVGNRA
VICEDO;18WVICEDO-123-EK;P.E. DE VICEDO;24,6;Eolica terrestre;EGED;EPEVIG
VICENTE;18W000000000LS7B;UF HOYA DE LOS VICENTES;20;Solar fotovoltaica;GNRA;UPHOY
VICTORI;18WVICTORI-123-N;P.E. LA VICTORIA;23,2;Eolica terrestre;GNRA;PEVER
VIDRA1;18W000000000S33T;VIDRA1;1;Comercializadores mercado libre;ENDCO;ENDER01
VIDRA2;18W000000000S34R;VIDRA2;1;Comercializadores mercado libre;ENDCO;ENDER01
VIDRA3;18W000000000S35P;VIDRA3;1;Comercializadores mercado libre;ENDCO;ENDER01
VIE1;18WVIE1-12345-AP;VIELLA 1;10,8;Hidraulica UGH;ENDG;EBRFEN
VIE2;18WVIE2-12345-AF;VIELLA 2;10,8;Hidraulica UGH;ENDG;EBRFEN
VIEECA1;18W-VIEECA1-7--V;VIEECA1;0;Comercializadores mercado libre;VIEE;VIEECA1
VIELHA;18WVIELHA-1234-J;TUNEL DE VIELHA-DRENATGES;0,2;Hidraulica no UGH;ECYR;HEGPE3
VIL1;18WVIL1-12345-AM;VILLALBA DE LA SIERRA 1;5,6;Hidraulica UGH;GNFG;UFTA
VIL2;18WVIL2-12345-AC;VILLALBA DE LA SIERRA 2;5,5;Hidraulica UGH;GNFG;UFTA
VILACHA;18WVILACHA-123-P;18WVILACHA-123-P;7,8;Eolica terrestre;EGLE;ESEOUR
VILACOB;18WVILACOB-12--B;UF SALTO VILACOBA;1,2;Hidraulica no UGH;GNRA;HLACOBA
VILANEA;18W000000000N2ZP;VILANERA AMPLIACION;0,9;Solar fotovoltaica;CEG;F1CEG
VILANOV;18W000000000SM39;FV VILANOVA II;1,8;Solar fotovoltaica;DREUA;FDREU11
VILANU2;18W000000000JGMP;ISF VILLANUBLA 2;1;Solar fotovoltaica;WMARK;FFWMARK
VILANUB;18WVILANUB-123-0;ISF VILLANUBLA 3 MW;3;Solar fotovoltaica;WMARK;FFWMARK
VILANUE;18WVILANUE-123-G;VILLANUEVA;3;Solar fotovoltaica;WMARK;FFWMARK
VILAREY;18W000000000O4EK;VILLREY;1,6;Hidraulica no UGH;GESTE;HVILLAR
VILDA;18WVILDA-12345-U;P.E. VILALBA DELS ARCS;25;Eolica terrestre;IGNIS;EVAR
VILLA01;18W0000000004ZSG;VILLANUEVA - VELA;3,5;Solar fotovoltaica;GNRA;FVGNRA
VILLAM;18WVILLAM-123-E5;VILLAM;17,8;Eolica terrestre;HC G;HCGSCSA
VILLANU;18WVILLANU-12-EN;VILLANU;19,8;Eolica terrestre;EGED;EVILLAN
VILLAR;18W000000000PS8U;VILLAR;26,5;Solar fotovoltaica;SHEEN;SHEPV10
VILLARO;18WVILLARO-123-E;ENERGYWORKS VILLARROBLEDO;24;Derivados del petroleo o carbon;IBGES;TTIBGES
VILLAVA;18W000000000R221;VILLAVALIENTESO;4;Solar fotovoltaica;GESTE;FVILLAV
VILLM;18W000000000K6ZP;VILLM;2;Solar fotovoltaica;GNRA;FVGNRA
VILLORU;18WVILLORU-12-ED;P.E. VILLORUEBO;16,1;Eolica terrestre;HC G;HCGSCSA
VILLROB;18W000000000PXY0;PARQUE FV VILLAROBLEDO;2;Solar fotovoltaica;EBLCO;FFIRSTW
VILOBI;18WVILOBI-1234-D;P.E. SERRA DEL VILOBI;40,5;Eolica terrestre;EGED;EGREEN1
VILOBI2;18WVILOBI2-123-G;SERRA VILOBI2;9;Eolica terrestre;EGED;EGREEN
VILPX;18W000000000S8P7;VILPX;42,2;Solar fotovoltaica;GNRA;UPVIL
VIMC01;18W000000000RQZB;VIMCOMEL;0;Comercializadores mercado libre;VIMCO;VIMC01
VIMECA;18W0000000005FAY;CH VILLAMECA;0,5;Hidraulica no UGH;ECYR;HEGPE3
VINASGO;18W000000000RP7X;VIÑASGOMEZ;2,8;Solar fotovoltaica;GESTE;FVINASG
VINIABA;18WVINIABA-12-E8;VINIABA;1,2;Hidraulica no UGH;IBGES;HFIBGES
VINIC01;18W-VINIC01-8--8;COVINIL;2;Consumos directos en mercado;VINI;VINIC01
VINSG;18W000000000SFCC;VINSG;4,9;Solar fotovoltaica;GNRA;FVGNRA
VIOLC01;18W000000000T0K0;VINAC51;0,1;Consumos directos en mercado;VINAO;VIOLC01
VIPROES;18WVIPROES-123-8;VIPROES ENERGÍAS RENOVABLES, S;10;Solar fotovoltaica;WMARK;FFWMARK
VIR1;18WVIR1-12345-AU;VIRGEN DEL PILAR 1;0,1;Hidraulica UGH;IBEG;TAJO
VIR2;18WVIR2-12345-AK;VIRGEN DEL PILAR 2;0,5;Hidraulica UGH;IBEG;TAJO
VIRAVEN;18WVIRAVEN--1-ED;P.E. VIRAVENTO;1,2;Eolica terrestre;ECYR;EEGPEM
VIRGE02;18W000000000QEAR;END CUR  ( TARIFA, FOTOVOLTAIC;1;Solar fotovoltaica;VIRTM;VIRGE02
VIRIC01;18W0000000005NOJ;VIRGIN ELECTRIC UP;0,5;Comercializadores mercado libre;VIRGI;VIRIC01
VIROC01;18W000000000PWX5;VIROQ_COMPRAS;0,1;Comercializadores mercado libre;VIROQ;VIROC01
VIRPENA;18WVIRPENA-123-2;P.E.VIRGEN PEÑA D ALFAJARÍN;30;Eolica terrestre;HC G;HCGSCSA
VIRTC01;18W000000000AS2S;VIRTUS GLOBAL ENERGY;0,1;Comercializadores mercado libre;VIRTU;VIRTC01
VIRTGE;18W000000000QEBP;VIRTGE;0,7;Solar fotovoltaica;VIRTM;VIRTGE
VIRUC01;18W000000000IGRJ;SOCIEDAD ARAGONESA DE COMERCIA;1;Comercializadores mercado libre;VIRTM;VIRUC01
VISAL;18W000000000FFAV;VISAL;1,8;Solar fotovoltaica;GNRA;FVGNRA
VISC01;18W-VISC01-17--X;VISC01;3;Consumos directos en mercado;SNIVI;VISC01
VISFV18;18W000000000SD5W;LOGIFASHION SOLAR;1,2;Solar fotovoltaica;VISAL;VISFV18
VISFV19;18W000000000SD7S;ENERVALL MERCED;1;Solar fotovoltaica;VISAL;VISFV19
VISFV21;18W000000000SKYR;PSFV OLIVARES;6;Solar fotovoltaica;VISAL;VISFV21
VISFV22;18W000000000SQWD;INVERSIONES FERNANDEZ HIGUERA-;0,9;Solar fotovoltaica;VISAL;VISFV22
VISLC01;18W000000000DRU0;VISALIA ENERGIA SLU;0,1;Comercializadores mercado libre;VISAL;VISLC01
VISOS;18WVISOS-1234-E2;P.E. LOS VISOS;37,5;Eolica terrestre;IGNIS;UPEBRO
VITIGUD;18W000000000P1FN;PARQUE FV VITIGUDINA;3;Solar fotovoltaica;EBLCO;FVITIGU
VITLC01;18W000000000PUUH;VITOL COMERCIALIZADORA;500;Comercializadores mercado libre;VITOL;VITLC01
VITLCP3;18W000000000OYG0;VITOL COMPRAS PARA EXPORT FRA;500;Importacion Francia;VITOL;VITLCP3
VITLVP3;18W000000000OYHZ;VITOL VENTAS DE IMPORTACION DE;500;Exportacion Francia;VITOL;VITLVP3
VIVALS;18W000000000JXAZ;VIVALS;1,2;Solar fotovoltaica;GESTE;FVIVAL
VIVEIRO;18WVIVEIRO-12-EW;P.E. VIVEIRO;36,5;Eolica terrestre;IBGES;EHIBGES
VIVOC01;18W0000000002OZ6;VIVO ENERGIA;0,1;Comercializadores mercado libre;VIVO;VIVOC01
VJALO2;18W000000000QGMY;UF PE VALDEJALN II;4,5;Eolica terrestre;IGNIS;UPEBRO
VJALON;18W000000000N75X;18W000000000N75X;50;Eolica terrestre;IGNIS;UPEBRO
VJATR;18W000000000C9ZB;ENERGIA EOLICA TERRAL;3;Eolica terrestre;GNRA;EFGNRA
VLANEVA;18W000000000PWON;VILLANUEVA;42,2;Solar fotovoltaica;GESTE;FVLNEVA
VLB1;18WVLB1-12345-AM;VILLALBA 1;6,9;Hidraulica UGH;IBEG;DUER
VLB2;18WVLB2-12345-AC;VILLALBA 2;6,9;Hidraulica UGH;IBEG;DUER
VLCASDO;18W000000000S0RR;UF SOLAR VALCASADO;19,6;Solar fotovoltaica;NEXU;FVLCASD
VLL1;18WVLL1-12345-AN;VALLAT 1;6,9;Hidraulica UGH;EGLE;HHYDRO2
VLL2;18WVLL2-12345-AD;VALLAT 2;7,1;Hidraulica UGH;IBEG;JUCA
VLLANO1;18WVLLANO1-12-ER;P.E. VIGEN DE LOS LLANOS I;26,4;Eolica terrestre;IBGES;EHIBGES
VLLANO2;18WVLLANO2-12-EK;P.E. VIRGEN DE LOS LLANOS II;23,1;Eolica terrestre;IBGES;EHIBGES
VLLNGO;18W00000000058G6;HIDVLLNGO;3,2;Hidraulica no UGH;NEXU;HVLLNGO
VLR1;18WVLR1-12345-AV;VILALLER 1;1,9;Hidraulica UGH;ENDG;EBRFEN
VLR2;18WVLR2-12345-AL;VILALLER 2;2;Hidraulica UGH;ENDG;EBRFEN
VLT1;18WVLT1-12345-A9;VALTEINA 1;0,4;Hidraulica UGH;IBEG;DUER
VLT2;18WVLT2-12345--L;VALTEINA 2;0,4;Hidraulica UGH;IBEG;DUER
VMARTIN;18W000000000P7X6;FV VILLMARTIN;9;Solar fotovoltaica;EGLE;FANTU
VMAYO;18WVMAYO-12345-Q;P.E. VILLAMAYOR;34;Eolica terrestre;EGED;EGREEN1
VMAYOR;18W000000000SRAH;UF SOLAR VILLAMAYOR;8,6;Solar fotovoltaica;NEXU;FVMAYOR
VMDIANO;18WVMDIANO-12-EO;P.E. VALMEDIANO;34;Eolica terrestre;IBGES;EHIBGES
VMR2;18W000000000SEJ1;VMR2;39,5;Eolica terrestre;REPSB;ECERRAT
VNLSC01;18W000000000BG0R;ELECTRICA DE VINALESA SCV;25;Comercializadores mercado libre;VINAL;VNLSC01
VNSER;18W000000000MSFS;VNSER;40;Solar fotovoltaica;GNRA;FVNSER
VNUAL;18W000000000QY88;VNUAL;1,8;Solar fotovoltaica;GNRA;FVGNRA
VO06AL;18W000000000OSZH;VO06AL;1;Comercializadores mercado libre;FORTI;FORTR01
VOB1;18WVOB1-12345-AN;VALDEOBISPO 1;19,7;Hidraulica UGH;IBEG;TAJO
VOB2;18WVOB2-12345-AD;VALDEOBISPO 2;19,7;Hidraulica UGH;IBEG;TAJO
VOLTREG;18WVOLTREG-123-H;DESIMPACTE DE PURINS VOLTREGA;14,6;Gas Natural Cogeneracion;FUTGR;TIGVOL
VOZM;18WVOZM-12345-AU;VOZMEDIANO;0,3;Hidraulica UGH;ASIE;ASIEBR2
VPEL;18W0000000004AQL;TÉRMICA RENOVABLE;0,9;Biomasa;PEL;VPEL
VPFIC01;18W-VPFIC01-6--J;VPFIL;0,5;Consumos directos en mercado;VPFIL;VPFIC01
VPPSC01;18W000000000226J;VIRTUAL POWER PLANT;0,4;Comercializadores mercado libre;VPPSE;VPPSC01
VRN1;18WVRN1-12345-A3;VILLARINO GR.1 GENERAC.;138,9;Hidraulica UGH;IBEG;DUER
VRN1B;18WVRN1B-12345-B;VILLARINO GR.1 BOMBEO;138;Consumo bombeo;IBEG;DUEB
VRN2;18WVRN2-12345-AU;VILLARINO GR.2 GENERAC.;137,4;Hidraulica UGH;IBEG;DUER
VRN2B;18WVRN2B-12345-1;VILLARINO GR.2 BOMBEO;138;Consumo bombeo;IBEG;DUEB
VRN3;18WVRN3-12345-AK;VILLARINO GR.3 GENERAC.;138,3;Hidraulica UGH;IBEG;DUER
VRN3B;18WVRN3B-12345-S;VILLARINO GR.3 BOMBEO;138;Consumo bombeo;IBEG;DUEB
VRN4;18WVRN4-12345-AA;VILLARINO GR.4 GENERAC.;138,7;Hidraulica UGH;IBEG;DUER
VRN4B;18WVRN4B-12345-I;VILLARINO GR.4 BOMBEO;138;Consumo bombeo;IBEG;DUEB
VRN5;18WVRN5-12345-A0;VILLARINO GR.5 GENERAC.;148,9;Hidraulica UGH;IBEG;DUER
VRN5B;18WVRN5B-12345-8;VILLARINO GR.5 BOMBEO;138;Consumo bombeo;IBEG;DUEB
VRN6;18WVRN6-12345-AR;VILLARINO GR.6 GENERAC.;148,6;Hidraulica UGH;IBEG;DUER
VRN6B;18WVRN6B-12345-Z;VILLARINO GR.6 BOMBEO;138;Consumo bombeo;IBEG;DUEB
VRRE;18WVRRE-12345-AE;VILLARREAL;0,4;Hidraulica UGH;ASIE;ASIJUCA
VSLAR;18W000000000L45D;VALDESOLAR;206,2;Solar fotovoltaica;REPSB;FVALDES
VTD1;18WVTD1-12345-AF;VALTODANO 1;1;Hidraulica UGH;ENDG;GDLQ
VTD2;18WVTD2-12345-A5;VALTODANO 2;1;Hidraulica UGH;ENDG;GDLQ
VTD3;18WVTD3-12345-AW;VALTODANO 3;1;Hidraulica UGH;ENDG;GDLQ
VUA1;18WVUA1-12345--L;VILLANUA;10,8;Hidraulica UGH;ENDG;EBRACC1
VVESC01;18W0000000004DKO;VIVA ENERGIA Y SOLUCIONES;0,1;Comercializadores mercado libre;VIVA;VVESC01
VVINAS;18W00000000058DC;HIDVINAS;1,8;Hidraulica no UGH;NEXU;HVVINAS
VYA1;18WVYA1-12345-AP;VENTAS DE YANCI 1;0,5;Hidraulica UGH;IBEG;EBRA
VYA2;18WVYA2-12345-AF;VENTAS DE YANCI 2;0,5;Hidraulica UGH;IBEG;EBRA
VYA3;18WVYA3-12345-A5;VENTAS DE YANCI 3;0,5;Hidraulica UGH;IBEG;EBRA
VYA4;18WVYA4-12345-AW;VENTAS DE YANCI 4;0,5;Hidraulica UGH;IBEG;EBRA
WART2;18W0000000005DOC;UF WARTSILA 2;15;Energía residual;AME;TWART2
WARTSIL;18WWARTSIL-123-U;WARTSILA;14,9;Energía residual;WARTS;TWARTS
WATFV01;18W000000000PMT6;END CUR  ( TARIFA, FOTOVOLTAIC;13,7;Solar fotovoltaica;VISAL;WATFV01
WATFV02;18W000000000PMRA;UNIDAD FISICA 13 ROELES;12,5;Solar fotovoltaica;VISAL;WATFV02
WATFV03;18W000000000PMS8;UF WATIUM FV BEAVIER PHOTO POW;5;Solar fotovoltaica;VISAL;WATFV03
WATFV04;18W000000000PR36;WATIUM FV AGUASAL;2,5;Solar fotovoltaica;VISAL;WATFV04
WATFV05;18W000000000PR28;FV LOPEZ BRAVO PIO CAMARA BUR;1,2;Solar fotovoltaica;VISAL;WATFV05
WATFV06;18W000000000PWQJ;FV RODERO ENERGIA;2,4;Solar fotovoltaica;VISAL;WATFV06
WATFV11;18W000000000QP1C;PIOCAMARA VILLALONQUEJAR VISO;1,8;Solar fotovoltaica;VISAL;WATFV11
WATFV12;18W000000000QUUD;FOTOSFERA-BARCO DE LOS FRAILES;2,5;Solar fotovoltaica;VISAL;WATFV12
WATFV13;18W000000000R0M4;VILLAHERMOSA;1;Solar fotovoltaica;VISAL;WATFV13
WATFV14;18W000000000RMZN;FV BURRIANA 2;5;Solar fotovoltaica;VISAL;WATFV14
WATFV15;18W000000000ROWN;FV LA MOCHA;1,2;Solar fotovoltaica;VISAL;WATFV15
WATFV16;18W000000000RXKK;13 ROELES NORTE;9,6;Solar fotovoltaica;VISAL;WATFV16
WATFV17;18W000000000S0VJ;PSF TARRAGON;2,8;Solar fotovoltaica;VISAL;WATFV17
WATOC01;18W000000000J9N7;RECICLAJES ECOLOGICOS BARATHEO;1;Comercializadores mercado libre;WATIO;WATOC01
WI1014;18W000000000BSJR;EOLICA 1014;41,5;Eolica terrestre;TOTGA;CLIWI11
WIBEC01;18W000000000J6WZ;WIBERLUZYGAS;10;Comercializadores mercado libre;WIBER;WIBEC01
WIECB;18W000000000RHG2;WIECB;2,3;Solar fotovoltaica;GNRA;FVGNRA
WINEA;18W000000000O6UJ;WINEA;2;Solar fotovoltaica;GNRA;FVGNRA
WKWC01;18W000000000NNV7;COMERCIALIZADOR ELECTRICIDAD Y;10;Comercializadores mercado libre;WEKIW;WKWC01
WMARC01;18W-WMARC01-9--Y;WMARC01;71;Comercializadores mercado libre;WMARK;WMARC01
WMARCAX;18W000000000IY2F;CONSUMO DE SERVICIOS AUXILIARE;1;Consumo de Servicios Auxiliares;WMARK;WMARCAX
WWHOC01;18W-WWHOC01-9--T;WWHOL;4;Comercializadores mercado libre;WWHOL;WWHOC01
XALLAS;18WXALLAS-1234-5;18WXALLAS-1234-5;2,3;Hidraulica no UGH;EGLE;HARNO
XEALDUM;18W000000000S3AF;XEALDUM;1;Comercializadores mercado libre;EGLE;AXPOR01
XESTOSA;18WXESTOSA-123-S;18WXESTOSA-123-S;2,8;Hidraulica no UGH;EGLE;HOUROL
XIESTA;18WXIESTA-123-AU;18WXIESTA-123-AU;3,7;Hidraulica no UGH;EGLE;HNORHI
XUNQUEI;18WXUNQUEI-123-Y;PE XUNQUEIRA;9;Eolica terrestre;EBLCO;EXUNQUE
XUSTO;18WXUSTO-12345-F;C.H. SAN XUSTO;13,8;Hidraulica no UGH;WMARK;HRWMARK
YAN1;18WYAN1-12345-AK;YANCI II 1;0,2;Hidraulica UGH;BARER;BEREBRO
YAN2;18WYAN2-12345-AA;YANCI II 2;0,2;Hidraulica UGH;BARER;BEREBRO
YEBENES;18W000000000OYV7;FV LOS YEBENES;1;Solar fotovoltaica;EGLE;FYEBEN
YEGUAS;18W000000000SKOA;YEGUAS;3;Solar fotovoltaica;CEG;FYEGUAS
YELLC01;18W-YELLC01-5--L;COMPRA YEL;2;Comercializadores mercado libre;YELLO;YELLC01
YENCB;18W000000000SULN;YENCB;10;Solar fotovoltaica;GNRA;UPYEN
YEPES;18W000000000IWXX;FYPS;2,8;Solar fotovoltaica;GESTE;FYEPES
YERGA;18WYERGA-1234-E5;P. E. SIERRA DE YERGA;24,4;Eolica terrestre;IBGES;ERRIBGE
YERGA2;18WYERGA2-123-EA;P. E. YERGA 2;30,6;Eolica terrestre;IBGES;ERRIBGE
YESA;18WYESA-12345-AC;YESA;0,3;Hidraulica UGH;IBEG;EBRA
YESERA;18W000000000GEL8;UF FV YESERAS;10,2;Solar fotovoltaica;NEXU;FYESERA
YOURC01;18W000000000RG5R;YOUAREENERGY;1;Comercializadores mercado libre;YOUAR;YOURC01
ZABALRP;18W000000000L1MP;VALORIZACION DE RESIDUOS DT-1;93,5;Residuos domésticos y similares;WMARK;RZABAL
ZABU;18WZABU-12345-AY;ZABURDON;1,1;Hidraulica UGH;HIDRJ;ZABU
ZAFRA;18W000000000GEFK;UF ZAFRA;45,8;Solar fotovoltaica;NEXU;FZAFRA
ZAMUNON;18WZAMUNON-123-J;UF ZAMUNON;1,8;Hidraulica no UGH;GNRA;HCHZAMU
ZANCONE;18W000000000SQOT;UF SOLAR ZANCONES;6;Solar fotovoltaica;NEXU;FZNCONE
ZAPATER;18WZAPATER-12--B;18WZAPATER-12--B;49,4;Eolica terrestre;EGLE;ECYLEO
ZARA1;18W000000000QT02;ZARATAN1Y2;8;Solar fotovoltaica;ADXRE;ZARA1
ZARATAN;18W0000000004GDT;UF ZARATAN COGENERACION;1;Gas Natural Cogeneracion;FUTGR;COGFUTG
ZARGU;18W000000000Q1RW;ZARGU;9;Solar fotovoltaica;GNRA;FVGNRA
ZARPCOS;18W000000000RL5C;UF SOLAR ZARAPICOS;1,7;Solar fotovoltaica;NEXU;FZRPCOS
ZARZASO;18W000000000HA0L;FV ZARZA;1,6;Solar fotovoltaica;DREUA;FDREU05
ZARZI;18W000000000MCKT;ZARZULA1;4,4;Solar fotovoltaica;ADXRE;FAUDAX
ZARZII;18W000000000MCLR;ZARZUELA2;4,4;Solar fotovoltaica;ADXRE;FAUDAX
ZARZIII;18W000000000MCMP;ZARZUELA3;4,4;Solar fotovoltaica;ADXRE;FAUDAX
ZARZIV;18W000000000MCNN;ZARZUELA4;4,4;Solar fotovoltaica;ADXRE;FAUDAX
ZARZUEL;18WZARZUEL-123-J;P.E. ZARZUELA II;16,5;Eolica terrestre;EGLE;EHINOJ
ZAS;18WZAS-123456-ER;P.E. ZAS;24;Eolica terrestre;HC G;HCGSCSA
ZAVNI;18W000000000SJGT;ZAVNI;1,2;Solar fotovoltaica;GNRA;FVGNRA
ZELTC01;18W-ZELTC01-3--J;ZELTRIA;0,1;Comercializadores mercado libre;ZELTR;ZELTC01
ZERC01;18W00000000057J3;ZERC01;0,1;Comercializadores mercado libre;ZEREN;ZERC01
ZEREC01;18W-ZEREC01-8--0;ZEREP;0,8;Consumos directos en mercado;ZERE;ZEREC01
ZETAC01;18W000000000RPN1;ZETAC01;0,1;Comercializadores mercado libre;ZETAE;ZETAC01
ZOR1;18WZOR1-12345-AH;ZORITA HIDRAULICA 1;3,8;Hidraulica UGH;GNFG;UFTA
ZOR2;18WZOR2-12345-A7;ZORITA HIDRAULICA 2;3,7;Hidraulica UGH;GNFG;UFTA
ZOR3;18WZOR3-12345-AY;ZORITA HIDRAULICA 3;3,8;Hidraulica UGH;GNFG;UFTA
ZORAQ;18WZORAQ-12345-M;P.E. ZORRAQUÍN;12;Eolica terrestre;EGED;EFEGED
ZORITA;18W000000000SPWG;ZORITA;38,2;Solar fotovoltaica;CEG;FZORITA
ZORRER;18WZORRER-1234-R;P.E. ZORRERAS;32;Eolica terrestre;IBGES;EHIBGES
ZORTC;18W000000000T003;ZORTC;10;Solar fotovoltaica;GNRA;UPZOR
ZORVALV;18WZORVALV-123-J;18WZORVALV-123-J;1;Hidraulica no UGH;EGLE;HZORIT
ZOSBT;18W000000000QYS5;ZOSBT;1,8;Solar fotovoltaica;GNRA;FVGNRA
ZRMTC01;18W000000000LJ39;ZERMATT POWER;0,1;Comercializadores mercado libre;ZRMTT;ZRMTC01
ZUB1;18WZUB1-12345-AA;ZUBIETA 1;0,3;Hidraulica UGH;IBEG;EBRA
ZUB2;18WZUB2-12345-A0;ZUBIETA 2;0,3;Hidraulica UGH;IBEG;EBRA
ZUDAIF1;18WZUDAIF1-123-G;UF ZUDAIRE F2;4;Hidraulica no UGH;INTRA;HHTTRIN
ZUDVE;18W000000000LAH8;ZUDVE;2;Solar fotovoltaica;GNRA;ZJARVE
ZUERA;18W000000000L9GD;UF SOLAR ZUERA;9;Solar fotovoltaica;NEXU;FZUERAS
ZUERA2;18W000000000MHMA;ZUERA2;9,9;Solar fotovoltaica;NEXU;FZUERA2
ZUESA;18W000000000QDL8;ZUESA;4,5;Hidraulica no UGH;GNRA;HFGNRA
ZUGPC01;18W000000000NO9B;ZUG POWER SL;0,1;Comercializadores mercado libre;ZUGPW;ZUGPC01
ZUJA;18WZUJA-12345-AH;ZUJAR;10,1;Hidraulica UGH;ENDG;GDNA
ZUJC;18WZUJC-12345-AY;ZUJAR CANAL;9,8;Hidraulica UGH;ENDG;GDNA
ZUJVE;18W000000000LAFC;ZUJVE;2;Solar fotovoltaica;GNRA;ZJARVE
ZULUC01;18W000000000GDAX;ZULUX ENERGIA;0,2;Comercializadores mercado libre;ZULU;ZULUC01
ZUM1;18WZUM1-12345-A0;ZUMARRESTA 1;1,5;Hidraulica UGH;IBEG;EBRA
ZUM2;18WZUM2-12345-AR;ZUMARRESTA 2;2;Hidraulica UGH;IBEG;EBRA
ZURBARA;18W000000000F6DF;FV ZURBARAN;34,3;Solar fotovoltaica;ECYR;FREGPEM
ZUUVE;18W000000000LAGA;ZUUVE;2;Solar fotovoltaica;GNRA;ZJARVE
ZWEUSK;18W000000000O3BT;UF ZWEUSK;12;Gas Natural Cogeneracion;NEXU;TESNELA
